time,TT-601,TT-604,FT-602,JI-607,LT-603,FT-606,AT-605
2219-09-26T13:40:00Z,85.14,6.881,29.55,2.7307,50.2,24.152,520
2219-09-26T13:50:00Z,85.365,6.671,29.88,2.7099,49.8,21.06,520
2219-09-26T14:00:00Z,84.72,6.587,30.48,2.7474,50.1,20.122,520
2219-09-26T14:10:00Z,84.9,6.741,30.27,2.7314,49.8,19.91,520
2219-09-26T14:20:00Z,84.66,6.734,29.94,2.7376,49.6,21.031,520
2219-09-26T14:30:00Z,85.32,7.343,29.94,2.7204,50,22.181,520
2219-09-26T14:40:00Z,85.395,7.714,30.15,2.7247,50.2,21.84,520
2219-09-26T14:50:00Z,85.2,7.567,30.63,2.7182,50,17.653,520
2219-09-26T15:00:00Z,86.085,7.756,30.66,2.7201,50.1,20.31,520
2219-09-26T15:10:00Z,85.29,7.812,29.31,2.6385,50.2,20.465,520
2219-09-26T15:20:00Z,85.005,7.91,30.33,2.6783,50.2,20.668,520
2219-09-26T15:30:00Z,85.155,8.624,29.7,2.6086,49.8,20.429,520
2219-09-26T15:40:00Z,85.095,8.897,30.6,2.7147,50.3,21.631,520
2219-09-26T15:50:00Z,84.66,8.358,30.36,2.6456,50.4,19.533,520
2219-09-26T16:00:00Z,84.975,7.693,30.09,2.6695,50.4,22.854,520
2219-09-26T16:10:00Z,84.945,8.197,29.13,2.6546,49.9,20.45,520
2219-09-26T16:20:00Z,84.57,8.694,30.12,2.6625,50.2,21.044,520
2219-09-26T16:30:00Z,85.59,8.68,29.94,2.6776,49.9,21.831,520
2219-09-26T16:40:00Z,85.02,8.701,30.03,2.6499,50.4,19.701,520
2219-09-26T16:50:00Z,84.795,8.561,29.55,2.5885,50.3,19.953,520
2219-09-26T17:00:00Z,85.5,8.743,30.27,2.6725,50.1,20.385,430
2219-09-26T17:10:00Z,84.675,8.631,30.06,2.6279,50.3,21.496,430
2219-09-26T17:20:00Z,85.17,8.75,30.36,2.6613,50,20.884,430
2219-09-26T17:30:00Z,85.095,7.959,29.85,2.7082,50.3,22.131,430
2219-09-26T17:40:00Z,84.93,7.658,30.51,2.7144,50.2,23.162,430
2219-09-26T17:50:00Z,85.485,8.316,30.57,2.6865,50.3,20.016,430
2219-09-26T18:00:00Z,84.84,8.631,30.69,2.6801,49.7,18.508,430
2219-09-26T18:10:00Z,84.84,9.03,29.55,2.6097,50.2,21.69,430
2219-09-26T18:20:00Z,85.05,8.484,30.54,2.7063,49.7,19.635,430
2219-09-26T18:30:00Z,84.555,8.183,30.24,2.6682,50.1,21.422,430
2219-09-26T18:40:00Z,84.18,8.085,30.12,2.6663,50.2,22.091,430
2219-09-26T18:50:00Z,85.35,7.812,30.54,2.6609,49.8,22.369,430
2219-09-26T19:00:00Z,85.515,8.295,31.11,2.7173,49.8,20.233,430
2219-09-26T19:10:00Z,85.47,8.617,30.84,2.701,50,21.133,430
2219-09-26T19:20:00Z,84.63,8.862,29.94,2.6303,50,21.751,430
2219-09-26T19:30:00Z,84.555,8.89,30.81,2.6556,49.9,22.303,430
2219-09-26T19:40:00Z,84.645,8.666,30.18,2.6946,49.6,20.628,430
2219-09-26T19:50:00Z,84.795,8.407,30.69,2.7161,50.1,21.551,430
2219-09-26T20:00:00Z,85.065,8.652,30.57,2.6755,49.9,17.364,430
2219-09-26T20:10:00Z,84.795,8.708,29.85,2.6165,50.5,20.03,430
2219-09-26T20:20:00Z,85.035,8.904,29.91,2.6839,49.9,21.199,430
2219-09-26T20:30:00Z,85.425,8.407,30.15,2.6829,50.4,20.481,430
2219-09-26T20:40:00Z,84.375,8.19,29.91,2.6272,50,21.113,430
2219-09-26T20:50:00Z,85.155,8.505,28.86,2.6245,49.8,22.363,430
2219-09-26T21:00:00Z,85.02,8.526,28.86,2.646,50,23.621,450
2219-09-26T21:10:00Z,85.695,8.701,29.01,2.6553,50.1,21.209,450
2219-09-26T21:20:00Z,85.17,8.036,30.84,2.6659,50,22.718,450
2219-09-26T21:30:00Z,84.645,8.057,29.43,2.6858,50.1,20.305,450
2219-09-26T21:40:00Z,85.17,7.63,29.88,2.6683,49.7,20.789,450
2219-09-26T21:50:00Z,85.575,7.938,30.12,2.723,50.1,21.119,450
2219-09-26T22:00:00Z,84.54,8.057,30.15,2.6639,50.1,21.433,450
2219-09-26T22:10:00Z,85.485,7.994,29.94,2.6996,50.4,19.715,450
2219-09-26T22:20:00Z,84.405,7.742,30.24,2.734,50,21.811,450
2219-09-26T22:30:00Z,84.765,7.623,29.4,2.6523,50.2,21.288,450
2219-09-26T22:40:00Z,84.675,7.231,30.12,2.6726,50.1,19.73,450
2219-09-26T22:50:00Z,84.615,7.161,29.94,2.6744,50.2,21.014,450
2219-09-26T23:00:00Z,85.185,7.364,30.15,2.7449,50.1,20.031,450
2219-09-26T23:10:00Z,84.345,7.259,30.21,2.7051,50.2,20.026,450
2219-09-26T23:20:00Z,84.765,7.567,30.21,2.7466,49.7,20.444,450
2219-09-26T23:30:00Z,85.245,7.35,29.91,2.6821,50.1,21.512,450
2219-09-26T23:40:00Z,84.81,6.979,29.52,2.6873,49.9,21.154,450
2219-09-26T23:50:00Z,85.065,7.07,29.94,2.6878,49.9,19.907,450
2219-09-27T00:00:00Z,84.69,7.245,29.82,2.715,50,20.783,450
2219-09-27T00:10:00Z,84.36,6.986,30.03,2.6858,50.2,20.839,450
2219-09-27T00:20:00Z,85.305,7.595,29.76,2.7066,49.9,18.203,450
2219-09-27T00:30:00Z,85.005,8.141,29.34,2.6481,49.8,22.167,450
2219-09-27T00:40:00Z,84.93,8.568,30.33,2.6745,49.9,22.757,450
2219-09-27T00:50:00Z,85.11,8.61,29.73,2.6748,50.2,21.646,450
2219-09-27T01:00:00Z,85.71,8.855,29.67,2.6097,50.2,21.423,380
2219-09-27T01:10:00Z,85.53,8.89,30.6,2.6946,50.2,21.778,380
2219-09-27T01:20:00Z,84.96,9.037,29.49,2.5967,50.1,21.423,380
2219-09-27T01:30:00Z,84.735,9.219,30.24,2.6663,50,19.496,380
2219-09-27T01:40:00Z,84.645,9.009,29.43,2.6234,49.5,21.287,380
2219-09-27T01:50:00Z,85.095,9.156,30.06,2.621,50.4,19.19,380
2219-09-27T02:00:00Z,84.675,8.862,29.4,2.6881,50.2,19.886,380
2219-09-27T02:10:00Z,84.78,8.407,29.85,2.6264,50.1,23.618,380
2219-09-27T02:20:00Z,84.87,8.337,29.82,2.6356,50.3,20.347,380
2219-09-27T02:30:00Z,84.705,8.687,30.21,2.7201,50,20.633,380
2219-09-27T02:40:00Z,84.87,8.358,29.67,2.6456,50.4,21.667,380
2219-09-27T02:50:00Z,84.54,8.4,30.15,2.7158,50,20.246,380
2219-09-27T03:00:00Z,84.855,8.253,30.09,2.7017,50.2,19.451,380
2219-09-27T03:10:00Z,84.255,8.848,29.88,2.6631,50.3,20.746,380
2219-09-27T03:20:00Z,84.69,8.988,29.43,2.6163,49.8,20.232,380
2219-09-27T03:30:00Z,85.44,9.268,30.15,2.6401,50.1,19.435,380
2219-09-27T03:40:00Z,84.825,9.338,29.88,2.6114,49.9,20.442,380
2219-09-27T03:50:00Z,85.035,9.933,30.15,2.5488,49.8,21.987,380
2219-09-27T04:00:00Z,84.81,9.863,30.87,2.6042,50.1,23.27,380
2219-09-27T04:10:00Z,85.125,9.443,29.85,2.6239,49.8,21.012,380
2219-09-27T04:20:00Z,85.065,9.037,29.55,2.6402,49.8,20.593,380
2219-09-27T04:30:00Z,84.84,8.372,30.87,2.6913,50,21.258,380
2219-09-27T04:40:00Z,85.215,8.344,29.67,2.6466,49.9,18.884,380
2219-09-27T04:50:00Z,85.215,7.63,29.85,2.6655,49.9,21.534,380
2219-09-27T05:00:00Z,84.09,7.098,29.7,2.6979,50.3,21.062,410
2219-09-27T05:10:00Z,84.765,7.042,30.24,2.6853,49.9,21.312,410
2219-09-27T05:20:00Z,85.26,7.14,30.03,2.7173,49.8,19.163,410
2219-09-27T05:30:00Z,85.23,7.028,29.73,2.6934,49.9,20.605,410
2219-09-27T05:40:00Z,85.425,7.014,29.76,2.6754,50.1,21.024,410
2219-09-27T05:50:00Z,84.945,7.154,30.12,2.6613,49.6,21.684,410
2219-09-27T06:00:00Z,84.675,6.755,30.3,2.7145,50.1,20.173,410
2219-09-27T06:10:00Z,84.855,7.294,30.24,2.7535,49.9,21.03,410
2219-09-27T06:20:00Z,84.585,7.161,30.39,2.7308,50.1,20.48,410
2219-09-27T06:30:00Z,85.485,7.224,30.24,2.7351,49.7,19.756,410
2219-09-27T06:40:00Z,85.065,7.357,29.73,2.6691,50.2,21.71,410
2219-09-27T06:50:00Z,85.485,7.658,29.67,2.666,50.1,21.346,410
2219-09-27T07:00:00Z,85.32,7.49,29.79,2.725,49.9,20.609,410
2219-09-27T07:10:00Z,85.635,7.588,29.94,2.7031,50.1,21.583,410
2219-09-27T07:20:00Z,85.065,7.742,29.79,2.6936,50.2,22.082,410
2219-09-27T07:30:00Z,84.57,7.462,30.18,2.664,50.2,19.653,410
2219-09-27T07:40:00Z,84.84,7.924,29.88,2.6642,49.8,21.671,410
2219-09-27T07:50:00Z,85.71,7.889,29.76,2.7073,49.9,21.664,410
2219-09-27T08:00:00Z,85.785,8.239,29.76,2.6435,49.9,19.081,410
2219-09-27T08:10:00Z,84.48,8.449,29.76,2.671,49.8,20.658,410
2219-09-27T08:20:00Z,85.005,8.806,29.82,2.6671,50,20.119,410
2219-09-27T08:30:00Z,85.53,8.855,30.54,2.6877,50,19.415,410
2219-09-27T08:40:00Z,84.48,8.589,29.85,2.6557,49.9,20.731,410
2219-09-27T08:50:00Z,85.275,8.582,30.12,2.6769,50,20.892,410
2219-09-27T09:00:00Z,84.9,8.743,30.27,2.6366,50.2,20.347,410
2219-09-27T09:10:00Z,85.035,8.547,29.79,2.6082,50,21.242,410
2219-09-27T09:20:00Z,84,8.323,29.25,2.6074,49.6,19.734,410
2219-09-27T09:30:00Z,84.66,8.162,30.09,2.6853,50,19.112,410
2219-09-27T09:40:00Z,84.69,7.665,30,2.6995,50,20.317,410
2219-09-27T09:50:00Z,84.945,7.945,30.6,2.6936,49.9,21.383,410
2219-09-27T10:00:00Z,84.78,7.847,30.3,2.6962,49.8,20.401,410
2219-09-27T10:10:00Z,84.855,7.259,29.79,2.6842,49.9,22.278,410
2219-09-27T10:20:00Z,84.39,7.042,30.27,2.6721,49.9,21.718,410
2219-09-27T10:30:00Z,84.855,7.273,30.45,2.734,50.2,20.275,410
2219-09-27T10:40:00Z,84.3,6.797,29.22,2.7145,49.6,19.615,410
2219-09-27T10:50:00Z,84.78,7.077,29.97,2.7739,49.9,22.572,410
2219-09-27T11:00:00Z,84.645,6.797,30.6,2.6802,50.1,21.59,410
2219-09-27T11:10:00Z,85.74,7.252,30.27,2.7582,50.2,20.163,410
2219-09-27T11:20:00Z,85.59,7.007,30.27,2.7508,50.1,21.073,410
2219-09-27T11:30:00Z,84.855,6.251,30.48,2.7611,50,20.377,410
2219-09-27T11:40:00Z,84.795,6.223,29.85,2.6875,49.8,20.151,410
2219-09-27T11:50:00Z,85.26,6.048,29.88,2.6606,50.2,20.646,410
2219-09-27T12:00:00Z,85.725,6.657,29.73,2.7346,49.7,20.527,410
2219-09-27T12:10:00Z,85.515,6.916,29.88,2.6997,50.2,20.992,410
2219-09-27T12:20:00Z,84.135,6.398,29.94,2.7302,50,22.053,410
2219-09-27T12:30:00Z,85.53,7.497,30.03,2.7203,50.1,21.29,410
2219-09-27T12:40:00Z,85.365,7.399,30.21,2.682,50,21.218,410
2219-09-27T12:50:00Z,84.36,7.21,29.82,2.6571,50,23.119,410
2219-09-27T13:00:00Z,84.78,7.133,29.67,2.7271,50.1,22.077,490
2219-09-27T13:10:00Z,85.005,7.049,30.06,2.6949,50.1,22,490
2219-09-27T13:20:00Z,85.23,7.434,30.39,2.7271,49.8,21.84,490
2219-09-27T13:30:00Z,84.705,7.322,29.25,2.6935,49.8,21.027,490
2219-09-27T13:40:00Z,85.23,7.693,30.03,2.638,50,20.988,490
2219-09-27T13:50:00Z,84.645,7.644,30.81,2.7369,49.9,22.707,490
2219-09-27T14:00:00Z,85.56,7.924,30.33,2.7095,50,22.308,490
2219-09-27T14:10:00Z,85.005,8.071,30.36,2.6991,50,19.969,490
2219-09-27T14:20:00Z,85.11,8.267,29.34,2.6575,50,22.966,490
2219-09-27T14:30:00Z,84.93,8.106,29.55,2.7005,50.2,21.266,490
2219-09-27T14:40:00Z,84.225,7.742,30.24,2.6556,50.2,21.437,490
2219-09-27T14:50:00Z,85.11,8.204,29.94,2.6344,50.3,19.796,490
2219-09-27T15:00:00Z,85.35,8.057,29.64,2.6647,50,20.707,490
2219-09-27T15:10:00Z,85.275,8.239,30.21,2.7237,50.1,19.796,490
2219-09-27T15:20:00Z,85.05,8.127,30.42,2.6623,50.1,21.581,490
2219-09-27T15:30:00Z,84.39,8.036,29.76,2.647,49.9,21.929,490
2219-09-27T15:40:00Z,85.53,8.673,30.3,2.6368,50.5,20.479,490
2219-09-27T15:50:00Z,85.275,8.799,30.09,2.6238,50.3,22.062,490
2219-09-27T16:00:00Z,84.63,8.134,30,2.6758,50.2,21.835,490
2219-09-27T16:10:00Z,85.125,8.036,29.85,2.6452,50.1,21.795,490
2219-09-27T16:20:00Z,85.185,7.896,29.67,2.6841,50.1,22.067,490
2219-09-27T16:30:00Z,84.645,8.68,29.49,2.6627,50.4,21.141,490
2219-09-27T16:40:00Z,84.435,8.477,30.54,2.7116,50,20.858,490
2219-09-27T16:50:00Z,84.87,8.064,30.18,2.7272,50,22.574,490
2219-09-27T17:00:00Z,85.275,8.589,29.73,2.6662,50.1,21.608,380
2219-09-27T17:10:00Z,84.765,8.19,30.48,2.6925,49.9,21.2,380
2219-09-27T17:20:00Z,85.14,8.071,29.82,2.6831,49.7,21.781,380
2219-09-27T17:30:00Z,84.975,8.512,29.85,2.6455,49.9,21.801,380
2219-09-27T17:40:00Z,85.935,8.869,30,2.626,49.9,21.44,380
2219-09-27T17:50:00Z,84.675,8.687,29.58,2.6493,50.1,20.595,380
2219-09-27T18:00:00Z,85.11,8.274,29.22,2.6699,50,19.954,380
2219-09-27T18:10:00Z,84.795,8.064,28.92,2.6358,49.9,21.198,380
2219-09-27T18:20:00Z,84.51,7.637,30,2.7028,49.8,22.991,380
2219-09-27T18:30:00Z,84.885,7.182,30.15,2.6627,50.1,20.987,380
2219-09-27T18:40:00Z,85.05,7.07,30.39,2.7073,49.9,20.741,380
2219-09-27T18:50:00Z,84.975,6.93,29.55,2.7165,50.5,22.077,380
2219-09-27T19:00:00Z,84.495,6.671,29.16,2.7018,50.2,21.158,380
2219-09-27T19:10:00Z,85.02,6.461,30.12,2.7623,50.3,21.931,380
2219-09-27T19:20:00Z,84.585,5.978,29.67,2.7146,49.9,21.835,380
2219-09-27T19:30:00Z,84.45,5.873,29.61,2.7519,50.2,22.192,380
2219-09-27T19:40:00Z,85.335,6.3,29.85,2.7832,50.2,20.713,380
2219-09-27T19:50:00Z,85.005,6.405,30.15,2.7559,50.7,21.123,380
2219-09-27T20:00:00Z,85.71,6.657,29.55,2.7083,49.9,20.788,380
2219-09-27T20:10:00Z,84.6,6.657,30,2.7342,49.8,21.772,380
2219-09-27T20:20:00Z,85.035,6.566,30.57,2.8014,50,23.924,380
2219-09-27T20:30:00Z,85.47,6.23,29.91,2.7312,50.1,21.892,380
2219-09-27T20:40:00Z,85.11,5.824,29.91,2.7169,49.9,22.688,380
2219-09-27T20:50:00Z,84.225,5.873,29.91,2.7406,50.3,20.223,380
2219-09-27T21:00:00Z,85.185,5.964,30.36,2.7714,50,19.974,460
2219-09-27T21:10:00Z,85.245,5.908,29.19,2.7351,50,23.306,460
2219-09-27T21:20:00Z,84.705,6.09,30.03,2.7557,50,21.663,460
2219-09-27T21:30:00Z,84.855,6.181,30.51,2.7086,50.1,20.938,460
2219-09-27T21:40:00Z,85.41,5.95,29.91,2.7529,49.7,21.311,460
2219-09-27T21:50:00Z,84.735,5.565,30.12,2.7358,50.1,23.001,460
2219-09-27T22:00:00Z,84.03,5.481,30.57,2.7863,50.2,21.663,460
2219-09-27T22:10:00Z,85.305,5.453,29.58,2.7925,49.9,21.745,460
2219-09-27T22:20:00Z,84.915,5.516,30.3,2.8112,50,22.797,460
2219-09-27T22:30:00Z,85.32,5.614,30.39,2.8438,50.3,22.024,460
2219-09-27T22:40:00Z,85.38,5.628,29.79,2.7471,50.1,20.379,460
2219-09-27T22:50:00Z,85.005,5.446,29.61,2.7616,50.2,23.464,460
2219-09-27T23:00:00Z,85.035,5.719,29.55,2.7563,49.7,18.847,460
2219-09-27T23:10:00Z,84.93,5.376,30.03,2.7835,50,23.261,460
2219-09-27T23:20:00Z,85.275,5.334,30.42,2.7946,50,20.637,460
2219-09-27T23:30:00Z,84.39,4.984,29.67,2.8,50.2,22.469,460
2219-09-27T23:40:00Z,85.305,5.845,29.76,2.7813,49.8,21.715,460
2219-09-27T23:50:00Z,85.695,5.74,29.37,2.7447,50.6,21.408,460
2219-09-28T00:00:00Z,84.96,6.006,30.54,2.8124,50.2,22.749,460
2219-09-28T00:10:00Z,84.69,5.81,30.42,2.7619,49.8,21.534,460
2219-09-28T00:20:00Z,84.87,5.943,29.43,2.7248,49.6,21.916,460
2219-09-28T00:30:00Z,84.9,5.635,29.7,2.7297,50.3,21.478,460
2219-09-28T00:40:00Z,84.525,4.998,29.79,2.7841,50,20.974,460
2219-09-28T00:50:00Z,85.065,5.285,29.73,2.7905,50.1,20.817,460
2219-09-28T01:00:00Z,85.065,5.705,29.52,2.8151,49.9,22.98,450
2219-09-28T01:10:00Z,85.845,6.314,30.48,2.7984,49.9,23.291,450
2219-09-28T01:20:00Z,85.815,6.447,30.75,2.7923,50.3,21.511,450
2219-09-28T01:30:00Z,85.275,7.007,29.73,2.6815,49.9,21.523,450
2219-09-28T01:40:00Z,85.77,7.448,29.94,2.7223,50.1,21.593,450
2219-09-28T01:50:00Z,85.845,7.546,30.54,2.7098,49.8,21.167,450
2219-09-28T02:00:00Z,85.515,7.84,30.3,2.7088,49.9,23.123,450
2219-09-28T02:10:00Z,85.5,7.973,29.82,2.674,50.3,22.562,450
2219-09-28T02:20:00Z,84.975,7.931,30.51,2.7326,50.1,22.837,450
2219-09-28T02:30:00Z,85.02,7.364,30.06,2.6882,50.2,20.637,450
2219-09-28T02:40:00Z,84.285,6.979,30.42,2.7016,50.2,21.355,450
2219-09-28T02:50:00Z,84.9,6.916,30.57,2.7069,50.3,22.058,450
2219-09-28T03:00:00Z,85.11,7.203,29.67,2.7244,50.2,21.141,450
2219-09-28T03:10:00Z,84.675,7.126,30.36,2.7178,50.1,21.646,450
2219-09-28T03:20:00Z,85.035,7.427,29.16,2.6819,50,22.491,450
2219-09-28T03:30:00Z,85.2,7.91,30,2.6857,49.8,23.097,450
2219-09-28T03:40:00Z,85.155,7.553,29.88,2.6477,50.2,22.251,450
2219-09-28T03:50:00Z,85.035,6.818,30.93,2.7392,50.2,20.433,450
2219-09-28T04:00:00Z,85.05,7.336,29.58,2.7052,50,20.502,450
2219-09-28T04:10:00Z,84.675,7.693,29.58,2.7033,50.2,22.373,450
2219-09-28T04:20:00Z,84.855,7.651,29.91,2.6453,50.2,21.802,450
2219-09-28T04:30:00Z,84.705,7.644,30,2.7417,49.7,23.104,450
2219-09-28T04:40:00Z,84.96,7.763,29.58,2.683,50.1,21.458,450
2219-09-28T04:50:00Z,84.585,7.245,30,2.6412,50.1,19.987,450
2219-09-28T05:00:00Z,85.065,7.497,29.61,2.646,50,22.898,400
2219-09-28T05:10:00Z,85.605,7.532,30.42,2.6998,49.7,22.425,400
2219-09-28T05:20:00Z,84.87,7.784,29.91,2.6566,50,21.564,400
2219-09-28T05:30:00Z,85.755,7.861,29.94,2.6757,50.3,22.584,400
2219-09-28T05:40:00Z,85.5,7.525,29.52,2.6815,50.1,21.597,400
2219-09-28T05:50:00Z,84.9,7.476,29.43,2.6673,49.7,20.248,400
2219-09-28T06:00:00Z,84.915,7.581,29.88,2.6711,49.9,22.631,400
2219-09-28T06:10:00Z,84.69,7.938,29.85,2.6514,49.9,22.757,400
2219-09-28T06:20:00Z,85.2,7.938,30.06,2.6955,50.2,23.662,400
2219-09-28T06:30:00Z,85.35,8.512,29.64,2.6556,50.3,22.874,400
2219-09-28T06:40:00Z,84.87,8.372,30.06,2.7485,49.9,23.303,400
2219-09-28T06:50:00Z,85.59,8.33,30.03,2.6517,49.9,21.565,400
2219-09-28T07:00:00Z,84.9,8.211,29.58,2.6072,50.2,21.819,400
2219-09-28T07:10:00Z,84.555,7.882,29.91,2.6697,50.1,21.398,400
2219-09-28T07:20:00Z,84.795,7.539,30.45,2.7308,49.7,21.32,400
2219-09-28T07:30:00Z,84.75,7.875,30.42,2.729,50.4,21.923,400
2219-09-28T07:40:00Z,85.305,8.176,29.25,2.6404,50.1,23.169,400
2219-09-28T07:50:00Z,84.675,8.092,30.78,2.6805,50.3,22.241,400
2219-09-28T08:00:00Z,85.11,8.498,29.49,2.6599,49.9,22.01,400
2219-09-28T08:10:00Z,85.32,8.582,29.97,2.673,49.9,20.513,400
2219-09-28T08:20:00Z,85.2,9.282,29.52,2.6426,50,20.57,400
2219-09-28T08:30:00Z,85.365,9.324,31.05,2.7013,49.6,22.732,400
2219-09-28T08:40:00Z,85.305,8.778,29.64,2.6897,49.7,23.815,400
2219-09-28T08:50:00Z,85.35,8.568,29.73,2.6688,50.2,23.033,400
2219-09-28T09:00:00Z,84.585,8.652,30.33,2.6661,50.6,20.211,430
2219-09-28T09:10:00Z,84.42,7.924,29.97,2.6309,49.9,20.763,430
2219-09-28T09:20:00Z,84.57,7.714,30.78,2.7387,49.8,22.107,430
2219-09-28T09:30:00Z,85.05,7.021,30.6,2.7463,50,21.246,430
2219-09-28T09:40:00Z,84.66,6.615,30.03,2.6884,50.2,20.793,430
2219-09-28T09:50:00Z,85.2,7.112,29.64,2.7121,50.1,20.055,430
2219-09-28T10:00:00Z,85.56,7.364,30.36,2.6944,49.9,19.346,430
2219-09-28T10:10:00Z,85.71,6.762,29.88,2.728,50.1,22.234,430
2219-09-28T10:20:00Z,84.255,6.797,30.06,2.7082,49.9,20.451,430
2219-09-28T10:30:00Z,85.17,6.951,30.06,2.7241,50.3,22.486,430
2219-09-28T10:40:00Z,85.05,6.517,30.39,2.7652,49.8,21.418,430
2219-09-28T10:50:00Z,85.29,6.601,30.24,2.7265,49.9,21.159,430
2219-09-28T11:00:00Z,84.78,6.286,30.21,2.7558,50.1,21.008,430
2219-09-28T11:10:00Z,85.365,6.496,30.15,2.7595,49.8,22.03,430
2219-09-28T11:20:00Z,84.45,6.552,29.52,2.7036,49.9,21.551,430
2219-09-28T11:30:00Z,85.71,6.762,29.58,2.7661,49.9,20.721,430
2219-09-28T11:40:00Z,84.54,7.28,28.8,2.687,49.9,19.491,430
2219-09-28T11:50:00Z,84.6,7.238,30.27,2.735,49.8,19.341,430
2219-09-28T12:00:00Z,85.56,7.616,29.76,2.6739,49.8,22.641,430
2219-09-28T12:10:00Z,85.065,7.735,29.73,2.7115,50,21.404,430
2219-09-28T12:20:00Z,85.08,7.056,30.27,2.7134,49.6,19.668,430
2219-09-28T12:30:00Z,85.215,6.937,29.55,2.7254,50.1,20.526,430
2219-09-28T12:40:00Z,84.675,7.133,30.21,2.7011,49.9,21.506,430
2219-09-28T12:50:00Z,85.065,6.923,30.63,2.773,49.9,22.238,430
2219-09-28T13:00:00Z,85.2,7.007,30.36,2.728,50,22.356,430
2219-09-28T13:10:00Z,84.855,7.042,30.15,2.708,49.9,22.52,430
2219-09-28T13:20:00Z,84.75,6.412,30.27,2.7343,50,21.35,430
2219-09-28T13:30:00Z,85.155,6.405,29.88,2.7703,49.8,22.931,430
2219-09-28T13:40:00Z,85.02,6.566,29.94,2.7211,49.8,20.738,430
2219-09-28T13:50:00Z,84.345,6.51,30.06,2.7674,50,20.618,430
2219-09-28T14:00:00Z,84.78,6.979,29.64,2.7442,49.8,21.188,430
2219-09-28T14:10:00Z,84.6,6.615,30.18,2.7278,49.9,22.549,430
2219-09-28T14:20:00Z,84.69,6.804,30.3,2.7482,49.8,20.516,430
2219-09-28T14:30:00Z,84.555,6.993,30.21,2.7366,49.9,21.035,430
2219-09-28T14:40:00Z,84.585,7.021,30.27,2.7412,49.6,20.066,430
2219-09-28T14:50:00Z,85.41,6.951,30.33,2.7533,49.8,20.42,430
2219-09-28T15:00:00Z,85.41,7.336,30.12,2.7463,50.2,20.67,430
2219-09-28T15:10:00Z,85.14,7.616,29.49,2.6949,50,21.527,430
2219-09-28T15:20:00Z,83.91,6.867,31.02,2.7295,50.2,21.913,430
2219-09-28T15:30:00Z,85.56,6.79,30.06,2.7216,49.9,20.808,430
2219-09-28T15:40:00Z,85.2,6.706,30.42,2.7301,50.1,22.675,430
2219-09-28T15:50:00Z,85.095,6.804,29.94,2.6825,49.9,23.006,430
2219-09-28T16:00:00Z,84.705,6.468,29.73,2.7013,50,21.471,430
2219-09-28T16:10:00Z,85.59,6.986,30.24,2.788,50,21.346,430
2219-09-28T16:20:00Z,84.24,7.203,30.03,2.7068,50.2,20.038,430
2219-09-28T16:30:00Z,85.305,6.825,30.3,2.7234,50.2,21.005,430
2219-09-28T16:40:00Z,85.41,6.881,29.97,2.7374,50.2,21.546,430
2219-09-28T16:50:00Z,85.095,6.902,29.61,2.7329,50.1,22.173,430
2219-09-28T17:00:00Z,85.185,7.021,29.31,2.6858,50,21.418,420
2219-09-28T17:10:00Z,85.32,6.692,30.27,2.7042,49.7,20.357,420
2219-09-28T17:20:00Z,85.575,6.461,29.85,2.6874,50.3,19.99,420
2219-09-28T17:30:00Z,85.755,6.839,30.57,2.7422,50.4,20.523,420
2219-09-28T17:40:00Z,85.32,6.951,30.09,2.773,49.6,21.602,420
2219-09-28T17:50:00Z,85.005,6.811,30.57,2.8103,50,20.929,420
2219-09-28T18:00:00Z,84.84,6.062,30.18,2.7219,50.2,23.782,420
2219-09-28T18:10:00Z,84.285,5.005,30.09,2.7702,49.7,21.281,420
2219-09-28T18:20:00Z,85.32,5.208,30.75,2.8209,50.2,20.177,420
2219-09-28T18:30:00Z,84.915,5.159,30.09,2.7772,50,20.456,420
2219-09-28T18:40:00Z,85.2,4.634,29.34,2.7141,50.1,21.362,420
2219-09-28T18:50:00Z,84.645,5.005,30.09,2.7614,50.1,22.475,420
2219-09-28T19:00:00Z,85.035,5.481,29.94,2.8054,50.1,23.692,420
2219-09-28T19:10:00Z,85.47,4.795,30.09,2.8224,50.1,20.951,420
2219-09-28T19:20:00Z,84.405,4.886,29.7,2.7458,49.8,22.225,420
2219-09-28T19:30:00Z,85.695,4.914,30.18,2.8382,50,21.814,420
2219-09-28T19:40:00Z,85.8,4.641,30.21,2.8347,49.9,21.386,420
2219-09-28T19:50:00Z,85.41,4.795,30.57,2.8535,50.4,20.928,420
2219-09-28T20:00:00Z,84.525,4.543,29.97,2.7845,50.2,20.756,420
2219-09-28T20:10:00Z,85.455,4.662,29.22,2.7972,49.6,21.694,420
2219-09-28T20:20:00Z,85.92,5.25,30.12,2.792,49.5,20.841,420
2219-09-28T20:30:00Z,85.14,4.865,30.45,2.822,50.1,22.023,420
2219-09-28T20:40:00Z,84.225,4.9,30.3,2.7736,49.9,21.465,420
2219-09-28T20:50:00Z,85.68,5.068,30.78,2.7865,50.2,21.293,420
2219-09-28T21:00:00Z,85.365,4.879,29.7,2.7232,50.1,22.476,360
2219-09-28T21:10:00Z,84.585,5.446,29.67,2.7734,50.3,21.659,360
2219-09-28T21:20:00Z,84.54,5.565,29.34,2.7491,50.1,21.548,360
2219-09-28T21:30:00Z,85.26,5.243,30.15,2.7972,50.1,20.742,360
2219-09-28T21:40:00Z,84.765,5.299,30.69,2.7126,50.5,23.216,360
2219-09-28T21:50:00Z,85.35,5.859,29.88,2.7662,49.6,21.614,360
2219-09-28T22:00:00Z,85.14,5.551,29.85,2.7661,50.1,22.612,360
2219-09-28T22:10:00Z,85.455,5.327,30.24,2.7597,50,20.625,360
2219-09-28T22:20:00Z,84.375,5.978,30.51,2.8196,50.3,20.594,360
2219-09-28T22:30:00Z,85.5,6.125,30.09,2.7396,49.9,21.844,360
2219-09-28T22:40:00Z,85.095,6.769,29.79,2.7129,49.6,23.832,360
2219-09-28T22:50:00Z,84.975,7.168,29.76,2.7355,50.4,21.72,360
2219-09-28T23:00:00Z,85.155,7.861,29.97,2.6915,50.3,22.129,360
2219-09-28T23:10:00Z,85.515,7.987,30.45,2.6893,49.8,23.64,360
2219-09-28T23:20:00Z,85.35,8.071,29.55,2.7157,49.9,23.235,360
2219-09-28T23:30:00Z,84.87,8.176,30.12,2.6854,50.1,22.684,360
2219-09-28T23:40:00Z,85.59,8.134,29.97,2.6671,50.5,22.8,360
2219-09-28T23:50:00Z,84.825,8.358,29.97,2.6966,49.6,22.356,360
2219-09-29T00:00:00Z,84.465,8.239,30.51,2.6428,50,22.36,360
2219-09-29T00:10:00Z,85.515,8.505,29.64,2.6525,50.2,24.057,360
2219-09-29T00:20:00Z,85.44,8.155,30.3,2.6945,50.2,22.397,360
2219-09-29T00:30:00Z,85.155,8.372,29.67,2.6281,50,22.281,360
2219-09-29T00:40:00Z,84.36,8.351,30.24,2.6575,50.1,23.467,360
2219-09-29T00:50:00Z,85.14,8.757,29.88,2.6267,50,21.272,360
2219-09-29T01:00:00Z,84.525,8.652,29.64,2.6454,50.1,21.14,400
2219-09-29T01:10:00Z,84.525,8.344,30.03,2.6587,50.3,22.44,400
2219-09-29T01:20:00Z,85.155,8.54,29.88,2.6701,49.8,22.104,400
2219-09-29T01:30:00Z,84.93,8.414,29.64,2.6973,50,24.382,400
2219-09-29T01:40:00Z,85.5,8.659,30.03,2.6631,49.8,22.37,400
2219-09-29T01:50:00Z,84.885,8.442,29.46,2.683,50,22.797,400
2219-09-29T02:00:00Z,84.96,8.687,30.48,2.7462,50.1,24.947,400
2219-09-29T02:10:00Z,85.065,8.344,30.06,2.636,50.2,21.848,400
2219-09-29T02:20:00Z,84.825,8.365,30.27,2.6693,50.2,23.046,400
2219-09-29T02:30:00Z,85.47,8.211,30.21,2.6974,50.2,22.289,400
2219-09-29T02:40:00Z,84.075,7.658,29.55,2.6774,49.9,21.719,400
2219-09-29T02:50:00Z,84.885,7.511,30.06,2.7209,50,22.607,400
2219-09-29T03:00:00Z,84.165,7.483,29.82,2.6417,50.2,20.315,400
2219-09-29T03:10:00Z,84.555,6.65,30.06,2.7536,49.8,23.91,400
2219-09-29T03:20:00Z,85.065,6.685,30.3,2.6988,50.1,23.4,400
2219-09-29T03:30:00Z,84.795,6.664,29.76,2.7387,49.9,20.912,400
2219-09-29T03:40:00Z,85.32,6.629,30,2.7093,50.3,20.997,400
2219-09-29T03:50:00Z,84.57,6.258,29.82,2.7442,50.1,23.396,400
2219-09-29T04:00:00Z,84.15,5.915,29.01,2.7536,49.8,22.352,400
2219-09-29T04:10:00Z,83.955,5.957,30.3,2.7453,50.3,21.736,400
2219-09-29T04:20:00Z,85.395,6.006,29.61,2.7427,50.2,22.993,400
2219-09-29T04:30:00Z,85.035,5.789,29.91,2.7191,50.2,23.879,400
2219-09-29T04:40:00Z,84.99,5.831,30.15,2.7474,49.9,23.211,400
2219-09-29T04:50:00Z,84.6,5.453,30.33,2.715,49.9,21.818,400
2219-09-29T05:00:00Z,84.765,5.411,30.12,2.7577,50.1,23.447,310
2219-09-29T05:10:00Z,85.365,5.285,29.61,2.771,50.2,23.393,310
2219-09-29T05:20:00Z,84.885,4.865,30.09,2.7543,49.9,22.115,310
2219-09-29T05:30:00Z,84.645,4.802,30.18,2.7575,50.4,22.598,310
2219-09-29T05:40:00Z,85.59,5.026,30.12,2.8234,49.9,23.266,310
2219-09-29T05:50:00Z,84.63,5.369,30.36,2.8153,50,22.927,310
2219-09-29T06:00:00Z,85.35,5.684,30.03,2.7494,49.8,24.643,310
2219-09-29T06:10:00Z,85.26,5.964,29.61,2.7479,50,23.065,310
2219-09-29T06:20:00Z,85.41,6.286,29.88,2.7198,49.8,23.239,310
2219-09-29T06:30:00Z,85.365,5.817,30.03,2.7503,50.3,24.691,310
2219-09-29T06:40:00Z,84.72,5.768,30.12,2.7732,50.3,22.125,310
2219-09-29T06:50:00Z,84.66,6.405,29.94,2.7503,50.1,22.727,310
2219-09-29T07:00:00Z,84.9,6.587,30.03,2.7492,50.3,23.461,310
2219-09-29T07:10:00Z,85.335,7.203,30.21,2.7107,49.8,24.307,310
2219-09-29T07:20:00Z,84.84,7,30.12,2.7057,50.4,22.617,310
2219-09-29T07:30:00Z,85.995,7.336,29.49,2.6497,50.1,21.569,310
2219-09-29T07:40:00Z,85.335,7.672,29.88,2.678,50.1,22.352,310
2219-09-29T07:50:00Z,85.845,7.861,30,2.7285,50.8,26.038,310
2219-09-29T08:00:00Z,84.9,7.721,29.91,2.7073,49.8,24.272,310
2219-09-29T08:10:00Z,85.035,7.987,30.51,2.6895,50,22.915,310
2219-09-29T08:20:00Z,84.795,8.008,29.82,2.7174,49.8,21.875,310
2219-09-29T08:30:00Z,84.87,8.239,29.49,2.6329,50,22.774,310
2219-09-29T08:40:00Z,85.53,8.386,30.63,2.679,50.2,22.713,310
2219-09-29T08:50:00Z,84.54,8.092,30,2.6889,49.9,23.633,310
2219-09-29T09:00:00Z,85.245,8.596,30.18,2.6678,50.2,24.036,400
2219-09-29T09:10:00Z,84.75,8.645,29.55,2.6683,49.6,23.148,400
2219-09-29T09:20:00Z,85.155,8.484,29.61,2.6364,50.2,22.902,400
2219-09-29T09:30:00Z,84.66,7.84,30.39,2.7033,50.1,23.458,400
2219-09-29T09:40:00Z,84.615,7.595,29.61,2.6495,50.3,22.596,400
2219-09-29T09:50:00Z,84.585,7.784,29.91,2.7458,49.9,23.926,400
2219-09-29T10:00:00Z,85.125,7.574,29.82,2.7326,49.8,23.291,400
2219-09-29T10:10:00Z,84.315,7.042,29.16,2.7088,49.7,23.606,400
2219-09-29T10:20:00Z,84.75,7.154,29.58,2.7512,50.2,24.511,400
2219-09-29T10:30:00Z,84.84,7.154,30.54,2.6929,50.1,21.692,400
2219-09-29T10:40:00Z,85.29,7.882,29.73,2.6905,50.1,24.342,400
2219-09-29T10:50:00Z,85.335,8.33,30.12,2.6958,49.9,23.181,400
2219-09-29T11:00:00Z,84.81,7.672,30.63,2.71,50,23.579,400
2219-09-29T11:10:00Z,85.035,7.413,29.64,2.6958,50.1,24.439,400
2219-09-29T11:20:00Z,84.96,7.434,30.03,2.7347,50.2,22.555,400
2219-09-29T11:30:00Z,84.135,7.357,29.85,2.664,50.4,20.947,400
2219-09-29T11:40:00Z,85.32,6.888,30.15,2.6954,50.1,22.815,400
2219-09-29T11:50:00Z,85.035,7.42,29.52,2.7069,50.2,22.812,400
2219-09-29T12:00:00Z,85.14,7.357,29.31,2.7152,50,23.487,400
2219-09-29T12:10:00Z,84.93,7.427,29.97,2.6936,50,24.223,400
2219-09-29T12:20:00Z,84.345,7.637,30.3,2.7014,50.2,22.995,400
2219-09-29T12:30:00Z,84.405,7.203,29.91,2.68,50,23.099,400
2219-09-29T12:40:00Z,84.615,7.385,29.67,2.7025,50.1,21.608,400
2219-09-29T12:50:00Z,84.66,7.21,30.12,2.7468,50.3,23.363,400
2219-09-29T13:00:00Z,84.48,7.574,30.21,2.7242,49.6,23.35,290
2219-09-29T13:10:00Z,84.93,7.483,30.06,2.6537,50.3,23.556,290
2219-09-29T13:20:00Z,86.295,7.7,29.94,2.6489,49.8,23.318,290
2219-09-29T13:30:00Z,85.29,7.714,30.3,2.7197,50,22.96,290
2219-09-29T13:40:00Z,84.495,7.917,29.25,2.7214,50.3,24.397,290
2219-09-29T13:50:00Z,84.945,7.959,29.76,2.6954,50,22.573,290
2219-09-29T14:00:00Z,85.11,8.645,29.94,2.6558,50.3,23.711,290
2219-09-29T14:10:00Z,84.69,8.848,29.61,2.6076,50,24.412,290
2219-09-29T14:20:00Z,85.53,8.799,30.27,2.6852,49.8,23.287,290
2219-09-29T14:30:00Z,84.735,8.834,30.6,2.6652,50.1,22.773,290
2219-09-29T14:40:00Z,84.99,9.254,29.58,2.5995,49.6,23.836,290
2219-09-29T14:50:00Z,85.665,9.569,30.12,2.6496,50.5,22.904,290
2219-09-29T15:00:00Z,84.9,10.444,29.94,2.5922,49.5,23.723,290
2219-09-29T15:10:00Z,85.095,10.199,30.72,2.6533,49.9,22.822,290
2219-09-29T15:20:00Z,84.51,9.94,29.64,2.6359,49.8,23.803,290
2219-09-29T15:30:00Z,85.005,10.493,29.7,2.5713,50.1,23.485,290
2219-09-29T15:40:00Z,84.825,10.416,30,2.6048,50,21.687,290
2219-09-29T15:50:00Z,85.53,10.171,30.15,2.6596,50.1,23.627,290
2219-09-29T16:00:00Z,84.48,9.282,30.36,2.6812,49.9,22.689,290
2219-09-29T16:10:00Z,85.08,9.702,29.88,2.6536,50,23.187,290
2219-09-29T16:20:00Z,85.11,9.534,29.67,2.5717,50.1,20.851,290
2219-09-29T16:30:00Z,85.17,9.485,29.88,2.6323,50.3,21.458,290
2219-09-29T16:40:00Z,84.87,9.555,29.37,2.6326,49.8,23.472,290
2219-09-29T16:50:00Z,85.245,9.66,29.52,2.6602,49.8,23.065,290
2219-09-29T17:00:00Z,84.51,9.037,29.91,2.5753,50.2,22.78,360
2219-09-29T17:10:00Z,84.51,8.288,29.1,2.6446,49.8,25.236,360
2219-09-29T17:20:00Z,84.615,8.099,30.03,2.6794,50.4,23.186,360
2219-09-29T17:30:00Z,85.08,8.904,29.67,2.6601,50.3,22.928,360
2219-09-29T17:40:00Z,85.215,8.358,29.79,2.6581,50.4,23.172,360
2219-09-29T17:50:00Z,85.365,8.862,29.7,2.622,50.2,23.218,360
2219-09-29T18:00:00Z,85.11,9.107,28.77,2.5924,49.9,21.73,360
2219-09-29T18:10:00Z,85.245,9.1,30.24,2.6485,50,22.965,360
2219-09-29T18:20:00Z,84.315,9.877,29.37,2.6447,49.7,23.766,360
2219-09-29T18:30:00Z,85.065,9.954,29.91,2.5818,49.9,21.704,360
2219-09-29T18:40:00Z,85.02,10.017,30.54,2.6873,49.9,24.202,360
2219-09-29T18:50:00Z,85.14,10.668,29.79,2.5913,49.9,23.708,360
2219-09-29T19:00:00Z,85.38,10.815,29.7,2.5008,49.9,21.174,360
2219-09-29T19:10:00Z,85.32,10.927,30.39,2.6034,50,21.824,360
2219-09-29T19:20:00Z,84.975,11.305,29.73,2.5801,50.1,22.119,360
2219-09-29T19:30:00Z,84.765,11.445,29.55,2.5384,49.9,23.019,360
2219-09-29T19:40:00Z,85.305,11.543,30.03,2.5268,49.9,23.804,360
2219-09-29T19:50:00Z,85.305,11.641,30.57,2.5458,50.2,21.572,360
2219-09-29T20:00:00Z,84.9,11.417,30.06,2.5941,49.9,20.631,360
2219-09-29T20:10:00Z,84.765,11.361,30.24,2.5753,49.7,25.002,360
2219-09-29T20:20:00Z,85.02,11.669,30.09,2.5459,49.9,22.277,360
2219-09-29T20:30:00Z,84.825,11.564,30.33,2.5408,50,21.779,360
2219-09-29T20:40:00Z,85.215,11.795,29.88,2.5706,49.7,21.159,360
2219-09-29T20:50:00Z,84.915,11.298,30.18,2.5835,50,21.063,360
2219-09-29T21:00:00Z,84.015,11.235,29.88,2.5676,50.2,21.553,340
2219-09-29T21:10:00Z,85.08,11.48,30.09,2.5914,49.9,20.942,340
2219-09-29T21:20:00Z,85.395,11.389,30.39,2.5829,50.1,23.019,340
2219-09-29T21:30:00Z,85.41,10.983,29.73,2.5926,49.8,22.814,340
2219-09-29T21:40:00Z,84.42,10.29,30.06,2.5591,50.1,22.532,340
2219-09-29T21:50:00Z,85.095,9.849,29.79,2.6293,50.3,21.411,340
2219-09-29T22:00:00Z,84.615,9.912,30.18,2.6686,49.9,20.236,340
2219-09-29T22:10:00Z,85.665,9.723,30.15,2.6054,50.1,23.314,340
2219-09-29T22:20:00Z,85.08,9.653,30.06,2.6419,49.9,21.798,340
2219-09-29T22:30:00Z,85.425,9.464,29.76,2.6527,49.6,22.978,340
2219-09-29T22:40:00Z,84.63,9.492,30.48,2.6221,49.8,21.834,340
2219-09-29T22:50:00Z,85.47,9.289,29.58,2.582,50.2,21.135,340
2219-09-29T23:00:00Z,85.23,9.499,30.09,2.6512,50.1,23.295,340
2219-09-29T23:10:00Z,84.81,9.688,30.48,2.6449,50,20.627,340
2219-09-29T23:20:00Z,84.315,8.897,30.15,2.6981,50,21.55,340
2219-09-29T23:30:00Z,84.69,9.275,30.93,2.6335,49.7,21.53,340
2219-09-29T23:40:00Z,85.125,9.422,30.9,2.6586,49.9,21.66,340
2219-09-29T23:50:00Z,85.425,9.653,29.79,2.6725,49.8,21.589,340
2219-09-30T00:00:00Z,84.585,10.024,29.79,2.6594,50.1,23.211,340
2219-09-30T00:10:00Z,84.645,10.402,29.7,2.5981,50.1,21.768,340
2219-09-30T00:20:00Z,85.125,10.906,30.18,2.6146,50.2,22.277,340
2219-09-30T00:30:00Z,84.735,10.675,30.33,2.5918,49.4,22.548,340
2219-09-30T00:40:00Z,84.81,10.64,29.43,2.5881,49.9,21.494,340
2219-09-30T00:50:00Z,84.105,10.472,29.94,2.6046,50,21.989,340
2219-09-30T01:00:00Z,84.975,10.031,30.27,2.6009,50.3,20.263,350
2219-09-30T01:10:00Z,84.465,10.885,29.61,2.5704,50.2,21.887,350
2219-09-30T01:20:00Z,84.96,10.661,30.42,2.6669,50,22.331,350
2219-09-30T01:30:00Z,85.125,10.787,29.97,2.6134,49.9,24.887,350
2219-09-30T01:40:00Z,85.485,10.85,29.88,2.5718,49.8,23.983,350
2219-09-30T01:50:00Z,84.225,10.143,30.72,2.6385,49.7,20.548,350
2219-09-30T02:00:00Z,85.485,10.115,29.73,2.5859,49.8,20.091,350
2219-09-30T02:10:00Z,85.11,10.353,29.7,2.5997,49.9,23.752,350
2219-09-30T02:20:00Z,85.41,10.332,29.52,2.5701,50.2,22.25,350
2219-09-30T02:30:00Z,84.885,9.716,30.54,2.6069,50,21.125,350
2219-09-30T02:40:00Z,84.99,9.632,29.19,2.6126,49.8,20.998,350
2219-09-30T02:50:00Z,85.695,9.744,29.49,2.5894,50,21.912,350
2219-09-30T03:00:00Z,85.335,10.136,29.91,2.5831,50,20.327,350
2219-09-30T03:10:00Z,84.69,10.556,30.54,2.5827,50.1,19.772,350
2219-09-30T03:20:00Z,85.92,10.878,30.12,2.5508,50.3,21.263,350
2219-09-30T03:30:00Z,84.93,10.374,29.34,2.5336,49.8,22.774,350
2219-09-30T03:40:00Z,84.3,10.311,30.81,2.5847,49.9,20.461,350
2219-09-30T03:50:00Z,84.39,10.486,29.85,2.5723,49.9,21.91,350
2219-09-30T04:00:00Z,85.515,10.633,29.01,2.5718,49.7,21.571,350
2219-09-30T04:10:00Z,84.285,10.752,30.51,2.5694,49.8,21.722,350
2219-09-30T04:20:00Z,85.575,10.682,29.7,2.5968,49.8,21.541,350
2219-09-30T04:30:00Z,85.215,10.444,30.24,2.6156,50.2,22.428,350
2219-09-30T04:40:00Z,84.69,9.758,30.27,2.6296,50.2,22.731,350
2219-09-30T04:50:00Z,84.99,8.897,29.49,2.6459,49.9,22.269,350
2219-09-30T05:00:00Z,84.315,9.156,30.09,2.6382,49.8,21.525,400
2219-09-30T05:10:00Z,85.485,9.359,30.6,2.673,49.9,19.144,400
2219-09-30T05:20:00Z,84.99,9.233,30.12,2.6184,50,21.121,400
2219-09-30T05:30:00Z,84.825,9.877,30.09,2.6094,49.6,22.361,400
2219-09-30T05:40:00Z,85.08,10.213,30.48,2.632,50,20.985,400
2219-09-30T05:50:00Z,84.84,10.465,29.73,2.5805,49.9,21.188,400
2219-09-30T06:00:00Z,84.795,10.15,29.79,2.6369,50,20.645,400
2219-09-30T06:10:00Z,84.435,9.989,29.55,2.5758,49.8,21.08,400
2219-09-30T06:20:00Z,85.38,10.402,29.97,2.5457,50.1,21.871,400
2219-09-30T06:30:00Z,84.9,10.724,30.12,2.6118,50,20.132,400
2219-09-30T06:40:00Z,85.29,10.29,29.67,2.5941,50.2,22.107,400
2219-09-30T06:50:00Z,84.525,10.325,29.82,2.6177,49.8,23.039,400
2219-09-30T07:00:00Z,84.315,10.374,29.88,2.6017,49.9,23.649,400
2219-09-30T07:10:00Z,84.75,9.933,30.27,2.6208,49.8,20.963,400
2219-09-30T07:20:00Z,85.515,9.968,29.37,2.5945,50,20.741,400
2219-09-30T07:30:00Z,84.48,9.247,29.64,2.6153,49.8,20.284,400
2219-09-30T07:40:00Z,85.065,9.667,30.48,2.6096,50.1,21.134,400
2219-09-30T07:50:00Z,85.2,10.108,30.51,2.6346,49.7,20.634,400
2219-09-30T08:00:00Z,84.855,10.101,30.21,2.5786,50.3,22.314,400
2219-09-30T08:10:00Z,84.9,10.353,29.58,2.5971,50,21.818,400
2219-09-30T08:20:00Z,84.9,9.919,29.88,2.6441,49.6,21.74,400
2219-09-30T08:30:00Z,84.57,9.863,29.61,2.6045,49.7,22.123,400
2219-09-30T08:40:00Z,85.08,10.388,29.55,2.5761,50,20.181,400
2219-09-30T08:50:00Z,85.275,10.437,30.12,2.6115,49.7,21.31,400
2219-09-30T09:00:00Z,84.93,11.151,30.21,2.5837,50,22.126,320
2219-09-30T09:10:00Z,86.055,11.697,30.48,2.5535,50.1,23.195,320
2219-09-30T09:20:00Z,85.695,11.494,29.64,2.558,49.8,22.136,320
2219-09-30T09:30:00Z,84.33,11.879,29.79,2.5418,50,23.22,320
2219-09-30T09:40:00Z,85.14,11.802,30.3,2.5759,49.5,23.015,320
2219-09-30T09:50:00Z,84.51,11.452,30.24,2.6034,49.5,21.713,320
2219-09-30T10:00:00Z,85.05,11.627,30.27,2.5988,49.9,21.618,320
2219-09-30T10:10:00Z,85.125,11.585,30.3,2.5725,49.7,20.759,320
2219-09-30T10:20:00Z,85.245,11.151,30.33,2.6147,50,18.158,320
2219-09-30T10:30:00Z,84.99,10.57,29.97,2.5964,49.7,22.384,320
2219-09-30T10:40:00Z,84.885,10.654,30.03,2.5795,50.3,21.892,320
2219-09-30T10:50:00Z,85.245,10.311,30.78,2.6346,50,20.279,320
2219-09-30T11:00:00Z,84.75,10.332,30.6,2.607,49.9,23.39,320
2219-09-30T11:10:00Z,85.125,9.674,30.66,2.6579,49.6,19.615,320
2219-09-30T11:20:00Z,83.385,9.38,30.3,2.6298,49.6,19.788,320
2219-09-30T11:30:00Z,84.51,8.995,29.19,2.6251,49.9,20.382,320
2219-09-30T11:40:00Z,84.27,8.967,30.36,2.6412,50,19.912,320
2219-09-30T11:50:00Z,84.6,9.051,30.51,2.5972,49.9,20.542,320
2219-09-30T12:00:00Z,84.915,8.484,29.61,2.6422,49.9,22.662,320
2219-09-30T12:10:00Z,84.855,8.239,29.43,2.6404,49.6,20.731,320
2219-09-30T12:20:00Z,84.795,7.973,30.15,2.6896,50,22.835,320
2219-09-30T12:30:00Z,85.02,7.84,29.61,2.6626,49.7,20.747,320
2219-09-30T12:40:00Z,84.765,8.078,30.15,2.6689,49.7,20.294,320
2219-09-30T12:50:00Z,85.215,8.085,29.64,2.6719,49.9,21.256,320
2219-09-30T13:00:00Z,84.45,7.504,30.06,2.6442,50,20.683,300
2219-09-30T13:10:00Z,85.485,7.686,29.58,2.6407,49.7,19.471,300
2219-09-30T13:20:00Z,84.99,8.008,30.39,2.6053,49.9,22.151,300
2219-09-30T13:30:00Z,86.01,8.169,30.33,2.6672,49.5,20.715,300
2219-09-30T13:40:00Z,85.575,7.742,29.67,2.6875,49.8,21.332,300
2219-09-30T13:50:00Z,85.845,8.127,30.45,2.6818,49.7,22.611,300
2219-09-30T14:00:00Z,85.875,8.554,29.94,2.662,49.7,21.585,300
2219-09-30T14:10:00Z,85.47,8.722,30.03,2.6288,50.1,20.089,300
2219-09-30T14:20:00Z,84.51,8.925,30.24,2.6953,49.8,21.799,300
2219-09-30T14:30:00Z,84.75,8.393,30,2.606,49.8,21.102,300
2219-09-30T14:40:00Z,84.84,8.4,30.36,2.655,50.2,22.446,300
2219-09-30T14:50:00Z,84.975,8.414,29.73,2.7,49.9,21.418,300
2219-09-30T15:00:00Z,84.465,8.204,29.1,2.6551,49.7,20.85,300
2219-09-30T15:10:00Z,84.525,7.84,29.97,2.7013,50.1,21.51,300
2219-09-30T15:20:00Z,84.75,7.959,29.85,2.7034,50.1,21.415,300
2219-09-30T15:30:00Z,85.335,7.497,30.18,2.7377,49.7,20.23,300
2219-09-30T15:40:00Z,85.29,7.476,30,2.7066,50,20.774,300
2219-09-30T15:50:00Z,84.945,7.742,30,2.7163,49.9,22.237,300
2219-09-30T16:00:00Z,85.71,7.728,29.82,2.6994,49.8,20.769,300
2219-09-30T16:10:00Z,85.23,7.658,30.06,2.6785,50,19.54,300
2219-09-30T16:20:00Z,84.915,7.693,30.03,2.6763,50,20.349,300
2219-09-30T16:30:00Z,84.705,7.588,29.79,2.6987,50.4,21.059,300
2219-09-30T16:40:00Z,84.915,7.385,30.09,2.6718,49.8,21.282,300
2219-09-30T16:50:00Z,85.365,7.497,29.55,2.6998,49.6,22.686,300
2219-09-30T17:00:00Z,84.795,7.42,30.09,2.7357,49.7,21.902,240
2219-09-30T17:10:00Z,84.9,6.888,29.73,2.7154,50,19.428,240
2219-09-30T17:20:00Z,85.305,7.378,30.6,2.697,50,20.351,240
2219-09-30T17:30:00Z,84.915,8.162,30,2.6872,50,21.301,240
2219-09-30T17:40:00Z,85.695,8.197,30.24,2.7439,50.1,21.919,240
2219-09-30T17:50:00Z,84.915,8.176,29.88,2.6741,50.4,19.259,240
2219-09-30T18:00:00Z,84.555,8.232,30.45,2.7165,50.1,19.459,240
2219-09-30T18:10:00Z,85.125,7.847,30.72,2.683,49.9,20.988,240
2219-09-30T18:20:00Z,85.185,7.553,30.69,2.685,50,20.258,240
2219-09-30T18:30:00Z,84.57,7.714,30.03,2.6729,50,19.425,240
2219-09-30T18:40:00Z,84.63,8.043,30.45,2.6817,49.9,20.414,240
2219-09-30T18:50:00Z,84.855,8.001,30.03,2.6753,49.9,21.666,240
2219-09-30T19:00:00Z,84.84,7.567,30.42,2.7014,49.9,21.146,240
2219-09-30T19:10:00Z,84.72,6.909,30.18,2.7044,50,21.65,240
2219-09-30T19:20:00Z,84.96,6.888,29.46,2.6946,50.2,21.792,240
2219-09-30T19:30:00Z,84.48,6.65,29.61,2.7143,49.7,22.774,240
2219-09-30T19:40:00Z,84.855,6.706,30.69,2.7955,50.4,20.798,240
2219-09-30T19:50:00Z,85.695,7.105,29.88,2.7058,49.7,20.58,240
2219-09-30T20:00:00Z,85.245,7.483,29.61,2.7576,50,20.723,240
2219-09-30T20:10:00Z,84.99,7.861,29.19,2.6991,50,21.737,240
2219-09-30T20:20:00Z,85.35,7.735,29.46,2.6952,49.9,21.256,240
2219-09-30T20:30:00Z,84.99,7.581,29.64,2.7067,49.9,21.884,240
2219-09-30T20:40:00Z,86.07,8.526,29.88,2.6438,49.7,21.996,240
2219-09-30T20:50:00Z,84.825,8.659,30.15,2.7168,49.7,21.994,240
2219-09-30T21:00:00Z,84.57,8.309,29.88,2.6855,50.1,24.127,280
2219-09-30T21:10:00Z,85.365,8.96,30.09,2.6348,49.7,22.812,280
2219-09-30T21:20:00Z,84.975,8.337,29.88,2.6735,49.9,20.507,280
2219-09-30T21:30:00Z,85.11,8.407,29.76,2.6147,50.1,19.256,280
2219-09-30T21:40:00Z,85.305,8.547,30.3,2.6815,50,21.683,280
2219-09-30T21:50:00Z,85.17,8.323,30.48,2.6573,50.1,20.483,280
2219-09-30T22:00:00Z,85.32,8.785,30,2.6367,49.9,20.32,280
2219-09-30T22:10:00Z,85.875,9.905,29.97,2.6571,50.4,21.757,280
2219-09-30T22:20:00Z,85.455,9.499,29.64,2.6046,50.3,20.292,280
2219-09-30T22:30:00Z,84.36,9.688,29.79,2.5963,49.9,20.631,280
2219-09-30T22:40:00Z,84.84,10.024,30,2.6108,49.7,21.188,280
2219-09-30T22:50:00Z,84.555,9.912,30.51,2.6447,50.2,21.075,280
2219-09-30T23:00:00Z,84.495,9.821,30.12,2.6282,50.1,22.587,280
2219-09-30T23:10:00Z,85.14,9.758,30.12,2.6646,50,19.085,280
2219-09-30T23:20:00Z,84.885,8.806,30.06,2.6477,50.2,22.324,280
2219-09-30T23:30:00Z,84.645,8.547,29.7,2.6428,49.8,21.248,280
2219-09-30T23:40:00Z,84.345,8.785,30.15,2.6886,50,18.644,280
2219-09-30T23:50:00Z,84.48,9.044,30.51,2.6599,49.8,22.492,280
2219-10-01T00:00:00Z,84.615,8.68,29.73,2.6171,49.5,21.258,280
2219-10-01T00:10:00Z,84.765,9.142,30.33,2.6717,49.4,17.937,280
2219-10-01T00:20:00Z,84.795,8.575,29.52,2.6466,49.3,19.302,280
2219-10-01T00:30:00Z,85.38,8.596,30.33,2.66,49.6,15.914,280
2219-10-01T00:40:00Z,84.675,8.337,30.12,2.6371,49.9,17.194,280
2219-10-01T00:50:00Z,84.525,8.057,30,2.6717,49.9,19.606,280
2219-10-01T01:00:00Z,84.87,7.938,30.24,2.6655,49.7,18.577,290
2219-10-01T01:10:00Z,84.12,7.406,29.55,2.6846,49.6,18.558,290
2219-10-01T01:20:00Z,85.05,7.105,30.15,2.697,49.8,20.794,290
2219-10-01T01:30:00Z,85.26,6.874,30.54,2.7154,50.3,20.445,290
2219-10-01T01:40:00Z,85.455,6.853,29.76,2.741,50.3,18.504,290
2219-10-01T01:50:00Z,84.48,6.818,30.48,2.7573,49.9,20.825,290
2219-10-01T02:00:00Z,85.365,7.063,29.91,2.6741,49.8,19.926,290
2219-10-01T02:10:00Z,84.99,6.769,30.03,2.7027,49.9,21.716,290
2219-10-01T02:20:00Z,84.795,6.846,30.18,2.7401,50.2,22.243,290
2219-10-01T02:30:00Z,84.81,7.336,29.25,2.684,50,20.972,290
2219-10-01T02:40:00Z,85.005,6.993,30,2.7339,49.8,21.891,290
2219-10-01T02:50:00Z,84.57,6.65,30.03,2.7161,49.9,20.9,290
2219-10-01T03:00:00Z,84.915,6.839,29.52,2.6764,49.9,20.966,290
2219-10-01T03:10:00Z,84.87,6.692,30.51,2.7461,49.9,21.149,290
2219-10-01T03:20:00Z,85.17,7.518,30.54,2.6957,49.7,21.551,290
2219-10-01T03:30:00Z,85.185,6.937,30.15,2.719,50,20.007,290
2219-10-01T03:40:00Z,84.72,7.301,30.63,2.7723,49.7,20.914,290
2219-10-01T03:50:00Z,85.035,7.154,30.75,2.7314,50.1,22.103,290
2219-10-01T04:00:00Z,85.74,7.595,29.94,2.6919,50.4,21.839,290
2219-10-01T04:10:00Z,84.585,7.49,29.91,2.6654,50,21.062,290
2219-10-01T04:20:00Z,85.83,7.714,30.87,2.7209,50.2,20.654,290
2219-10-01T04:30:00Z,85.305,8.169,30.03,2.6823,50.1,21.924,290
2219-10-01T04:40:00Z,85.455,8.414,29.67,2.6959,49.7,22.459,290
2219-10-01T04:50:00Z,85.125,8.624,30.18,2.6699,50.1,21.188,290
2219-10-01T05:00:00Z,84.48,8.141,30.27,2.6685,50.4,21.947,310
2219-10-01T05:10:00Z,85.56,8.162,30.09,2.6634,49.9,20.8,310
2219-10-01T05:20:00Z,84.645,8.316,30.21,2.6749,50.1,19.645,310
2219-10-01T05:30:00Z,84.93,8.568,29.79,2.672,50.1,22.059,310
2219-10-01T05:40:00Z,84.33,8.484,29.67,2.7057,50.4,21.169,310
2219-10-01T05:50:00Z,84.435,8.652,30.06,2.6411,49.8,20.973,310
2219-10-01T06:00:00Z,84.735,8.659,29.76,2.6582,50,22.668,310
2219-10-01T06:10:00Z,85.215,9.044,30.48,2.6491,50.1,21.636,310
2219-10-01T06:20:00Z,84.705,8.988,29.61,2.6341,50.3,22.222,310
2219-10-01T06:30:00Z,84.195,8.358,29.94,2.6725,50.3,21.899,310
2219-10-01T06:40:00Z,84.795,7.756,29.67,2.6985,50.2,22.125,310
2219-10-01T06:50:00Z,85.83,8.197,30.06,2.6725,49.7,21.224,310
2219-10-01T07:00:00Z,84.99,8.288,29.97,2.7034,49.9,23.254,310
2219-10-01T07:10:00Z,84.84,7.532,30.36,2.6659,50.2,21.059,310
2219-10-01T07:20:00Z,84.51,7.343,29.55,2.6615,50.7,23.34,310
2219-10-01T07:30:00Z,85.35,7.287,30.3,2.7325,50.2,23.443,310
2219-10-01T07:40:00Z,84.93,7.497,29.82,2.6623,50.2,20.647,310
2219-10-01T07:50:00Z,84.9,6.818,30,2.721,50.3,21.172,310
2219-10-01T08:00:00Z,85.365,6.811,29.55,2.7106,49.8,23.085,310
2219-10-01T08:10:00Z,84.165,6.594,29.76,2.6661,50.1,20.932,310
2219-10-01T08:20:00Z,84.915,6.608,29.64,2.7135,50.2,21.897,310
2219-10-01T08:30:00Z,84.585,6.062,29.85,2.7705,49.8,20.945,310
2219-10-01T08:40:00Z,85.05,6.202,29.97,2.7259,50.1,21.737,310
2219-10-01T08:50:00Z,84.63,6.055,29.97,2.7396,50,21.589,310
2219-10-01T09:00:00Z,84.795,6.44,29.76,2.7094,50,22.213,340
2219-10-01T09:10:00Z,84.555,6.622,29.61,2.76,50.1,22.677,340
2219-10-01T09:20:00Z,85.62,7.245,30.06,2.7207,50.1,20.79,340
2219-10-01T09:30:00Z,84.285,6.916,29.82,2.7403,50.1,21.62,340
2219-10-01T09:40:00Z,84.615,7.056,30.39,2.6878,50.1,21.705,340
2219-10-01T09:50:00Z,85.32,7.007,29.82,2.7488,49.9,21.575,340
2219-10-01T10:00:00Z,85.575,6.965,30.18,2.7184,50.3,22.567,340
2219-10-01T10:10:00Z,84.675,6.657,29.61,2.7352,50.4,21.39,340
2219-10-01T10:20:00Z,85.65,6.398,29.97,2.7637,49.9,21.555,340
2219-10-01T10:30:00Z,84.645,6.125,30.06,2.7215,50.5,21.301,340
2219-10-01T10:40:00Z,84.735,6.02,30.27,2.7269,49.8,21.587,340
2219-10-01T10:50:00Z,85.17,5.866,30.24,2.7574,50.1,22.776,340
2219-10-01T11:00:00Z,84.555,5.971,30.09,2.744,50.3,20.703,340
2219-10-01T11:10:00Z,85.065,5.817,30.06,2.7508,50,21,340
2219-10-01T11:20:00Z,85.485,5.992,29.94,2.7699,50.1,23.25,340
2219-10-01T11:30:00Z,84.78,5.775,30.03,2.734,49.9,21.709,340
2219-10-01T11:40:00Z,85.335,5.698,29.97,2.7438,49.8,20.003,340
2219-10-01T11:50:00Z,84.51,5.663,29.94,2.7729,50.4,21.215,340
2219-10-01T12:00:00Z,84.24,5.257,29.43,2.738,49.9,22.03,340
2219-10-01T12:10:00Z,85.305,5.334,29.67,2.715,50.2,21.624,340
2219-10-01T12:20:00Z,84.795,5.565,30.33,2.7616,49.6,21.133,340
2219-10-01T12:30:00Z,85.14,5.068,30.21,2.7679,49.9,23.286,340
2219-10-01T12:40:00Z,84.105,4.571,30,2.781,49.8,22.801,340
2219-10-01T12:50:00Z,84.075,4.641,30.15,2.7835,50.3,23.487,340
2219-10-01T13:00:00Z,85.35,4.942,29.16,2.7759,49.8,20.081,360
2219-10-01T13:10:00Z,84.75,4.571,30.33,2.7775,49.8,19.983,360
2219-10-01T13:20:00Z,84.915,5.054,29.82,2.7675,50,20.802,360
2219-10-01T13:30:00Z,85.53,4.928,29.22,2.8121,49.7,21.495,360
2219-10-01T13:40:00Z,85.5,4.795,30.45,2.8149,50.2,21.916,360
2219-10-01T13:50:00Z,84.555,4.984,29.13,2.7395,49.7,20.658,360
2219-10-01T14:00:00Z,84.495,5.082,29.97,2.7813,50.3,20.218,360
2219-10-01T14:10:00Z,85.17,5.593,30.09,2.7463,49.8,23.401,360
2219-10-01T14:20:00Z,85.365,5.649,30.06,2.7178,50.3,23.855,360
2219-10-01T14:30:00Z,85.275,5.222,30.33,2.8038,50.1,20.661,360
2219-10-01T14:40:00Z,85.155,5.25,29.79,2.7918,50,22.086,360
2219-10-01T14:50:00Z,85.155,5.131,29.55,2.7132,50.1,21.836,360
2219-10-01T15:00:00Z,85.5,4.585,30.09,2.7975,50.2,23.583,360
2219-10-01T15:10:00Z,84.75,4.935,30.63,2.8168,50.1,21.245,360
2219-10-01T15:20:00Z,85.335,4.599,29.76,2.7768,50,22.772,360
2219-10-01T15:30:00Z,84.705,4.242,29.88,2.765,49.9,22.539,360
2219-10-01T15:40:00Z,84.915,4.256,29.58,2.7724,49.8,22.3,360
2219-10-01T15:50:00Z,84.645,3.934,30,2.8127,49.8,24.488,360
2219-10-01T16:00:00Z,85.08,4.452,30.48,2.8143,49.9,21.995,360
2219-10-01T16:10:00Z,85.425,5.11,29.46,2.7809,50.1,20.793,360
2219-10-01T16:20:00Z,86.355,4.676,29.07,2.7968,50.3,22.498,360
2219-10-01T16:30:00Z,85.02,4.956,30.54,2.7965,49.9,20.82,360
2219-10-01T16:40:00Z,84.855,5.033,30.24,2.7986,50.1,21.86,360
2219-10-01T16:50:00Z,85.95,5.726,29.43,2.7273,49.9,23.133,360
2219-10-01T17:00:00Z,84.84,6.027,29.64,2.6629,49.8,21.863,390
2219-10-01T17:10:00Z,84.81,6.181,29.82,2.7448,50,21.435,390
2219-10-01T17:20:00Z,84.63,5.334,30.06,2.7444,49.7,19.412,390
2219-10-01T17:30:00Z,85.125,5.81,30.36,2.7788,50.1,21.3,390
2219-10-01T17:40:00Z,85.095,6.37,30.06,2.7159,49.9,21.882,390
2219-10-01T17:50:00Z,84.75,6.489,29.82,2.7017,49.3,21.811,390
2219-10-01T18:00:00Z,85.335,6.475,29.76,2.7083,50.3,22.286,390
2219-10-01T18:10:00Z,84.975,6.468,30.45,2.7312,50.1,21.581,390
2219-10-01T18:20:00Z,85.065,6.804,29.82,2.7462,50,20.601,390
2219-10-01T18:30:00Z,84.465,6.951,29.25,2.6969,49.8,22.456,390
2219-10-01T18:40:00Z,84.645,6.51,29.16,2.7319,50,22.203,390
2219-10-01T18:50:00Z,85.215,7.126,29.88,2.7563,50.1,22.377,390
2219-10-01T19:00:00Z,85.5,7.462,29.82,2.68,49.9,21.912,390
2219-10-01T19:10:00Z,84.21,7.441,30.06,2.7514,50,22.584,390
2219-10-01T19:20:00Z,84.705,7.14,30,2.7224,49.7,21.504,390
2219-10-01T19:30:00Z,85.245,6.811,30.06,2.7032,49.9,22,390
2219-10-01T19:40:00Z,85.2,7.056,29.07,2.6954,49.7,23.034,390
2219-10-01T19:50:00Z,84.255,6.524,30.09,2.6583,49.6,24.164,390
2219-10-01T20:00:00Z,84.99,6.377,29.7,2.7038,49.7,23.627,390
2219-10-01T20:10:00Z,84.315,6.272,30.33,2.7668,49.7,20.865,390
2219-10-01T20:20:00Z,84.3,5.796,30.21,2.7419,50,22.104,390
2219-10-01T20:30:00Z,85.275,5.628,30.27,2.7474,50.1,21.206,390
2219-10-01T20:40:00Z,84.66,6.209,29.97,2.7594,49.9,22.173,390
2219-10-01T20:50:00Z,85.725,6.58,30.21,2.7704,50.4,21.152,390
2219-10-01T21:00:00Z,85.965,6.881,29.85,2.7569,50,21.071,280
2219-10-01T21:10:00Z,85.065,7.203,30.06,2.709,50,20.325,280
2219-10-01T21:20:00Z,85.35,7.287,30.48,2.73,49.9,22.722,280
2219-10-01T21:30:00Z,85.335,6.706,30.3,2.7448,50.2,22.235,280
2219-10-01T21:40:00Z,84.69,6.874,30.3,2.7437,50.2,22.865,280
2219-10-01T21:50:00Z,84.885,6.426,29.73,2.7396,49.7,20.866,280
2219-10-01T22:00:00Z,84.72,6.153,29.91,2.7494,49.9,21.102,280
2219-10-01T22:10:00Z,84.57,5.817,29.94,2.7601,50.2,20.962,280
2219-10-01T22:20:00Z,84.615,5.859,30.24,2.792,49.4,22.423,280
2219-10-01T22:30:00Z,85.05,6.104,30.06,2.7526,50.5,22.601,280
2219-10-01T22:40:00Z,85.215,5.866,30,2.8001,49.9,21.543,280
2219-10-01T22:50:00Z,85.665,6.069,30.06,2.7443,49.9,22.033,280
2219-10-01T23:00:00Z,85.17,5.691,30,2.7285,49.9,18.764,280
2219-10-01T23:10:00Z,84.705,5.635,30.42,2.7723,50.1,22.011,280
2219-10-01T23:20:00Z,84.105,5.11,30.3,2.7607,50,20.187,280
2219-10-01T23:30:00Z,84.345,5.194,30.06,2.7834,49.8,20.879,280
2219-10-01T23:40:00Z,85.245,5.243,29.82,2.7787,50,21.464,280
2219-10-01T23:50:00Z,85.2,5.138,30.66,2.8179,49.4,21.302,280
2219-10-02T00:00:00Z,84.405,5.019,29.73,2.7983,50.1,20.085,280
2219-10-02T00:10:00Z,84.705,5.166,29.91,2.7941,50,21.605,280
2219-10-02T00:20:00Z,85.365,5.747,30.09,2.76,49.9,22.004,280
2219-10-02T00:30:00Z,85.44,6.027,29.91,2.7733,50.3,21.148,280
2219-10-02T00:40:00Z,85.245,6.692,29.28,2.695,49.9,21.62,280
2219-10-02T00:50:00Z,85.005,6.615,29.85,2.7023,50,21.622,280
2219-10-02T01:00:00Z,85.215,6.167,29.67,2.7365,50,19.849,360
2219-10-02T01:10:00Z,84.99,6.384,30.03,2.7506,50,22.584,360
2219-10-02T01:20:00Z,85.11,6.748,30.33,2.7163,49.9,22.223,360
2219-10-02T01:30:00Z,85.455,6.608,30.87,2.7438,50.1,21.071,360
2219-10-02T01:40:00Z,85.47,7.266,30,2.7383,50.2,22.409,360
2219-10-02T01:50:00Z,85.365,7.504,29.4,2.6893,49.8,21.4,360
2219-10-02T02:00:00Z,85.005,7.203,30.03,2.7167,50.1,20.825,360
2219-10-02T02:10:00Z,84.6,7.7,29.76,2.7101,49.8,20.161,360
2219-10-02T02:20:00Z,85.425,7.574,30.54,2.7499,49.9,23.084,360
2219-10-02T02:30:00Z,84.675,7.462,30.12,2.7178,50.1,20.194,360
2219-10-02T02:40:00Z,85.2,7.756,30.33,2.7094,49.9,19.897,360
2219-10-02T02:50:00Z,85.215,7.847,30.48,2.6889,49.9,21.026,360
2219-10-02T03:00:00Z,84.225,7.259,30.21,2.7313,49.8,21.563,360
2219-10-02T03:10:00Z,84.675,7.441,29.88,2.6408,50.4,20.683,360
2219-10-02T03:20:00Z,85.38,7.805,30.57,2.7223,50.1,21.291,360
2219-10-02T03:30:00Z,84.81,8.141,30.09,2.6405,50.3,20.271,360
2219-10-02T03:40:00Z,84.495,7.973,30.03,2.667,49.8,21.613,360
2219-10-02T03:50:00Z,85.095,8.085,30.36,2.7001,49.6,20.77,360
2219-10-02T04:00:00Z,84.72,8.421,30,2.7159,50.1,21.062,360
2219-10-02T04:10:00Z,85.245,8.274,30.6,2.6812,49.9,20.764,360
2219-10-02T04:20:00Z,85.05,8.344,30.09,2.6542,50.1,20.68,360
2219-10-02T04:30:00Z,84.675,8.204,29.13,2.6392,49.9,19.877,360
2219-10-02T04:40:00Z,84.36,7.812,29.82,2.6837,49.7,21.037,360
2219-10-02T04:50:00Z,85.185,7.511,29.85,2.7155,49.9,20.891,360
2219-10-02T05:00:00Z,84.405,7.469,30.36,2.6931,49.7,18.417,240
2219-10-02T05:10:00Z,84.15,7.238,30.45,2.7529,49.8,19.926,240
2219-10-02T05:20:00Z,84.54,6.916,30.12,2.7299,50,20.289,240
2219-10-02T05:30:00Z,84.945,6.692,30.12,2.7742,49.6,21.984,240
2219-10-02T05:40:00Z,85.08,7.084,29.91,2.7248,49.7,20.164,240
2219-10-02T05:50:00Z,85.185,7.007,30.15,2.7327,50.1,20.673,240
2219-10-02T06:00:00Z,84.96,7.595,30.39,2.6995,50.2,20.865,240
2219-10-02T06:10:00Z,85.56,7.63,29.07,2.71,49.8,19.559,240
2219-10-02T06:20:00Z,84.72,7.812,29.97,2.6764,49.8,21.583,240
2219-10-02T06:30:00Z,85.44,7.959,29.73,2.7087,49.6,20.765,240
2219-10-02T06:40:00Z,84.465,8.015,30.36,2.7251,49.9,21.759,240
2219-10-02T06:50:00Z,84.51,7.91,29.55,2.7037,50.3,22.499,240
2219-10-02T07:00:00Z,85.065,7.756,30.12,2.6808,50.2,22.157,240
2219-10-02T07:10:00Z,84.435,7.602,29.94,2.6868,50.1,22.118,240
2219-10-02T07:20:00Z,84.885,7.742,30,2.6765,49.8,20.259,240
2219-10-02T07:30:00Z,85.71,7.826,30.51,2.6988,50.1,22.06,240
2219-10-02T07:40:00Z,84.9,7.196,29.76,2.7241,50,20.605,240
2219-10-02T07:50:00Z,85.02,6.72,29.82,2.7583,49.9,21.085,240
2219-10-02T08:00:00Z,85.23,7,29.64,2.6791,49.7,20.44,240
2219-10-02T08:10:00Z,84.39,6.986,29.82,2.7047,50,20.343,240
2219-10-02T08:20:00Z,84.75,7.196,30.21,2.7297,50,19.454,240
2219-10-02T08:30:00Z,85.365,6.818,30.18,2.7557,49.8,19.785,240
2219-10-02T08:40:00Z,85.365,6.272,30.48,2.7433,50.1,19.459,240
2219-10-02T08:50:00Z,85.11,6.328,29.49,2.7313,49.8,19.369,240
2219-10-02T09:00:00Z,85.365,7.035,30.9,2.7612,49.6,20.772,330
2219-10-02T09:10:00Z,85.14,7.483,30.24,2.7085,49.7,20.566,330
2219-10-02T09:20:00Z,85.47,7.889,29.88,2.6924,50,19.377,330
2219-10-02T09:30:00Z,84.885,7.546,30,2.6869,49.9,21.209,330
2219-10-02T09:40:00Z,84.3,7.469,29.28,2.6713,50.2,21.165,330
2219-10-02T09:50:00Z,85.53,7.693,30.39,2.7118,49.7,20.435,330
2219-10-02T10:00:00Z,84.885,8.169,30.33,2.7054,49.6,20.528,330
2219-10-02T10:10:00Z,85.305,7.994,30.12,2.6416,50,19.851,330
2219-10-02T10:20:00Z,84.885,8.134,29.7,2.6492,50.1,18.548,330
2219-10-02T10:30:00Z,85.575,7.777,30.12,2.6845,50.1,20.17,330
2219-10-02T10:40:00Z,85.77,7.42,30.18,2.736,50,19.93,330
2219-10-02T10:50:00Z,84.075,6.888,29.91,2.6925,50.3,21.677,330
2219-10-02T11:00:00Z,84.48,6.825,29.49,2.7595,50,21.013,330
2219-10-02T11:10:00Z,84.735,6.958,28.8,2.6445,50,20.556,330
2219-10-02T11:20:00Z,84.72,6.594,30.93,2.7505,49.7,20.7,330
2219-10-02T11:30:00Z,85.065,5.887,29.67,2.7029,49.7,20.143,330
2219-10-02T11:40:00Z,85.11,5.908,30,2.7658,50,21.186,330
2219-10-02T11:50:00Z,85.425,5.873,30.45,2.7435,50.1,20.207,330
2219-10-02T12:00:00Z,84.315,5.761,29.28,2.7521,49.8,21.065,330
2219-10-02T12:10:00Z,85.56,5.677,29.64,2.7706,50.4,20.537,330
2219-10-02T12:20:00Z,85.095,6.195,29.88,2.7464,49.7,21.446,330
2219-10-02T12:30:00Z,85.5,5.831,29.85,2.7356,50.2,22.657,330
2219-10-02T12:40:00Z,85.245,5.789,29.64,2.7323,49.8,21.186,330
2219-10-02T12:50:00Z,84.855,5.726,30.06,2.7771,50,21.274,330
2219-10-02T13:00:00Z,84.255,5.831,29.37,2.7355,49.9,20.722,340
2219-10-02T13:10:00Z,85.68,6.174,30.18,2.7744,49.8,19.243,340
2219-10-02T13:20:00Z,85.335,6.272,29.85,2.7552,49.8,20.627,340
2219-10-02T13:30:00Z,84.855,6.209,30.06,2.7597,49.6,19.346,340
2219-10-02T13:40:00Z,85.725,7.014,29.79,2.7519,50,19.932,340
2219-10-02T13:50:00Z,84.645,6.909,30.54,2.7406,50.1,18.89,340
2219-10-02T14:00:00Z,85.455,7.147,30.93,2.8066,49.6,22.262,340
2219-10-02T14:10:00Z,84.48,6.846,29.13,2.7336,50,21.595,340
2219-10-02T14:20:00Z,85.335,6.755,30.15,2.6931,50,22.161,340
2219-10-02T14:30:00Z,84.72,6.559,29.58,2.7038,50.1,23.725,340
2219-10-02T14:40:00Z,85.155,7.252,29.37,2.7192,50,20.329,340
2219-10-02T14:50:00Z,84.615,6.986,29.58,2.7567,49.9,21.478,340
2219-10-02T15:00:00Z,85.59,7.371,29.79,2.7077,50,22.578,340
2219-10-02T15:10:00Z,84.27,7.399,30.36,2.6784,49.7,19.943,340
2219-10-02T15:20:00Z,84.975,7.777,30.3,2.6938,50.3,20.951,340
2219-10-02T15:30:00Z,85.14,8.071,29.55,2.6906,49.9,20.536,340
2219-10-02T15:40:00Z,85.65,8.463,29.79,2.6557,49.9,20.86,340
2219-10-02T15:50:00Z,85.575,8.393,29.13,2.6166,50.2,21.037,340
2219-10-02T16:00:00Z,84.525,8.792,29.85,2.6371,50.2,19.604,340
2219-10-02T16:10:00Z,84.975,8.582,29.55,2.6297,50.2,22.282,340
2219-10-02T16:20:00Z,85.155,8.631,29.88,2.7474,49.9,19.758,340
2219-10-02T16:30:00Z,84.69,8.456,29.94,2.6179,50.2,21.551,340
2219-10-02T16:40:00Z,85.62,8.092,30.75,2.6771,49.6,19.391,340
2219-10-02T16:50:00Z,85.485,8.33,29.49,2.6369,50,21.153,340
2219-10-02T17:00:00Z,84.36,7.56,30.51,2.7163,50,17.211,380
2219-10-02T17:10:00Z,84.93,6.699,30.21,2.6881,50.1,19.099,380
2219-10-02T17:20:00Z,85.065,6.524,29.97,2.6983,50.1,20.344,380
2219-10-02T17:30:00Z,84.885,7.168,30,2.707,50.1,20.171,380
2219-10-02T17:40:00Z,85.5,7.686,29.73,2.6329,49.9,19.037,380
2219-10-02T17:50:00Z,85.2,8.141,30.27,2.6837,49.9,20.754,380
2219-10-02T18:00:00Z,84.9,7.868,29.73,2.7297,49.9,20.851,380
2219-10-02T18:10:00Z,85.14,7.175,30,2.7434,49.8,20.782,380
2219-10-02T18:20:00Z,85.335,7.301,30.81,2.7434,50,21.048,380
2219-10-02T18:30:00Z,84.48,7.56,29.7,2.7022,49.9,20.547,380
2219-10-02T18:40:00Z,84.585,7.084,29.82,2.7119,49.8,19.416,380
2219-10-02T18:50:00Z,83.985,6.608,29.73,2.7334,49.8,21.35,380
2219-10-02T19:00:00Z,84.81,6.363,30.03,2.7279,50,17.822,380
2219-10-02T19:10:00Z,84.765,6.706,29.7,2.7225,49.6,21.223,380
2219-10-02T19:20:00Z,85.35,6.818,29.22,2.727,49.8,19.455,380
2219-10-02T19:30:00Z,85.56,7.077,29.91,2.6901,49.7,20.557,380
2219-10-02T19:40:00Z,84.345,6.804,29.79,2.7181,49.8,21.419,380
2219-10-02T19:50:00Z,85.275,6.447,30.15,2.7521,50,19.643,380
2219-10-02T20:00:00Z,84.93,6.37,29.67,2.7089,49.7,18.443,380
2219-10-02T20:10:00Z,85.14,6.272,29.73,2.7567,49.6,19.466,380
2219-10-02T20:20:00Z,85.77,6.328,30.6,2.7828,50.1,19.921,380
2219-10-02T20:30:00Z,84.975,6.426,30.27,2.7355,49.9,20.38,380
2219-10-02T20:40:00Z,84.9,6.573,30.54,2.7974,49.8,19.649,380
2219-10-02T20:50:00Z,84.48,6.405,29.82,2.7337,49.7,21.666,380
2219-10-02T21:00:00Z,84.885,6.006,29.94,2.724,49.9,19.988,350
2219-10-02T21:10:00Z,85.095,6.23,29.67,2.767,50,20.968,350
2219-10-02T21:20:00Z,84.855,6.783,30.24,2.7361,49.8,22.265,350
2219-10-02T21:30:00Z,85.785,7.084,29.73,2.7202,50.3,20.194,350
2219-10-02T21:40:00Z,85.335,7.168,30.57,2.6757,49.9,20.037,350
2219-10-02T21:50:00Z,85.35,7.721,30.48,2.7117,50.1,20.048,350
2219-10-02T22:00:00Z,85.125,8.169,29.88,2.7343,50.2,19.655,350
2219-10-02T22:10:00Z,85.11,8.232,30.75,2.678,49.9,20.129,350
2219-10-02T22:20:00Z,85.26,8.659,29.94,2.6763,50.1,19.706,350
2219-10-02T22:30:00Z,84.735,8.617,29.49,2.6367,50.2,19.889,350
2219-10-02T22:40:00Z,83.94,8.239,29.46,2.6614,49.8,21.07,350
2219-10-02T22:50:00Z,84.99,8.113,29.55,2.6954,49.7,19.545,350
2219-10-02T23:00:00Z,84.42,8.372,29.73,2.6572,49.9,20.336,350
2219-10-02T23:10:00Z,85.2,8.484,29.55,2.6688,50.1,22.148,350
2219-10-02T23:20:00Z,84.825,8.694,30.27,2.6589,50.3,18.89,350
2219-10-02T23:30:00Z,85.155,9.17,30.06,2.6879,49.9,20.786,350
2219-10-02T23:40:00Z,84.15,8.127,30,2.6771,49.6,18.895,350
2219-10-02T23:50:00Z,84.48,8.505,29.73,2.6586,49.8,19.882,350
2219-10-03T00:00:00Z,84.54,8.82,29.97,2.6195,50.1,20.105,350
2219-10-03T00:10:00Z,85.575,9.331,28.89,2.6679,50.1,21.09,350
2219-10-03T00:20:00Z,85.155,9.275,29.67,2.6466,49.9,20.31,350
2219-10-03T00:30:00Z,85.185,9.037,30.3,2.682,49.8,19.605,350
2219-10-03T00:40:00Z,85.14,9.275,30.57,2.6446,50.1,19.036,350
2219-10-03T00:50:00Z,84.42,8.883,29.91,2.6478,50,19.504,350
2219-10-03T01:00:00Z,85.29,8.568,29.7,2.6591,50.1,19.661,310
2219-10-03T01:10:00Z,85.245,8.939,30.18,2.6262,50.1,19.418,310
2219-10-03T01:20:00Z,85.17,8.911,29.34,2.6528,50.1,21.831,310
2219-10-03T01:30:00Z,85.32,8.715,29.97,2.6698,49.8,20.219,310
2219-10-03T01:40:00Z,84.99,9.142,30.15,2.6686,49.8,21.228,310
2219-10-03T01:50:00Z,84.435,8.673,29.22,2.6309,50,20.739,310
2219-10-03T02:00:00Z,85.44,8.659,29.79,2.6444,49.7,20.858,310
2219-10-03T02:10:00Z,85.23,9.226,30.66,2.6733,50,18.513,310
2219-10-03T02:20:00Z,84.045,9.086,29.73,2.6345,50.3,19.782,310
2219-10-03T02:30:00Z,84.99,9.156,29.79,2.6664,50.1,20.288,310
2219-10-03T02:40:00Z,84.3,9.443,30.12,2.6429,50.1,18.828,310
2219-10-03T02:50:00Z,84.27,8.68,30.75,2.6835,49.7,20.599,310
2219-10-03T03:00:00Z,85.155,8.267,30.3,2.6703,50.1,19.796,310
2219-10-03T03:10:00Z,84.915,8.239,30.09,2.6448,49.9,19.54,310
2219-10-03T03:20:00Z,84.945,8.505,30.27,2.6681,50.2,19.173,310
2219-10-03T03:30:00Z,84.87,8.029,29.94,2.673,49.7,19.04,310
2219-10-03T03:40:00Z,85.425,7.385,29.67,2.6874,50,19.321,310
2219-10-03T03:50:00Z,84.42,7.077,29.31,2.6695,50.3,19.657,310
2219-10-03T04:00:00Z,85.125,6.888,30.18,2.6954,50,18.645,310
2219-10-03T04:10:00Z,83.88,6.615,30.15,2.7163,49.8,21.771,310
2219-10-03T04:20:00Z,85.23,7.315,29.55,2.6865,49.9,18.735,310
2219-10-03T04:30:00Z,85.5,7.119,30.42,2.7531,50.2,21.379,310
2219-10-03T04:40:00Z,84.96,6.93,29.85,2.7436,49.8,18.226,310
2219-10-03T04:50:00Z,85.26,7.203,29.85,2.7085,49.8,19.69,310
2219-10-03T05:00:00Z,85.155,6.93,30.39,2.7792,49.9,20.594,370
2219-10-03T05:10:00Z,84.855,6.951,29.79,2.7486,50.1,18.956,370
2219-10-03T05:20:00Z,85.905,7.399,30.06,2.7698,49.8,20.657,370
2219-10-03T05:30:00Z,84.42,7.364,30.12,2.7564,49.9,18.231,370
2219-10-03T05:40:00Z,85.23,7.294,29.88,2.7304,50,19.443,370
2219-10-03T05:50:00Z,84.945,7.252,29.7,2.6852,49.8,20.306,370
2219-10-03T06:00:00Z,85.62,6.797,30.24,2.742,50,20.035,370
2219-10-03T06:10:00Z,85.125,6.755,30.12,2.7612,49.8,18.079,370
2219-10-03T06:20:00Z,85.125,6.496,30.21,2.7534,50.1,18.774,370
2219-10-03T06:30:00Z,84.93,6.209,30.09,2.7107,50,19.075,370
2219-10-03T06:40:00Z,85.395,6.258,29.94,2.7635,50,20.061,370
2219-10-03T06:50:00Z,84.9,6.559,30.06,2.7341,49.8,21.831,370
2219-10-03T07:00:00Z,84.42,6.454,30.45,2.751,49.9,18.978,370
2219-10-03T07:10:00Z,85.005,6.167,30.24,2.7684,49.9,19.226,370
2219-10-03T07:20:00Z,84.525,5.733,30.18,2.7781,49.9,19.734,370
2219-10-03T07:30:00Z,84.825,5.495,29.7,2.7538,50.3,19.826,370
2219-10-03T07:40:00Z,84.495,5.726,30.66,2.7524,50.1,20.436,370
2219-10-03T07:50:00Z,85.365,6.167,30.09,2.7847,49.7,21.287,370
2219-10-03T08:00:00Z,85.485,6.37,29.55,2.717,49.8,20.283,370
2219-10-03T08:10:00Z,84.825,6.433,29.94,2.7836,50,18.108,370
2219-10-03T08:20:00Z,84.78,6.517,29.85,2.7814,50,20.081,370
2219-10-03T08:30:00Z,85.335,6.958,29.28,2.6285,50.1,19.709,370
2219-10-03T08:40:00Z,85.065,7.455,29.82,2.6974,50,20.047,370
2219-10-03T08:50:00Z,84.585,7.217,29.85,2.6817,50.2,19.34,370
2219-10-03T09:00:00Z,85.38,8.253,29.64,2.6559,50.2,18.625,400
2219-10-03T09:10:00Z,85.215,8.393,29.85,2.6269,49.7,20.91,400
2219-10-03T09:20:00Z,84.735,8.4,30.09,2.695,49.9,18.546,400
2219-10-03T09:30:00Z,84.435,7.931,30.84,2.6764,50.2,19.613,400
2219-10-03T09:40:00Z,85.02,7.868,30.12,2.6593,49.8,19.178,400
2219-10-03T09:50:00Z,85.17,7.791,29.31,2.6254,49.7,18.987,400
2219-10-03T10:00:00Z,85.14,7.728,29.73,2.7031,49.7,20.131,400
2219-10-03T10:10:00Z,84.885,7.308,29.79,2.6762,50.2,19.561,400
2219-10-03T10:20:00Z,85.035,7.161,29.4,2.664,49.6,19.932,400
2219-10-03T10:30:00Z,84.675,7.098,30.06,2.7062,49.7,19.53,400
2219-10-03T10:40:00Z,85.08,7.343,29.94,2.7678,49.7,19.745,400
2219-10-03T10:50:00Z,85.08,7.028,30.69,2.7461,49.8,19.051,400
2219-10-03T11:00:00Z,85.68,7.511,29.82,2.6436,50,20.436,400
2219-10-03T11:10:00Z,84.66,7.427,30.06,2.7436,49.9,19.45,400
2219-10-03T11:20:00Z,84.96,7.658,29.31,2.6636,49.8,19.958,400
2219-10-03T11:30:00Z,85.56,7.588,29.94,2.6587,49.9,20.264,400
2219-10-03T11:40:00Z,84.495,7.385,30,2.6958,50.4,19.334,400
2219-10-03T11:50:00Z,85.575,7.686,29.55,2.6688,49.8,19.868,400
2219-10-03T12:00:00Z,84.855,7.749,29.31,2.6625,49.9,18.915,400
2219-10-03T12:10:00Z,84.72,7.056,29.88,2.6522,49.9,20.078,400
2219-10-03T12:20:00Z,84.465,7.322,30.39,2.6912,50.2,19.726,400
2219-10-03T12:30:00Z,85.425,7.798,30.09,2.7289,49.9,20.192,400
2219-10-03T12:40:00Z,85.425,7.539,30.72,2.7051,49.4,17.877,400
2219-10-03T12:50:00Z,84.36,7.546,29.76,2.6654,49.7,19.899,400
2219-10-03T13:00:00Z,85.05,7.385,30.45,2.7306,49.9,18.983,440
2219-10-03T13:10:00Z,85.545,8.169,30.03,2.7163,50.1,18.987,440
2219-10-03T13:20:00Z,85.065,7.903,29.52,2.7314,49.8,19.72,440
2219-10-03T13:30:00Z,85.185,8.19,30.03,2.7166,50.1,18.786,440
2219-10-03T13:40:00Z,85.605,8.435,30,2.6189,50,20.064,440
2219-10-03T13:50:00Z,85.395,8.442,30.27,2.6621,50.2,20.521,440
2219-10-03T14:00:00Z,84.81,8.33,30.27,2.6067,50.1,18.255,440
2219-10-03T14:10:00Z,84.765,9.009,30.33,2.6772,49.6,18.611,440
2219-10-03T14:20:00Z,85.305,9.289,29.67,2.6634,50.1,20.683,440
2219-10-03T14:30:00Z,85.14,9.282,30.93,2.6875,50,20.565,440
2219-10-03T14:40:00Z,85.17,9.135,29.79,2.6323,49.7,18.205,440
2219-10-03T14:50:00Z,84.795,9.037,29.88,2.6719,49.8,20.729,440
2219-10-03T15:00:00Z,84.645,9.625,30.09,2.5798,50.1,18.789,440
2219-10-03T15:10:00Z,84.99,9.345,30.21,2.6349,49.8,19.061,440
2219-10-03T15:20:00Z,85.02,9.681,29.73,2.6001,49.7,19.105,440
2219-10-03T15:30:00Z,84.81,9.072,30.39,2.6716,50,20.029,440
2219-10-03T15:40:00Z,84.285,8.771,30.18,2.6465,50.2,19.821,440
2219-10-03T15:50:00Z,85.335,8.638,29.13,2.5922,50.2,18.809,440
2219-10-03T16:00:00Z,85.335,8.806,29.55,2.5698,50.3,18.066,440
2219-10-03T16:10:00Z,84.165,8.519,29.85,2.6137,50.3,16.251,440
2219-10-03T16:20:00Z,84.315,7.959,29.46,2.5965,50.3,18.974,440
2219-10-03T16:30:00Z,84.795,8.148,29.46,2.6771,50.2,19.133,440
2219-10-03T16:40:00Z,85.095,8.372,29.97,2.6621,50.1,19.136,440
2219-10-03T16:50:00Z,85.515,8.568,30.54,2.6719,50,15.537,440
2219-10-03T17:00:00Z,84.81,8.652,29.82,2.6527,50,20.118,350
2219-10-03T17:10:00Z,84.495,8.393,30.03,2.6245,49.8,19.154,350
2219-10-03T17:20:00Z,85.5,8.568,29.64,2.6769,49.6,17.22,350
2219-10-03T17:30:00Z,85.23,8.687,29.85,2.6427,49.9,17.794,350
2219-10-03T17:40:00Z,85.035,8.764,29.85,2.6705,50,18.731,350
2219-10-03T17:50:00Z,84.735,8.806,30.84,2.7111,49.9,17.957,350
2219-10-03T18:00:00Z,84.825,8.484,29.88,2.6851,49.7,19.299,350
2219-10-03T18:10:00Z,85.695,9.128,30.15,2.6878,49.7,19.49,350
2219-10-03T18:20:00Z,85.5,9.198,30.06,2.6207,50.2,20.217,350
2219-10-03T18:30:00Z,84.885,9.156,30.57,2.6682,49.7,19.19,350
2219-10-03T18:40:00Z,84.825,9.618,30.33,2.6365,50,20.107,350
2219-10-03T18:50:00Z,84.45,9.604,29.76,2.6202,49.6,19.555,350
2219-10-03T19:00:00Z,85.23,9.856,30.87,2.6744,50,19.036,350
2219-10-03T19:10:00Z,84.57,9.73,30.75,2.6468,49.9,19.248,350
2219-10-03T19:20:00Z,84.255,9.751,29.61,2.6179,49.8,19.112,350
2219-10-03T19:30:00Z,85.065,9.478,29.55,2.6532,49.9,21.106,350
2219-10-03T19:40:00Z,85.68,9.66,29.82,2.6354,50.2,20.26,350
2219-10-03T19:50:00Z,84.72,9.506,29.79,2.6091,50.1,18.713,350
2219-10-03T20:00:00Z,84.42,9.513,29.82,2.6531,49.9,16.9,350
2219-10-03T20:10:00Z,84.945,9.576,29.94,2.5867,49.9,16.821,350
2219-10-03T20:20:00Z,84.975,9.702,30.27,2.6254,50.3,16.973,350
2219-10-03T20:30:00Z,85.38,9.653,30.09,2.6837,49.8,17.541,350
2219-10-03T20:40:00Z,85.89,9.786,30.21,2.6144,49.8,17.879,350
2219-10-03T20:50:00Z,85.02,9.366,30.39,2.5902,50.1,20.084,350
2219-10-03T21:00:00Z,84.51,9.072,30.3,2.6414,49.7,18.719,300
2219-10-03T21:10:00Z,85.035,9.282,30.36,2.6609,49.5,17.752,300
2219-10-03T21:20:00Z,84.825,9.17,29.61,2.6531,49.9,17.108,300
2219-10-03T21:30:00Z,85.485,9.184,29.79,2.6385,49.7,19.748,300
2219-10-03T21:40:00Z,84.615,8.764,29.49,2.6357,50,17.836,300
2219-10-03T21:50:00Z,85.275,8.463,30.03,2.6671,49.7,18.412,300
2219-10-03T22:00:00Z,86.04,8.456,30.27,2.7035,49.9,18.187,300
2219-10-03T22:10:00Z,84.78,8.659,30.24,2.6884,49.9,19.099,300
2219-10-03T22:20:00Z,85.35,8.855,30.21,2.6241,50.1,17.75,300
2219-10-03T22:30:00Z,85.485,9.513,29.91,2.6575,50.1,18.549,300
2219-10-03T22:40:00Z,84.915,9.583,29.79,2.6398,50,19.194,300
2219-10-03T22:50:00Z,84.99,8.932,29.76,2.623,49.7,18.29,300
2219-10-03T23:00:00Z,85.125,8.89,29.7,2.5938,50.2,17.127,300
2219-10-03T23:10:00Z,84.675,8.393,29.73,2.6765,49.6,17.85,300
2219-10-03T23:20:00Z,84.945,8.225,30.27,2.686,50,19.339,300
2219-10-03T23:30:00Z,84.795,8.491,30.09,2.6884,49.7,18.645,300
2219-10-03T23:40:00Z,85.425,8.82,29.7,2.6835,49.6,19.131,300
2219-10-03T23:50:00Z,85.725,8.722,29.91,2.6348,50,19.132,300
2219-10-04T00:00:00Z,85.2,9.233,30.36,2.6724,50,17.655,300
2219-10-04T00:10:00Z,85.485,8.841,29.19,2.5947,49.8,19.104,300
2219-10-04T00:20:00Z,84.84,8.533,29.61,2.6243,50,18.315,300
2219-10-04T00:30:00Z,85.215,7.574,29.91,2.6791,49.7,18.692,300
2219-10-04T00:40:00Z,84.75,7.658,29.88,2.6986,49.9,18.536,300
2219-10-04T00:50:00Z,85.875,7.777,30.03,2.6545,49.7,19.768,300
2219-10-04T01:00:00Z,84.915,7.532,29.55,2.7114,49.9,19.171,400
2219-10-04T01:10:00Z,84.855,7.903,29.1,2.6947,49.7,18.138,400
2219-10-04T01:20:00Z,86.265,8.316,29.43,2.6664,50,18.693,400
2219-10-04T01:30:00Z,84.915,8.526,30.03,2.6801,49.8,18.537,400
2219-10-04T01:40:00Z,84.945,8.89,29.73,2.6268,49.7,17.55,400
2219-10-04T01:50:00Z,85.29,9.331,30.6,2.6951,49.9,17.826,400
2219-10-04T02:00:00Z,85.605,9.751,29.82,2.6293,49.9,15.576,400
2219-10-04T02:10:00Z,85.14,9.534,29.76,2.6143,49.8,17.04,400
2219-10-04T02:20:00Z,84.555,9.205,29.76,2.6491,49.7,17.702,400
2219-10-04T02:30:00Z,84.45,9.177,30.03,2.658,49.9,16.496,400
2219-10-04T02:40:00Z,83.985,8.883,30.63,2.6438,49.9,18.352,400
2219-10-04T02:50:00Z,84.81,9.016,30.78,2.6588,49.8,19.687,400
2219-10-04T03:00:00Z,85.065,8.603,29.01,2.6337,50.2,16.985,400
2219-10-04T03:10:00Z,85.035,8.708,29.94,2.6835,49.9,16.873,400
2219-10-04T03:20:00Z,84.945,8.512,29.73,2.6374,50.2,17.146,400
2219-10-04T03:30:00Z,84.855,8.036,30,2.6286,50.1,17.246,400
2219-10-04T03:40:00Z,84.51,7.644,29.94,2.6826,49.9,17.741,400
2219-10-04T03:50:00Z,85.02,7.567,29.61,2.663,49.8,18.317,400
2219-10-04T04:00:00Z,84.9,7.805,30.21,2.7044,50.1,16.457,400
2219-10-04T04:10:00Z,85.11,8.085,29.88,2.6888,50,17.063,400
2219-10-04T04:20:00Z,85.32,8.372,29.79,2.6558,49.9,17.16,400
2219-10-04T04:30:00Z,84.45,7.847,30.45,2.6976,49.9,18.688,400
2219-10-04T04:40:00Z,84.63,7.693,30,2.6594,49.9,18.402,400
2219-10-04T04:50:00Z,84.54,7.357,30.15,2.6606,49.9,16.687,400
2219-10-04T05:00:00Z,84.54,7.294,30.12,2.7317,50,17.05,360
2219-10-04T05:10:00Z,84.87,7.399,29.67,2.7348,50,18.788,360
2219-10-04T05:20:00Z,84.855,7.371,29.85,2.7492,49.9,17.733,360
2219-10-04T05:30:00Z,85.875,7.329,30.33,2.7422,49.5,18.144,360
2219-10-04T05:40:00Z,83.97,6.762,30.69,2.6956,50.1,18.119,360
2219-10-04T05:50:00Z,84.99,6.867,30.45,2.726,49.9,18.023,360
2219-10-04T06:00:00Z,85.515,6.937,29.58,2.7228,49.6,18.512,360
2219-10-04T06:10:00Z,84.87,7.077,29.61,2.6656,50.2,19.705,360
2219-10-04T06:20:00Z,84.36,6.37,29.7,2.7134,49.8,18.494,360
2219-10-04T06:30:00Z,85.11,6.797,30.45,2.7549,49.8,19.166,360
2219-10-04T06:40:00Z,85.005,6.832,30,2.7478,49.8,17.847,360
2219-10-04T06:50:00Z,85.245,6.888,30.03,2.7349,49.7,19.929,360
2219-10-04T07:00:00Z,84.945,6.587,29.79,2.767,50,19.099,360
2219-10-04T07:10:00Z,84.96,7.434,30,2.6648,50,19.153,360
2219-10-04T07:20:00Z,85.245,7.182,30.33,2.7218,49.7,18.259,360
2219-10-04T07:30:00Z,85.695,7.14,30.12,2.7164,49.9,18.64,360
2219-10-04T07:40:00Z,83.955,6.615,29.55,2.7085,50.1,17.083,360
2219-10-04T07:50:00Z,85.245,6.51,30.27,2.7606,50.3,19.348,360
2219-10-04T08:00:00Z,85.065,6.734,29.46,2.7137,49.9,19.682,360
2219-10-04T08:10:00Z,84.735,6.426,29.97,2.7668,49.6,19.875,360
2219-10-04T08:20:00Z,85.11,6.342,30.06,2.7552,50,17.651,360
2219-10-04T08:30:00Z,85.575,6.888,29.85,2.7522,49.9,17.498,360
2219-10-04T08:40:00Z,85.14,6.706,30.24,2.7024,50.1,17.572,360
2219-10-04T08:50:00Z,85.98,7.427,29.16,2.6626,49.6,17.49,360
2219-10-04T09:00:00Z,85.275,7.427,29.19,2.683,50.4,17.362,290
2219-10-04T09:10:00Z,84.99,7.847,29.61,2.7246,49.9,18.471,290
2219-10-04T09:20:00Z,85.53,7.686,30.12,2.7189,49.9,18.167,290
2219-10-04T09:30:00Z,84.675,7.469,29.97,2.7103,50.4,18.472,290
2219-10-04T09:40:00Z,84.285,6.979,29.73,2.6928,49.9,16.826,290
2219-10-04T09:50:00Z,85.08,6.629,29.97,2.7166,50.3,15.922,290
2219-10-04T10:00:00Z,85.035,7.084,29.94,2.7159,50.2,18.514,290
2219-10-04T10:10:00Z,84.975,6.867,29.88,2.73,49.7,18.279,290
2219-10-04T10:20:00Z,84.435,6.944,29.46,2.7604,49.6,18.408,290
2219-10-04T10:30:00Z,85.59,7.413,29.85,2.6188,50,20.042,290
2219-10-04T10:40:00Z,85.005,6.853,30.42,2.7505,49.9,18.173,290
2219-10-04T10:50:00Z,84.36,6.699,29.76,2.748,50.1,20.079,290
2219-10-04T11:00:00Z,84.75,6.482,30.39,2.7042,50,18.535,290
2219-10-04T11:10:00Z,84.63,6.314,30.63,2.7437,50,20.341,290
2219-10-04T11:20:00Z,85.185,6.454,29.43,2.7103,50,19.923,290
2219-10-04T11:30:00Z,85.275,6.643,30,2.7674,50.2,19.186,290
2219-10-04T11:40:00Z,85.08,6.363,29.76,2.7492,49.9,19.389,290
2219-10-04T11:50:00Z,85.41,6.153,30.42,2.7685,50,17.571,290
2219-10-04T12:00:00Z,84.36,5.894,29.73,2.73,49.6,19.148,290
2219-10-04T12:10:00Z,85.215,5.474,29.7,2.7336,49.6,18.206,290
2219-10-04T12:20:00Z,85.14,5.509,30.03,2.8067,50.1,18.552,290
2219-10-04T12:30:00Z,85.275,5.397,30,2.8263,49.8,16.797,290
2219-10-04T12:40:00Z,85.23,4.991,30.87,2.7695,50,17.921,290
2219-10-04T12:50:00Z,85.05,5.369,29.67,2.769,50.2,18.376,290
2219-10-04T13:00:00Z,85.41,5.509,29.88,2.7479,49.9,19.183,440
2219-10-04T13:10:00Z,85.065,5.236,30.6,2.8479,50.3,18.77,440
2219-10-04T13:20:00Z,84.69,5.131,30.3,2.7994,49.6,19.199,440
2219-10-04T13:30:00Z,85.545,5.243,29.94,2.7646,50.3,19.54,440
2219-10-04T13:40:00Z,85.71,5.299,30,2.7689,50.2,20.002,440
2219-10-04T13:50:00Z,84.81,5.271,29.37,2.789,50,18.031,440
2219-10-04T14:00:00Z,85.635,5.271,30.21,2.8149,50.3,15.859,440
2219-10-04T14:10:00Z,84.675,4.858,29.01,2.7562,49.7,18.909,440
2219-10-04T14:20:00Z,84.48,4.823,29.76,2.8041,50.2,17.859,440
2219-10-04T14:30:00Z,85.65,5.313,30.63,2.8224,50,18.929,440
2219-10-04T14:40:00Z,85.26,4.921,30,2.7876,50.1,19.887,440
2219-10-04T14:50:00Z,84.615,5.271,29.76,2.787,50,19.954,440
2219-10-04T15:00:00Z,84.87,5.866,30.15,2.7797,50.2,17.706,440
2219-10-04T15:10:00Z,85.53,5.922,30.42,2.8039,50.3,18.639,440
2219-10-04T15:20:00Z,85.11,5.838,29.76,2.7678,50.1,18.415,440
2219-10-04T15:30:00Z,85.59,6.713,29.37,2.7818,50,20.324,440
2219-10-04T15:40:00Z,84.81,6.657,29.85,2.7708,50.2,17.089,440
2219-10-04T15:50:00Z,84.3,6.839,29.43,2.7338,50.2,18.7,440
2219-10-04T16:00:00Z,84.765,6.37,30.48,2.7489,49.8,17.959,440
2219-10-04T16:10:00Z,84.27,6.195,29.55,2.7316,49.5,18.504,440
2219-10-04T16:20:00Z,84.675,6.076,29.97,2.7321,49.7,19.914,440
2219-10-04T16:30:00Z,85.335,6.216,30.21,2.7444,50,19.028,440
2219-10-04T16:40:00Z,84.66,5.488,30.54,2.7308,50,18.112,440
2219-10-04T16:50:00Z,85.005,6.307,29.49,2.7332,50,19.467,440
2219-10-04T17:00:00Z,84.165,5.523,30,2.7565,50.1,20.105,320
2219-10-04T17:10:00Z,84.795,5.894,29.73,2.7677,50.1,21.138,320
2219-10-04T17:20:00Z,85.71,5.824,30.3,2.7846,50.1,20.237,320
2219-10-04T17:30:00Z,85.125,5.887,30.18,2.7607,50.3,19.415,320
2219-10-04T17:40:00Z,85.695,5.719,30.06,2.7963,50.1,19.731,320
2219-10-04T17:50:00Z,84.96,5.495,29.52,2.7357,50.1,18.846,320
2219-10-04T18:00:00Z,85.26,5.348,29.61,2.7631,49.9,19.906,320
2219-10-04T18:10:00Z,84.78,5.894,29.79,2.7155,50.3,18.692,320
2219-10-04T18:20:00Z,85.425,6.279,30.81,2.7742,50.1,17.985,320
2219-10-04T18:30:00Z,84.825,6.216,30.33,2.7581,50.3,20.864,320
2219-10-04T18:40:00Z,85.77,6.202,29.58,2.7005,49.9,17.482,320
2219-10-04T18:50:00Z,84.375,6.16,29.85,2.7993,50.1,18.076,320
2219-10-04T19:00:00Z,84.765,6.069,29.94,2.749,49.8,18.752,320
2219-10-04T19:10:00Z,85.065,5.509,30.45,2.7626,50.3,20.268,320
2219-10-04T19:20:00Z,85.11,5.411,30.36,2.7723,50,20.043,320
2219-10-04T19:30:00Z,85.125,5.817,30.06,2.7791,49.8,18.229,320
2219-10-04T19:40:00Z,84.825,5.971,29.49,2.7332,50.1,19.493,320
2219-10-04T19:50:00Z,85.53,5.852,30.12,2.7383,49.8,20.67,320
2219-10-04T20:00:00Z,85.56,5.628,29.58,2.6721,49.9,18.017,320
2219-10-04T20:10:00Z,84.45,4.991,30.27,2.8183,50,19.219,320
2219-10-04T20:20:00Z,84.81,5.495,29.55,2.7698,50,18.753,320
2219-10-04T20:30:00Z,85.305,6.503,30.36,2.7171,49.8,17.935,320
2219-10-04T20:40:00Z,85.2,7.273,30.06,2.7383,49.7,18.635,320
2219-10-04T20:50:00Z,85.29,8.001,30.33,2.664,49.8,19.39,320
2219-10-04T21:00:00Z,85.095,7.749,29.97,2.7018,50,18.057,350
2219-10-04T21:10:00Z,85.26,7.623,29.4,2.6522,49.7,21.818,350
2219-10-04T21:20:00Z,85.365,7.665,29.76,2.6775,50,17.798,350
2219-10-04T21:30:00Z,84.57,7.245,30.06,2.7262,49.9,16.104,350
2219-10-04T21:40:00Z,84.9,6.86,29.88,2.7428,50.3,18.271,350
2219-10-04T21:50:00Z,84.855,6.363,30.21,2.7345,50.2,20.37,350
2219-10-04T22:00:00Z,84.6,6.167,29.34,2.7475,50.1,19.927,350
2219-10-04T22:10:00Z,85.56,6.181,29.85,2.7756,50.2,17.932,350
2219-10-04T22:20:00Z,84.6,6.524,29.85,2.7224,49.9,19.563,350
2219-10-04T22:30:00Z,85.23,7.063,29.91,2.6975,50.6,19.582,350
2219-10-04T22:40:00Z,84.525,6.846,29.61,2.7284,50.1,17.349,350
2219-10-04T22:50:00Z,84.87,7.385,29.85,2.6887,50.1,18.469,350
2219-10-04T23:00:00Z,85.32,7.987,29.82,2.6632,50.1,18.427,350
2219-10-04T23:10:00Z,85.185,7.63,29.16,2.699,50.3,18.826,350
2219-10-04T23:20:00Z,84.72,7.427,30.72,2.7093,49.7,17.003,350
2219-10-04T23:30:00Z,84.705,7.28,29.67,2.6859,50,18.981,350
2219-10-04T23:40:00Z,85.14,7.063,30.09,2.6997,50,19.387,350
2219-10-04T23:50:00Z,84.675,6.72,30.24,2.7072,50.1,18.946,350
2219-10-05T00:00:00Z,84.57,6.447,29.7,2.6861,49.9,18.747,350
2219-10-05T00:10:00Z,85.185,6.195,30.36,2.7419,50.3,17.227,350
2219-10-05T00:20:00Z,85.275,6.195,29.34,2.6829,50.4,19.325,350
2219-10-05T00:30:00Z,85.125,6.048,29.88,2.7653,50.1,15.568,350
2219-10-05T00:40:00Z,85.02,6.076,30,2.7827,49.9,19.969,350
2219-10-05T00:50:00Z,85.185,5.551,30.51,2.7882,50.2,17.999,350
2219-10-05T01:00:00Z,84.9,5.551,29.85,2.7056,50.3,18.753,310
2219-10-05T01:10:00Z,84.885,5.698,30.15,2.7875,50,18.744,310
2219-10-05T01:20:00Z,83.895,5.6,30.09,2.7744,50,19.281,310
2219-10-05T01:30:00Z,85.215,5.299,29.7,2.7661,49.6,19.298,310
2219-10-05T01:40:00Z,85.035,5.95,29.88,2.777,50,20.661,310
2219-10-05T01:50:00Z,85.185,6.202,29.85,2.7716,50.2,18.667,310
2219-10-05T02:00:00Z,85.275,5.824,29.91,2.7649,49.9,18.707,310
2219-10-05T02:10:00Z,84.675,6.293,29.79,2.7789,49.7,18.934,310
2219-10-05T02:20:00Z,84.675,6.006,30.27,2.7145,50.1,18.403,310
2219-10-05T02:30:00Z,85.5,6.034,29.55,2.753,50.2,18.649,310
2219-10-05T02:40:00Z,85.26,6.02,29.76,2.7384,49.8,17.721,310
2219-10-05T02:50:00Z,85.725,6.678,30.66,2.7281,50,18.972,310
2219-10-05T03:00:00Z,85.38,7.322,30.18,2.7319,50.1,17.492,310
2219-10-05T03:10:00Z,85.155,7.616,30.09,2.7761,49.6,17.896,310
2219-10-05T03:20:00Z,84.9,7.742,29.79,2.6978,49.7,19.123,310
2219-10-05T03:30:00Z,85.185,7.749,30.21,2.6721,50.2,19.359,310
2219-10-05T03:40:00Z,85.47,7.798,30.93,2.7113,50,18.153,310
2219-10-05T03:50:00Z,84.525,7.427,29.88,2.7067,50,17.421,310
2219-10-05T04:00:00Z,84.975,8.029,29.79,2.6665,50,19.909,310
2219-10-05T04:10:00Z,84.795,7.973,29.4,2.6732,49.7,18.582,310
2219-10-05T04:20:00Z,84.6,7.833,30.12,2.6526,50,17.262,310
2219-10-05T04:30:00Z,84.69,7.735,29.76,2.6231,49.8,17.091,310
2219-10-05T04:40:00Z,85.53,7.651,30.09,2.6572,50.1,18.262,310
2219-10-05T04:50:00Z,85.695,8.078,30.66,2.686,49.8,19.415,310
2219-10-05T05:00:00Z,85.215,7.728,30.12,2.6899,50.3,18.823,310
2219-10-05T05:10:00Z,85.005,7.385,30.03,2.7366,50,18.666,310
2219-10-05T05:20:00Z,85.08,7.63,30.33,2.7045,50.1,18.474,310
2219-10-05T05:30:00Z,84.9,7.322,30.24,2.6924,50.1,18.855,310
2219-10-05T05:40:00Z,84.495,6.3,29.67,2.7465,49.9,16.527,310
2219-10-05T05:50:00Z,84.6,6.916,30.24,2.7456,49.7,16.317,310
2219-10-05T06:00:00Z,85.59,7.378,30.09,2.7175,49.9,17.305,310
2219-10-05T06:10:00Z,84.705,7,30.03,2.7086,49.9,18.594,310
2219-10-05T06:20:00Z,84.96,7.161,29.55,2.71,50.1,18.279,310
2219-10-05T06:30:00Z,85.185,7.014,30.33,2.757,49.9,18.933,310
2219-10-05T06:40:00Z,84.57,6.699,30.87,2.749,50.1,18.358,310
2219-10-05T06:50:00Z,85.815,7.161,29.52,2.6861,49.9,17.147,310
2219-10-05T07:00:00Z,85.38,7.707,30.75,2.695,50,17.464,310
2219-10-05T07:10:00Z,85.02,7.315,30.12,2.6744,50,17.56,310
2219-10-05T07:20:00Z,84.885,7.175,29.43,2.685,50.2,17.261,310
2219-10-05T07:30:00Z,85.26,7.287,29.58,2.7225,49.9,18.354,310
2219-10-05T07:40:00Z,85.605,7.637,30.48,2.7368,49.9,17.811,310
2219-10-05T07:50:00Z,85.815,7.945,30.51,2.7077,50.3,19.512,310
2219-10-05T08:00:00Z,84.915,7.609,30.24,2.6838,49.5,18.338,310
2219-10-05T08:10:00Z,84.39,7.644,30.54,2.6053,49.8,16.391,310
2219-10-05T08:20:00Z,84.825,7.833,30.12,2.7199,49.9,17.649,310
2219-10-05T08:30:00Z,84.075,7.399,30.69,2.7191,49.9,18.154,310
2219-10-05T08:40:00Z,85.125,7.07,29.4,2.7215,50,16.892,310
2219-10-05T08:50:00Z,84.405,6.818,29.82,2.7095,50,16.942,310
2219-10-05T09:00:00Z,84.45,7.014,29.76,2.6942,49.9,17.28,310
2219-10-05T09:10:00Z,85.29,6.72,30.3,2.7294,49.5,18.592,310
2219-10-05T09:20:00Z,84.81,7.028,30.06,2.684,49.8,20.146,310
2219-10-05T09:30:00Z,84.78,7.035,29.88,2.7676,49.7,15.85,310
2219-10-05T09:40:00Z,84.825,7.182,29.31,2.6948,49.8,19.015,310
2219-10-05T09:50:00Z,85.44,7.357,30.48,2.7333,49.7,18.762,310
2219-10-05T10:00:00Z,85.665,7.154,30.54,2.748,50,17.972,310
2219-10-05T10:10:00Z,85.17,7.434,30.03,2.7319,50,16.693,310
2219-10-05T10:20:00Z,85.47,7.497,30.12,2.6726,50.1,17.862,310
2219-10-05T10:30:00Z,85.29,7.826,29.73,2.7019,49.8,17.381,310
2219-10-05T10:40:00Z,84.84,8.071,30.57,2.6907,50.2,17.835,310
2219-10-05T10:50:00Z,85.275,8.33,29.85,2.6522,49.7,17.102,310
2219-10-05T11:00:00Z,85.14,8.666,30.42,2.7047,50,17.62,310
2219-10-05T11:10:00Z,85.62,8.463,30.36,2.6801,50.1,17.218,310
2219-10-05T11:20:00Z,84.63,8.435,29.73,2.6234,49.8,16.309,310
2219-10-05T11:30:00Z,84.75,8.148,30.12,2.6432,49.9,17.654,310
2219-10-05T11:40:00Z,84.795,8.302,30.36,2.673,50.3,16.992,310
2219-10-05T11:50:00Z,85.665,8.596,30.57,2.6566,50.1,16.719,310
2219-10-05T12:00:00Z,85.62,8.834,30.3,2.6752,50.1,18.453,310
2219-10-05T12:10:00Z,84.645,8.792,30.18,2.6917,49.9,17.572,310
2219-10-05T12:20:00Z,84.39,8.162,30.66,2.7222,49.8,17.184,310
2219-10-05T12:30:00Z,85.29,8.526,29.58,2.6254,49.8,17.865,310
2219-10-05T12:40:00Z,84.435,7.896,29.67,2.6681,49.7,15.583,310
2219-10-05T12:50:00Z,85.11,8.197,29.4,2.6584,49.8,18.576,310
2219-10-05T13:00:00Z,84.3,8.26,30.24,2.6908,50,16.846,270
2219-10-05T13:10:00Z,85.005,8.582,29.61,2.642,50.4,18.415,270
2219-10-05T13:20:00Z,84.975,8.827,30,2.6886,49.8,17.196,270
2219-10-05T13:30:00Z,84.72,9.121,30.12,2.635,49.9,17.505,270
2219-10-05T13:40:00Z,84.495,8.862,30.27,2.6384,49.7,18.593,270
2219-10-05T13:50:00Z,85.545,9.331,29.7,2.6076,49.8,15.763,270
2219-10-05T14:00:00Z,85.83,8.995,30.24,2.6724,50.3,16.516,270
2219-10-05T14:10:00Z,84.15,8.659,30.54,2.6463,50.1,16.982,270
2219-10-05T14:20:00Z,85.035,8.54,30.15,2.6612,49.7,18.469,270
2219-10-05T14:30:00Z,84.885,8.645,30.63,2.6711,49.8,17.643,270
2219-10-05T14:40:00Z,85.41,8.946,30.21,2.6637,50,17.294,270
2219-10-05T14:50:00Z,85.08,8.799,30.03,2.6057,49.8,18.524,270
2219-10-05T15:00:00Z,84.87,9.051,30.33,2.6823,49.5,17.471,270
2219-10-05T15:10:00Z,85.08,8.785,30.81,2.6961,49.9,16.695,270
2219-10-05T15:20:00Z,85.5,8.428,30.39,2.6694,50.3,19.088,270
2219-10-05T15:30:00Z,85.35,8.176,29.4,2.6398,49.9,18.005,270
2219-10-05T15:40:00Z,85.335,8.036,30.33,2.6851,50,16.594,270
2219-10-05T15:50:00Z,84.66,7.861,30.09,2.7094,50.3,16.383,270
2219-10-05T16:00:00Z,84.39,7.532,30.51,2.698,50.3,17.486,270
2219-10-05T16:10:00Z,84.39,7.301,29.43,2.6841,49.8,16.209,270
2219-10-05T16:20:00Z,84.54,7.252,29.91,2.7184,49.9,18.614,270
2219-10-05T16:30:00Z,84.945,7.224,29.97,2.7101,49.7,17.104,270
2219-10-05T16:40:00Z,85.215,7.371,30.24,2.7065,49.9,16.104,270
2219-10-05T16:50:00Z,85.17,6.972,29.76,2.7215,49.6,15.61,270
2219-10-05T17:00:00Z,85.185,7.406,29.22,2.6675,50.1,17.179,280
2219-10-05T17:10:00Z,84.975,7,29.22,2.7224,49.8,17.516,280
2219-10-05T17:20:00Z,85.395,7.252,30.24,2.7609,50,17.415,280
2219-10-05T17:30:00Z,84.825,7.196,30.57,2.7267,49.8,18.855,280
2219-10-05T17:40:00Z,84.93,6.573,29.46,2.729,50.3,18.833,280
2219-10-05T17:50:00Z,84.81,6.958,29.94,2.6937,49.5,17.542,280
2219-10-05T18:00:00Z,85.11,7.525,29.85,2.6799,49.8,17.887,280
2219-10-05T18:10:00Z,84.735,7.28,29.07,2.6948,50,17.74,280
2219-10-05T18:20:00Z,85.08,7.14,30.27,2.7476,49.9,17.181,280
2219-10-05T18:30:00Z,84.345,7.014,29.7,2.7126,49.8,17.115,280
2219-10-05T18:40:00Z,85.395,6.874,30.3,2.7169,50,18.219,280
2219-10-05T18:50:00Z,85.47,7.287,29.37,2.6712,50,16.2,280
2219-10-05T19:00:00Z,84.93,6.846,29.58,2.6586,49.9,18.271,280
2219-10-05T19:10:00Z,85.365,6.482,29.94,2.759,50.3,19.027,280
2219-10-05T19:20:00Z,85.08,7.161,29.85,2.6959,49.9,18.763,280
2219-10-05T19:30:00Z,85.53,7.217,30.3,2.7444,49.9,17.829,280
2219-10-05T19:40:00Z,85.14,7.063,29.58,2.7381,49.6,16.744,280
2219-10-05T19:50:00Z,83.955,7.301,29.97,2.7055,50.2,16.641,280
2219-10-05T20:00:00Z,85.62,7.301,29.52,2.6679,49.8,19.538,280
2219-10-05T20:10:00Z,84.96,7.308,29.97,2.7229,50.1,15.834,280
2219-10-05T20:20:00Z,85.665,7.819,30.03,2.6836,49.8,16.17,280
2219-10-05T20:30:00Z,84.99,7.231,29.82,2.6705,49.8,16.579,280
2219-10-05T20:40:00Z,85.095,7.329,29.52,2.684,49.8,15.678,280
2219-10-05T20:50:00Z,84.675,6.895,30.39,2.6962,49.7,16.856,280
2219-10-05T21:00:00Z,84.42,6.489,30.72,2.7065,49.9,18.101,330
2219-10-05T21:10:00Z,84.855,6.699,30.93,2.7399,50.3,19.125,330
2219-10-05T21:20:00Z,84.795,6.741,30.45,2.7191,50.2,16.17,330
2219-10-05T21:30:00Z,84.525,6.706,30.15,2.759,50.1,18.597,330
2219-10-05T21:40:00Z,85.005,6.972,30.12,2.7119,50.1,18.478,330
2219-10-05T21:50:00Z,85.875,6.51,29.97,2.7195,50.3,17.918,330
2219-10-05T22:00:00Z,84.315,6.405,29.7,2.7129,49.8,18.595,330
2219-10-05T22:10:00Z,84.57,5.894,30.51,2.7924,50.2,18.346,330
2219-10-05T22:20:00Z,84.63,5.586,30.12,2.6987,50,17.462,330
2219-10-05T22:30:00Z,85.26,5.929,30.03,2.7842,49.8,16.575,330
2219-10-05T22:40:00Z,85.065,5.957,29.46,2.764,49.9,18.207,330
2219-10-05T22:50:00Z,85.935,6.132,29.94,2.7586,50,18.227,330
2219-10-05T23:00:00Z,84.27,6.356,30.33,2.745,50.3,18.698,330
2219-10-05T23:10:00Z,84.735,5.957,30.12,2.7425,49.8,17.172,330
2219-10-05T23:20:00Z,85.125,5.999,29.85,2.7317,49.8,17.438,330
2219-10-05T23:30:00Z,84.735,6.013,29.91,2.7395,50,16.902,330
2219-10-05T23:40:00Z,84.315,6.02,30.66,2.7843,50.2,19.698,330
2219-10-05T23:50:00Z,85.065,5.747,30,2.7351,49.9,19.054,330
2219-10-06T00:00:00Z,84.06,5.348,30.51,2.8204,49.8,16.892,330
2219-10-06T00:10:00Z,85.32,5.369,29.61,2.7776,50.1,17.602,330
2219-10-06T00:20:00Z,85.275,5.369,30.21,2.8041,50.2,16.967,330
2219-10-06T00:30:00Z,84.57,5.586,29.61,2.7034,49.7,18.061,330
2219-10-06T00:40:00Z,85.08,5.523,30.18,2.7979,50.2,15.729,330
2219-10-06T00:50:00Z,85.005,6.216,29.94,2.7433,49.9,17.575,330
2219-10-06T01:00:00Z,85.305,6.055,29.67,2.7222,49.9,17.822,350
2219-10-06T01:10:00Z,84.9,5.586,30.66,2.7646,50.1,19.619,350
2219-10-06T01:20:00Z,84.75,5.691,30.78,2.761,50.2,18.039,350
2219-10-06T01:30:00Z,84.87,6.349,29.64,2.7116,49.9,16.738,350
2219-10-06T01:40:00Z,85.215,6.447,30.03,2.6856,50.1,19.207,350
2219-10-06T01:50:00Z,85.29,6.447,29.79,2.7604,50.1,17.217,350
2219-10-06T02:00:00Z,84.18,6.58,30.21,2.6909,50.1,19.291,350
2219-10-06T02:10:00Z,85.035,7.371,30,2.7364,50.3,17.787,350
2219-10-06T02:20:00Z,85.185,7.7,29.55,2.6523,50.1,17.837,350
2219-10-06T02:30:00Z,84.81,7.938,29.79,2.6902,50.4,17.942,350
2219-10-06T02:40:00Z,84.885,7.448,30.18,2.6884,49.8,18.016,350
2219-10-06T02:50:00Z,84.78,6.902,30.36,2.7047,49.7,17.186,350
2219-10-06T03:00:00Z,84.615,6.839,30.33,2.7212,50.2,17.643,350
2219-10-06T03:10:00Z,85.155,7.315,29.61,2.6701,50.1,18.519,350
2219-10-06T03:20:00Z,85.365,7.329,29.73,2.6933,50.3,19.335,350
2219-10-06T03:30:00Z,84.465,7.399,30.12,2.6736,50,19.42,350
2219-10-06T03:40:00Z,85.11,7.119,30.06,2.7438,50,19.469,350
2219-10-06T03:50:00Z,84.72,7.315,29.49,2.6848,49.8,17.205,350
2219-10-06T04:00:00Z,84.375,6.853,30.48,2.7153,50.2,17.504,350
2219-10-06T04:10:00Z,84.54,7.175,29.67,2.7296,50,18.161,350
2219-10-06T04:20:00Z,84.825,7.238,30.48,2.7398,50.1,18.933,350
2219-10-06T04:30:00Z,85.425,7.322,29.85,2.7021,49.9,19.004,350
2219-10-06T04:40:00Z,85.17,6.951,29.34,2.6841,50.1,17.108,350
2219-10-06T04:50:00Z,84.57,6.685,30.69,2.737,50.2,19.143,350
2219-10-06T05:00:00Z,84.66,6.804,29.97,2.74,50,17.226,340
2219-10-06T05:10:00Z,85.23,7.063,30.21,2.7646,49.7,18.721,340
2219-10-06T05:20:00Z,85.8,7.42,29.94,2.717,49.8,18.966,340
2219-10-06T05:30:00Z,84.84,7.105,30.48,2.7682,49.9,18.52,340
2219-10-06T05:40:00Z,85.185,7.21,29.97,2.6861,50,17.978,340
2219-10-06T05:50:00Z,84.63,7.49,29.34,2.6897,50.2,15.892,340
2219-10-06T06:00:00Z,84.18,7.014,30.18,2.7012,50.2,17.508,340
2219-10-06T06:10:00Z,84.885,7.336,29.94,2.6652,49.9,17.816,340
2219-10-06T06:20:00Z,85.125,6.671,29.19,2.6971,49.8,18.279,340
2219-10-06T06:30:00Z,84.51,6.972,30.33,2.7553,50.1,17.083,340
2219-10-06T06:40:00Z,85.23,7.392,30.9,2.6932,50.1,18.862,340
2219-10-06T06:50:00Z,85.35,7.742,30.33,2.7005,49.9,18.428,340
2219-10-06T07:00:00Z,85.02,7.903,29.25,2.6176,49.9,17.907,340
2219-10-06T07:10:00Z,85.005,8.372,30.06,2.6759,49.9,16.146,340
2219-10-06T07:20:00Z,85.125,8.624,30.51,2.696,50.1,19.112,340
2219-10-06T07:30:00Z,85.905,8.918,30.09,2.6244,50.4,16.829,340
2219-10-06T07:40:00Z,85.245,8.729,29.82,2.6894,49.9,16.885,340
2219-10-06T07:50:00Z,84.87,9.128,30.33,2.6482,50.5,18.408,340
2219-10-06T08:00:00Z,85.185,9.751,30.18,2.6257,50.2,18.851,340
2219-10-06T08:10:00Z,85.245,9.709,29.88,2.6132,50.2,18.371,340
2219-10-06T08:20:00Z,85.395,9.73,30.12,2.613,50,19.529,340
2219-10-06T08:30:00Z,85.23,10.199,29.7,2.5849,50.2,19.517,340
2219-10-06T08:40:00Z,85.125,9.954,29.85,2.627,50.1,18.171,340
2219-10-06T08:50:00Z,84.87,9.331,29.67,2.5859,49.8,18.561,340
2219-10-06T09:00:00Z,84.915,8.687,29.64,2.6299,50.1,16.727,360
2219-10-06T09:10:00Z,85.08,8.876,30.27,2.6743,49.7,18.685,360
2219-10-06T09:20:00Z,84.915,9.429,29.79,2.6537,49.9,18.224,360
2219-10-06T09:30:00Z,85.14,9.821,29.88,2.5755,50.1,20.169,360
2219-10-06T09:40:00Z,85.455,9.604,30.45,2.6408,50.2,18.862,360
2219-10-06T09:50:00Z,85.2,9.478,30.57,2.623,50.1,19.22,360
2219-10-06T10:00:00Z,84.48,8.946,29.43,2.6188,50.1,18.478,360
2219-10-06T10:10:00Z,85.44,9.023,29.85,2.6643,50,18.185,360
2219-10-06T10:20:00Z,84.75,9.016,29.82,2.6885,50.1,17.2,360
2219-10-06T10:30:00Z,84.93,8.806,30.12,2.6306,50,18.71,360
2219-10-06T10:40:00Z,85.035,8.715,30.81,2.6122,49.9,18.065,360
2219-10-06T10:50:00Z,84.855,8.008,29.64,2.664,49.9,15.344,360
2219-10-06T11:00:00Z,84.18,8.547,29.76,2.6235,50.1,16.431,360
2219-10-06T11:10:00Z,84.675,8.47,29.91,2.6578,50.2,18.931,360
2219-10-06T11:20:00Z,84.9,8.715,30.06,2.6846,50,19.125,360
2219-10-06T11:30:00Z,84.375,8.127,30.21,2.6522,49.7,16.603,360
2219-10-06T11:40:00Z,84.69,7.686,29.61,2.6435,50.3,17.368,360
2219-10-06T11:50:00Z,84.525,7.854,30.36,2.686,50,17.542,360
2219-10-06T12:00:00Z,84.69,7.896,29.61,2.6656,50,18.099,360
2219-10-06T12:10:00Z,85.245,8.085,30.45,2.6679,49.9,17.477,360
2219-10-06T12:20:00Z,84.255,8.113,30.12,2.6897,49.8,18.643,360
2219-10-06T12:30:00Z,84.675,7.896,30.09,2.627,50,15.905,360
2219-10-06T12:40:00Z,84.72,7.798,30.15,2.6636,50,21.148,360
2219-10-06T12:50:00Z,84.945,7.679,29.37,2.6485,50,17.713,360
2219-10-06T13:00:00Z,84.465,7.91,29.4,2.6853,49.9,20.45,340
2219-10-06T13:10:00Z,84.87,8.057,30.09,2.7049,50.4,20.412,340
2219-10-06T13:20:00Z,85.065,8.337,29.85,2.6432,49.9,19.037,340
2219-10-06T13:30:00Z,85.095,9.303,30.27,2.6502,50.3,18.124,340
2219-10-06T13:40:00Z,85.515,9.779,30.39,2.6629,49.8,18.764,340
2219-10-06T13:50:00Z,84.81,9.261,29.76,2.5979,50.3,17.876,340
2219-10-06T14:00:00Z,85.68,9.646,30.6,2.586,50,18.469,340
2219-10-06T14:10:00Z,84.645,10.535,30.57,2.582,50,17.052,340
2219-10-06T14:20:00Z,84.555,9.485,30.18,2.6527,49.9,18.35,340
2219-10-06T14:30:00Z,84.87,9.345,29.76,2.6299,50.1,16.217,340
2219-10-06T14:40:00Z,85.23,9.849,29.76,2.6404,49.7,17.198,340
2219-10-06T14:50:00Z,84.81,9.926,30.6,2.6472,49.6,17.156,340
2219-10-06T15:00:00Z,85.23,9.779,30.18,2.6296,50.3,18.271,340
2219-10-06T15:10:00Z,84.24,9.24,30.39,2.6209,49.7,17.025,340
2219-10-06T15:20:00Z,85.29,9.303,29.97,2.6024,50,18.175,340
2219-10-06T15:30:00Z,84.93,9.394,30.09,2.6585,50.1,18.691,340
2219-10-06T15:40:00Z,84.54,9.66,29.58,2.6432,50.2,19.896,340
2219-10-06T15:50:00Z,84.975,9.359,30.06,2.6631,49.8,17.242,340
2219-10-06T16:00:00Z,84.765,9.212,30.42,2.5815,49.9,18.625,340
2219-10-06T16:10:00Z,85.365,9.877,30.51,2.6355,50,16.601,340
2219-10-06T16:20:00Z,85.47,9.618,30.06,2.6289,50.1,17.804,340
2219-10-06T16:30:00Z,84.705,9.611,30,2.6153,50,17.554,340
2219-10-06T16:40:00Z,85.35,9.618,29.88,2.626,50.1,18.722,340
2219-10-06T16:50:00Z,85.02,9.905,29.97,2.6365,50.5,16.378,340
2219-10-06T17:00:00Z,84.75,9.534,30.6,2.6395,50.1,16.298,390
2219-10-06T17:10:00Z,85.08,9.541,29.88,2.6124,49.7,18.366,390
2219-10-06T17:20:00Z,84.81,9.135,29.73,2.6126,49.7,18.686,390
2219-10-06T17:30:00Z,85.02,8.813,29.61,2.6089,50,16.516,390
2219-10-06T17:40:00Z,85.26,9.177,30.33,2.689,50.1,18.075,390
2219-10-06T17:50:00Z,85.32,9.338,30.27,2.6181,50,18.593,390
2219-10-06T18:00:00Z,84.795,9.191,29.46,2.6519,50,16.496,390
2219-10-06T18:10:00Z,85.425,9.73,29.7,2.611,49.9,17.029,390
2219-10-06T18:20:00Z,85.38,10.507,29.43,2.581,49.7,17.153,390
2219-10-06T18:30:00Z,85.035,10.164,30.27,2.6248,50,18.671,390
2219-10-06T18:40:00Z,85.23,10.255,29.61,2.5454,49.8,19.045,390
2219-10-06T18:50:00Z,85.05,10.437,29.1,2.5737,50,18.187,390
2219-10-06T19:00:00Z,84.84,10.479,30.24,2.6124,49.9,17.841,390
2219-10-06T19:10:00Z,84.885,10.871,29.28,2.5976,50,17.701,390
2219-10-06T19:20:00Z,85.47,10.297,30.27,2.59,49.9,19.148,390
2219-10-06T19:30:00Z,84.93,10.724,30.63,2.6314,49.8,18.692,390
2219-10-06T19:40:00Z,85.98,11.116,29.97,2.6404,50.2,17.478,390
2219-10-06T19:50:00Z,85.515,10.304,30.03,2.61,49.8,17.169,390
2219-10-06T20:00:00Z,84.645,10.395,29.97,2.5685,49.9,17.797,390
2219-10-06T20:10:00Z,85.245,10.003,30.09,2.646,50,16.251,390
2219-10-06T20:20:00Z,84.705,9.926,30.81,2.7017,50.2,17.365,390
2219-10-06T20:30:00Z,85.02,9.674,30.18,2.6453,49.9,17.952,390
2219-10-06T20:40:00Z,84.525,9.212,30.03,2.6356,49.8,17.338,390
2219-10-06T20:50:00Z,84.855,9.282,30.51,2.6391,49.9,16.998,390
2219-10-06T21:00:00Z,85.8,9.73,29.4,2.6505,50,16.295,300
2219-10-06T21:10:00Z,84.9,9.023,30.51,2.6521,50.1,17.065,300
2219-10-06T21:20:00Z,85.26,9.247,29.73,2.646,50.3,16.778,300
2219-10-06T21:30:00Z,84.675,9.73,30.09,2.6043,50.1,15.154,300
2219-10-06T21:40:00Z,85.335,9.345,29.82,2.6224,50.1,18.482,300
2219-10-06T21:50:00Z,84.72,9.548,30.21,2.5819,50.1,17.773,300
2219-10-06T22:00:00Z,85.83,10.024,30.39,2.6478,50.1,16.831,300
2219-10-06T22:10:00Z,84.825,9.31,30.15,2.646,50.1,18.421,300
2219-10-06T22:20:00Z,84.945,8.407,30.33,2.6348,50.2,17.515,300
2219-10-06T22:30:00Z,84.39,8.169,29.61,2.6832,50.2,15.521,300
2219-10-06T22:40:00Z,84.315,7.945,29.88,2.7022,49.8,18.093,300
2219-10-06T22:50:00Z,85.245,8.589,28.74,2.6155,50,18.703,300
2219-10-06T23:00:00Z,85.365,8.337,29.79,2.6473,49.9,16.843,300
2219-10-06T23:10:00Z,85.56,7.987,29.88,2.6978,50.1,18.101,300
2219-10-06T23:20:00Z,84.96,8.442,29.91,2.6798,50.1,18.528,300
2219-10-06T23:30:00Z,84.645,8.099,30.12,2.7256,49.7,16.205,300
2219-10-06T23:40:00Z,84.66,8.029,29.85,2.6808,49.7,17.506,300
2219-10-06T23:50:00Z,84.93,7.588,30.36,2.7086,50,18.168,300
2219-10-07T00:00:00Z,85.17,7.63,30.03,2.6889,50,17.913,300
2219-10-07T00:10:00Z,85.23,7.644,29.79,2.6918,49.9,17.518,300
2219-10-07T00:20:00Z,84.9,7.385,29.49,2.7106,49.8,16.736,300
2219-10-07T00:30:00Z,84.675,7.427,29.52,2.669,50.1,17.64,300
2219-10-07T00:40:00Z,84.735,7.448,30.15,2.7159,49.8,19.948,300
2219-10-07T00:50:00Z,85.35,7.91,29.64,2.6908,49.9,17.826,300
2219-10-07T01:00:00Z,85.11,7.658,29.19,2.6313,50,17.978,400
2219-10-07T01:10:00Z,84.975,7.833,30.12,2.6872,49.8,17.449,400
2219-10-07T01:20:00Z,85.14,8.106,29.82,2.6635,49.8,16.862,400
2219-10-07T01:30:00Z,85.515,8.106,30.3,2.6975,50,18.399,400
2219-10-07T01:40:00Z,85.425,8.428,29.46,2.641,50.2,19.528,400
2219-10-07T01:50:00Z,85.425,8.827,29.85,2.6859,49.9,18.474,400
2219-10-07T02:00:00Z,85.5,8.603,29.88,2.6721,49.9,18.787,400
2219-10-07T02:10:00Z,85.245,8.799,29.61,2.6332,50.2,17.137,400
2219-10-07T02:20:00Z,84.045,8.82,29.58,2.6797,49.7,17.033,400
2219-10-07T02:30:00Z,85.29,9.023,30.33,2.6872,50.1,18.071,400
2219-10-07T02:40:00Z,85.23,9.254,29.22,2.6385,49.7,18.643,400
2219-10-07T02:50:00Z,84.99,9.219,29.91,2.6551,50.1,17.164,400
2219-10-07T03:00:00Z,85.65,9.506,29.7,2.5816,50.2,18.501,400
2219-10-07T03:10:00Z,85.695,9.73,30.06,2.6467,50.1,19.153,400
2219-10-07T03:20:00Z,85.185,9.597,30.15,2.5744,50.2,18.11,400
2219-10-07T03:30:00Z,84.81,9.674,29.22,2.5856,49.9,17.487,400
2219-10-07T03:40:00Z,85.515,9.324,30.3,2.6714,50.1,18.495,400
2219-10-07T03:50:00Z,85.515,9.555,29.16,2.5846,50.3,17.38,400
2219-10-07T04:00:00Z,85.515,9.149,30.03,2.6418,50.1,18.873,400
2219-10-07T04:10:00Z,85.23,9.45,30.24,2.6565,50.2,18.385,400
2219-10-07T04:20:00Z,85.185,9.646,30.06,2.6279,49.9,17.586,400
2219-10-07T04:30:00Z,85.35,10.346,29.58,2.6063,50.1,18.702,400
2219-10-07T04:40:00Z,85.485,10.549,29.64,2.6181,50,17.278,400
2219-10-07T04:50:00Z,84.315,10.304,29.97,2.5912,50.1,17.849,400
2219-10-07T05:00:00Z,85.02,10.045,29.88,2.5872,50,19.959,350
2219-10-07T05:10:00Z,84.555,9.73,29.97,2.605,50.2,19.123,350
2219-10-07T05:20:00Z,84.93,9.485,30.36,2.6131,50.3,19.698,350
2219-10-07T05:30:00Z,84.585,9.254,29.64,2.6391,50,18.295,350
2219-10-07T05:40:00Z,84.855,9.086,30.33,2.7168,50.2,18.913,350
2219-10-07T05:50:00Z,85.305,9.401,29.28,2.6399,50,17.206,350
2219-10-07T06:00:00Z,84.765,9.233,30.33,2.6271,49.9,18.291,350
2219-10-07T06:10:00Z,85.02,9.128,30.45,2.6113,50.2,19.613,350
2219-10-07T06:20:00Z,84.885,9.254,30.27,2.6413,49.8,17.488,350
2219-10-07T06:30:00Z,84.735,9.184,29.76,2.6483,50,15.458,350
2219-10-07T06:40:00Z,84.495,8.918,29.61,2.6209,49.9,19.174,350
2219-10-07T06:50:00Z,85.215,8.624,29.91,2.6487,49.9,18.495,350
2219-10-07T07:00:00Z,85.125,8.61,30.21,2.7502,49.9,16.997,350
2219-10-07T07:10:00Z,85.08,8.379,29.28,2.6418,50,18.385,350
2219-10-07T07:20:00Z,84.615,8.694,29.67,2.6427,50,19.291,350
2219-10-07T07:30:00Z,85.275,8.708,29.97,2.6592,49.9,18.009,350
2219-10-07T07:40:00Z,84.27,9.212,30.54,2.6864,50,18.774,350
2219-10-07T07:50:00Z,84.69,8.659,30.12,2.6443,50.2,17.756,350
2219-10-07T08:00:00Z,84.435,8.239,30.69,2.6783,49.6,17.959,350
2219-10-07T08:10:00Z,84.795,8.904,29.85,2.6325,50,18.322,350
2219-10-07T08:20:00Z,85.605,8.582,29.79,2.6988,49.9,18.532,350
2219-10-07T08:30:00Z,84.54,8.582,29.79,2.6371,49.9,18.257,350
2219-10-07T08:40:00Z,85.26,8.799,29.94,2.6735,50,17.085,350
2219-10-07T08:50:00Z,84.78,8.092,29.82,2.6836,50,16.582,350
2219-10-07T09:00:00Z,84.525,8.799,30.75,2.75,49.8,19.217,280
2219-10-07T09:10:00Z,85.41,8.631,30.9,2.6593,50.1,17.662,280
2219-10-07T09:20:00Z,85.02,8.834,29.91,2.6309,50.1,18.527,280
2219-10-07T09:30:00Z,85.35,8.449,30.06,2.6529,50.1,19.576,280
2219-10-07T09:40:00Z,84.765,8.351,30.09,2.6517,49.8,18.34,280
2219-10-07T09:50:00Z,85.02,8.505,30.09,2.6409,49.9,17.701,280
2219-10-07T10:00:00Z,85.02,7.553,29.25,2.6488,50.3,18.631,280
2219-10-07T10:10:00Z,85.905,8.211,30.75,2.6796,50.2,19.402,280
2219-10-07T10:20:00Z,85.665,8.239,29.61,2.6944,50.1,18.375,280
2219-10-07T10:30:00Z,84.63,8.183,29.91,2.6618,50,19.069,280
2219-10-07T10:40:00Z,84.84,8.848,29.76,2.6775,50.1,17.083,280
2219-10-07T10:50:00Z,85.515,8.785,29.55,2.6457,50.2,17.803,280
2219-10-07T11:00:00Z,85.11,9.443,29.94,2.607,49.8,18.863,280
2219-10-07T11:10:00Z,84.915,9.723,30.06,2.617,50.3,20.288,280
2219-10-07T11:20:00Z,84.87,9.863,30.03,2.6344,49.9,18.961,280
2219-10-07T11:30:00Z,85.02,9.961,29.28,2.5941,50,20.29,280
2219-10-07T11:40:00Z,85.335,9.331,29.37,2.5795,50,17.567,280
2219-10-07T11:50:00Z,84.975,8.834,30.42,2.6688,50,19.665,280
2219-10-07T12:00:00Z,83.97,9.219,30.09,2.6431,49.8,18.285,280
2219-10-07T12:10:00Z,85.2,9.044,29.28,2.6443,49.8,18.424,280
2219-10-07T12:20:00Z,85.005,8.82,30.15,2.6662,50.1,17.35,280
2219-10-07T12:30:00Z,84.615,8.764,30.18,2.6501,50,18.675,280
2219-10-07T12:40:00Z,85.155,9.303,29.34,2.5771,49.9,18.672,280
2219-10-07T12:50:00Z,85.065,8.743,29.88,2.6383,50,17.191,280
2219-10-07T13:00:00Z,84.375,8.785,29.94,2.6482,50.1,18.352,310
2219-10-07T13:10:00Z,85.08,8.708,30.63,2.6815,50,20.095,310
2219-10-07T13:20:00Z,85.38,8.568,29.34,2.6719,50.1,17.664,310
2219-10-07T13:30:00Z,84.72,8.82,30.33,2.6993,50.2,19.14,310
2219-10-07T13:40:00Z,85.32,8.967,30.09,2.6446,50,16.752,310
2219-10-07T13:50:00Z,84.825,8.757,30.24,2.7265,50.2,17.831,310
2219-10-07T14:00:00Z,85.41,9.065,29.79,2.616,50.1,17.953,310
2219-10-07T14:10:00Z,85.335,9.275,29.49,2.6588,50,18.28,310
2219-10-07T14:20:00Z,85.35,9.534,29.76,2.6361,50,18.77,310
2219-10-07T14:30:00Z,85.035,9.457,29.67,2.6009,49.7,16.841,310
2219-10-07T14:40:00Z,85.275,9.114,29.82,2.6535,50.3,19.057,310
2219-10-07T14:50:00Z,84.495,8.918,29.43,2.6484,50.2,17.535,310
2219-10-07T15:00:00Z,84.435,8.918,29.34,2.6129,50.2,18.683,310
2219-10-07T15:10:00Z,84.78,8.883,30.12,2.6127,50.1,19.671,310
2219-10-07T15:20:00Z,85.035,8.764,30.18,2.646,50,18.109,310
2219-10-07T15:30:00Z,84.465,7.728,30.42,2.6535,50,17.817,310
2219-10-07T15:40:00Z,83.925,7.721,30.3,2.6663,50.6,18.464,310
2219-10-07T15:50:00Z,84.99,7.511,30.24,2.6382,49.9,20.361,310
2219-10-07T16:00:00Z,85.23,7.378,30.18,2.7009,50,17.198,310
2219-10-07T16:10:00Z,84.765,7.938,30.72,2.6989,50,20.393,310
2219-10-07T16:20:00Z,85.485,7.441,30.06,2.7198,50.4,20.443,310
2219-10-07T16:30:00Z,85.2,7.525,30,2.7472,50,19.139,310
2219-10-07T16:40:00Z,85.245,7.63,29.85,2.6611,50,17.991,310
2219-10-07T16:50:00Z,84.93,7.469,29.52,2.6707,50,18.56,310
2219-10-07T17:00:00Z,84.45,7.497,30.27,2.7041,50,20.062,340
2219-10-07T17:10:00Z,84.765,7.693,29.97,2.7094,49.9,16.536,340
2219-10-07T17:20:00Z,85.035,7.658,30.12,2.678,50.2,19.574,340
2219-10-07T17:30:00Z,84.555,7.924,29.58,2.6146,50.4,19.335,340
2219-10-07T17:40:00Z,85.425,7.868,30.18,2.6712,50,19.22,340
2219-10-07T17:50:00Z,84.3,7.91,30.75,2.6805,50.2,18.722,340
2219-10-07T18:00:00Z,85.335,7.959,29.58,2.6521,49.9,17.757,340
2219-10-07T18:10:00Z,85.155,7.42,30.42,2.702,50.5,18.261,340
2219-10-07T18:20:00Z,85.23,8.246,30.6,2.6725,50,20.295,340
2219-10-07T18:30:00Z,85.485,8.029,29.85,2.705,50.5,20.306,340
2219-10-07T18:40:00Z,83.985,7.7,30.3,2.7405,50,18.609,340
2219-10-07T18:50:00Z,86.04,8.267,29.49,2.626,50.2,19.231,340
2219-10-07T19:00:00Z,84.54,7.784,29.52,2.662,50,18.924,340
2219-10-07T19:10:00Z,85.185,8.169,30.33,2.6883,50.3,21.161,340
2219-10-07T19:20:00Z,84.915,7.742,30.21,2.661,49.9,19.665,340
2219-10-07T19:30:00Z,84.765,7.847,29.46,2.6754,50.1,18.167,340
2219-10-07T19:40:00Z,84.54,8.043,30.84,2.696,49.8,20.068,340
2219-10-07T19:50:00Z,85.35,7.672,30.18,2.6661,50,17.774,340
2219-10-07T20:00:00Z,84.48,7.308,31.02,2.759,49.8,20.685,340
2219-10-07T20:10:00Z,85.2,6.797,29.79,2.6818,50.2,18.115,340
2219-10-07T20:20:00Z,84.825,7.322,29.76,2.7332,50,19.887,340
2219-10-07T20:30:00Z,85.08,7.49,29.67,2.7021,50,19.807,340
2219-10-07T20:40:00Z,84.54,6.958,30.33,2.7033,49.8,19.694,340
2219-10-07T20:50:00Z,84.75,6.44,29.58,2.7392,50.2,20.262,340
2219-10-07T21:00:00Z,84.63,5.579,30.12,2.7072,49.7,18.865,340
2219-10-07T21:10:00Z,84.975,4.872,29.73,2.7649,49.7,17.832,340
2219-10-07T21:20:00Z,84.15,4.683,29.91,2.7779,50.1,18.345,340
2219-10-07T21:30:00Z,85.425,5.124,30.69,2.8184,50.2,18.388,340
2219-10-07T21:40:00Z,84.99,5.243,30.45,2.8938,49.8,19.212,340
2219-10-07T21:50:00Z,85.74,5.096,29.76,2.7983,50.1,21.061,340
2219-10-07T22:00:00Z,85.29,5.922,30.18,2.7873,50,19.74,340
2219-10-07T22:10:00Z,85.725,5.418,30.66,2.8257,49.7,18.018,340
2219-10-07T22:20:00Z,84.885,5.572,30.15,2.7319,50.3,19.729,340
2219-10-07T22:30:00Z,85.845,6.062,30.06,2.7639,49.9,19.756,340
2219-10-07T22:40:00Z,84.945,6.538,30.09,2.781,50.2,18.27,340
2219-10-07T22:50:00Z,84.945,6.895,30.27,2.7454,49.8,18.614,340
2219-10-07T23:00:00Z,85.605,7.287,29.67,2.6919,50.3,18.917,340
2219-10-07T23:10:00Z,84.915,7.441,30.6,2.7217,49.9,20.119,340
2219-10-07T23:20:00Z,84.765,7.371,29.55,2.7573,50.4,19.542,340
2219-10-07T23:30:00Z,84.645,7.329,29.85,2.7038,50.5,17.919,340
2219-10-07T23:40:00Z,84.9,7.308,30.45,2.6994,49.7,18.474,340
2219-10-07T23:50:00Z,85.605,7.434,29.73,2.6847,50.3,18.656,340
2219-10-08T00:00:00Z,84.42,7.154,29.88,2.6561,50.2,19.037,340
2219-10-08T00:10:00Z,85.665,7.763,30.33,2.6713,50.3,20.453,340
2219-10-08T00:20:00Z,85.26,8.246,30.51,2.6959,50.2,20.256,340
2219-10-08T00:30:00Z,85.005,7.826,30.06,2.6933,49.9,20.403,340
2219-10-08T00:40:00Z,84.99,7.364,30.75,2.7126,50.1,17.967,340
2219-10-08T00:50:00Z,84.72,7.245,30.84,2.7535,50.1,18.162,340
2219-10-08T01:00:00Z,84.915,7.287,29.28,2.6991,50,19.31,410
2219-10-08T01:10:00Z,85.365,7.658,30.27,2.7397,49.9,19.603,410
2219-10-08T01:20:00Z,84.3,6.972,30.6,2.7663,49.9,17.888,410
2219-10-08T01:30:00Z,85.08,6.958,29.97,2.7022,49.9,19.864,410
2219-10-08T01:40:00Z,84.705,7.252,30.45,2.7116,49.9,18.925,410
2219-10-08T01:50:00Z,84.96,7.175,30,2.7325,50.2,18.409,410
2219-10-08T02:00:00Z,85.74,7.308,30.15,2.7511,50.2,19.05,410
2219-10-08T02:10:00Z,85.365,7.217,30.06,2.6618,49.9,19.293,410
2219-10-08T02:20:00Z,84.915,7.322,30.03,2.7279,50,18.181,410
2219-10-08T02:30:00Z,84.765,7.294,29.94,2.689,49.8,20.579,410
2219-10-08T02:40:00Z,84.99,7.693,30.15,2.7158,49.9,19.052,410
2219-10-08T02:50:00Z,85.17,7.56,29.88,2.7075,50,20.646,410
2219-10-08T03:00:00Z,84.99,7.119,29.97,2.7398,49.9,20.633,410
2219-10-08T03:10:00Z,84.63,7.301,30.27,2.7289,50,18.268,410
2219-10-08T03:20:00Z,84.255,7.147,29.85,2.6687,50,19.229,410
2219-10-08T03:30:00Z,85.23,7.07,30.09,2.7253,50.2,20.089,410
2219-10-08T03:40:00Z,84.51,7.406,30.06,2.6954,49.7,18.946,410
2219-10-08T03:50:00Z,84.84,7.217,30.42,2.7421,50.1,18.975,410
2219-10-08T04:00:00Z,84.45,7.413,29.82,2.7318,49.9,18.743,410
2219-10-08T04:10:00Z,85.155,7.315,29.22,2.6645,50.1,19.617,410
2219-10-08T04:20:00Z,84.87,6.902,30.09,2.6933,49.9,19.993,410
2219-10-08T04:30:00Z,85.185,6.804,30.57,2.7275,50.1,20.397,410
2219-10-08T04:40:00Z,84.99,6.909,29.31,2.6946,50,17.944,410
2219-10-08T04:50:00Z,84.495,6.524,30.36,2.7314,50.2,21.409,410
2219-10-08T05:00:00Z,84.765,6.419,29.88,2.7327,49.8,19.542,360
2219-10-08T05:10:00Z,84.81,6.363,29.64,2.7159,50,18.939,360
2219-10-08T05:20:00Z,84.945,6.888,30.39,2.7238,49.7,20.356,360
2219-10-08T05:30:00Z,84.84,7,30.15,2.7205,49.5,20.726,360
2219-10-08T05:40:00Z,84.3,6.643,30.9,2.7547,49.6,19.56,360
2219-10-08T05:50:00Z,84.96,6.986,29.34,2.7132,49.9,19.902,360
2219-10-08T06:00:00Z,84.6,6.629,30.36,2.7579,50,20.371,360
2219-10-08T06:10:00Z,85.29,6.608,29.46,2.6507,50.4,21.392,360
2219-10-08T06:20:00Z,85.38,7.203,29.49,2.7164,50.1,22.063,360
2219-10-08T06:30:00Z,85.095,7.014,29.46,2.6954,50.3,20.122,360
2219-10-08T06:40:00Z,84.315,6.391,30.21,2.7597,50.4,20.157,360
2219-10-08T06:50:00Z,84.105,6.37,29.64,2.7083,50.5,19.586,360
2219-10-08T07:00:00Z,84.81,6.804,29.58,2.6644,49.8,21.464,360
2219-10-08T07:10:00Z,85.35,7.175,29.61,2.7262,50.3,20.342,360
2219-10-08T07:20:00Z,85.17,6.804,29.61,2.7362,49.8,19.407,360
2219-10-08T07:30:00Z,84.27,6.251,30.66,2.7244,49.9,18.36,360
2219-10-08T07:40:00Z,85.365,5.817,29.82,2.7193,50.3,19.457,360
2219-10-08T07:50:00Z,84.855,5.845,30.75,2.7549,50.2,19.786,360
2219-10-08T08:00:00Z,84.63,5.852,29.46,2.7805,49.7,18.826,360
2219-10-08T08:10:00Z,84.675,6.286,29.31,2.7312,50,20.61,360
2219-10-08T08:20:00Z,84.15,6.629,30.45,2.7484,49.9,17.181,360
2219-10-08T08:30:00Z,85.14,6.048,29.64,2.7556,50.1,20.27,360
2219-10-08T08:40:00Z,84.6,5.635,29.7,2.7409,50.1,20.473,360
2219-10-08T08:50:00Z,84.84,5.439,29.97,2.7276,49.7,19.614,360
2219-10-08T09:00:00Z,84.165,5.572,29.31,2.7058,50.1,20.159,400
2219-10-08T09:10:00Z,85.125,5.446,30.57,2.8069,49.9,20.116,400
2219-10-08T09:20:00Z,84.285,5.502,29.76,2.7528,50.1,20.328,400
2219-10-08T09:30:00Z,84.645,6.223,30.27,2.7944,50.1,20.488,400
2219-10-08T09:40:00Z,85.275,6.09,30.21,2.7682,50.1,21.688,400
2219-10-08T09:50:00Z,85.035,5.971,30.45,2.7596,49.7,18.071,400
2219-10-08T10:00:00Z,84.885,5.978,30.12,2.7964,49.7,21.215,400
2219-10-08T10:10:00Z,85.605,5.978,29.67,2.7427,50,20.023,400
2219-10-08T10:20:00Z,85.635,5.852,29.82,2.7426,50.5,20.688,400
2219-10-08T10:30:00Z,84.765,6.076,30.09,2.7642,50,20.793,400
2219-10-08T10:40:00Z,84.96,6.37,30.12,2.7851,50.2,21.666,400
2219-10-08T10:50:00Z,84.81,6.251,30.15,2.7438,49.9,21.686,400
2219-10-08T11:00:00Z,85.125,5.992,30.39,2.7716,50.2,19.618,400
2219-10-08T11:10:00Z,84.72,5.824,29.7,2.7098,50,19.301,400
2219-10-08T11:20:00Z,85.215,5.705,29.88,2.743,50.1,22.034,400
2219-10-08T11:30:00Z,84.465,5.6,30.3,2.8129,50.1,21.095,400
2219-10-08T11:40:00Z,84.54,5.964,30.27,2.7683,50,21.261,400
2219-10-08T11:50:00Z,85.47,5.719,29.97,2.7494,49.9,18.516,400
2219-10-08T12:00:00Z,85.095,6.181,30.18,2.7527,50.3,19.582,400
2219-10-08T12:10:00Z,84.87,6.692,29.88,2.7476,50.3,19.943,400
2219-10-08T12:20:00Z,85.275,6.79,30.33,2.7415,50,20.45,400
2219-10-08T12:30:00Z,84.69,6.342,29.61,2.7117,50.2,21.895,400
2219-10-08T12:40:00Z,85.74,6.573,30.03,2.7201,49.9,19.129,400
2219-10-08T12:50:00Z,85.14,6.622,30.27,2.7064,50.1,20.352,400
2219-10-08T13:00:00Z,84.405,6.279,30.75,2.7402,50.3,20.499,370
2219-10-08T13:10:00Z,84.81,6.209,29.94,2.7463,50,21.071,370
2219-10-08T13:20:00Z,84.945,6.489,29.7,2.7719,49.9,19.905,370
2219-10-08T13:30:00Z,84.54,5.873,29.79,2.7932,50.1,17.921,370
2219-10-08T13:40:00Z,84.105,5.677,30.12,2.7672,50.2,18.872,370
2219-10-08T13:50:00Z,85.53,5.908,30.21,2.7612,50,21.248,370
2219-10-08T14:00:00Z,84.465,5.32,29.46,2.7687,50.1,20.957,370
2219-10-08T14:10:00Z,85.23,5.88,30.48,2.8062,50.2,21.55,370
2219-10-08T14:20:00Z,84.84,5.474,29.97,2.7334,49.9,19.814,370
2219-10-08T14:30:00Z,85.11,5.852,29.76,2.7668,50,19.851,370
2219-10-08T14:40:00Z,85.53,5.572,29.04,2.7635,50.1,21.076,370
2219-10-08T14:50:00Z,85.515,5.887,30.48,2.7459,50,22.016,370
2219-10-08T15:00:00Z,85.455,5.39,29.43,2.7018,50,20.845,370
2219-10-08T15:10:00Z,84.975,4.886,29.76,2.8122,50.5,21.225,370
2219-10-08T15:20:00Z,84.6,4.676,29.88,2.8333,50,19.606,370
2219-10-08T15:30:00Z,84.72,4.599,30.33,2.7412,50.1,19.365,370
2219-10-08T15:40:00Z,85.395,4.515,30.39,2.8153,50,19.193,370
2219-10-08T15:50:00Z,85.23,4.76,30.39,2.8509,50.3,20.548,370
2219-10-08T16:00:00Z,85.17,4.473,29.97,2.773,50.1,19.155,370
2219-10-08T16:10:00Z,85.305,3.962,30.15,2.9012,49.8,20.909,370
2219-10-08T16:20:00Z,84.93,3.647,30.12,2.7964,49.8,19.863,370
2219-10-08T16:30:00Z,85.215,3.948,30,2.8482,49.9,21.578,370
2219-10-08T16:40:00Z,84.84,3.969,29.52,2.8169,50.2,22.068,370
2219-10-08T16:50:00Z,85.05,4.151,30.33,2.8351,49.9,20.271,370
2219-10-08T17:00:00Z,85.02,4.053,30.21,2.822,50.2,22.504,350
2219-10-08T17:10:00Z,85.14,4.095,31.05,2.8496,50.1,20.779,350
2219-10-08T17:20:00Z,86.1,4.886,29.82,2.8273,50.1,21.125,350
2219-10-08T17:30:00Z,85.62,5.663,30.33,2.7742,50.1,22.445,350
2219-10-08T17:40:00Z,85.35,5.607,29.52,2.7519,50.1,21.71,350
2219-10-08T17:50:00Z,85.365,6.118,29.88,2.7166,50.1,20.393,350
2219-10-08T18:00:00Z,84.66,5.901,30.03,2.761,50.2,18.911,350
2219-10-08T18:10:00Z,84.915,5.838,30.54,2.7333,49.8,19.755,350
2219-10-08T18:20:00Z,85.035,5.922,30.63,2.7359,50.3,20.67,350
2219-10-08T18:30:00Z,85.26,5.796,29.34,2.7298,49.7,22.25,350
2219-10-08T18:40:00Z,84.93,5.488,29.79,2.7837,50,22.487,350
2219-10-08T18:50:00Z,84.555,5.257,30.3,2.7334,49.8,20.406,350
2219-10-08T19:00:00Z,85.395,5.628,30.06,2.7766,49.9,21.674,350
2219-10-08T19:10:00Z,85.32,5.873,29.79,2.7848,50.3,19.531,350
2219-10-08T19:20:00Z,84.975,5.789,29.94,2.7612,49.7,21.383,350
2219-10-08T19:30:00Z,85.365,5.698,30.15,2.7954,50,19.75,350
2219-10-08T19:40:00Z,85.665,6.692,30.09,2.7314,50,19.844,350
2219-10-08T19:50:00Z,86.37,7.084,29.7,2.7222,49.9,21.676,350
2219-10-08T20:00:00Z,84.66,6.965,30.48,2.7624,50,21.191,350
2219-10-08T20:10:00Z,84.84,7.483,29.13,2.6565,50.2,20.331,350
2219-10-08T20:20:00Z,85.095,7.84,30.51,2.7211,50.1,21.113,350
2219-10-08T20:30:00Z,84.54,7.721,30.21,2.656,49.7,20.61,350
2219-10-08T20:40:00Z,85.125,7.896,29.52,2.6776,49.9,21.653,350
2219-10-08T20:50:00Z,84.78,7.861,29.82,2.6621,49.8,21.093,350
2219-10-08T21:00:00Z,84.75,7.084,29.7,2.7133,50.2,21.184,360
2219-10-08T21:10:00Z,84.795,7.168,30.18,2.7136,50,21.24,360
2219-10-08T21:20:00Z,85.41,7.343,30.93,2.7435,50.2,19.313,360
2219-10-08T21:30:00Z,84.93,7.742,29.67,2.7143,49.9,21.341,360
2219-10-08T21:40:00Z,85.29,7.357,29.58,2.6932,50.2,21.897,360
2219-10-08T21:50:00Z,85.335,7.567,29.88,2.6776,50.1,23.32,360
2219-10-08T22:00:00Z,84.975,7.651,29.88,2.6642,50.3,22.4,360
2219-10-08T22:10:00Z,85.41,7.749,29.91,2.6986,49.9,21.425,360
2219-10-08T22:20:00Z,85.29,7.378,29.46,2.6363,50.1,20.782,360
2219-10-08T22:30:00Z,84.87,7.392,29.7,2.7222,49.8,22.415,360
2219-10-08T22:40:00Z,84.765,7.686,29.07,2.6234,50.3,18.817,360
2219-10-08T22:50:00Z,85.215,7.791,30.03,2.6988,50.3,21.061,360
2219-10-08T23:00:00Z,85.365,7.511,29.49,2.6576,50.2,22.161,360
2219-10-08T23:10:00Z,84.765,7.357,30.09,2.6951,49.8,21.988,360
2219-10-08T23:20:00Z,84.885,7.448,30.12,2.7091,50.3,21.36,360
2219-10-08T23:30:00Z,85.095,8.001,29.67,2.6913,49.8,20.75,360
2219-10-08T23:40:00Z,84.99,7.259,29.91,2.6917,50.4,19.934,360
2219-10-08T23:50:00Z,84.93,7.217,29.58,2.7272,50.1,20.283,360
2219-10-09T00:00:00Z,84.825,7.392,29.58,2.6702,50.1,22.011,360
2219-10-09T00:10:00Z,85.29,7.63,29.88,2.6368,50,23.023,360
2219-10-09T00:20:00Z,85.335,7.357,30.15,2.7371,50.2,20.924,360
2219-10-09T00:30:00Z,85.245,7.756,29.61,2.6775,50.1,20.389,360
2219-10-09T00:40:00Z,85.5,8.155,29.73,2.737,50.3,20.673,360
2219-10-09T00:50:00Z,84.84,8.659,29.85,2.6559,50,20.769,360
2219-10-09T01:00:00Z,84.945,8.659,30.84,2.6885,50.4,21.427,330
2219-10-09T01:10:00Z,85.305,9.079,30.12,2.6502,50.1,21.489,330
2219-10-09T01:20:00Z,84.585,8.806,29.46,2.6596,49.7,22.795,330
2219-10-09T01:30:00Z,85.29,9.009,30.27,2.6367,49.8,21.221,330
2219-10-09T01:40:00Z,85.14,8.393,29.88,2.5959,50.1,19.915,330
2219-10-09T01:50:00Z,84.795,8.015,30.06,2.7206,49.9,20.468,330
2219-10-09T02:00:00Z,84.465,7.903,29.73,2.6714,50,21.265,330
2219-10-09T02:10:00Z,85.215,7.763,30.54,2.6883,49.8,21.041,330
2219-10-09T02:20:00Z,85.05,7.798,30.06,2.6901,50.1,21.154,330
2219-10-09T02:30:00Z,84.72,7.574,29.4,2.6987,50.1,20.812,330
2219-10-09T02:40:00Z,84.945,7.896,29.34,2.6904,49.9,20.214,330
2219-10-09T02:50:00Z,84.87,7.644,29.67,2.6621,49.6,20.951,330
2219-10-09T03:00:00Z,84.105,7.063,29.34,2.7179,49.8,19.906,330
2219-10-09T03:10:00Z,85.335,6.65,29.55,2.6804,50,18.778,330
2219-10-09T03:20:00Z,84.795,6.699,29.97,2.714,50.1,21,330
2219-10-09T03:30:00Z,84.99,6.65,29.91,2.7489,49.8,20.604,330
2219-10-09T03:40:00Z,84.015,6.573,30.27,2.7302,49.9,19.415,330
2219-10-09T03:50:00Z,85.17,7.098,30.15,2.7233,50,19.888,330
2219-10-09T04:00:00Z,85.44,7.133,30,2.7474,50.1,19.945,330
2219-10-09T04:10:00Z,85.005,7.707,29.79,2.6774,50,21.503,330
2219-10-09T04:20:00Z,85.11,7.812,30.09,2.6737,50.5,18.505,330
2219-10-09T04:30:00Z,84.615,7.644,29.7,2.6492,49.9,20.442,330
2219-10-09T04:40:00Z,84.525,7.658,30.18,2.7258,49.8,21.819,330
2219-10-09T04:50:00Z,85.125,7.735,29.76,2.668,50.3,20.733,330
2219-10-09T05:00:00Z,85.35,7.896,30.72,2.7001,50,19.545,390
2219-10-09T05:10:00Z,84.93,7.623,30.84,2.7975,50,20.245,390
2219-10-09T05:20:00Z,84.99,7.385,29.82,2.6771,50.2,19.224,390
2219-10-09T05:30:00Z,84.54,7.133,29.25,2.6792,49.8,20.148,390
2219-10-09T05:40:00Z,84.075,7.315,29.79,2.6492,50.4,22.145,390
2219-10-09T05:50:00Z,85.395,6.881,30.24,2.6972,50.1,22.34,390
2219-10-09T06:00:00Z,85.125,6.188,30.21,2.777,49.8,19.372,390
2219-10-09T06:10:00Z,84.09,5.929,29.97,2.7103,50,20.924,390
2219-10-09T06:20:00Z,85.11,6.377,29.85,2.7465,49.9,20.268,390
2219-10-09T06:30:00Z,85.095,6.622,30.54,2.742,49.9,18.01,390
2219-10-09T06:40:00Z,85.275,7,29.46,2.6158,50.2,22.698,390
2219-10-09T06:50:00Z,84.93,7.028,30.15,2.6966,50.1,22.303,390
2219-10-09T07:00:00Z,84.825,6.979,30,2.7004,50.2,18.885,390
2219-10-09T07:10:00Z,84.48,7.021,30.63,2.7431,50,21.257,390
2219-10-09T07:20:00Z,84.885,6.713,30.48,2.7283,50,20.187,390
2219-10-09T07:30:00Z,84.495,6.818,29.4,2.7133,49.7,21.544,390
2219-10-09T07:40:00Z,85.065,7.091,30.3,2.7338,49.9,21.135,390
2219-10-09T07:50:00Z,85.11,7.245,29.94,2.7144,50.1,21.375,390
2219-10-09T08:00:00Z,85.05,7.049,30.06,2.7361,50.1,20.99,390
2219-10-09T08:10:00Z,85.125,6.762,30.84,2.7331,50,20.406,390
2219-10-09T08:20:00Z,84.825,6.531,29.82,2.6916,50.2,18.168,390
2219-10-09T08:30:00Z,84.96,6.496,30.03,2.7892,49.8,21.698,390
2219-10-09T08:40:00Z,84.705,7.147,29.67,2.6583,49.9,19.771,390
2219-10-09T08:50:00Z,85.38,7.756,29.7,2.7174,50,19.161,390
2219-10-09T09:00:00Z,85.11,8.071,29.37,2.6945,50,19.768,410
2219-10-09T09:10:00Z,85.38,7.896,30.48,2.7231,49.9,20.966,410
2219-10-09T09:20:00Z,84.975,7.994,29.52,2.6719,49.9,20.29,410
2219-10-09T09:30:00Z,85.395,8.204,30.18,2.6668,50.2,19.237,410
2219-10-09T09:40:00Z,85.185,8.421,30.48,2.7436,50,22.33,410
2219-10-09T09:50:00Z,85.575,8.47,30.51,2.7084,50.2,22.265,410
2219-10-09T10:00:00Z,84.75,8.169,29.76,2.6872,50.1,22.129,410
2219-10-09T10:10:00Z,85.125,8.862,29.58,2.6293,49.8,19.887,410
2219-10-09T10:20:00Z,85.365,8.841,29.94,2.6461,50.1,21.584,410
2219-10-09T10:30:00Z,84.87,8.75,30.48,2.7023,50.1,21.549,410
2219-10-09T10:40:00Z,84.03,8.057,30.15,2.647,49.7,20.253,410
2219-10-09T10:50:00Z,85.245,8.162,29.43,2.684,50.1,19.735,410
2219-10-09T11:00:00Z,84.72,8.519,31.02,2.6619,49.9,19.949,410
2219-10-09T11:10:00Z,84.45,8.218,30.06,2.6835,49.9,21.895,410
2219-10-09T11:20:00Z,84.66,8.498,29.94,2.7027,50.1,20.333,410
2219-10-09T11:30:00Z,84.24,8.596,29.91,2.7205,50.1,20.074,410
2219-10-09T11:40:00Z,85.125,8.435,30.27,2.6772,50.1,20.234,410
2219-10-09T11:50:00Z,84.48,8.26,29.91,2.697,50,21.058,410
2219-10-09T12:00:00Z,85.245,8.148,29.7,2.6634,50.1,21.329,410
2219-10-09T12:10:00Z,84.57,8.253,29.43,2.666,50.2,22.092,410
2219-10-09T12:20:00Z,85.56,8.253,30.66,2.6448,49.9,20.798,410
2219-10-09T12:30:00Z,84.48,7.791,30.09,2.6646,50,21.018,410
2219-10-09T12:40:00Z,84.48,7.959,29.79,2.6883,50,19.446,410
2219-10-09T12:50:00Z,85.8,8.659,30.06,2.6493,50.3,19.908,410
2219-10-09T13:00:00Z,85.38,7.686,29.97,2.6597,50.2,20.198,330
2219-10-09T13:10:00Z,84.855,7.966,29.79,2.6453,49.8,20.622,330
2219-10-09T13:20:00Z,85.005,7.952,30.21,2.6746,50.1,21.513,330
2219-10-09T13:30:00Z,85.215,8.029,29.79,2.7595,50.3,21.26,330
2219-10-09T13:40:00Z,84.615,7.819,30.45,2.7123,50.2,19.385,330
2219-10-09T13:50:00Z,85.2,7.826,29.76,2.6518,50.2,19.785,330
2219-10-09T14:00:00Z,84.435,8.085,30.6,2.7117,50,19.699,330
2219-10-09T14:10:00Z,84.96,7.175,30.39,2.7547,49.9,19.428,330
2219-10-09T14:20:00Z,84.33,6.468,30.21,2.7395,49.7,21.653,330
2219-10-09T14:30:00Z,84.03,6.356,30.36,2.7094,50.2,20.617,330
2219-10-09T14:40:00Z,85.29,6.111,29.73,2.7302,50,21.858,330
2219-10-09T14:50:00Z,84.705,6.622,29.88,2.7382,50.1,19.175,330
2219-10-09T15:00:00Z,85.11,6.741,29.91,2.6999,50.1,21.065,330
2219-10-09T15:10:00Z,85.74,7.245,30.18,2.7175,50.2,20.216,330
2219-10-09T15:20:00Z,85.47,7.707,29.91,2.7006,50.1,22.237,330
2219-10-09T15:30:00Z,85.155,7.938,30.39,2.6906,49.9,18.485,330
2219-10-09T15:40:00Z,85.065,8.267,30.3,2.7192,50.2,20.872,330
2219-10-09T15:50:00Z,85.605,7.728,30.54,2.7581,50,19.79,330
2219-10-09T16:00:00Z,84.3,7.364,30.03,2.6584,50.2,21.853,330
2219-10-09T16:10:00Z,85.11,7.308,30.21,2.7562,50,18.577,330
2219-10-09T16:20:00Z,84.3,7.105,29.67,2.6829,50.2,20.32,330
2219-10-09T16:30:00Z,84.36,7.224,30.06,2.6938,49.8,21.03,330
2219-10-09T16:40:00Z,84.81,6.839,30.06,2.7433,50.1,19.027,330
2219-10-09T16:50:00Z,85.245,7.49,30.21,2.7716,50,20.464,330
2219-10-09T17:00:00Z,85.425,8.274,30.39,2.7225,49.9,20.415,380
2219-10-09T17:10:00Z,85.695,8.575,29.61,2.6764,50.2,19.584,380
2219-10-09T17:20:00Z,84.78,8.624,30.18,2.6676,49.4,20.294,380
2219-10-09T17:30:00Z,84.51,8.554,29.61,2.6475,49.4,23.362,380
2219-10-09T17:40:00Z,84.735,8.274,30,2.627,49.9,20.288,380
2219-10-09T17:50:00Z,84.495,7.994,29.94,2.6755,50,19.749,380
2219-10-09T18:00:00Z,84.63,7.994,29.88,2.6606,49.8,21.531,380
2219-10-09T18:10:00Z,85.545,7.7,29.52,2.6993,49.9,20.633,380
2219-10-09T18:20:00Z,85.56,8.414,30.21,2.737,50.1,19.628,380
2219-10-09T18:30:00Z,85.335,8.47,29.7,2.6193,50.2,21.132,380
2219-10-09T18:40:00Z,84.735,8.169,30.27,2.7135,50.1,21.078,380
2219-10-09T18:50:00Z,85.065,7.987,30,2.675,49.9,21.195,380
2219-10-09T19:00:00Z,84.585,8.33,29.67,2.6823,49.6,20.943,380
2219-10-09T19:10:00Z,84.105,8.155,30.57,2.6881,50.3,20.838,380
2219-10-09T19:20:00Z,85.29,8.617,29.64,2.7249,50.5,21.08,380
2219-10-09T19:30:00Z,85.08,8.715,29.79,2.6238,50.2,22.901,380
2219-10-09T19:40:00Z,85.47,8.834,29.94,2.6737,50.2,20.231,380
2219-10-09T19:50:00Z,85.95,9.163,29.7,2.639,50.1,19.582,380
2219-10-09T20:00:00Z,85.2,9.219,29.91,2.5904,50.2,20.957,380
2219-10-09T20:10:00Z,83.925,8.932,29.64,2.6641,49.5,20.441,380
2219-10-09T20:20:00Z,85.035,9.541,30.3,2.6325,50.2,21.06,380
2219-10-09T20:30:00Z,84.99,9.009,30,2.6064,49.8,23.063,380
2219-10-09T20:40:00Z,84.12,8.673,29.94,2.6321,50.1,20.937,380
2219-10-09T20:50:00Z,84.66,9.422,30.51,2.6977,49.9,19.935,380
2219-10-09T21:00:00Z,85.725,9.562,29.4,2.6158,50.1,22.475,400
2219-10-09T21:10:00Z,85.05,9.471,29.31,2.5982,50.1,21.271,400
2219-10-09T21:20:00Z,84.6,9.247,29.37,2.6122,50,21.648,400
2219-10-09T21:30:00Z,84.225,9.079,30.27,2.6497,49.9,20.409,400
2219-10-09T21:40:00Z,84.96,8.855,29.97,2.6244,50,21.594,400
2219-10-09T21:50:00Z,85.23,8.624,30.45,2.6544,49.8,21.944,400
2219-10-09T22:00:00Z,84.78,8.512,29.67,2.6637,49.9,21.39,400
2219-10-09T22:10:00Z,85.02,8.673,30.27,2.6549,49.6,20.874,400
2219-10-09T22:20:00Z,85.47,9.051,29.91,2.6288,49.6,20.948,400
2219-10-09T22:30:00Z,85.41,8.708,29.94,2.6123,49.9,22.246,400
2219-10-09T22:40:00Z,85.005,9.1,29.49,2.595,50,20.527,400
2219-10-09T22:50:00Z,85.68,9.17,30.39,2.7128,50,21.828,400
2219-10-09T23:00:00Z,85.02,9.149,29.79,2.5923,49.7,20.658,400
2219-10-09T23:10:00Z,85.125,9.373,30,2.6543,50.4,21.696,400
2219-10-09T23:20:00Z,84.75,8.519,30.51,2.6663,49.7,20.27,400
2219-10-09T23:30:00Z,85.11,7.917,29.46,2.6648,50,18.817,400
2219-10-09T23:40:00Z,85.38,8.442,29.79,2.6676,50,21.743,400
2219-10-09T23:50:00Z,85.155,8.659,29.85,2.6302,49.9,20.495,400
2219-10-10T00:00:00Z,85.47,8.827,30.15,2.6748,49.7,20.992,400
2219-10-10T00:10:00Z,85.08,9.261,29.73,2.6437,50.2,17.773,400
2219-10-10T00:20:00Z,85.245,9.037,29.67,2.6732,50,20.689,400
2219-10-10T00:30:00Z,85.5,9.338,30,2.6515,50.1,20.566,400
2219-10-10T00:40:00Z,84.435,9.303,29.88,2.6855,50.2,19.049,400
2219-10-10T00:50:00Z,84.96,8.953,30.36,2.658,50.2,21.375,400
2219-10-10T01:00:00Z,84.93,9.212,30.51,2.6263,50,20.329,390
2219-10-10T01:10:00Z,85.035,9.485,30.3,2.636,49.7,19.459,390
2219-10-10T01:20:00Z,85.455,9.415,30.42,2.6547,49.6,18.6,390
2219-10-10T01:30:00Z,85.17,9.541,30.03,2.6844,50,21.771,390
2219-10-10T01:40:00Z,84.06,9.114,29.34,2.5904,50.2,20.694,390
2219-10-10T01:50:00Z,84.81,8.785,30.27,2.6447,50,21.291,390
2219-10-10T02:00:00Z,85.23,8.589,30.03,2.7165,49.7,20.87,390
2219-10-10T02:10:00Z,85.44,8.834,29.79,2.6475,50.2,20.292,390
2219-10-10T02:20:00Z,84.975,9.373,30.42,2.6653,50.2,21.683,390
2219-10-10T02:30:00Z,85.365,9.849,30.03,2.6178,49.7,18.656,390
2219-10-10T02:40:00Z,84.945,10.059,29.82,2.6631,50,21.209,390
2219-10-10T02:50:00Z,84.69,10.108,30.87,2.6379,49.8,19.526,390
2219-10-10T03:00:00Z,84.885,9.94,29.52,2.5516,50,20.779,390
2219-10-10T03:10:00Z,85.635,9.66,29.64,2.5962,50,21.065,390
2219-10-10T03:20:00Z,84.765,9.212,30.03,2.6414,50,21.131,390
2219-10-10T03:30:00Z,84.66,9.464,29.52,2.6212,50,21.182,390
2219-10-10T03:40:00Z,84.3,9.786,30.06,2.6151,49.9,19.683,390
2219-10-10T03:50:00Z,84.975,10.535,30.66,2.6345,50.2,18.729,390
2219-10-10T04:00:00Z,85.23,10.36,29.79,2.6179,50,21.726,390
2219-10-10T04:10:00Z,85.305,10.871,29.46,2.5327,50,20.683,390
2219-10-10T04:20:00Z,85.02,11.074,30.15,2.6146,49.5,20.9,390
2219-10-10T04:30:00Z,84.96,10.598,29.64,2.5694,49.7,21.356,390
2219-10-10T04:40:00Z,84.705,10.563,29.94,2.6093,49.9,21.143,390
2219-10-10T04:50:00Z,85.08,11.06,30.09,2.6059,50.2,20.048,390
2219-10-10T05:00:00Z,84.615,10.549,29.43,2.5043,50.5,18.836,350
2219-10-10T05:10:00Z,85.38,10.479,30.12,2.6025,50.5,20.131,350
2219-10-10T05:20:00Z,84.765,10.346,29.82,2.5668,50.3,20.213,350
2219-10-10T05:30:00Z,84.99,10.43,30.39,2.572,50,19.2,350
2219-10-10T05:40:00Z,84.195,9.919,29.07,2.5678,49.9,21.12,350
2219-10-10T05:50:00Z,84.705,10.101,30.27,2.6156,50.2,22.036,350
2219-10-10T06:00:00Z,85.485,10.493,30.18,2.6132,50.2,18.489,350
2219-10-10T06:10:00Z,84.705,10.332,29.46,2.6154,49.6,21.48,350
2219-10-10T06:20:00Z,84.99,10.157,30.42,2.5859,50.1,20.459,350
2219-10-10T06:30:00Z,85.11,10.038,30.27,2.6474,49.9,19.883,350
2219-10-10T06:40:00Z,84.9,10.577,30.12,2.5383,50,19.483,350
2219-10-10T06:50:00Z,85.725,10.57,29.31,2.5605,49.8,19.213,350
2219-10-10T07:00:00Z,84.75,10.661,29.67,2.5839,50.1,18.928,350
2219-10-10T07:10:00Z,85.05,10.836,29.73,2.5856,50.3,20.034,350
2219-10-10T07:20:00Z,84.93,10.409,30.12,2.5977,49.8,18.868,350
2219-10-10T07:30:00Z,84.63,10.773,29.46,2.5954,49.9,20.884,350
2219-10-10T07:40:00Z,84.45,10.262,29.79,2.6138,50,17.92,350
2219-10-10T07:50:00Z,84.9,9.996,29.88,2.557,50.1,18.752,350
2219-10-10T08:00:00Z,84.975,9.653,30.3,2.5839,49.8,20.525,350
2219-10-10T08:10:00Z,85.38,9.877,29.94,2.649,49.7,20.353,350
2219-10-10T08:20:00Z,84.99,9.723,30.24,2.6517,49.8,22.64,350
2219-10-10T08:30:00Z,84.375,9.205,30.06,2.6446,50.2,19.65,350
2219-10-10T08:40:00Z,84.84,9.688,30.51,2.6057,50.1,18.181,350
2219-10-10T08:50:00Z,85.23,9.982,30.51,2.6432,49.6,20.204,350
2219-10-10T09:00:00Z,84.51,9.583,29.43,2.6303,50.1,18.916,340
2219-10-10T09:10:00Z,84.87,9.569,29.94,2.6124,49.7,21.633,340
2219-10-10T09:20:00Z,85.425,9.975,30.18,2.5939,50.2,21.466,340
2219-10-10T09:30:00Z,85.26,9.982,30.12,2.6183,50,20.087,340
2219-10-10T09:40:00Z,85.23,10.073,29.76,2.5975,50.2,18.775,340
2219-10-10T09:50:00Z,85.275,10.738,30.06,2.5889,50,21.223,340
2219-10-10T10:00:00Z,84.33,10.423,30.09,2.5654,50,21.208,340
2219-10-10T10:10:00Z,86.19,10.283,30.63,2.6364,49.9,20.991,340
2219-10-10T10:20:00Z,84.945,9.436,30.03,2.6369,50,18.824,340
2219-10-10T10:30:00Z,84.915,9.842,29.85,2.5994,50.3,20.8,340
2219-10-10T10:40:00Z,85.26,10.514,29.73,2.5626,49.9,19.4,340
2219-10-10T10:50:00Z,84.795,9.856,29.46,2.6519,50,20.289,340
2219-10-10T11:00:00Z,84.855,10.241,30.36,2.6031,49.8,20.152,340
2219-10-10T11:10:00Z,84.975,10.255,30.12,2.6057,50,20.241,340
2219-10-10T11:20:00Z,84.765,9.94,30.18,2.5975,50,21.311,340
2219-10-10T11:30:00Z,85.845,10.409,30.24,2.5793,49.7,19.62,340
2219-10-10T11:40:00Z,84.42,9.933,30.12,2.6308,49.9,19.737,340
2219-10-10T11:50:00Z,84.705,9.632,29.64,2.5811,50.1,20.535,340
2219-10-10T12:00:00Z,84.93,9.366,30.15,2.6286,49.9,21.865,340
2219-10-10T12:10:00Z,84.72,9.688,29.37,2.6086,49.9,21.47,340
2219-10-10T12:20:00Z,84.405,9.611,30.15,2.6396,49.9,22.065,340
2219-10-10T12:30:00Z,84.99,9.107,29.91,2.6345,50,20.282,340
2219-10-10T12:40:00Z,84.315,9.324,30.6,2.5979,50,18.828,340
2219-10-10T12:50:00Z,85.8,9.534,29.91,2.6059,50.1,20.706,340
2219-10-10T13:00:00Z,84.87,9.821,30.42,2.6726,50,20.477,450
2219-10-10T13:10:00Z,84.495,9.1,29.31,2.6049,49.5,21.485,450
2219-10-10T13:20:00Z,84.975,8.638,30.12,2.6245,49.8,19.608,450
