time,FT-101,FT-102,TT-103,TT-104,AT-103,TIC-103.out,FT-105,FT-106,JI-110,PT-100
2219-09-26T13:40:00Z,455.5,80,330.36,184.92,0.9,44.716,147.19,577.73,4757.9,835.05
2219-09-26T13:50:00Z,448,78.875,330.06,186.92,0.9,44.845,143.29,581.38,4888.3,839.1
2219-09-26T14:00:00Z,446.5,81.25,329.88,185,0.895,44.882,145.41,580.56,4938.8,835.95
2219-09-26T14:10:00Z,450,81,330.06,185.88,0.895,44.811,143.9,582.62,4849,832.05
2219-09-26T14:20:00Z,449,81.75,330.24,187.52,0.895,44.696,144.43,581.26,4841.4,831.15
2219-09-26T14:30:00Z,447,81.875,329.82,185.16,0.895,44.815,148.59,589.5,4940.1,821.25
2219-09-26T14:40:00Z,445.5,79.5,329.82,183.4,0.89,44.855,146.63,576.54,4707.9,813.75
2219-09-26T14:50:00Z,457.5,82.75,329.52,181.44,0.89,45.12,145,586.28,4991,810.9
2219-09-26T15:00:00Z,440.5,83.25,330.3,183.64,0.89,44.935,145.41,582.7,4972.9,805.5
2219-09-26T15:10:00Z,455,84.875,329.58,183,0.89,45.254,145.5,579.31,5010.4,807.75
2219-09-26T15:20:00Z,445,84,329.58,180,0.89,45.295,146.58,577.87,4972.8,796.5
2219-09-26T15:30:00Z,453,82.5,329.46,178.6,0.895,45.48,144.45,575.34,4923,800.1
2219-09-26T15:40:00Z,452.5,81.125,329.94,181.32,0.9,45.376,146.6,582.06,4886.5,796.2
2219-09-26T15:50:00Z,458,80.625,330,179.72,0.9,45.31,142.63,575.8,4877.4,795.6
2219-09-26T16:00:00Z,448,83.5,330.24,179,0.895,45.227,143.48,574.13,4952.8,797.1
2219-09-26T16:10:00Z,454.5,81.5,329.46,178.16,0.89,45.626,145.05,579.41,4909.3,787.95
2219-09-26T16:20:00Z,452,83.125,329.4,175.28,0.89,45.75,144.71,580.88,4972.3,789.3
2219-09-26T16:30:00Z,449,80.5,330,178.36,0.9,45.608,146.26,580.58,4924.2,791.1
2219-09-26T16:40:00Z,451.5,84.375,329.76,178.68,0.9,45.648,143.58,581.66,4824,790.65
2219-09-26T16:50:00Z,454.5,82.75,330.36,181.4,0.9,45.343,144.4,576.26,4992.4,782.55
2219-09-26T17:00:00Z,451.5,81.125,330.72,180.88,0.89,45.101,147.25,577.18,4910.1,785.55
2219-09-26T17:10:00Z,456.5,80.625,330.06,179,0.895,45.331,147.2,582.56,4911.3,791.55
2219-09-26T17:20:00Z,452.5,80,329.7,174.8,0.895,45.554,144.32,587.26,4862.8,791.55
2219-09-26T17:30:00Z,457.5,81,329.16,174.8,0.89,45.986,146.8,576.52,4801.4,785.4
2219-09-26T17:40:00Z,449,85.75,329.64,175.68,0.895,45.892,146.97,578.77,5002,785.25
2219-09-26T17:50:00Z,451.5,80.125,330.12,176.72,0.895,45.708,143.91,582,4743.7,790.5
2219-09-26T18:00:00Z,455,86.5,330.78,179.24,0.895,45.396,144.45,581.77,5016.6,795.3
2219-09-26T18:10:00Z,462,78.875,330.54,179.6,0.895,45.4,145.17,585.45,4817.6,793.35
2219-09-26T18:20:00Z,452.5,82.625,330.36,179.04,0.895,45.433,143.39,585.29,4964.8,793.5
2219-09-26T18:30:00Z,452.5,81.25,330,178.44,0.9,45.606,145.66,585.56,4883.9,796.35
2219-09-26T18:40:00Z,446.5,78.5,329.58,175.4,0.89,45.753,147.56,580.37,4701.4,799.8
2219-09-26T18:50:00Z,449,80.875,329.04,175.24,0.89,46.032,146.33,586.01,4918.9,806.85
2219-09-26T19:00:00Z,453.5,79.625,330.06,175.84,0.89,45.693,147.02,581.95,4896.8,806.85
2219-09-26T19:10:00Z,448,81,329.76,175.44,0.895,45.851,143.5,581.72,4912.7,808.8
2219-09-26T19:20:00Z,451.5,83.125,329.76,174.96,0.895,45.879,144.19,585.65,4861.1,812.85
2219-09-26T19:30:00Z,453,79.125,330.06,174.64,0.89,45.778,146.73,588.3,4822.6,810.9
2219-09-26T19:40:00Z,450.5,83.25,330,174.28,0.895,45.829,143.11,580.12,4872.7,817.8
2219-09-26T19:50:00Z,438,79,329.76,174.08,0.895,45.947,145.09,578.85,4835.4,822.45
2219-09-26T20:00:00Z,450.5,84.125,329.52,172.2,0.89,46.138,146.31,586.92,4879.3,819
2219-09-26T20:10:00Z,441.5,82.25,330,170.36,0.89,46.082,144.73,582.03,4890.9,818.85
2219-09-26T20:20:00Z,448.5,84,329.28,172.84,0.89,46.46,143.39,577.05,4967.6,820.35
2219-09-26T20:30:00Z,454.5,79.375,330.3,169.2,0.89,46.073,145.85,583.06,4864.2,820.5
2219-09-26T20:40:00Z,452,79.625,329.22,166.36,0.89,46.627,144.59,572.12,4796,822.15
2219-09-26T20:50:00Z,446.5,83.5,329.1,165.08,0.89,46.826,144.78,578.75,4907.2,815.1
2219-09-26T21:00:00Z,457.5,82,329.76,166.32,0.895,46.692,144.42,583.66,4876.9,811.65
2219-09-26T21:10:00Z,451.5,77.25,330.36,167,0.905,46.498,143.62,583.97,4891.4,815.1
2219-09-26T21:20:00Z,448.5,83.125,330.36,166.8,0.905,46.506,143.91,576.59,4918.7,821.85
2219-09-26T21:30:00Z,452,80.25,330.18,169.64,0.895,46.541,144.18,582.03,4794.7,818.1
2219-09-26T21:40:00Z,459.5,81.875,331.02,173.44,0.9,46.089,145.69,580.16,4926.2,823.5
2219-09-26T21:50:00Z,439.5,83.375,330.84,174.04,0.9,45.963,146.56,578.03,4958.7,822.45
2219-09-26T22:00:00Z,455.5,81.125,330.3,174.92,0.895,46.003,146.94,588.69,4989.1,818.4
2219-09-26T22:10:00Z,452.5,81.75,329.82,172.8,0.9,46.069,143.53,582.72,4922.3,815.25
2219-09-26T22:20:00Z,450,80.5,330.06,175.44,0.9,45.971,145.46,582.09,4908.3,814.35
2219-09-26T22:30:00Z,447,80.75,329.58,175.92,0.89,46.135,145.49,582.58,4921.9,818.85
2219-09-26T22:40:00Z,454.5,84.125,330.3,173.88,0.9,45.791,145.66,580,4951.6,827.25
2219-09-26T22:50:00Z,453,79.625,330,174.04,0.9,45.91,144.54,580.68,4801,822.6
2219-09-26T23:00:00Z,448,81.75,329.64,174.48,0.89,46.092,144.9,576.74,4842.5,827.4
2219-09-26T23:10:00Z,454,78.125,329.64,172.28,0.895,46.133,145.2,580.28,4807.3,829.8
2219-09-26T23:20:00Z,440,80.875,329.46,171.28,0.895,46.272,147.07,573.64,5033,822
2219-09-26T23:30:00Z,453.5,84.25,330.3,173.12,0.89,45.986,142.94,589.14,5003.2,816.9
2219-09-26T23:40:00Z,440.5,82.5,330.06,173.16,0.895,46.065,144.94,576.22,4947.7,818.1
2219-09-26T23:50:00Z,447,84.125,329.7,174.28,0.895,46.172,146.46,584.53,4886.2,822.9
2219-09-27T00:00:00Z,450,81.375,329.28,171.72,0.895,46.333,145.99,582.06,4939.3,823.2
2219-09-27T00:10:00Z,454,79,330.24,175.48,0.89,45.972,144.05,586.85,4985.6,823.8
2219-09-27T00:20:00Z,446.5,85,330.54,176.12,0.89,45.759,147.21,578.8,4935.5,813.6
2219-09-27T00:30:00Z,451.5,83.5,330.42,178.12,0.895,45.694,145.32,584.11,5110.2,816.75
2219-09-27T00:40:00Z,446.5,80.25,330.42,176.44,0.885,45.623,144.83,574.67,4859.6,817.65
2219-09-27T00:50:00Z,449,79.25,329.64,175,0.885,45.925,144.44,581.86,4954.3,815.25
2219-09-27T01:00:00Z,452.5,83.375,329.1,173.6,0.885,46.184,145.51,583.22,5004.6,813.45
2219-09-27T01:10:00Z,454.5,83.625,330,175.24,0.895,45.876,145.08,579.77,4959.4,813.3
2219-09-27T01:20:00Z,445.5,82.875,329.76,174.84,0.895,45.962,146.59,587.68,4914.9,820.05
2219-09-27T01:30:00Z,447.5,84.5,330.66,180.64,0.885,45.526,147.71,586.65,5032.1,819.45
2219-09-27T01:40:00Z,461,78.75,330.9,179.84,0.89,45.248,144.63,578.24,4905.1,818.1
2219-09-27T01:50:00Z,454.5,80.625,330.24,180.6,0.89,45.432,145.09,584.23,4855.5,816.9
2219-09-27T02:00:00Z,468.5,77.875,329.82,178.32,0.895,45.583,145.21,588.6,4900.1,814.8
2219-09-27T02:10:00Z,444,79.875,330.36,180.72,0.895,45.354,146.02,579.68,4828.2,821.1
2219-09-27T02:20:00Z,458.5,81.125,330,180.4,0.895,45.48,146.86,582.47,4955.2,822.45
2219-09-27T02:30:00Z,449.5,77.875,329.94,180.2,0.9,45.464,144.34,579.91,4840,819.45
2219-09-27T02:40:00Z,455.5,80.625,330.18,180.36,0.895,45.316,144.9,579.94,4911.8,820.05
2219-09-27T02:50:00Z,453,80,330,182.4,0.895,45.355,142.94,581.74,4979,824.1
2219-09-27T03:00:00Z,456.5,81.25,330.18,183.44,0.89,45.219,145.13,580.54,4879.3,822
2219-09-27T03:10:00Z,459,83.75,330.72,186.28,0.895,44.872,144.63,578.9,4937.2,818.4
2219-09-27T03:20:00Z,449,79.75,330.78,184.96,0.895,44.715,145,582.82,4851.7,818.1
2219-09-27T03:30:00Z,446,80.5,330.12,182.52,0.89,44.963,144.64,581.53,4946.4,823.2
2219-09-27T03:40:00Z,440.5,84.625,329.46,181.72,0.89,45.315,144.35,577.12,4944.7,824.25
2219-09-27T03:50:00Z,451,79.375,329.82,182.48,0.89,45.221,146.17,579.5,4848.9,827.85
2219-09-27T04:00:00Z,443,79.375,329.82,181.72,0.895,45.265,142.26,584.54,4796.6,823.95
2219-09-27T04:10:00Z,444,79.25,330.12,181.96,0.89,45.174,144.65,584.52,4940.2,814.8
2219-09-27T04:20:00Z,454,79.375,330.36,183.12,0.89,45.059,145.19,587.4,4876.2,820.65
2219-09-27T04:30:00Z,446,84,329.82,181.2,0.895,45.238,146.75,578.39,4964.1,821.4
2219-09-27T04:40:00Z,458.5,78.375,330.12,181.04,0.895,45.149,146.62,582.5,4792.2,815.7
2219-09-27T04:50:00Z,439.5,80.25,329.34,179.12,0.895,45.527,144.44,582.54,4742.4,805.5
2219-09-27T05:00:00Z,439,82.125,329.58,180.88,0.895,45.529,145.46,586.17,4840.8,806.55
2219-09-27T05:10:00Z,455,78.25,330.06,183.04,0.89,45.337,146.06,583,4764.2,812.4
2219-09-27T05:20:00Z,445,82.125,329.88,182.92,0.89,45.396,147.4,580.04,4824.7,816.15
2219-09-27T05:30:00Z,443.5,80.125,329.7,181.16,0.9,45.393,143.98,577.19,4894.8,817.65
2219-09-27T05:40:00Z,451,85.375,330.48,181.16,0.895,45.077,146.97,582.58,5092.7,821.55
2219-09-27T05:50:00Z,449,81.5,329.64,178.72,0.895,45.48,144.36,572.77,4976,822
2219-09-27T06:00:00Z,449.5,79.875,329.82,176.92,0.9,45.504,144.15,579.26,4968.6,815.4
2219-09-27T06:10:00Z,446,82,329.76,175.6,0.9,45.663,144.46,586.02,4781.2,816
2219-09-27T06:20:00Z,452.5,82.25,330.12,178.08,0.9,45.584,145.75,581.2,4906.2,812.85
2219-09-27T06:30:00Z,456.5,81.375,329.88,178.44,0.89,45.697,145.61,581.76,4928.9,812.55
2219-09-27T06:40:00Z,449,81.75,329.52,178.52,0.89,45.845,143.69,583.26,4898.5,810.6
2219-09-27T06:50:00Z,450.5,82.375,330.42,178.76,0.89,45.471,146.65,577.12,4904.4,816.75
2219-09-27T07:00:00Z,450.5,81.25,330.18,174.76,0.89,45.533,146.23,579.63,4850.7,813.75
2219-09-27T07:10:00Z,457,81.625,329.4,176.28,0.895,45.945,145.11,582.67,4960.5,819.45
2219-09-27T07:20:00Z,461,81.125,329.4,176.16,0.895,45.996,142.74,573.13,4896.5,818.85
2219-09-27T07:30:00Z,447,83.75,330.54,177.84,0.9,45.509,145.61,573.09,4881,818.25
2219-09-27T07:40:00Z,454,80,329.88,175.84,0.89,45.754,146.4,579.17,5010.2,816.6
2219-09-27T07:50:00Z,452.5,83.875,330.18,172.28,0.89,45.7,144.38,584.6,4983.9,822.45
2219-09-27T08:00:00Z,441.5,80.625,329.64,172.84,0.89,46.06,145.34,575.71,4945.9,825.15
2219-09-27T08:10:00Z,454,81.375,329.34,169.28,0.9,46.289,144.34,579.68,4852.7,816.9
2219-09-27T08:20:00Z,453,85.5,329.88,170.76,0.9,46.22,145.85,580.58,4949.3,819.6
2219-09-27T08:30:00Z,458.5,82.625,329.82,168.76,0.895,46.324,144.93,585.96,4928.2,815.1
2219-09-27T08:40:00Z,454,77.75,329.94,171.68,0.89,46.316,145.56,578.81,4852.6,817.35
2219-09-27T08:50:00Z,441.5,82.875,329.1,167.52,0.89,46.701,146.64,582.64,4912.6,809.4
2219-09-27T09:00:00Z,456.5,81.5,329.7,166.2,0.885,46.567,145.8,579.53,4973.7,818.4
2219-09-27T09:10:00Z,453.5,83.125,329.94,167.52,0.895,46.603,147.64,582.2,4919.7,816.45
2219-09-27T09:20:00Z,449.5,81.5,329.4,168.52,0.895,46.818,147.03,579.49,5051.3,810.9
2219-09-27T09:30:00Z,442.5,81,330.24,168.52,0.9,46.445,143.89,585.76,4887.6,810.45
2219-09-27T09:40:00Z,444,85.75,329.76,168.68,0.895,46.635,143.03,581.6,5044.5,814.65
2219-09-27T09:50:00Z,446.5,83.125,329.94,171.08,0.895,46.511,145.15,581.52,4943.5,810
2219-09-27T10:00:00Z,445.5,82.625,330,173.24,0.9,46.392,146.09,585.83,4966.3,806.85
2219-09-27T10:10:00Z,444,80.25,330.9,174.24,0.895,45.885,145.03,576.71,4837.6,815.25
2219-09-27T10:20:00Z,446.5,80.5,330.12,176.2,0.895,46.056,144.77,579.41,4866.1,811.5
2219-09-27T10:30:00Z,445.5,82.125,330.3,175.16,0.89,45.867,143.54,584.77,4868.3,809.85
2219-09-27T10:40:00Z,467,78.25,330.3,175.64,0.885,45.829,146.3,578.64,4855,801.45
2219-09-27T10:50:00Z,450.5,83.375,330.24,177.2,0.885,45.79,144.64,581.37,4816.4,800.4
2219-09-27T11:00:00Z,454,81.875,330.12,175.36,0.895,45.751,144.94,586.55,4851.9,803.85
2219-09-27T11:10:00Z,463.5,78.75,329.82,175.48,0.9,45.916,143.33,581.23,4949.6,802.65
2219-09-27T11:20:00Z,449,83,330.12,176.64,0.9,45.797,145.57,579.56,5064.9,809.7
2219-09-27T11:30:00Z,452.5,82.25,330.36,178.12,0.89,45.661,146.56,586.58,4968.9,817.5
2219-09-27T11:40:00Z,430,81.875,330.36,178,0.895,45.601,145.52,582.21,4848.5,810.9
2219-09-27T11:50:00Z,447,83.875,330.12,176.64,0.895,45.649,145.14,584.96,5024.5,814.35
2219-09-27T12:00:00Z,444,81.875,330.3,177.52,0.89,45.575,144.48,569.73,4884,824.7
2219-09-27T12:10:00Z,439.5,82.375,330.78,180.84,0.89,45.314,146.07,586,4889.7,822.45
2219-09-27T12:20:00Z,453.5,81.375,330.42,179.28,0.89,45.34,146.15,586.5,4976.9,829.2
2219-09-27T12:30:00Z,454,87.375,329.88,181.04,0.88,45.531,147.51,585.78,5074,835.2
2219-09-27T12:40:00Z,454,80.25,330.06,183.52,0.895,45.384,144.54,580.08,4904.2,842.25
2219-09-27T12:50:00Z,450.5,80.625,330.24,181.84,0.895,45.188,147.59,589.18,5011.2,837.75
2219-09-27T13:00:00Z,444,83.375,330.12,182.96,0.895,45.192,145.76,581.71,4996.4,848.85
2219-09-27T13:10:00Z,444,82.125,329.4,177.2,0.89,45.527,144.47,580.01,4804.7,851.7
2219-09-27T13:20:00Z,456,81,329.34,176.64,0.89,45.713,145.11,579.21,4947.8,856.65
2219-09-27T13:30:00Z,460.5,81.25,330,178.52,0.89,45.546,146.69,578.85,4949.2,856.2
2219-09-27T13:40:00Z,442.5,84.5,329.82,177.12,0.895,45.645,145.53,581.86,4900.1,860.55
2219-09-27T13:50:00Z,446.5,80.875,330.12,179.16,0.895,45.577,143.18,576.16,4994.2,858.75
2219-09-27T14:00:00Z,451.5,80.375,329.76,179.12,0.895,45.705,142.32,573.22,4757.2,856.8
2219-09-27T14:10:00Z,450.5,80.875,330.48,179.72,0.905,45.371,142.81,575.85,4901.1,851.25
2219-09-27T14:20:00Z,450,83.625,329.82,180.52,0.905,45.632,144.41,580.07,5049.7,854.25
2219-09-27T14:30:00Z,448,79.75,330.24,181.88,0.895,45.385,145.33,576.53,4876.5,852.15
2219-09-27T14:40:00Z,460.5,85.875,330.3,180.8,0.895,45.292,147.6,584.6,5142.9,848.4
2219-09-27T14:50:00Z,447,82.875,329.88,184.76,0.895,45.427,144.62,578.85,4915.6,839.4
2219-09-27T15:00:00Z,450.5,85.625,330.42,183.32,0.9,45.105,145.84,585.33,5008.1,840.3
2219-09-27T15:10:00Z,457,79.875,330.24,182.4,0.885,45.153,145.41,586.53,4911.7,838.5
2219-09-27T15:20:00Z,442,82,330.48,183.36,0.885,45.034,145.07,576.44,4977.3,845.1
2219-09-27T15:30:00Z,440.5,80.75,330.18,182.76,0.895,45.154,145.53,580.71,4810.5,843.3
2219-09-27T15:40:00Z,442,83.375,330.6,183.44,0.89,44.933,144.98,583.48,4873.5,838.35
2219-09-27T15:50:00Z,456,80,330.6,186.12,0.89,44.883,145.31,583.46,4861.1,835.2
2219-09-27T16:00:00Z,446,82.375,330.96,187.24,0.89,44.615,144.49,588.28,4881,828
2219-09-27T16:10:00Z,454.5,80.25,330.24,188.28,0.895,44.791,143.66,577.79,4808.6,829.35
2219-09-27T16:20:00Z,449.5,82.25,330.42,190.56,0.895,44.619,143.77,577.64,4884.9,832.95
2219-09-27T16:30:00Z,447.5,81,330.3,191.32,0.9,44.472,142.04,583.07,4807.1,835.65
2219-09-27T16:40:00Z,452.5,79.875,330.48,190.72,0.895,44.282,145.57,585.14,4849.4,829.8
2219-09-27T16:50:00Z,455,80.875,330,188.84,0.895,44.467,145.46,583.99,4818.5,824.55
2219-09-27T17:00:00Z,458,83.875,329.52,189.4,0.895,44.735,146.23,587.7,5012.6,826.65
2219-09-27T17:10:00Z,445.5,81.625,329.76,188.08,0.9,44.701,146.12,578.92,4871.9,827.25
2219-09-27T17:20:00Z,450.5,84.375,329.34,187.24,0.9,44.929,145.34,581.19,4961.7,829.05
2219-09-27T17:30:00Z,443,80,330.06,188.08,0.89,44.692,146.37,574,4881.4,829.95
2219-09-27T17:40:00Z,451,84.625,329.76,185.76,0.89,44.849,146.24,584.47,5061,832.95
2219-09-27T17:50:00Z,451,78.875,330.3,185.56,0.89,44.677,146.58,580,4861.9,828.3
2219-09-27T18:00:00Z,460.5,80.25,330.06,184.64,0.89,44.803,144.55,583.14,4885.5,821.4
2219-09-27T18:10:00Z,438.5,84.875,329.58,182.92,0.895,45.077,144.85,581.24,4921.9,829.95
2219-09-27T18:20:00Z,449,82,329.46,184.6,0.895,45.218,144.42,585.23,4938,822.75
2219-09-27T18:30:00Z,455,81.375,330,186.36,0.895,44.997,146.55,583.17,4860,828.6
2219-09-27T18:40:00Z,446,80.125,330.12,186.72,0.895,44.876,147.32,574.89,4991.7,822.6
2219-09-27T18:50:00Z,439.5,80.375,329.7,185.4,0.895,45.011,144.59,581.78,4893.8,826.8
2219-09-27T19:00:00Z,454,80.875,330.24,186.88,0.9,44.796,146.45,572.27,4847.3,818.4
2219-09-27T19:10:00Z,444.5,80.25,330.48,185.84,0.895,44.675,145.62,582.59,4880.4,815.1
2219-09-27T19:20:00Z,446,79.5,330.24,185.12,0.895,44.75,144.06,585.02,4933.6,814.95
2219-09-27T19:30:00Z,460,83,329.94,185.88,0.9,44.901,145.72,581.41,4901.1,816.3
2219-09-27T19:40:00Z,458,81.375,330.12,186.64,0.89,44.819,144.74,580.32,4878.4,816.3
2219-09-27T19:50:00Z,447,81.75,330.18,187.44,0.89,44.744,146.31,575.82,4940.6,823.2
2219-09-27T20:00:00Z,459,82.5,329.58,185.36,0.89,44.982,144.61,574.64,4946.5,821.25
2219-09-27T20:10:00Z,453,82.375,330.42,187.28,0.89,44.636,145.86,579.34,4891.1,821.4
2219-09-27T20:20:00Z,453,82.25,330.12,187.08,0.89,44.73,144.89,569.08,4878.6,821.55
2219-09-27T20:30:00Z,451.5,84.25,329.76,187.52,0.895,44.86,145.57,575.9,5004,820.8
2219-09-27T20:40:00Z,440.5,86.125,330.12,184.24,0.895,44.753,144.06,579.5,5024.8,823.8
2219-09-27T20:50:00Z,447.5,84.375,329.76,184.76,0.895,44.979,145.75,577.74,5005,819.45
2219-09-27T21:00:00Z,461,78.75,329.4,182.48,0.9,45.214,146.82,576.68,4902.8,823.2
2219-09-27T21:10:00Z,444.5,82.5,329.58,180.88,0.885,45.231,145.22,584.77,4875.8,827.25
2219-09-27T21:20:00Z,441,84.625,328.86,180,0.885,45.674,145.87,573.28,4954.7,831.15
2219-09-27T21:30:00Z,453,85.75,330.24,178.56,0.895,45.216,145.58,580.52,4889.4,834
2219-09-27T21:40:00Z,452,83,329.34,179.28,0.895,45.7,144.36,575.52,5020.1,832.5
2219-09-27T21:50:00Z,452,84.75,329.52,178.4,0.895,45.683,144.27,585.07,5011.3,833.55
2219-09-27T22:00:00Z,457.5,81.25,329.58,176.72,0.885,45.725,144.98,573.6,4794.6,830.4
2219-09-27T22:10:00Z,450,81.625,330,179.12,0.89,45.619,146.12,576.41,4847.8,831.75
2219-09-27T22:20:00Z,449.5,83.375,330.42,180.64,0.89,45.407,144.84,589.04,4985.1,835.5
2219-09-27T22:30:00Z,447.5,80.125,329.94,175.88,0.895,45.537,145.06,575.23,4844.1,830.7
2219-09-27T22:40:00Z,447.5,81.75,329.94,180.44,0.89,45.628,145.06,580.08,4889,834.3
2219-09-27T22:50:00Z,459.5,80.875,330.54,179.88,0.89,45.333,146.61,570.54,4786.3,838.8
2219-09-27T23:00:00Z,455.5,84.125,330.42,178.6,0.885,45.355,145.58,582.92,4927.5,834.15
2219-09-27T23:10:00Z,441,78.875,329.94,179.56,0.89,45.543,144.82,587.65,4810.5,838.35
2219-09-27T23:20:00Z,454.5,81,329.88,179.56,0.89,45.566,145.83,578.08,4856.6,835.5
2219-09-27T23:30:00Z,453.5,82.125,330.24,178.68,0.895,45.449,146.01,581.68,4922.4,840.3
2219-09-27T23:40:00Z,442.5,79.5,330.06,180.04,0.895,45.504,145.1,586.32,4807.5,840.3
2219-09-27T23:50:00Z,456,77.5,329.16,178,0.895,45.884,143.29,577.61,4765.2,840
2219-09-28T00:00:00Z,435.5,82,329.64,178.64,0.895,45.744,143.03,577.77,4920.6,843.3
2219-09-28T00:10:00Z,458,85.125,330.3,180.04,0.89,45.466,145.51,580.62,4950.4,846.15
2219-09-28T00:20:00Z,460.5,79.625,329.52,178.4,0.89,45.771,147.46,580.53,4869.3,847.8
2219-09-28T00:30:00Z,458,81.75,330.12,177.68,0.895,45.556,146.21,579.74,4961,847.05
2219-09-28T00:40:00Z,462.5,81.125,330.3,178.4,0.9,45.501,144.06,591.04,4953.2,840.6
2219-09-28T00:50:00Z,445.5,85.125,330.6,181.16,0.9,45.338,143.3,580.74,4987.5,831.6
2219-09-28T01:00:00Z,442,80.75,330.18,181.92,0.895,45.415,145.33,585.46,4852.1,832.95
2219-09-28T01:10:00Z,450,84.375,330.24,182.8,0.9,45.305,142.49,577.07,5014,830.25
2219-09-28T01:20:00Z,456,82.75,330.12,182.12,0.9,45.282,144.1,586.02,4989.2,826.35
2219-09-28T01:30:00Z,462.5,79.5,329.4,181.16,0.885,45.565,145.12,582.9,4763.4,839.4
2219-09-28T01:40:00Z,449,78.75,330.36,181.96,0.895,45.184,146.32,584.87,4892.6,834.75
2219-09-28T01:50:00Z,448,83.875,329.7,184.6,0.895,45.432,143.82,578.54,4905,831.6
2219-09-28T02:00:00Z,456,84.875,330.12,182.24,0.89,45.165,145.21,580.25,4964.2,826.35
2219-09-28T02:10:00Z,447.5,86.625,329.88,182.68,0.895,45.256,144.86,584.49,5063,830.1
2219-09-28T02:20:00Z,447,82.125,330.48,181.32,0.895,45.053,144.67,582.54,4884.2,839.25
2219-09-28T02:30:00Z,451,81.875,329.88,181.68,0.885,45.322,145.41,584.31,5006.9,837.15
2219-09-28T02:40:00Z,449,82.625,329.64,180.32,0.895,45.49,143.21,587.11,4948,840
2219-09-28T02:50:00Z,451.5,81.625,330.3,183.32,0.895,45.242,142.93,581.4,4904.2,838.95
2219-09-28T03:00:00Z,452,82.25,330.54,185.84,0.89,45.039,145.36,582.31,4929.1,837.45
2219-09-28T03:10:00Z,451.5,79,330.6,189.24,0.9,44.845,144.46,580.03,4796.8,836.85
2219-09-28T03:20:00Z,448,81.375,330.42,187.28,0.9,44.721,145.82,584.98,4993.7,828.6
2219-09-28T03:30:00Z,445,83.125,330.12,186.36,0.89,44.799,144.45,582.3,4964.7,832.65
2219-09-28T03:40:00Z,450,81.875,330.06,185.52,0.9,44.832,143.75,573.67,4810.6,829.05
2219-09-28T03:50:00Z,446.5,82.375,329.4,186.16,0.9,45.15,144.29,586.96,4868.6,825.9
2219-09-28T04:00:00Z,454.5,82.625,330.12,183.28,0.885,44.909,143.31,572.55,4932.2,829.35
2219-09-28T04:10:00Z,447.5,79.5,329.58,183.72,0.895,45.224,144.12,577.13,4832,828.45
2219-09-28T04:20:00Z,456,79.375,329.82,183.76,0.895,45.161,145.42,582.19,4861.8,840.45
2219-09-28T04:30:00Z,451.5,81.25,330.24,184.92,0.89,45.001,143.38,578.12,4914.1,838.2
2219-09-28T04:40:00Z,449.5,83.25,329.82,185,0.885,45.146,145.11,584.49,4991,839.85
2219-09-28T04:50:00Z,444.5,84,329.76,181.8,0.885,45.167,145.32,578.9,4967.2,846
2219-09-28T05:00:00Z,449,79.75,329.82,182.72,0.895,45.215,144.62,579.28,4856.3,845.7
2219-09-28T05:10:00Z,455,80.875,330,184.28,0.885,45.176,145.71,578.76,4883.2,843.6
2219-09-28T05:20:00Z,455.5,79.25,329.82,185.24,0.885,45.216,144.09,574.63,4769.3,838.65
2219-09-28T05:30:00Z,453,82.75,329.82,181.68,0.885,45.203,145.92,584.58,4890.1,844.65
2219-09-28T05:40:00Z,466.5,78.625,328.98,177.12,0.9,45.685,147.25,579.13,4777,844.35
2219-09-28T05:50:00Z,451.5,77,329.64,180,0.9,45.607,145.49,581.64,4637.2,838.95
2219-09-28T06:00:00Z,455,84,329.28,175.52,0.895,45.846,148.2,580.1,4918.2,847.5
2219-09-28T06:10:00Z,451.5,86.625,329.76,176.84,0.89,45.775,145.5,584.55,5006.1,854.55
2219-09-28T06:20:00Z,450.5,80.5,329.16,175.44,0.89,46.1,145.34,577.77,4898.1,855
2219-09-28T06:30:00Z,451,81.75,330.42,174.56,0.895,45.649,145.37,572.49,4843.4,863.55
2219-09-28T06:40:00Z,452.5,80.75,329.34,172.76,0.895,46.194,145.7,583.33,4862.6,859.8
2219-09-28T06:50:00Z,445,81.75,329.88,171.2,0.895,46.098,143.65,572.22,4893.1,858.15
2219-09-28T07:00:00Z,445.5,81.125,329.46,171.88,0.89,46.375,143.88,574.26,4872.7,852.9
2219-09-28T07:10:00Z,445,80.75,329.04,171.2,0.89,46.593,146.14,580.6,4852.4,859.35
2219-09-28T07:20:00Z,449,80.625,329.94,169.6,0.89,46.287,143.77,574.22,4861.1,852.75
2219-09-28T07:30:00Z,444,85.875,329.64,171,0.895,46.499,143.69,579.38,4965.7,849.9
2219-09-28T07:40:00Z,456.5,81.5,330.42,172.68,0.89,46.192,143.81,575.84,4900.2,844.8
2219-09-28T07:50:00Z,452,79.75,330.3,168.28,0.89,46.214,145.86,579.22,4817.2,845.7
2219-09-28T08:00:00Z,452.5,82.125,329.64,168.84,0.895,46.564,144.52,590.52,5025.6,853.95
2219-09-28T08:10:00Z,447.5,80.75,329.94,170.72,0.89,46.479,143.63,576.14,4756.2,853.35
2219-09-28T08:20:00Z,450,83,330.36,173,0.89,46.27,144.21,579.83,4994.3,862.65
2219-09-28T08:30:00Z,447.5,83.875,330,175.96,0.89,46.3,145.63,581.77,4904.6,857.85
2219-09-28T08:40:00Z,459.5,83,330.42,176.6,0.89,45.966,145.42,583.9,4954.1,858.75
2219-09-28T08:50:00Z,443,80.875,329.88,177.32,0.89,46.045,146.09,584.55,4966.7,850.05
2219-09-28T09:00:00Z,452.5,81.125,330.84,178.4,0.895,45.561,146.9,586.6,4946.9,842.4
2219-09-28T09:10:00Z,445,78.875,330.54,179.64,0.895,45.576,143.52,584.88,4879.8,842.25
2219-09-28T09:20:00Z,457,83,330.3,178.32,0.895,45.562,145.67,578.18,4855.6,846.75
2219-09-28T09:30:00Z,445.5,82.875,330.3,179.88,0.895,45.521,145.15,584.22,4930.9,846.75
2219-09-28T09:40:00Z,446,84.75,329.94,179.88,0.875,45.605,144.65,586.87,4985.8,853.8
2219-09-28T09:50:00Z,453,81.625,330.36,181.36,0.875,45.386,145.87,578.61,4902.8,856.8
2219-09-28T10:00:00Z,449,82.75,329.82,181.2,0.9,45.553,144.81,581.85,4957.9,864
2219-09-28T10:10:00Z,448.5,79.875,330.42,183.24,0.885,45.267,143.99,577.89,4825.9,859.5
2219-09-28T10:20:00Z,457.5,78.375,330.96,184.28,0.885,44.927,144.79,580.18,4801.6,860.7
2219-09-28T10:30:00Z,445,78.625,330.12,183.6,0.895,45.188,143.57,573.27,4743,859.95
2219-09-28T10:40:00Z,458.5,83.75,330.42,182.76,0.895,45.063,145.88,583.57,4983.9,857.4
2219-09-28T10:50:00Z,443,84.875,330.48,184.36,0.895,45.019,144.84,575.81,4976,855.6
2219-09-28T11:00:00Z,448.5,81.125,330.54,184.2,0.885,44.937,147.89,581.88,4787.8,857.7
2219-09-28T11:10:00Z,446,86.25,330.24,185.12,0.9,45.034,146.34,575.89,4929.8,861.6
2219-09-28T11:20:00Z,448,81.625,329.64,184.56,0.9,45.228,144.67,580.76,4918.7,859.65
2219-09-28T11:30:00Z,448.5,82.375,330.18,184.24,0.885,44.997,147.16,579.54,4883.8,857.55
2219-09-28T11:40:00Z,451,82.875,330,183.6,0.89,45.118,145.26,584.29,4985.8,858.15
2219-09-28T11:50:00Z,453.5,86.75,330,185.2,0.89,45.141,146.28,578.7,4946.7,862.35
2219-09-28T12:00:00Z,444.5,78,330.54,184.92,0.89,44.886,146.18,584.72,4802.4,869.1
2219-09-28T12:10:00Z,455,80,329.64,183.68,0.895,45.238,145.6,577.87,4839.5,866.1
2219-09-28T12:20:00Z,456,79.5,330.42,184.36,0.895,44.92,142.04,583.7,4843.9,868.95
2219-09-28T12:30:00Z,450.5,84.375,330.18,184.28,0.895,45.02,143.03,585.15,4919.9,865.05
2219-09-28T12:40:00Z,442.5,81.875,329.52,183.08,0.895,45.321,145.09,580.59,4937.6,868.2
2219-09-28T12:50:00Z,449.5,81.75,330.3,184.04,0.895,45.034,144.99,578.56,4919.9,869.25
2219-09-28T13:00:00Z,454,84.25,329.64,184.48,0.89,45.319,146.8,581.05,5051.5,873.3
2219-09-28T13:10:00Z,448.5,80.375,329.94,185.36,0.89,45.186,144.2,576.59,4847.3,873.75
2219-09-28T13:20:00Z,452,82.75,330.96,189.08,0.89,44.666,143.94,576.3,4949.6,878.4
2219-09-28T13:30:00Z,460,79.125,330.84,190.8,0.89,44.528,148,579.53,4730.3,879.75
2219-09-28T13:40:00Z,453,81.625,330,190.04,0.895,44.683,145.53,579.32,4965.8,878.7
2219-09-28T13:50:00Z,445,84.5,330.06,190.48,0.895,44.558,143.39,577.55,4974.1,877.8
2219-09-28T14:00:00Z,445.5,85.25,330.36,189.6,0.89,44.419,144.18,583.13,4993.1,884.25
2219-09-28T14:10:00Z,451.5,80.375,330,189.36,0.895,44.583,142.62,571.54,4900.9,888.6
2219-09-28T14:20:00Z,454,81.875,329.28,185.96,0.895,44.907,145.52,578.94,4966.1,886.8
2219-09-28T14:30:00Z,449,83.625,329.52,189.08,0.89,44.897,144.28,577.4,5028.6,894.3
2219-09-28T14:40:00Z,442,81.25,329.76,189.16,0.895,44.762,143.59,583.93,4831.8,893.25
2219-09-28T14:50:00Z,455,82.25,330,189.96,0.895,44.639,144.88,580.08,4910.6,890.25
2219-09-28T15:00:00Z,443.5,82.125,330.36,188.44,0.885,44.493,145.5,581.18,4988.1,889.8
2219-09-28T15:10:00Z,445,81.125,330.06,188.4,0.895,44.65,144.35,571.74,4805,895.2
2219-09-28T15:20:00Z,450,81.375,329.82,185.52,0.895,44.823,145.28,580.68,4917.4,899.7
2219-09-28T15:30:00Z,461,77,329.04,185.04,0.895,45.267,143.53,582.61,4833.3,893.1
2219-09-28T15:40:00Z,448,80.125,329.7,186.36,0.89,45.07,143.71,577.99,4969.2,899.55
2219-09-28T15:50:00Z,446.5,80.75,330.36,187.68,0.89,44.817,144.82,579.43,4883.3,900.9
2219-09-28T16:00:00Z,459,84.125,330.24,186.6,0.89,44.854,145.91,581.82,5005.9,898.2
2219-09-28T16:10:00Z,456.5,81.125,330.78,187.52,0.895,44.61,146.31,575.36,4981.6,893.1
2219-09-28T16:20:00Z,457,84.75,329.94,185,0.895,44.935,145.42,578,5057.7,891
2219-09-28T16:30:00Z,443,83.625,329.76,185.76,0.895,45.087,143.3,583.47,4968.5,888.3
2219-09-28T16:40:00Z,458.5,77.75,330.3,189.16,0.885,44.836,147.23,573.1,4662.3,894.3
2219-09-28T16:50:00Z,452.5,83.25,330,186.08,0.885,44.886,144.27,584.24,4985,893.4
2219-09-28T17:00:00Z,456.5,78.875,329.22,184.8,0.885,45.218,145.54,584.44,4769.2,896.4
2219-09-28T17:10:00Z,450,84.5,329.82,183.6,0.89,45.038,144.9,581.74,4902.1,897.9
2219-09-28T17:20:00Z,455.5,82.75,330.3,183.8,0.89,44.912,147.15,583.09,4875,899.55
2219-09-28T17:30:00Z,458.5,81.875,329.7,182.08,0.89,45.273,145.63,580.75,4953.2,907.5
2219-09-28T17:40:00Z,449,78.75,330,183.04,0.89,45.242,146.35,585.38,4954,905.4
2219-09-28T17:50:00Z,450.5,82.625,329.88,182.4,0.89,45.344,145.04,578.75,4872.1,900.6
2219-09-28T18:00:00Z,455,81.25,329.88,181.32,0.89,45.398,143.87,579.13,4894,895.35
2219-09-28T18:10:00Z,453,83.5,330.18,184.24,0.89,45.263,143.09,584.23,4932.8,896.55
2219-09-28T18:20:00Z,452.5,81.75,330.72,184.72,0.89,44.924,144.07,580.41,4988.8,885.45
2219-09-28T18:30:00Z,450,82,330.06,184.4,0.895,45.148,143.87,576.03,4815.1,885
2219-09-28T18:40:00Z,445,79.375,330.36,185.6,0.885,44.992,145.58,579.32,4736,884.55
2219-09-28T18:50:00Z,445.5,83.125,330,186.32,0.885,45.075,146.42,586.32,5081.2,878.7
2219-09-28T19:00:00Z,454.5,84.75,330.54,186.4,0.9,44.787,143.75,581.43,4911.5,876.75
2219-09-28T19:10:00Z,443,77.75,330.36,187.76,0.895,44.779,143.94,578.72,4837.9,876
2219-09-28T19:20:00Z,452,82.125,330.18,188.6,0.895,44.816,145.57,570.25,4942,877.35
2219-09-28T19:30:00Z,443.5,79.125,329.64,186.84,0.89,45.043,146.24,577.24,4753,873.3
2219-09-28T19:40:00Z,454,82.625,330.48,185.76,0.9,44.697,142.96,577.71,4994.7,875.4
2219-09-28T19:50:00Z,448,86.125,329.82,186.96,0.9,44.987,145.94,583.11,5099.3,872.85
2219-09-28T20:00:00Z,455,82,329.88,186.24,0.9,45.005,144.72,584.23,5005.9,879.45
2219-09-28T20:10:00Z,451,77.625,329.94,186.24,0.89,44.998,146.34,580.89,4865.7,887.85
2219-09-28T20:20:00Z,448.5,82.875,329.7,182.28,0.89,45.149,145.59,578.56,4969.4,892.2
2219-09-28T20:30:00Z,465,83.625,329.82,182.2,0.89,45.229,144.51,588.22,5034.9,890.25
2219-09-28T20:40:00Z,456.5,80.5,329.4,180.16,0.895,45.482,143.23,578,4792,888.15
2219-09-28T20:50:00Z,443,81.375,329.76,178.76,0.895,45.47,145.87,590.67,4896.7,888.9
2219-09-28T21:00:00Z,450.5,81.875,329.94,180.32,0.895,45.504,146.23,578.39,4883.9,888.3
2219-09-28T21:10:00Z,449,82.25,330.36,184.12,0.89,45.297,145.27,582.78,5064.3,891.75
2219-09-28T21:20:00Z,445,80.125,330.96,183.36,0.89,44.931,145.05,573.27,4788.1,891
2219-09-28T21:30:00Z,455,80,329.7,179.48,0.89,45.424,143.52,581.54,4842.5,890.55
2219-09-28T21:40:00Z,460,82,329.7,178.16,0.885,45.5,147.14,584.15,5000.3,884.7
2219-09-28T21:50:00Z,439,81.375,329.88,180,0.885,45.55,143.37,579.36,4907.5,881.55
2219-09-28T22:00:00Z,449.5,83.5,330.18,181.48,0.89,45.458,144.01,577.97,4928.2,881.25
2219-09-28T22:10:00Z,450.5,80.875,329.82,178.28,0.89,45.608,147.02,585.13,4907,874.2
2219-09-28T22:20:00Z,440,81.75,329.4,178.88,0.89,45.827,146.32,580.43,4914.8,876.15
2219-09-28T22:30:00Z,448,82.375,329.58,179.04,0.89,45.752,145.42,577.24,4887.8,871.8
2219-09-28T22:40:00Z,447,81.125,330.18,178,0.895,45.538,143.67,584.11,4889.5,873.6
2219-09-28T22:50:00Z,452,82.25,330,178.16,0.895,45.662,145.26,588.5,4996.2,872.25
2219-09-28T23:00:00Z,444,81.625,330.66,180.4,0.895,45.387,145.65,583.24,4795.5,866.7
2219-09-28T23:10:00Z,447.5,83.75,330.24,179.6,0.895,45.518,145.19,575.2,4931.2,869.7
2219-09-28T23:20:00Z,451.5,81.75,330.96,182.44,0.895,45.168,145.19,576.27,4940,869.4
2219-09-28T23:30:00Z,454.5,78.125,330.6,182.8,0.885,45.213,145.7,582.85,4710.9,870.75
2219-09-28T23:40:00Z,450.5,79.875,330.18,183.24,0.89,45.286,145.13,582.1,4821.4,867.75
2219-09-28T23:50:00Z,445.5,80.375,329.64,182.28,0.89,45.481,142.12,576.9,4998,869.4
2219-09-29T00:00:00Z,454.5,84,330,181.6,0.89,45.371,143.29,577.43,4958.6,866.85
2219-09-29T00:10:00Z,455.5,83,330.06,185.24,0.89,45.335,147.02,583.32,4899.4,870.3
2219-09-29T00:20:00Z,450,85.375,330.18,185.88,0.89,45.151,145.51,576.03,4959.1,873.45
2219-09-29T00:30:00Z,456.5,80,330.42,186.84,0.89,44.987,145.59,586.78,4860.8,875.4
2219-09-29T00:40:00Z,445.5,84.5,330.36,189.12,0.885,44.886,144.24,577.3,5051,872.85
2219-09-29T00:50:00Z,455,83.75,330.72,190.52,0.885,44.574,147.25,582.37,5070.5,875.25
2219-09-29T01:00:00Z,440.5,79.25,330.12,190,0.9,44.696,146.72,578.76,4878.8,882.75
2219-09-29T01:10:00Z,453,82.25,330.06,188.44,0.89,44.657,144.17,576.05,4954.3,880.95
2219-09-29T01:20:00Z,441.5,82.25,330.36,189.16,0.89,44.555,145.81,580.88,4894,874.8
2219-09-29T01:30:00Z,455,82.25,330.36,191.04,0.885,44.52,143.17,584.65,4946.9,872.25
2219-09-29T01:40:00Z,442.5,82.375,330.3,189.96,0.885,44.473,144.41,576.03,5008.9,876.15
2219-09-29T01:50:00Z,444,83.625,330.48,190.52,0.885,44.398,145.67,575.75,5069.9,871.2
2219-09-29T02:00:00Z,449,82.375,330.3,195.68,0.89,44.4,145.64,574.87,4906.2,871.2
2219-09-29T02:10:00Z,450,84.25,330.84,194.52,0.89,44.006,145.4,589.52,4799.1,868.35
2219-09-29T02:20:00Z,456,81,330.36,193.28,0.89,44.111,144,583.59,4829.3,873.15
2219-09-29T02:30:00Z,458,82.75,329.7,193.16,0.885,44.395,143.91,584.63,4936.2,871.95
2219-09-29T02:40:00Z,446,81.375,330.24,195.44,0.89,44.161,144.65,579.26,4950.9,873.15
2219-09-29T02:50:00Z,450,82.25,330.84,196.16,0.89,43.819,144.72,578.62,4937.9,879.15
2219-09-29T03:00:00Z,445.5,85,330.18,196.52,0.89,44.006,144.41,581.97,4850.7,880.05
2219-09-29T03:10:00Z,445,84.5,330.36,196.64,0.895,43.902,144.36,573.47,5038.1,876.6
2219-09-29T03:20:00Z,450,82.25,330.66,194.36,0.895,43.813,145.97,584.68,4931.5,871.65
2219-09-29T03:30:00Z,446,81.25,329.1,193.44,0.895,44.508,144.21,580.81,4994.6,870.6
2219-09-29T03:40:00Z,441.5,84.375,329.82,190.8,0.885,44.319,146.78,580.79,4902.5,857.4
2219-09-29T03:50:00Z,457.5,80.875,329.34,188.8,0.885,44.659,144.32,576.94,4930.2,864.45
2219-09-29T04:00:00Z,452.5,84.125,329.76,189.48,0.89,44.616,144.36,580.12,5028.7,859.2
2219-09-29T04:10:00Z,448,83.25,329.64,190.64,0.895,44.732,145.6,582.46,5001.7,851.55
2219-09-29T04:20:00Z,452.5,86.125,330.06,191.44,0.895,44.541,144.1,582.34,5024.4,847.05
2219-09-29T04:30:00Z,444,80.75,329.88,192.04,0.89,44.571,144.72,577.55,4881.5,852.75
2219-09-29T04:40:00Z,452.5,80.375,330.36,191.44,0.89,44.321,144.95,583.25,4889,862.65
2219-09-29T04:50:00Z,445.5,80.375,329.64,187.56,0.89,44.658,146.11,579.96,4873.8,862.5
2219-09-29T05:00:00Z,439.5,86.25,329.4,187.84,0.885,44.913,145.09,582.89,5006.2,861
2219-09-29T05:10:00Z,455.5,81,330.06,186.96,0.895,44.74,142.87,574.3,4860.8,867.75
2219-09-29T05:20:00Z,453,83.5,329.88,185.76,0.895,44.917,144.6,582.99,4927.1,870.9
2219-09-29T05:30:00Z,443,83.5,329.76,184.6,0.89,45.049,143.7,578.45,4986.2,875.55
2219-09-29T05:40:00Z,455,84.75,329.7,182.84,0.885,45.173,143.68,582.38,4898.1,876.45
2219-09-29T05:50:00Z,448,83.375,329.16,177.84,0.885,45.557,144.87,582.82,4931,873.15
2219-09-29T06:00:00Z,456.5,86.125,328.8,176.76,0.89,45.953,143.44,580.43,5034.7,875.7
2219-09-29T06:10:00Z,448.5,80.375,330,180.48,0.89,45.596,145,582.04,4829.3,880.8
2219-09-29T06:20:00Z,446,81.25,330.84,183.32,0.89,45.189,144.74,580.21,4922.4,872.85
2219-09-29T06:30:00Z,448.5,82,330.54,183.6,0.89,45.188,145.2,579.72,4979.9,875.7
2219-09-29T06:40:00Z,443,82.375,330.3,186.12,0.885,45.181,145.3,578.65,4990.9,877.65
2219-09-29T06:50:00Z,451,82.375,330.9,188.08,0.885,44.818,145.07,580.45,4949.6,869.7
2219-09-29T07:00:00Z,445,83.375,330.78,187,0.895,44.75,144.98,581.47,4888.1,860.85
2219-09-29T07:10:00Z,449,82.375,329.64,183.8,0.89,45.164,145.48,581.58,4893,862.35
2219-09-29T07:20:00Z,436.5,82.375,329.46,182.48,0.89,45.317,143.93,577.73,4878.4,859.35
2219-09-29T07:30:00Z,456.5,79.5,329.22,182.6,0.895,45.532,144.75,577.18,4855.9,854.55
2219-09-29T07:40:00Z,451,79.125,329.88,183.44,0.89,45.313,144.33,587.09,4820,856.05
2219-09-29T07:50:00Z,445,84.875,329.58,182,0.89,45.479,145.24,571.55,4891.8,861.15
2219-09-29T08:00:00Z,450.5,82.125,329.7,180.12,0.89,45.472,143.14,576.96,4994.1,861.6
2219-09-29T08:10:00Z,450,86.375,329.4,178.64,0.895,45.691,145.07,572.96,4977.4,859.8
2219-09-29T08:20:00Z,445.5,79.5,330.18,181.24,0.895,45.456,144.51,571.43,4860.9,858
2219-09-29T08:30:00Z,451,83.5,329.58,180.12,0.89,45.73,144.48,578.93,5004.9,861.75
2219-09-29T08:40:00Z,456.5,81.125,330.54,182.88,0.89,45.316,145.93,581.8,4793.7,867.45
2219-09-29T08:50:00Z,445.5,79.375,330.06,180.96,0.89,45.431,143.5,584.97,4872,869.25
2219-09-29T09:00:00Z,443.5,77.75,330.42,180.8,0.885,45.321,143.84,579.02,4810.3,864.45
2219-09-29T09:10:00Z,441,80.75,330.42,179.48,0.885,45.347,144.81,576.88,4916,864.45
2219-09-29T09:20:00Z,437,81.25,329.88,178.72,0.885,45.627,144.04,578.54,4840.2,855.45
2219-09-29T09:30:00Z,450.5,81.125,330.48,180.8,0.89,45.403,144.67,578.5,4935.1,859.2
2219-09-29T09:40:00Z,446.5,82.625,329.46,181.08,0.895,45.784,144.21,585.29,4907.6,850.8
2219-09-29T09:50:00Z,445.5,83.375,329.76,180.76,0.895,45.612,146.69,579.35,4940.7,850.2
2219-09-29T10:00:00Z,452,80.875,330.18,179.76,0.885,45.43,144.76,578.97,4846.5,842.4
2219-09-29T10:10:00Z,460,83.875,330.48,179.36,0.895,45.355,145.99,578.41,4910.5,843.45
2219-09-29T10:20:00Z,439,84.625,329.7,179.48,0.895,45.684,145.1,577.2,5024,836.7
2219-09-29T10:30:00Z,451.5,84,330,178.52,0.895,45.619,147.36,585.01,5024.7,838.95
2219-09-29T10:40:00Z,445,81.125,330,175.36,0.89,45.683,145.48,577.76,4889.6,846.15
2219-09-29T10:50:00Z,443,81.5,330.18,176.4,0.89,45.746,144.98,578.74,4902.4,849.3
2219-09-29T11:00:00Z,446,81.375,329.58,176.52,0.89,46.04,145.63,571.08,4814.4,847.2
2219-09-29T11:10:00Z,448,79.75,329.16,175.84,0.88,46.235,145.28,585.82,4986.1,846.75
2219-09-29T11:20:00Z,466,83.875,330.12,178.64,0.88,45.858,150.44,609.18,5114.2,854.7
2219-09-29T11:30:00Z,481,90.875,329.88,177.72,0.895,45.9,157.09,622.23,5312.3,848.55
2219-09-29T11:40:00Z,517.5,94.75,330.12,177.48,0.89,45.773,164.08,661.69,5585.2,850.65
2219-09-29T11:50:00Z,537,97.125,329.7,173.24,0.89,45.987,170.94,686.8,5757.7,854.1
2219-09-29T12:00:00Z,559,101.38,329.76,172.32,0.89,46.095,178.87,715.02,6122.2,850.65
2219-09-29T12:10:00Z,570.5,107.25,329.82,170.16,0.895,46.215,182.85,734.51,6390,854.55
2219-09-29T12:20:00Z,586.5,109.88,329.22,167.92,0.895,46.634,189.27,759.06,6465,849.15
2219-09-29T12:30:00Z,619.5,109.75,329.58,169.04,0.89,46.62,198.17,786.09,6637.6,847.95
2219-09-29T12:40:00Z,625,116,329.4,170.64,0.895,46.755,205.35,813.42,6993.5,842.1
2219-09-29T12:50:00Z,656.5,116.62,330.18,173.16,0.895,46.41,209.73,836.65,6905.8,843.75
2219-09-29T13:00:00Z,663,124.5,331.2,179.28,0.89,45.818,215.49,865.84,7327.2,853.5
2219-09-29T13:10:00Z,693,123.75,331.56,178.76,0.895,45.387,224.81,901.39,7420.8,863.4
2219-09-29T13:20:00Z,694,127.38,331.2,181.44,0.895,45.344,226.84,903.62,7482.3,869.25
2219-09-29T13:30:00Z,682,123.5,331.02,183.68,0.905,45.241,225.26,900.59,7495,868.35
2219-09-29T13:40:00Z,681.5,124.25,330.72,181.96,0.895,45.187,224.67,894.49,7404.1,875.1
2219-09-29T13:50:00Z,685.5,125.5,329.64,179.6,0.895,45.607,224.26,896.3,7343.6,863.85
2219-09-29T14:00:00Z,691.5,126,330.24,182.28,0.885,45.378,225.2,895.54,7531.1,866.4
2219-09-29T14:10:00Z,691.5,121.12,330.42,185.56,0.9,45.234,222.86,895.62,7392.5,862.5
2219-09-29T14:20:00Z,686.5,126.75,330.54,185.44,0.9,45.054,225.21,905.45,7522.1,867
2219-09-29T14:30:00Z,704.5,125.62,330.06,187.04,0.9,45.149,223.92,900.19,7559.8,874.05
2219-09-29T14:40:00Z,685.5,123.38,330.12,188.2,0.905,44.981,221.9,893.93,7439.5,874.8
2219-09-29T14:50:00Z,703.5,125.25,330.18,186.16,0.905,44.877,224.25,897.4,7482.8,874.5
2219-09-29T15:00:00Z,701.5,124,330.42,185.24,0.895,44.804,223.49,894.89,7557.6,880.05
2219-09-29T15:10:00Z,690,126,329.94,183.68,0.9,45.049,224.5,897.97,7453.6,885.6
2219-09-29T15:20:00Z,685.5,124,329.64,182.72,0.9,45.288,223.17,896.47,7430.7,882.9
2219-09-29T15:30:00Z,695,122.5,329.7,183.72,0.9,45.355,225.04,898.54,7438.5,876.75
2219-09-29T15:40:00Z,702.5,124.38,329.82,184.28,0.905,45.343,225.98,899.03,7431.6,877.2
2219-09-29T15:50:00Z,683.5,122.88,330.06,183.6,0.905,45.246,222.82,899.77,7452.4,873.75
2219-09-29T16:00:00Z,696.5,129.75,329.7,182.64,0.905,45.423,226.7,896.65,7596.2,864
2219-09-29T16:10:00Z,695,122.38,330.24,184.04,0.9,45.212,223.45,896.41,7468,867.75
2219-09-29T16:20:00Z,692,126,330.42,185.52,0.9,45.117,223.56,907.18,7474.3,874.8
2219-09-29T16:30:00Z,676,124.88,330.3,185.12,0.9,45.131,222.63,896.06,7441.7,875.1
2219-09-29T16:40:00Z,684,123.62,330.42,184.36,0.9,45.003,223.08,896.48,7426,878.85
2219-09-29T16:50:00Z,689,125.88,330.66,186.52,0.9,44.884,226.13,893.33,7571.8,879.9
2219-09-29T17:00:00Z,687,127.88,330.18,185.2,0.9,45.052,225.53,899.56,7473.9,874.95
2219-09-29T17:10:00Z,692,123.25,330.6,188.68,0.895,44.857,223.1,903.75,7504.6,882.45
2219-09-29T17:20:00Z,693.5,122.88,330.24,185.08,0.895,44.923,223.7,895.78,7380.6,880.05
2219-09-29T17:30:00Z,687,125.75,330.12,186.6,0.9,44.975,224.54,902.16,7419.3,883.95
2219-09-29T17:40:00Z,682,127.88,329.64,184.68,0.9,45.219,223.51,903.77,7591.6,874.5
2219-09-29T17:50:00Z,683,126.12,330.12,184.36,0.9,45.075,223.33,897.17,7526.2,870.45
2219-09-29T18:00:00Z,688,126.25,329.64,186.96,0.905,45.259,223.32,894.84,7438.2,864.3
2219-09-29T18:10:00Z,691.5,126.25,329.88,186.48,0.9,45.115,224.01,886.96,7462.5,863.25
2219-09-29T18:20:00Z,695.5,126,330.06,187.32,0.9,45.013,225.95,903.5,7522.5,855
2219-09-29T18:30:00Z,689,126.5,330.84,189.88,0.9,44.653,225.49,891.74,7529.6,861
2219-09-29T18:40:00Z,687,125.38,330.12,186.92,0.895,44.861,223.76,897.76,7514,859.95
2219-09-29T18:50:00Z,683,126,330,185.68,0.895,44.942,223.58,901.08,7470.5,860.1
2219-09-29T19:00:00Z,696.5,127.75,329.64,186.44,0.895,45.159,224.15,901.29,7672.2,860.1
2219-09-29T19:10:00Z,697,124.12,330.3,186.72,0.905,44.901,225.04,901.07,7449.2,857.4
2219-09-29T19:20:00Z,693,125.12,330.24,188.12,0.905,44.89,225.59,903.84,7537.4,855.15
2219-09-29T19:30:00Z,695.5,128.12,329.94,187.76,0.9,44.946,228.36,908.96,7591.3,851.4
2219-09-29T19:40:00Z,684,127.38,329.64,186.56,0.9,45.033,224.86,906.4,7561.7,857.25
2219-09-29T19:50:00Z,695.5,124.75,330.18,187.56,0.9,44.85,224.33,894.65,7414.8,862.8
2219-09-29T20:00:00Z,681.5,128.25,330.06,187.72,0.9,44.882,224.42,905.13,7523,857.85
2219-09-29T20:10:00Z,688,127.38,330,186.6,0.895,44.892,224.27,894.1,7611.1,859.05
2219-09-29T20:20:00Z,687.5,124.5,330,184.52,0.895,44.937,224.35,893.26,7492,842.4
2219-09-29T20:30:00Z,684.5,125.75,329.46,185.56,0.9,45.222,223.92,894.58,7482,837.15
2219-09-29T20:40:00Z,692.5,126,330.12,186.28,0.9,44.978,225.08,901.47,7486.4,839.25
2219-09-29T20:50:00Z,691.5,127.38,329.64,183.76,0.9,45.223,221.82,888.1,7541.9,834.6
2219-09-29T21:00:00Z,690,124,329.82,187.8,0.905,45.181,221.52,903.03,7313,840
2219-09-29T21:10:00Z,701.5,127.25,330.42,185.88,0.9,44.889,223.43,903.12,7615.2,841.95
2219-09-29T21:20:00Z,691,125.62,329.58,184.8,0.9,45.227,225.85,901.81,7542.5,839.1
2219-09-29T21:30:00Z,692.5,123,329.76,183.92,0.885,45.189,223.92,901.03,7402.2,833.7
2219-09-29T21:40:00Z,681,126.12,330.48,184.68,0.895,44.918,224.01,894.07,7467.2,837.3
2219-09-29T21:50:00Z,696,127.88,330.18,184.76,0.895,45.058,223.22,887.7,7551.3,833.7
2219-09-29T22:00:00Z,703,123.12,329.7,184.24,0.9,45.268,224.14,898.17,7475.2,828.9
2219-09-29T22:10:00Z,691.5,125.75,330.12,183.72,0.89,45.141,225.1,897.43,7544.8,831.15
2219-09-29T22:20:00Z,692.5,126.5,329.4,181.76,0.89,45.492,225.57,893.98,7661.4,831.75
2219-09-29T22:30:00Z,707,126.88,329.52,179.28,0.895,45.568,222.45,897.47,7599,835.95
2219-09-29T22:40:00Z,689,124.75,329.4,180.8,0.905,45.731,224.58,905.99,7505.8,837
2219-09-29T22:50:00Z,688.5,128,329.7,178.68,0.905,45.666,225.77,901.26,7522.2,832.95
2219-09-29T23:00:00Z,689.5,125,329.7,180.08,0.905,45.739,221.5,893.24,7585.9,829.5
2219-09-29T23:10:00Z,696.5,123.5,329.88,180.72,0.89,45.668,225.05,896.4,7333.7,836.1
2219-09-29T23:20:00Z,687,121.5,330.24,180.56,0.89,45.516,223.94,900.87,7353.1,836.25
2219-09-29T23:30:00Z,681.5,124.62,330.42,183.16,0.905,45.403,229.87,924.13,7806.6,832.95
2219-09-29T23:40:00Z,685.5,121.88,330.66,183.96,0.92,45.206,227.46,912.72,7695,842.7
2219-09-29T23:50:00Z,695.5,123.62,330.78,183.8,0.92,45.042,230.15,920.58,7746.7,852.45
2219-09-30T00:00:00Z,695,123.75,329.94,183.48,0.92,45.353,231.37,920.33,7752,853.05
2219-09-30T00:10:00Z,687.5,124.25,330.48,184.16,0.91,45.108,227.26,917.86,7771.1,856.5
2219-09-30T00:20:00Z,685.5,123.75,330.24,187.52,0.91,45.159,230.64,921.51,7653.5,859.2
2219-09-30T00:30:00Z,685,124,329.52,184.88,0.91,45.359,229.43,913.75,7713.8,856.65
2219-09-30T00:40:00Z,696,123.5,330.54,186.4,0.915,44.909,227.61,919.02,7720.9,860.4
2219-09-30T00:50:00Z,690,127.25,329.82,186.32,0.915,45.159,230.23,920.71,7921.2,860.4
2219-09-30T01:00:00Z,697.5,127,329.76,183.4,0.92,45.183,226.57,914.95,7784.7,863.85
2219-09-30T01:10:00Z,694.5,124.75,330,182.28,0.915,45.179,229.6,920.04,7804.2,852.75
2219-09-30T01:20:00Z,679,121.75,329.4,183.6,0.915,45.515,226.29,908.57,7706,853.65
2219-09-30T01:30:00Z,685.5,121.75,330.48,185.08,0.91,45.086,227.66,914.01,7660.6,857.1
2219-09-30T01:40:00Z,692.5,127.75,330.24,184.8,0.91,45.14,230.12,913.32,7872.8,862.5
2219-09-30T01:50:00Z,685.5,126.38,329.34,182.56,0.91,45.515,229.74,921.92,7760.2,868.2
2219-09-30T02:00:00Z,693,123.62,329.82,180.96,0.91,45.393,229.04,913.11,7699.7,867.9
2219-09-30T02:10:00Z,692.5,126.5,329.1,181.08,0.91,45.794,228.32,914.09,7798.1,870.45
2219-09-30T02:20:00Z,684.5,125.38,330.42,182.96,0.91,45.313,226.73,904.01,7775.6,868.8
2219-09-30T02:30:00Z,688.5,126.75,329.88,180.72,0.91,45.51,227.71,914.06,7810.9,873
2219-09-30T02:40:00Z,700,124.25,330.06,180.24,0.92,45.451,228.42,914.52,7619.9,870.3
2219-09-30T02:50:00Z,700,126.5,329.58,181.8,0.92,45.682,230.84,916.42,7794,873.9
2219-09-30T03:00:00Z,685,125.38,330.72,185.04,0.915,45.112,226.97,913.04,7826.3,866.7
2219-09-30T03:10:00Z,702,124.62,330,185.72,0.91,45.279,228.81,920.81,7709.7,866.85
2219-09-30T03:20:00Z,689,125.75,330.3,184.16,0.91,45.067,229.97,913.07,7701.2,872.7
2219-09-30T03:30:00Z,693,126.88,330.48,185.44,0.915,44.981,230.6,915.99,7892.4,872.4
2219-09-30T03:40:00Z,682,125.12,329.88,188.2,0.915,45.185,229.35,920.99,7896.6,861.75
2219-09-30T03:50:00Z,680.5,126.75,330.18,187.64,0.915,44.953,229.35,918.55,7811.8,866.4
2219-09-30T04:00:00Z,691,126.75,329.76,186.72,0.915,45.086,228.48,913.9,7796.5,869.7
2219-09-30T04:10:00Z,684.5,127.25,329.76,183.72,0.91,45.103,227.64,914.15,7845.2,869.1
2219-09-30T04:20:00Z,690.5,129.62,329.52,181.6,0.91,45.319,230.13,925.8,7832.1,867.15
2219-09-30T04:30:00Z,698.5,123.25,330.42,185.64,0.915,45.048,228.25,913.5,7753.5,867
2219-09-30T04:40:00Z,684,126.62,330.3,183.64,0.92,45.072,229.15,916.23,7859.9,870.15
2219-09-30T04:50:00Z,693.5,125.5,330.24,185.36,0.92,45.134,230.1,921.44,7874.1,874.8
2219-09-30T05:00:00Z,692.5,125.12,330.42,184.88,0.915,45.012,227.95,911.65,7758.4,864.9
2219-09-30T05:10:00Z,694,128.38,330.18,183.76,0.92,45.103,229.06,916.22,7872,869.25
2219-09-30T05:20:00Z,687,129.88,329.94,183.96,0.92,45.215,227.87,917.76,7953.8,866.7
2219-09-30T05:30:00Z,695.5,124.25,330.54,184.72,0.915,44.999,227.76,910.93,7816.8,866.7
2219-09-30T05:40:00Z,685.5,124.88,329.76,182.6,0.91,45.364,228.55,909.28,7835.1,871.35
2219-09-30T05:50:00Z,685,124.88,329.7,183.88,0.91,45.44,229.32,916.12,7808.6,879.45
2219-09-30T06:00:00Z,691.5,127.62,329.52,181.12,0.91,45.557,228.46,915.52,7936.2,872.4
2219-09-30T06:10:00Z,682,124.5,329.58,181.2,0.915,45.588,229.8,916.73,7715.1,863.55
2219-09-30T06:20:00Z,680,125.12,329.64,181.6,0.915,45.586,227.27,910.6,7815.5,857.7
2219-09-30T06:30:00Z,691.5,126.25,329.7,180.52,0.91,45.61,229.96,920.24,7896.2,854.1
2219-09-30T06:40:00Z,681,124.38,330.78,183.88,0.915,45.158,229.29,913.51,7812.4,851.85
2219-09-30T06:50:00Z,683,127.5,330.48,185,0.915,45.195,232.11,905.72,7930.8,843
2219-09-30T07:00:00Z,693,127.25,329.34,183.72,0.92,45.583,227.11,918,7919.1,847.2
2219-09-30T07:10:00Z,691,124.62,330.6,185.16,0.92,45.006,227.65,918.12,7816.2,852
2219-09-30T07:20:00Z,682,124.12,330.18,186.04,0.92,45.119,229.12,912.76,7804.5,841.5
2219-09-30T07:30:00Z,691,125.25,329.82,184.56,0.92,45.234,230.18,919.23,7864.2,832.05
2219-09-30T07:40:00Z,690.5,122.75,329.22,180.88,0.91,45.523,228.41,920.29,7680.3,844.2
2219-09-30T07:50:00Z,693,123,330.18,180.44,0.91,45.251,227.71,915.1,7747.6,852.6
2219-09-30T08:00:00Z,698,127.5,329.16,181.28,0.915,45.799,226.97,916.51,7792.8,856.5
2219-09-30T08:10:00Z,686.5,124,330.54,184.16,0.91,45.248,225.81,920.27,7792.3,858.75
2219-09-30T08:20:00Z,688.5,124.88,329.76,182.32,0.91,45.528,227.98,907.87,7704.2,858.15
2219-09-30T08:30:00Z,682,127.88,330.18,182.16,0.91,45.344,229.2,913.8,7851,854.4
2219-09-30T08:40:00Z,693,124.62,330.42,184.64,0.915,45.187,227.2,913.77,7737.4,857.55
2219-09-30T08:50:00Z,687.5,122.88,330.48,188.4,0.915,45.065,230.69,922.08,7787.2,855
2219-09-30T09:00:00Z,695,122.75,329.88,184.36,0.91,45.201,228.92,920.23,7696.7,850.2
2219-09-30T09:10:00Z,686,128.12,330.18,185.68,0.915,45.062,231.02,917.46,7945.1,847.65
2219-09-30T09:20:00Z,683.5,126.12,329.46,184.04,0.915,45.373,228.75,922.62,7800.3,850.95
2219-09-30T09:30:00Z,681.5,125.62,329.58,181.04,0.91,45.391,228.75,911.56,7784.7,854.85
2219-09-30T09:40:00Z,696,127.38,330.06,184.76,0.92,45.287,227.54,921.6,7813.5,853.8
2219-09-30T09:50:00Z,690,128.88,329.88,183.16,0.92,45.384,229.57,912.65,7843,851.85
2219-09-30T10:00:00Z,681.5,125.75,330.18,181.96,0.91,45.265,228.51,920.52,7789.5,846.75
2219-09-30T10:10:00Z,694,126.5,329.4,181.56,0.905,45.667,227.92,919.27,7886.2,846.9
2219-09-30T10:20:00Z,691.5,126.62,329.28,179.76,0.905,45.811,230.68,919.8,7833.9,847.2
2219-09-30T10:30:00Z,690.5,124.62,329.64,178.4,0.905,45.759,228.25,913.38,7638.4,841.5
2219-09-30T10:40:00Z,693.5,124.75,330.3,181.96,0.91,45.508,230.2,914.55,7751.9,834.6
2219-09-30T10:50:00Z,682,123.12,330.48,185.52,0.91,45.353,229.01,905.38,7740.6,834.6
2219-09-30T11:00:00Z,686,128,330.42,186.24,0.915,45.19,227.59,915.64,7841,834.3
2219-09-30T11:10:00Z,693.5,125.12,331.32,186.32,0.915,44.667,231.44,916.61,7757.6,830.7
2219-09-30T11:20:00Z,687,126.75,330.18,185.8,0.915,45.053,229.11,906.7,7786.1,839.25
2219-09-30T11:30:00Z,691.5,122.88,329.94,186.52,0.91,45.142,230.57,914.31,7769.2,844.95
2219-09-30T11:40:00Z,710.5,123.25,329.58,185.28,0.915,45.285,228.86,910.67,7741,849.45
2219-09-30T11:50:00Z,689.5,126,329.88,184,0.915,45.234,229.38,915.72,7806.3,849.9
2219-09-30T12:00:00Z,683,125.25,329.7,180.88,0.915,45.383,227.93,912.14,7743.3,841.35
2219-09-30T12:10:00Z,698,124.38,329.1,179.32,0.92,45.789,229.23,913.13,7840.6,844.05
2219-09-30T12:20:00Z,688.5,123.38,329.52,183.32,0.92,45.724,229.57,913.75,7735.4,841.8
2219-09-30T12:30:00Z,690,123.12,330.24,183.16,0.91,45.356,230.05,914.26,7673.7,832.05
2219-09-30T12:40:00Z,693.5,123.75,329.94,182.56,0.925,45.444,229.3,915.25,7738.1,835.2
2219-09-30T12:50:00Z,699,123.62,330.3,182.84,0.925,45.294,228.76,912.23,7801.8,833.7
2219-09-30T13:00:00Z,697.5,119.88,329.58,181.48,0.91,45.607,230.34,906.09,7667.5,830.85
2219-09-30T13:10:00Z,689,123.5,330.12,183.44,0.91,45.391,231.86,921.9,7682.7,835.5
2219-09-30T13:20:00Z,692.5,126,330.18,186.08,0.91,45.308,229.29,911.45,7874,843.9
2219-09-30T13:30:00Z,697,124.75,330.78,186.48,0.915,44.924,229.43,918.24,7835.1,842.4
2219-09-30T13:40:00Z,691,123.62,329.94,184.64,0.9,45.183,228.89,921.03,7979.8,846.75
2219-09-30T13:50:00Z,701,123.25,330,184.44,0.9,45.17,227.16,919.81,7676.2,846.75
2219-09-30T14:00:00Z,705.5,124.12,330.54,185.16,0.91,44.944,227.16,904.96,7765.5,846.3
2219-09-30T14:10:00Z,695,126.5,329.7,179.16,0.905,45.321,230.91,919.45,7923.5,845.55
2219-09-30T14:20:00Z,694.5,126.12,328.86,179.48,0.905,45.88,227.04,919.83,7899.5,849.6
2219-09-30T14:30:00Z,690.5,121.75,329.52,180.6,0.905,45.734,228.96,910.26,7745.1,849.15
2219-09-30T14:40:00Z,697,124.88,330.48,182.76,0.91,45.354,230.4,918.37,7824.5,851.25
2219-09-30T14:50:00Z,696,122.38,329.94,180.36,0.91,45.563,227.24,916.24,7766.1,847.65
2219-09-30T15:00:00Z,682.5,127.25,329.28,177.92,0.915,45.908,229.67,917.09,7897.6,851.4
2219-09-30T15:10:00Z,691,127.25,330.06,179.28,0.91,45.682,229.4,915.01,7805.9,848.25
2219-09-30T15:20:00Z,682,124.5,330.66,179.64,0.91,45.456,228.36,916.94,7794.3,843
2219-09-30T15:30:00Z,687,122.38,330.54,182.16,0.905,45.486,230.42,911.21,7707.5,845.7
2219-09-30T15:40:00Z,693,126.38,330.12,181.32,0.915,45.574,229.19,913.96,7830.1,842.85
2219-09-30T15:50:00Z,682.5,126,330,181.48,0.915,45.578,228.74,916.93,7904.3,841.5
2219-09-30T16:00:00Z,687,126.25,329.88,181.8,0.91,45.584,228.79,917.16,7849.3,845.7
2219-09-30T16:10:00Z,694.5,123.62,330.24,181.04,0.915,45.408,227.11,913.79,7858,847.2
2219-09-30T16:20:00Z,707,124,330.12,183.04,0.915,45.444,230.25,919.8,7738.9,849.3
2219-09-30T16:30:00Z,687,125.75,330.36,183.64,0.91,45.31,230.55,917.85,7731.4,851.25
2219-09-30T16:40:00Z,696.5,125.38,330.36,183.48,0.915,45.271,230.91,917.84,7753.7,854.55
2219-09-30T16:50:00Z,686,127.25,330.48,186.6,0.915,45.15,232.39,922.19,7777.1,853.35
2219-09-30T17:00:00Z,705.5,124.88,330.36,188.36,0.915,45.066,228.31,925.42,7849.8,855.45
2219-09-30T17:10:00Z,690,128.5,330.9,189.68,0.92,44.628,231.32,913.52,7849.3,849.45
2219-09-30T17:20:00Z,691.5,128.75,331.14,190.32,0.92,44.406,228.64,924.07,7997.9,844.35
2219-09-30T17:30:00Z,684.5,127.88,329.94,188.12,0.91,44.819,229.62,919.99,7814,834
2219-09-30T17:40:00Z,680,125.38,329.94,189.16,0.915,44.869,227.87,917.59,7858.3,838.5
2219-09-30T17:50:00Z,692,121.75,329.76,185.44,0.915,44.994,230.42,907.27,7745.8,840.15
2219-09-30T18:00:00Z,696,123.5,329.94,186.56,0.915,44.991,228.97,918.29,7694.5,837.15
2219-09-30T18:10:00Z,698.5,122.5,330,182.48,0.91,45.025,227.62,916.85,7819.5,843.6
2219-09-30T18:20:00Z,689.5,126.62,329.04,181.68,0.91,45.599,230.8,915.26,7867.5,838.95
2219-09-30T18:30:00Z,684.5,124.12,329.94,183.64,0.915,45.327,227.46,914.74,7762.1,846.9
2219-09-30T18:40:00Z,681.5,123.5,330.06,184.16,0.915,45.259,229.54,913.03,7630.4,852.9
2219-09-30T18:50:00Z,692.5,122.62,330.18,184.8,0.915,45.15,228.65,915.09,7747.7,852.6
2219-09-30T19:00:00Z,694,125,330.18,186.24,0.915,45.1,227.91,912.2,7886.9,852.3
2219-09-30T19:10:00Z,681,126.75,330.54,184.92,0.92,44.918,229.78,915.02,7740.7,850.65
2219-09-30T19:20:00Z,691.5,123.88,329.52,185.04,0.92,45.334,228.06,912.55,7769.9,850.95
2219-09-30T19:30:00Z,690,125.25,329.64,181.68,0.91,45.299,230.3,918.16,7859,853.35
2219-09-30T19:40:00Z,687,125,329.04,182.76,0.915,45.649,226.59,911.72,7808.5,856.2
2219-09-30T19:50:00Z,703,120.38,329.46,182,0.915,45.565,227.25,918.39,7525.3,854.4
2219-09-30T20:00:00Z,688.5,127.12,329.82,179.88,0.91,45.493,228.56,921.04,7969.2,848.7
2219-09-30T20:10:00Z,688,128,329.04,181.36,0.905,45.917,228.62,913.78,7800.4,850.35
2219-09-30T20:20:00Z,681.5,126.5,329.88,179.48,0.905,45.604,227.95,912.21,7912.6,846.9
2219-09-30T20:30:00Z,691,127.12,329.76,179.16,0.92,45.718,229.02,917.63,7748.8,844.05
2219-09-30T20:40:00Z,690.5,124.75,329.58,176.64,0.915,45.887,226.57,914.77,7769.8,835.2
2219-09-30T20:50:00Z,680,125,329.16,174.72,0.915,46.197,230.55,909.74,7706,835.8
2219-09-30T21:00:00Z,691,125.5,330,176.2,0.91,45.969,229.17,919.02,7770.4,834.3
2219-09-30T21:10:00Z,695,125.88,329.64,173.56,0.905,46.178,228.95,920.03,7757.7,831.15
2219-09-30T21:20:00Z,698,126.12,330.18,173.84,0.905,46.066,228.01,925.06,7838.7,831
2219-09-30T21:30:00Z,691,122,329.64,175.36,0.915,46.327,229.58,917.66,7666.8,834.9
2219-09-30T21:40:00Z,688,123,330.06,176.92,0.92,46.139,229.27,909.07,7741.5,830.4
2219-09-30T21:50:00Z,687.5,123.62,329.7,176.64,0.92,46.227,226.46,911.93,7887.3,830.7
2219-09-30T22:00:00Z,689.5,126.12,329.94,177.28,0.91,46.082,228.57,917.79,7719.2,822.75
2219-09-30T22:10:00Z,689.5,128.88,329.7,174.64,0.915,46.19,228.4,913.23,7921,825.9
2219-09-30T22:20:00Z,692,123.75,330,174.92,0.915,46.108,229.14,909.63,7849.7,824.25
2219-09-30T22:30:00Z,696.5,126.75,330.18,174.88,0.915,46.056,228.95,908.07,7816.4,812.4
2219-09-30T22:40:00Z,692.5,125.88,330.54,179.76,0.915,45.889,229.82,920,7779.2,814.35
2219-09-30T22:50:00Z,702.5,124.88,330.18,179.2,0.915,45.901,228.14,916.25,7791.9,817.95
2219-09-30T23:00:00Z,696,128.38,330.12,176.32,0.915,45.845,229.17,913.71,7907.9,822
2219-09-30T23:10:00Z,691.5,124.38,329.34,174.4,0.905,46.236,227.37,915.42,7788.3,822.9
2219-09-30T23:20:00Z,689,125.25,329.88,177.72,0.905,46.069,230.71,912.56,7759.9,826.5
2219-09-30T23:30:00Z,689,130.38,329.82,177.84,0.91,46.074,232.35,923.82,7957.1,832.5
2219-09-30T23:40:00Z,683.5,127.5,330.66,178.12,0.925,45.701,228.79,917.09,7840.8,831.75
2219-09-30T23:50:00Z,679.5,127.62,329.82,176.6,0.925,46.02,225.62,907.87,7764.4,836.55
2219-10-01T00:00:00Z,686.5,122.75,329.94,176.96,0.905,45.959,226.25,919.9,7766.1,838.2
2219-10-01T00:10:00Z,688,126.5,330.06,176.28,0.915,45.92,228.88,922.52,7757.2,839.4
2219-10-01T00:20:00Z,693.5,124.12,329.94,179.68,0.915,45.993,226.58,914.17,7804.8,845.4
2219-10-01T00:30:00Z,687,128.62,330.6,180.32,0.91,45.678,229.21,915.98,7845.6,850.05
2219-10-01T00:40:00Z,699,121.5,330.42,179.44,0.915,45.618,229.64,922.7,7783.3,856.65
2219-10-01T00:50:00Z,685.5,124.75,329.94,179.32,0.915,45.731,228.51,916.94,7847.7,859.2
2219-10-01T01:00:00Z,683,121.88,329.28,179.48,0.915,46.016,229.04,915.26,7593.8,852.45
2219-10-01T01:10:00Z,681.5,126.62,330.3,180.16,0.915,45.617,229.76,913.87,7878.1,846.75
2219-10-01T01:20:00Z,687.5,125.75,331.02,182.16,0.915,45.277,227,910.5,7855.2,854.1
2219-10-01T01:30:00Z,687.5,125.38,329.64,182.28,0.91,45.786,228.49,914.77,7860.4,850.8
2219-10-01T01:40:00Z,696.5,120.25,330,184.92,0.905,45.532,227.63,911.83,7643.2,840
2219-10-01T01:50:00Z,689.5,124.12,330.54,184.92,0.905,45.179,228.84,924.71,7761.2,842.25
2219-10-01T02:00:00Z,690,126.25,330.48,184.24,0.91,45.122,228.68,908.72,7908.2,834
2219-10-01T02:10:00Z,686.5,122.62,330.12,183.36,0.915,45.274,228.26,922.45,7683.4,838.65
2219-10-01T02:20:00Z,687,124.88,330.12,181.84,0.915,45.323,228.61,908.76,7840.7,834.6
2219-10-01T02:30:00Z,695,123,329.7,181.36,0.915,45.569,229.99,919.8,7704.5,833.85
2219-10-01T02:40:00Z,692,126.25,329.64,180.68,0.915,45.633,231.19,917.38,7805.3,836.1
2219-10-01T02:50:00Z,690,120.75,330.36,182.36,0.915,45.396,229.67,909.95,7718.1,828.9
2219-10-01T03:00:00Z,687,122.38,330.06,178.16,0.91,45.546,229.45,912.13,7656.1,831.6
2219-10-01T03:10:00Z,693.5,125.25,328.86,180.76,0.92,46.094,229.47,909.65,7740,838.65
2219-10-01T03:20:00Z,694,128,329.7,180.92,0.92,45.767,228.95,920.51,7884.1,833.1
2219-10-01T03:30:00Z,689.5,123.12,330.18,180.56,0.905,45.563,229.24,915.18,7801.6,833.7
2219-10-01T03:40:00Z,688.5,126.25,330.3,182.96,0.905,45.47,227.24,916.19,7791.5,830.1
2219-10-01T03:50:00Z,689,124.62,330.42,183.88,0.905,45.35,227.68,906.86,7731.9,836.4
2219-10-01T04:00:00Z,693,126.25,330.96,186,0.91,45.029,228.81,917.97,7788,841.2
2219-10-01T04:10:00Z,683,121.5,330.48,182.48,0.91,45.114,230.89,919.76,7704.3,841.5
2219-10-01T04:20:00Z,682.5,128.12,329.94,182.4,0.91,45.396,228.18,923.31,7811.1,839.25
2219-10-01T04:30:00Z,688.5,127.38,329.58,183.44,0.915,45.581,228.84,911.85,7825.5,836.85
2219-10-01T04:40:00Z,682.5,127.62,330.66,184.4,0.91,45.136,229.12,912.6,7803.1,837.75
2219-10-01T04:50:00Z,687,128.12,330.3,187.2,0.91,45.195,228.53,916.39,7974.1,836.1
2219-10-01T05:00:00Z,688.5,128.5,330.54,187.16,0.91,44.978,228.82,916.81,7862.2,833.7
2219-10-01T05:10:00Z,687,129.5,330.42,188.88,0.915,44.942,230.68,919.11,8011.3,840.15
2219-10-01T05:20:00Z,691,125.38,329.82,186,0.915,45.109,228.19,915.99,7850.6,843.3
2219-10-01T05:30:00Z,690.5,125.62,329.7,189.12,0.91,45.154,231.03,911.77,7792.8,842.85
2219-10-01T05:40:00Z,685,129.38,330.6,189.04,0.91,44.735,230.8,916.31,7810.8,840.6
2219-10-01T05:50:00Z,686,124.38,329.4,187,0.91,45.205,229.53,918.23,7767.6,844.5
2219-10-01T06:00:00Z,686.5,123.25,330.3,187.48,0.915,44.857,228.03,916.26,7660.9,851.25
2219-10-01T06:10:00Z,691,121.38,330,187.08,0.91,44.975,227.5,912.3,7677.1,852.9
2219-10-01T06:20:00Z,689,122.75,329.1,187.24,0.91,45.361,228.78,908.97,7697,853.95
2219-10-01T06:30:00Z,687.5,122.5,329.52,184.72,0.91,45.256,226.6,903.97,7732.8,851.55
2219-10-01T06:40:00Z,700,128.25,329.16,181.28,0.915,45.519,229,911.4,7807.4,850.5
2219-10-01T06:50:00Z,677,126.12,329.64,181.64,0.915,45.496,227.51,911.96,7902.8,846.6
2219-10-01T07:00:00Z,694.5,128.75,329.7,182,0.91,45.575,226.81,919.98,7852.6,850.35
2219-10-01T07:10:00Z,685.5,128.38,329.82,183.84,0.91,45.548,227.98,923.16,8008.9,852
2219-10-01T07:20:00Z,691.5,126.62,330,182.16,0.91,45.452,228.82,916.74,7856,853.05
2219-10-01T07:30:00Z,691.5,128.38,329.34,181.72,0.915,45.771,229.33,921.71,7812.5,850.8
2219-10-01T07:40:00Z,691.5,124.25,329.76,184.8,0.91,45.601,227.6,914.77,7735.3,843.3
2219-10-01T07:50:00Z,693.5,127.62,330.48,184.48,0.91,45.233,228.47,915.58,7798.6,840.15
2219-10-01T08:00:00Z,687.5,123.5,330.18,185.44,0.91,45.252,229.54,918.29,7930.1,838.65
2219-10-01T08:10:00Z,685.5,124,331.02,189,0.91,44.79,226.21,908.66,7708,838.65
2219-10-01T08:20:00Z,683,124.75,330.48,184.68,0.91,44.909,230.83,921.37,7768.3,839.55
2219-10-01T08:30:00Z,685,125.25,329.52,184.2,0.905,45.375,227.53,906.41,7745.1,842.85
2219-10-01T08:40:00Z,701,124.62,329.34,179.52,0.915,45.579,230.8,918.38,7839.6,841.95
2219-10-01T08:50:00Z,696,125.5,329.64,179.16,0.915,45.625,229.18,909.39,7754.5,844.35
2219-10-01T09:00:00Z,688,125,329.16,176,0.91,45.965,230.42,916.05,7926.4,843.45
2219-10-01T09:10:00Z,689.5,122.5,329.52,175.76,0.915,45.989,226.99,919.43,7752.5,842.1
2219-10-01T09:20:00Z,685,125,330.12,173.96,0.915,45.906,228.01,918.04,7760.9,835.8
2219-10-01T09:30:00Z,683.5,125.88,329.04,172.56,0.91,46.503,226.15,910.08,7802.7,837
2219-10-01T09:40:00Z,690.5,125,329.94,171.72,0.91,46.276,228.56,918.29,7830.6,832.65
2219-10-01T09:50:00Z,686.5,121.75,329.28,172.32,0.91,46.648,228.43,911.6,7813.7,832.5
2219-10-01T10:00:00Z,706.5,123.62,329.88,175.24,0.915,46.42,228.11,911.7,7821.1,838.65
2219-10-01T10:10:00Z,697,126.75,330.12,174.84,0.91,46.28,229.01,916.21,7899.5,836.85
2219-10-01T10:20:00Z,686,127,330,172.88,0.91,46.305,228.05,909.9,7763.3,836.85
2219-10-01T10:30:00Z,693.5,124.75,330.3,174.56,0.91,46.2,228.9,916.37,7756.3,835.95
2219-10-01T10:40:00Z,694.5,122.88,329.7,171,0.915,46.441,228.23,917.46,7799.1,834.15
2219-10-01T10:50:00Z,695,127.25,329.88,171.12,0.915,46.474,229.32,916.78,7883.4,830.85
2219-10-01T11:00:00Z,684.5,124.25,329.4,171.72,0.91,46.753,229.02,912.9,7702.1,837.3
2219-10-01T11:10:00Z,694,125.12,329.88,173.32,0.91,46.551,229.81,913.89,7816.4,832.5
2219-10-01T11:20:00Z,688.5,123.88,330.18,175.92,0.91,46.38,225.76,908.62,7753.4,835.8
2219-10-01T11:30:00Z,698,120.12,330.78,178.96,0.91,45.977,228.93,917.26,7665.1,835.05
2219-10-01T11:40:00Z,690.5,124.12,330.36,177.28,0.905,45.968,228.45,902.45,7691.9,842.25
2219-10-01T11:50:00Z,681,126.88,330,180.32,0.905,46.031,227.66,910.35,7818.3,842.85
2219-10-01T12:00:00Z,687,126.88,330.72,181.8,0.915,45.575,226.2,921.69,7791.9,842.55
2219-10-01T12:10:00Z,689.5,127.38,329.46,179.52,0.905,45.969,227.94,914.06,7762.4,844.8
2219-10-01T12:20:00Z,694.5,126.5,329.52,177.88,0.905,45.956,229.68,911.62,7923.1,850.65
2219-10-01T12:30:00Z,691.5,125.62,330.12,180,0.905,45.768,228.36,907.29,7671.5,855.3
2219-10-01T12:40:00Z,697.5,122.88,330.54,178.6,0.915,45.579,229.43,917.42,7829.3,854.7
2219-10-01T12:50:00Z,691.5,126.12,329.88,176,0.915,45.913,228.44,909.94,7905.4,854.1
2219-10-01T13:00:00Z,698.5,125.88,329.58,177.92,0.91,46.154,227.14,916.64,7816.4,857.7
2219-10-01T13:10:00Z,693.5,124.12,330.3,175.88,0.91,45.884,227.76,914.46,7822.7,855.3
2219-10-01T13:20:00Z,684,128.75,330.3,176.4,0.91,45.93,227.77,919.66,7928.6,857.55
2219-10-01T13:30:00Z,689,128.5,329.94,179.04,0.91,46.1,230.07,915.34,7845.2,854.85
2219-10-01T13:40:00Z,691.5,124.88,330.3,175.68,0.915,45.897,229.58,920.69,7871.7,852.6
2219-10-01T13:50:00Z,694.5,123.25,329.52,176.36,0.915,46.26,228.24,914.82,7790.2,853.2
2219-10-01T14:00:00Z,697,123.25,330,178.12,0.91,46.052,228.75,915.57,7797.7,851.55
2219-10-01T14:10:00Z,681,126.38,330.6,178.92,0.91,45.751,227.79,915.12,7705,855.3
2219-10-01T14:20:00Z,704.5,123.5,330,177.6,0.91,45.926,229.84,918.23,7701.5,853.05
2219-10-01T14:30:00Z,687,127.25,330.72,177.64,0.915,45.628,228.08,921.86,8016.3,854.55
2219-10-01T14:40:00Z,681.5,122.25,329.88,178.68,0.91,45.975,227.54,912.97,7659.7,851.85
2219-10-01T14:50:00Z,695.5,124.38,329.58,176,0.91,46.104,227.74,918.79,7924.1,850.2
2219-10-01T15:00:00Z,691,128.5,329.82,177.12,0.915,46.061,229.05,913.21,7826.8,853.35
2219-10-01T15:10:00Z,691,125.88,330.18,179.76,0.915,45.897,229.65,914,7976,857.4
2219-10-01T15:20:00Z,683,125.75,330.18,179.08,0.915,45.875,229.6,913.96,7875.2,858.75
2219-10-01T15:30:00Z,692.5,123.12,330.12,179.8,0.915,45.861,227.86,916.08,7777.4,857.1
2219-10-01T15:40:00Z,683.5,126.12,329.82,178,0.905,45.959,228.65,908.39,7848.5,857.55
2219-10-01T15:50:00Z,695,125.12,330.54,180.84,0.905,45.62,229.95,918.46,7900.1,856.5
2219-10-01T16:00:00Z,689.5,126.5,329.46,178.68,0.905,46.019,227.47,918.61,7722.4,855.15
2219-10-01T16:10:00Z,698.5,125.5,330.06,179.24,0.91,45.799,231.01,914.03,7802.5,858
2219-10-01T16:20:00Z,690,125.38,329.64,179.88,0.91,45.988,226.97,917.46,7805,855.45
2219-10-01T16:30:00Z,689.5,123.62,330.42,179.48,0.905,45.637,227.18,913.22,7795.9,852.15
2219-10-01T16:40:00Z,697,122.38,330.12,180.92,0.91,45.747,230.3,916.58,7767.6,848.7
2219-10-01T16:50:00Z,697.5,125,330.06,181.44,0.91,45.71,227.54,911.33,7766.4,849.9
2219-10-01T17:00:00Z,676,125.88,329.88,183.52,0.91,45.702,226.52,909.41,7769.6,842.25
2219-10-01T17:10:00Z,685,127,330.84,185.56,0.905,45.224,228.51,914.91,7726.2,838.8
2219-10-01T17:20:00Z,696,124.88,330.12,182.68,0.905,45.391,227.33,914.61,7813.3,841.5
2219-10-01T17:30:00Z,688,127.12,330.12,181.6,0.91,45.443,227.44,914.5,7825.4,846.6
2219-10-01T17:40:00Z,684.5,127.38,329.64,179.36,0.9,45.744,228.98,912.32,7866.2,839.4
2219-10-01T17:50:00Z,684.5,124.62,329.58,181.32,0.9,45.838,228.51,912.26,7853.5,831.9
2219-10-01T18:00:00Z,688,127.25,330.12,180.44,0.905,45.589,228.39,917.89,7872.5,833.85
2219-10-01T18:10:00Z,683,125.38,330.18,181.48,0.91,45.548,226.7,913.71,7814.8,843.45
2219-10-01T18:20:00Z,690,124.25,329.46,180.88,0.91,45.86,228.54,916.77,7794.9,850.5
2219-10-01T18:30:00Z,691,123.38,330.3,182.28,0.91,45.501,229.62,917.13,7621.5,840.3
2219-10-01T18:40:00Z,693.5,126.25,329.7,177.24,0.92,45.764,227.56,912.4,7755,841.8
2219-10-01T18:50:00Z,689.5,124.62,329.34,175.8,0.92,46.063,229.58,914.2,7842.7,854.4
2219-10-01T19:00:00Z,691,126.5,329.34,174.36,0.91,46.218,230.43,913.47,7817.5,852.15
2219-10-01T19:10:00Z,680,124,329.58,174.04,0.905,46.247,227.64,916.81,7655.3,858.45
2219-10-01T19:20:00Z,692.5,127.38,329.94,176.48,0.905,46.175,228.08,909.29,7806.3,857.55
2219-10-01T19:30:00Z,699,122.62,330.18,177.28,0.915,46.046,227.8,909.13,7643.7,854.4
2219-10-01T19:40:00Z,679,125.25,330,178.96,0.91,46.056,227.83,906.51,7797.6,861.75
2219-10-01T19:50:00Z,690,126.62,330.78,180.48,0.91,45.647,226.87,911.54,7698.4,856.95
2219-10-01T20:00:00Z,690,127.62,330.12,177.48,0.91,45.821,228.91,916.69,7990.6,865.65
2219-10-01T20:10:00Z,685.5,126.88,329.64,177.48,0.91,46.06,228.21,910.25,7823.3,858.9
2219-10-01T20:20:00Z,688,126.88,329.88,178.28,0.91,45.986,227.45,914.27,7862.5,852.75
2219-10-01T20:30:00Z,696.5,126.38,329.64,177.32,0.91,46.073,226.15,915.85,7863.3,856.05
2219-10-01T20:40:00Z,687.5,124.88,330.24,176.36,0.91,45.839,228.17,915.71,7689,859.8
2219-10-01T20:50:00Z,681.5,124,329.94,174.6,0.91,46.029,229.26,909.11,7784.6,863.55
2219-10-01T21:00:00Z,682.5,127.5,329.04,173.76,0.915,46.524,227.06,916.55,7891.1,861.9
2219-10-01T21:10:00Z,678.5,125.88,329.4,175.96,0.91,46.483,228.52,903.53,7761.5,855.15
2219-10-01T21:20:00Z,684.5,125.25,330.24,174.64,0.91,46.132,229.31,913.13,7945.2,857.55
2219-10-01T21:30:00Z,688,126.38,330.6,175.64,0.91,45.981,230.07,918.63,7830.6,861.6
2219-10-01T21:40:00Z,686.5,127.75,329.4,174.48,0.91,46.486,229.92,918.09,8013.4,859.95
2219-10-01T21:50:00Z,689.5,123.38,329.58,176.36,0.91,46.449,227.87,914.12,7595.1,854.1
2219-10-01T22:00:00Z,686.5,127.75,330.06,176.92,0.905,46.211,226.73,910.8,7865.8,857.85
2219-10-01T22:10:00Z,684,124.88,330.78,178.52,0.91,45.82,229.09,919.31,7854.6,863.55
2219-10-01T22:20:00Z,687,126.88,330.6,175.84,0.91,45.807,228.62,910.09,7858.4,856.65
2219-10-01T22:30:00Z,686,125.62,329.46,175.44,0.905,46.353,228.26,902.32,7889.5,857.7
2219-10-01T22:40:00Z,699,126.25,330.18,176.68,0.915,46.074,227.5,915.41,7742.9,860.4
2219-10-01T22:50:00Z,700,124,329.52,175.52,0.915,46.318,228.76,917.02,7803.9,862.2
2219-10-01T23:00:00Z,698,125.25,329.64,177.08,0.91,46.272,227.21,914.1,7824,860.25
2219-10-01T23:10:00Z,684,123.12,330.3,180.16,0.91,45.959,229.08,908.24,7820.7,856.8
2219-10-01T23:20:00Z,696,126.12,330.78,180.44,0.91,45.625,228.89,911.65,7912.2,851.25
2219-10-01T23:30:00Z,681.5,124.75,330.36,183.4,0.91,45.637,230.01,910.82,7832.4,851.7
2219-10-01T23:40:00Z,686.5,125.12,330.36,184.96,0.915,45.471,227.43,915.31,7853.4,857.25
2219-10-01T23:50:00Z,692,126.12,330.06,184.68,0.915,45.468,231.32,915.41,7802,851.1
2219-10-02T00:00:00Z,689,125.75,330.9,186.96,0.915,45.014,228.81,919.14,7840.3,853.05
2219-10-02T00:10:00Z,678.5,127,330.24,185.52,0.92,45.199,228.72,915.49,7855.8,856.2
2219-10-02T00:20:00Z,691.5,123.38,329.76,186.12,0.92,45.367,228.54,911.63,7745.3,855
2219-10-02T00:30:00Z,684,124.62,330,185.2,0.905,45.229,228.4,913.29,7793.6,847.8
2219-10-02T00:40:00Z,691,123.62,330.24,185.6,0.91,45.118,228.54,916.71,7773.7,847.95
2219-10-02T00:50:00Z,688.5,128.5,329.82,185.32,0.91,45.282,229.34,923.94,7914.1,846.15
2219-10-02T01:00:00Z,682.5,123.88,329.7,186.04,0.91,45.348,229.66,904.38,7796,847.35
2219-10-02T01:10:00Z,689,126.62,329.28,185.56,0.915,45.546,229.35,917.51,7855.1,847.5
2219-10-02T01:20:00Z,685.5,128.5,330,185.16,0.915,45.266,227.01,907.99,7937.9,854.1
2219-10-02T01:30:00Z,691,126.38,329.94,187.16,0.915,45.248,231.21,914.41,7826.2,853.2
2219-10-02T01:40:00Z,699.5,127.62,330.36,186.52,0.91,45.038,229.22,909.39,7802.7,847.95
2219-10-02T01:50:00Z,696.5,126,330.36,189.56,0.91,45.007,228.18,916.55,7892.2,844.2
2219-10-02T02:00:00Z,688.5,128.75,330.3,188.12,0.905,44.92,226.59,905.48,7858.1,836.1
2219-10-02T02:10:00Z,698,120.25,330,187.96,0.905,45.025,229.96,913.24,7701.5,839.85
2219-10-02T02:20:00Z,683,127.12,330.6,188.36,0.905,44.779,231.57,913.82,7985.7,836.7
2219-10-02T02:30:00Z,693.5,127.88,329.76,188.08,0.91,45.095,228.31,914.72,7932.9,833.7
2219-10-02T02:40:00Z,685,125.12,330.24,186.4,0.905,44.902,227.82,913.34,7898.6,830.55
2219-10-02T02:50:00Z,691,126,329.46,186.16,0.905,45.304,229.29,915.06,7755,825.75
2219-10-02T03:00:00Z,697,127.25,330.24,187.72,0.91,45.014,228.13,912.44,7873.5,827.85
2219-10-02T03:10:00Z,685,125.5,330.36,187.68,0.91,44.945,230.84,913.1,7862.1,830.85
2219-10-02T03:20:00Z,682,125.75,329.4,183.8,0.91,45.352,228.32,912.84,7767.2,833.1
2219-10-02T03:30:00Z,685.5,129,329.76,184.76,0.915,45.331,227.97,911.26,7799.9,841.2
2219-10-02T03:40:00Z,692.5,126.62,329.4,182.36,0.91,45.552,228.22,912.8,7886.1,839.85
2219-10-02T03:50:00Z,694,128.62,329.52,180.44,0.91,45.596,230.33,919.36,7836.2,845.7
2219-10-02T04:00:00Z,697.5,122.38,329.94,181.88,0.915,45.566,227.8,912.95,7777.2,849
2219-10-02T04:10:00Z,690,127.5,330,182.92,0.905,45.588,229.87,910.61,7832.2,854.25
2219-10-02T04:20:00Z,690.5,119.88,330.36,186.12,0.905,45.399,228.19,925.63,7683.3,855
2219-10-02T04:30:00Z,688,123.62,330.18,185.68,0.915,45.336,225.38,917.98,7759.7,864.45
2219-10-02T04:40:00Z,695.5,125.88,330.12,185.6,0.915,45.276,226.96,913.78,7787.7,863.85
2219-10-02T04:50:00Z,685.5,124,330.3,187.08,0.915,45.16,227.56,915.69,7791.1,866.4
2219-10-02T05:00:00Z,681,128.5,329.94,183.24,0.915,45.258,228.92,915.85,7802.7,863.1
2219-10-02T05:10:00Z,698,123.88,329.58,181.84,0.915,45.505,228.32,909.93,7765.3,862.65
2219-10-02T05:20:00Z,685,123.5,329.46,179.08,0.915,45.674,227.58,908.95,7756.7,856.05
2219-10-02T05:30:00Z,689,127.75,329.46,179.28,0.91,45.826,227.34,918.59,7789.5,856.65
2219-10-02T05:40:00Z,687.5,122.62,329.76,180.28,0.91,45.81,229.47,909.8,7734.7,858.75
2219-10-02T05:50:00Z,692.5,123.62,330.3,180.12,0.91,45.617,229.36,906.53,7782.7,864.15
2219-10-02T06:00:00Z,698,121.25,330,177.16,0.915,45.769,230.31,921.16,7753.9,867.9
2219-10-02T06:10:00Z,683.5,125.75,329.4,179.2,0.905,46.071,229.06,911.48,7808.3,864.9
2219-10-02T06:20:00Z,703,123.38,329.7,177.12,0.905,45.991,226.06,914.83,7753.6,853.05
2219-10-02T06:30:00Z,693,125.88,329.28,175.16,0.91,46.268,229.45,913.82,7899.4,857.4
2219-10-02T06:40:00Z,696.5,124.25,329.52,178.92,0.91,46.259,227.58,911.82,7723.9,856.5
2219-10-02T06:50:00Z,682,127.38,330.54,179.8,0.91,45.809,228.51,906.64,7805,861
2219-10-02T07:00:00Z,692,125.12,331.14,184.2,0.91,45.409,227.4,922.36,7803.2,855.3
2219-10-02T07:10:00Z,691,126.88,330.84,183.16,0.915,45.335,228.65,911.06,7809.4,854.1
2219-10-02T07:20:00Z,689,125.12,330.42,183,0.915,45.422,227.03,917.93,7680.2,855.15
2219-10-02T07:30:00Z,688.5,130.38,329.7,181.72,0.915,45.714,229.26,922.58,7992.9,849.75
2219-10-02T07:40:00Z,691,125.38,330.36,181.24,0.905,45.428,228.08,915.59,7825.5,843.6
2219-10-02T07:50:00Z,700.5,126.12,330.06,179.64,0.905,45.543,225.41,919.44,7864.4,846
2219-10-02T08:00:00Z,685.5,124.12,330.72,185.84,0.915,45.319,227.05,912.99,7776.3,834.15
2219-10-02T08:10:00Z,692.5,128.25,330.42,186.68,0.905,45.294,227.65,907.43,8010.8,838.05
2219-10-02T08:20:00Z,685,126,330.78,191.12,0.905,44.959,229.53,912.11,7749.4,838.2
2219-10-02T08:30:00Z,694.5,128.38,331.14,193.36,0.91,44.565,228.09,919.52,7865,829.95
2219-10-02T08:40:00Z,678,122.88,330.3,193,0.92,44.684,226.39,912.71,7698.9,833.7
2219-10-02T08:50:00Z,693,122.5,330.66,195.4,0.92,44.395,228.66,921.55,7721.4,843.6
2219-10-02T09:00:00Z,688,126.5,330.24,194.16,0.905,44.443,228.56,917.7,7871.9,839.4
2219-10-02T09:10:00Z,686.5,126.25,330.12,192.04,0.91,44.477,230.58,909.22,7819,838.95
2219-10-02T09:20:00Z,694.5,125.5,329.34,192.92,0.91,44.863,228.38,927.55,7899.6,837.45
2219-10-02T09:30:00Z,691,126.5,330.12,196.52,0.905,44.517,228.94,916.27,7802.4,832.05
2219-10-02T09:40:00Z,688.5,125.88,330.78,196.08,0.91,44.135,229.51,918.63,7901.9,826.65
2219-10-02T09:50:00Z,690,129.75,329.46,196.12,0.91,44.578,228.89,907.24,7912.5,831.45
2219-10-02T10:00:00Z,702,124.25,330.06,194.72,0.905,44.302,229.52,911.06,7798.5,834
2219-10-02T10:10:00Z,682,126.88,329.88,194.96,0.91,44.394,228.65,917.22,7927,825
2219-10-02T10:20:00Z,685,124.12,330.3,192.04,0.91,44.241,226.72,913.95,7720.9,824.1
2219-10-02T10:30:00Z,684.5,128,329.46,192.68,0.915,44.676,228.28,911.09,7895.8,826.35
2219-10-02T10:40:00Z,693.5,128.38,330.42,192.88,0.905,44.346,227.74,908.68,7996.8,824.85
2219-10-02T10:50:00Z,693,126.5,329.7,188.44,0.905,44.718,227.75,908.96,7870.9,827.55
2219-10-02T11:00:00Z,687,126.12,329.34,190.48,0.91,44.985,228.29,920.61,7840.8,823.8
2219-10-02T11:10:00Z,688.5,124.12,330.48,192.6,0.905,44.52,227.36,914.14,7763.4,814.65
2219-10-02T11:20:00Z,681,124.88,330.12,191.64,0.905,44.651,228.81,915.12,7763.7,816
2219-10-02T11:30:00Z,702.5,126.75,329.88,187.8,0.915,44.792,226.14,913.82,7845.9,818.55
2219-10-02T11:40:00Z,691,124.25,329.52,185.44,0.905,45.089,230.31,912.44,7728.1,820.5
2219-10-02T11:50:00Z,696,126.12,329.46,182.92,0.905,45.297,227.88,911.24,7882.1,818.1
2219-10-02T12:00:00Z,688,124.12,329.22,184.04,0.905,45.564,226.17,909.73,7714,815.25
2219-10-02T12:10:00Z,694,127.5,329.46,181.28,0.91,45.585,228.94,911.99,7984.2,819.6
2219-10-02T12:20:00Z,689.5,123.62,329.1,180.44,0.91,45.874,225.06,918.5,7855.6,825.6
2219-10-02T12:30:00Z,685.5,125.62,329.28,181.6,0.91,45.901,225.77,907.45,7869.3,823.5
2219-10-02T12:40:00Z,688,124.62,330,181.64,0.91,45.643,228.07,915.3,7778.9,822.45
2219-10-02T12:50:00Z,687,124,330.3,182.24,0.91,45.529,227.75,910.28,7725.1,825.6
2219-10-02T13:00:00Z,685.5,125.75,330.54,184.16,0.915,45.373,228.15,915.87,7882.5,821.25
2219-10-02T13:10:00Z,692,123.25,330,184.64,0.91,45.515,228.39,908.64,7705.3,827.25
2219-10-02T13:20:00Z,693.5,126.38,330,184.56,0.91,45.435,229.27,918.22,7883.1,830.85
2219-10-02T13:30:00Z,692.5,127.25,329.46,181.52,0.91,45.659,227.96,913.42,7892.2,825.3
2219-10-02T13:40:00Z,689.5,128.25,329.28,179.12,0.915,45.845,227.93,914.33,7859.9,822
2219-10-02T13:50:00Z,694.5,126.5,329.4,181.6,0.915,45.932,230.33,917.82,7925.9,817.35
2219-10-02T14:00:00Z,690,126,330.06,179.28,0.91,45.686,228.43,914.06,7798,820.8
2219-10-02T14:10:00Z,683.5,127.38,330.36,179.52,0.905,45.618,227.86,909.88,7820.3,817.95
2219-10-02T14:20:00Z,683,124.25,330,181.32,0.905,45.789,229.06,913.24,7659.6,822.6
2219-10-02T14:30:00Z,689.5,126.12,330.12,177.2,0.915,45.738,228.17,903.45,7683.5,818.85
2219-10-02T14:40:00Z,698.5,123.75,329.64,174.72,0.91,46.059,229.29,913.02,7774.4,816.15
2219-10-02T14:50:00Z,689.5,125.75,329.34,174.72,0.91,46.336,230.07,909.81,7792.5,821.4
2219-10-02T15:00:00Z,683,125.75,329.76,171.52,0.91,46.317,226.08,924.38,7705.2,821.4
2219-10-02T15:10:00Z,682.5,127.75,329.04,169.36,0.915,46.827,228.05,913.03,7900.2,812.7
2219-10-02T15:20:00Z,690,126.25,329.64,171.8,0.915,46.752,228.75,919.15,7758.2,810.9
2219-10-02T15:30:00Z,690,125.88,329.64,171.8,0.905,46.755,227.82,910.73,7795.6,811.05
2219-10-02T15:40:00Z,693,123.75,330.54,174.16,0.91,46.344,228.96,910.54,7637.1,810.75
2219-10-02T15:50:00Z,698,121.38,330.54,177.08,0.91,46.222,228.02,911.75,7660.1,809.4
2219-10-02T16:00:00Z,685.5,124.88,330.12,176.04,0.905,46.261,228.43,909.56,7806.3,803.85
2219-10-02T16:10:00Z,700,127.12,330,175.12,0.915,46.273,227.7,910.73,7946,801.15
2219-10-02T16:20:00Z,694.5,125.88,330.06,176.6,0.915,46.273,228.18,913.33,7743.4,803.4
2219-10-02T16:30:00Z,693,128,330.36,175.04,0.92,46.126,227.18,915.91,7920.8,795
2219-10-02T16:40:00Z,687,123.12,329.46,175.8,0.91,46.503,228.94,909.05,7753.6,792.3
2219-10-02T16:50:00Z,674.5,124.25,330,176.76,0.91,46.286,229.03,914,7778.1,793.95
2219-10-02T17:00:00Z,682.5,126.88,329.7,176,0.905,46.388,227.65,914.14,7813.4,795.45
2219-10-02T17:10:00Z,690,122.38,330.06,173.6,0.91,46.267,227.3,918.75,7833.9,799.5
2219-10-02T17:20:00Z,699,127.25,329.76,173,0.91,46.473,227.32,917.54,7761.2,797.85
2219-10-02T17:30:00Z,693,125.62,329.7,176.92,0.91,46.522,225.89,914.31,7841.2,797.7
2219-10-02T17:40:00Z,685,125.12,330.3,177.36,0.91,46.171,227.47,906.23,7727.5,794.25
2219-10-02T17:50:00Z,691.5,125.88,330.36,176.92,0.91,46.031,227.81,913.46,7770.8,791.85
2219-10-02T18:00:00Z,680.5,128.25,330.24,177.24,0.91,46.035,229.37,918.96,7835.4,791.55
2219-10-02T18:10:00Z,687,124.88,330.3,176.72,0.92,46.01,227.68,913.61,7881.7,792.45
2219-10-02T18:20:00Z,683.5,127.62,329.94,174.68,0.92,46.195,227.53,915.51,7856.5,787.8
2219-10-02T18:30:00Z,686,123.88,330.12,174.48,0.91,46.183,228.76,917.91,7691.4,782.55
2219-10-02T18:40:00Z,700.5,123.62,329.82,174.04,0.91,46.343,226.42,908.73,7791.6,785.1
2219-10-02T18:50:00Z,688.5,123.75,329.58,174.68,0.91,46.501,228.08,911.51,7779.7,779.7
2219-10-02T19:00:00Z,690.5,124.25,329.82,173.36,0.905,46.48,226.28,913.58,7886.8,782.1
2219-10-02T19:10:00Z,679,124.88,330.54,172.88,0.91,46.2,229.84,916.93,7807.6,782.25
2219-10-02T19:20:00Z,694,122.62,329.7,171.4,0.91,46.595,226.61,913.19,7788.5,786.9
2219-10-02T19:30:00Z,699,125.12,330,168.96,0.91,46.564,228.19,913.61,7837.4,788.4
2219-10-02T19:40:00Z,686,123.25,329.34,171.36,0.91,46.927,227.77,920.11,7781.5,785.25
2219-10-02T19:50:00Z,695.5,124.25,329.76,172.2,0.91,46.727,226.76,910.48,7824.8,791.25
2219-10-02T20:00:00Z,692.5,125.38,330.54,170.8,0.91,46.37,228.67,908.21,7891.3,783.15
2219-10-02T20:10:00Z,697.5,122.25,329.94,168.32,0.91,46.668,228.36,918.94,7691.3,784.65
2219-10-02T20:20:00Z,700.5,122.5,329.04,167.52,0.91,47.153,227.68,907.55,7751.6,791.1
2219-10-02T20:30:00Z,686.5,125.25,329.7,167.32,0.91,47.025,226.2,906.76,7801.7,798
2219-10-02T20:40:00Z,696.5,124.62,329.82,166.72,0.895,47.047,226.45,914,7884.8,806.55
2219-10-02T20:50:00Z,677.5,127.75,330,170.2,0.895,47.014,226.43,914.92,7820.6,808.8
2219-10-02T21:00:00Z,688.5,123.88,329.46,165.36,0.91,47.194,228.66,914.01,7799.2,810.15
2219-10-02T21:10:00Z,700.5,126.25,329.88,167.32,0.905,47.092,228.56,912.8,7770.5,813
2219-10-02T21:20:00Z,697,119.75,331.08,170.48,0.905,46.575,227.91,920.07,7731,810
2219-10-02T21:30:00Z,688.5,127.5,330.36,169.88,0.915,46.759,227.42,919.55,7897.2,814.95
2219-10-02T21:40:00Z,689.5,127.75,330.6,174.08,0.905,46.568,227.96,912.9,7877,816.6
2219-10-02T21:50:00Z,690,126.5,331.32,175.84,0.905,46.101,228.06,915.72,7701.7,816.9
2219-10-02T22:00:00Z,684,127.12,330.96,176.72,0.91,46.056,228.97,918.79,7860.5,818.85
2219-10-02T22:10:00Z,690.5,127.62,329.64,171.96,0.915,46.494,227.3,912.84,7896.3,819.75
2219-10-02T22:20:00Z,698.5,123.38,330.42,172.24,0.915,46.215,227.1,915.6,7715.3,814.2
2219-10-02T22:30:00Z,686,127.62,329.82,171.36,0.905,46.545,230.69,915.06,7901.4,810
2219-10-02T22:40:00Z,684.5,127.38,329.52,171.28,0.91,46.74,225.47,918.31,7920.9,810.3
2219-10-02T22:50:00Z,693.5,122.38,329.76,172.2,0.91,46.708,226.42,908.03,7651.6,805.65
2219-10-02T23:00:00Z,691.5,123.12,330.48,172.6,0.91,46.365,228.49,906.62,7673.5,805.65
2219-10-02T23:10:00Z,693.5,128.62,330.48,176.2,0.91,46.296,226.8,919.14,7970.9,796.35
2219-10-02T23:20:00Z,685.5,125.62,330.36,179.4,0.91,46.19,229.83,908.63,7749.4,799.2
2219-10-02T23:30:00Z,681.5,123,330.54,177.92,0.91,45.926,227.74,909.88,7705.6,792.75
2219-10-02T23:40:00Z,687,128,330.72,178.44,0.91,45.77,228.61,907.87,7920.1,794.1
2219-10-02T23:50:00Z,692.5,123.12,330.3,180.72,0.91,45.856,231.35,907.92,7690,787.95
2219-10-03T00:00:00Z,692,126,329.64,178.52,0.91,46.075,225.15,912.12,7767.7,787.05
2219-10-03T00:10:00Z,682,127,329.82,180.2,0.915,46.025,227.99,912.35,7720.7,789.75
2219-10-03T00:20:00Z,687.5,126,330.12,179.92,0.915,45.851,227.32,914.24,7736.2,782.25
2219-10-03T00:30:00Z,693,126.25,329.58,178.08,0.915,46.08,230.23,915.97,7824.1,783.6
2219-10-03T00:40:00Z,693,126.62,329.58,178.36,0.905,46.16,227.92,911.11,7831.4,774.45
2219-10-03T00:50:00Z,686,125.88,330.18,179.52,0.905,45.906,226.59,913.65,7855.9,766.65
2219-10-03T01:00:00Z,684,125.62,330.66,182.04,0.91,45.605,229.29,914.27,7745.6,761.1
2219-10-03T01:10:00Z,691.5,124.62,330.36,186.96,0.91,45.585,227.85,909.93,7783.4,757.65
2219-10-03T01:20:00Z,678.5,125.75,330.78,184.16,0.91,45.214,227.92,908.49,7692.4,760.05
2219-10-03T01:30:00Z,680,125.75,330.3,183.24,0.915,45.368,227.5,909.09,7711.7,751.35
2219-10-03T01:40:00Z,694,121.75,329.7,178.6,0.9,45.7,226.99,915.8,7671.8,753.3
2219-10-03T01:50:00Z,691.5,126.5,329.46,176.4,0.9,45.984,228.53,914.42,7770.5,751.8
2219-10-03T02:00:00Z,692.5,123.38,330.36,179.6,0.915,45.762,227.42,898.98,7679.6,762.6
2219-10-03T02:10:00Z,683,124.25,330.24,177.96,0.915,45.852,227.4,904.02,7782,762.9
2219-10-03T02:20:00Z,700.5,123.25,329.94,176.12,0.915,46.037,228.71,914.52,7712.9,763.2
2219-10-03T02:30:00Z,694,122.75,329.46,174.48,0.905,46.303,226.94,910.99,7734,764.25
2219-10-03T02:40:00Z,696.5,126.25,329.28,176.92,0.905,46.479,228.65,916.51,7767.7,758.7
2219-10-03T02:50:00Z,698.5,124,330.24,175.36,0.905,46.106,229.65,916.95,7811.6,760.35
2219-10-03T03:00:00Z,679.5,124.5,330.06,178.92,0.91,46.179,226.96,911.47,7806.3,760.35
2219-10-03T03:10:00Z,695.5,128.25,329.4,179.08,0.91,46.375,228.58,913.68,7835.4,763.05
2219-10-03T03:20:00Z,693,125.62,330.42,176.84,0.91,45.892,228.05,911.06,7858.8,757.8
2219-10-03T03:30:00Z,690.5,123.12,329.88,181.92,0.91,46.111,227.62,912.15,7792.8,757.05
2219-10-03T03:40:00Z,694.5,127.5,331.26,182.88,0.9,45.353,227.33,907.36,7867.8,767.55
2219-10-03T03:50:00Z,692.5,124.12,330.48,184.28,0.9,45.521,229.43,913.5,7719.8,767.1
2219-10-03T04:00:00Z,692,124.88,330,180.24,0.905,45.658,230.52,904.25,7924.4,771.75
2219-10-03T04:10:00Z,690.5,125.38,330.12,184.64,0.91,45.625,226.6,917.59,7779,778.65
2219-10-03T04:20:00Z,688,125.75,330.48,183,0.91,45.383,227.95,918.5,7896.2,782.4
2219-10-03T04:30:00Z,685,125.25,329.7,180.6,0.905,45.69,227.42,906.94,7718.9,784.95
2219-10-03T04:40:00Z,689.5,121.25,329.94,181.52,0.915,45.64,225.73,910.53,7790.2,783.45
2219-10-03T04:50:00Z,688.5,126.12,329.46,181.24,0.915,45.89,226.58,908.35,7921.3,788.1
2219-10-03T05:00:00Z,689,126.25,330.3,180.6,0.905,45.591,227.53,919.96,7885.6,787.8
2219-10-03T05:10:00Z,682.5,126.75,329.1,178.04,0.905,46.159,228.85,913.53,7783,794.4
2219-10-03T05:20:00Z,693,126.12,329.7,175.88,0.905,46.085,226.49,907.43,7762.4,801
2219-10-03T05:30:00Z,682.5,124.25,329.76,177.64,0.915,46.153,228.32,914.32,7799.3,795.9
2219-10-03T05:40:00Z,685.5,125.88,330,176.6,0.91,46.089,229.43,911.25,7907.6,795
2219-10-03T05:50:00Z,685,123.12,329.94,177.48,0.91,46.143,229.64,911.09,7757.4,796.5
2219-10-03T06:00:00Z,681.5,125.12,329.88,174.68,0.905,46.207,227.44,908.5,7809.1,799.35
2219-10-03T06:10:00Z,688.5,128.5,329.64,175.68,0.92,46.377,227.77,911.63,7902.3,798
2219-10-03T06:20:00Z,677,127.62,330.6,175.56,0.92,45.988,227.57,908.28,7795.6,800.4
2219-10-03T06:30:00Z,686.5,124.75,329.76,177.76,0.905,46.31,228.6,909.89,7862.7,798
2219-10-03T06:40:00Z,691,126,330.3,177.28,0.91,46.02,227.1,913.57,7896.5,800.55
2219-10-03T06:50:00Z,687,125.62,329.76,173.84,0.91,46.259,227.24,907.73,7774.5,802.35
2219-10-03T07:00:00Z,692,126.5,330.48,174.28,0.91,46.074,228.56,908.74,7802.9,802.05
2219-10-03T07:10:00Z,690,125.25,330,175.28,0.9,46.322,226.42,914.69,7760.7,801.45
2219-10-03T07:20:00Z,689,128.88,329.94,174.96,0.9,46.369,227.34,911,7980.7,800.7
2219-10-03T07:30:00Z,689.5,127.38,330.42,177.2,0.91,46.127,226.78,920.11,7853.6,795.45
2219-10-03T07:40:00Z,681.5,126,329.82,174.76,0.91,46.342,226.52,913.35,7939,796.65
2219-10-03T07:50:00Z,690.5,126.38,329.76,174.4,0.91,46.39,228.28,917.51,7853.6,796.35
2219-10-03T08:00:00Z,695.5,126.25,330.18,174.76,0.915,46.256,226.93,922.45,7913.2,791.7
2219-10-03T08:10:00Z,690,124,330.54,177.64,0.91,46.1,230.6,912.16,7687,798.3
2219-10-03T08:20:00Z,687.5,123.25,330.48,176.96,0.91,46.037,228.32,905.45,7732.2,798.3
2219-10-03T08:30:00Z,698,124,330.24,177.8,0.905,46.09,228.94,910.72,7764.5,796.05
2219-10-03T08:40:00Z,693,126.5,330.24,178,0.905,46.02,227.37,919.85,7760.7,790.05
2219-10-03T08:50:00Z,683.5,123.62,329.82,176.12,0.905,46.156,224.89,906.49,7739.2,795.9
2219-10-03T09:00:00Z,691,124.5,330.42,181.56,0.91,45.889,226.7,914.25,7768.5,800.25
2219-10-03T09:10:00Z,693,126.62,331.08,185.32,0.905,45.455,227.12,905.62,7846.8,796.35
2219-10-03T09:20:00Z,690,123,330.3,184.16,0.905,45.583,227.27,903.17,7755.9,797.4
2219-10-03T09:30:00Z,690,129.12,330.6,187.32,0.91,45.32,227.47,912.97,7900.4,797.4
2219-10-03T09:40:00Z,696.5,123.25,330.96,187.64,0.91,44.996,227.37,920.56,7733.1,800.4
2219-10-03T09:50:00Z,693.5,123.62,329.64,185.2,0.91,45.458,225.15,907.36,7711.6,802.35
2219-10-03T10:00:00Z,694.5,122.88,329.88,187.96,0.915,45.35,228.13,917.54,7837.3,799.35
2219-10-03T10:10:00Z,689.5,124.5,329.88,186.32,0.905,45.286,229.46,914.45,7683.2,792.75
2219-10-03T10:20:00Z,693,125.88,330.3,185.68,0.905,45.125,228.13,904.95,7785.1,789.3
2219-10-03T10:30:00Z,699.5,123.88,329.52,183.72,0.91,45.497,227.4,915.73,7746.3,799.5
2219-10-03T10:40:00Z,685.5,128.5,329.46,180.28,0.91,45.645,228.56,907,8034.7,801.45
2219-10-03T10:50:00Z,684,123.75,329.1,178.72,0.91,45.981,229.04,918.54,7771.2,804.6
2219-10-03T11:00:00Z,691.5,124.5,329.76,177,0.905,45.925,228.45,909.2,7791.3,803.25
2219-10-03T11:10:00Z,694.5,126.5,329.64,175.04,0.9,46.157,226.69,908.96,7911.2,806.25
2219-10-03T11:20:00Z,695.5,123.88,329.7,172.36,0.9,46.297,227.73,905.62,7841.4,808.2
2219-10-03T11:30:00Z,681.5,127.25,329.94,172.68,0.905,46.384,228.26,915.27,7920.7,818.1
2219-10-03T11:40:00Z,682.5,128.12,329.76,170.68,0.915,46.617,226.85,908.61,7943.1,820.95
2219-10-03T11:50:00Z,697.5,125.5,329.64,171.96,0.915,46.767,227.56,907.65,7827.3,834.15
2219-10-03T12:00:00Z,689.5,125.62,329.28,164.8,0.91,47.004,225.55,909.57,7758.7,833.25
2219-10-03T12:10:00Z,676.5,127.25,329.16,168.4,0.91,47.264,226.91,902.12,7870.8,834
2219-10-03T12:20:00Z,691,126.88,329.88,172.08,0.91,46.963,226.52,912.38,7908.8,830.85
2219-10-03T12:30:00Z,705.5,124.25,330.6,177.32,0.915,46.462,227.43,913.29,7760.9,832.5
2219-10-03T12:40:00Z,685.5,125.62,331.14,179.8,0.905,45.958,228.19,918.27,7808.9,836.4
2219-10-03T12:50:00Z,693.5,127.5,331.2,181.84,0.905,45.673,227,911.81,7826.5,829.95
2219-10-03T13:00:00Z,685.5,126.88,330.72,175.72,0.91,45.711,228.35,907.38,7797.2,827.7
2219-10-03T13:10:00Z,696,127,329.52,174.4,0.91,46.331,228.93,914.14,7843,829.95
2219-10-03T13:20:00Z,698.5,127.5,329.16,170.36,0.91,46.637,227.29,913.15,7809.8,822.6
2219-10-03T13:30:00Z,680,126.62,329.28,170.6,0.905,46.782,227,914.62,7840.4,818.85
2219-10-03T13:40:00Z,683.5,127.88,330.18,172.36,0.9,46.513,227.31,915.23,7874.6,814.65
2219-10-03T13:50:00Z,691,126.38,330,172.64,0.9,46.579,229.19,915.83,7777,806.4
2219-10-03T14:00:00Z,683,126.62,330.84,177.32,0.91,46.178,229.41,911.55,7750,813.3
2219-10-03T14:10:00Z,695,125.25,330.84,176.88,0.915,46.026,227.26,911.72,7900.9,815.85
2219-10-03T14:20:00Z,696.5,129.25,329.82,174.72,0.915,46.386,229.2,916.77,7929.9,817.95
2219-10-03T14:30:00Z,687.5,127.25,329.7,173.92,0.905,46.476,228.36,910.07,7913.4,816.45
2219-10-03T14:40:00Z,685,128.12,330.78,176.04,0.91,46.042,227.28,908.1,7904.4,817.35
2219-10-03T14:50:00Z,696,126.5,330.48,177.2,0.91,46.123,226.37,911.23,7687.6,813.3
2219-10-03T15:00:00Z,692,128,329.94,175.56,0.905,46.296,226.59,903.86,7882.1,819
2219-10-03T15:10:00Z,694,126.38,329.94,177.4,0.91,46.273,226.62,910.88,7833.4,817.05
2219-10-03T15:20:00Z,684.5,127.12,330.36,178.4,0.91,46.073,227.15,911.06,7865.9,814.65
2219-10-03T15:30:00Z,689,125.62,330.48,179.64,0.91,45.929,226.97,908.16,7844,806.85
2219-10-03T15:40:00Z,687.5,122.25,329.76,179.72,0.9,46.133,226.55,915.54,7794.9,812.4
2219-10-03T15:50:00Z,694,123,330.48,182.6,0.9,45.764,226.96,901.86,7630.9,820.5
2219-10-03T16:00:00Z,689,127.25,330.3,183.56,0.905,45.721,227.64,918.63,7755.1,818.1
2219-10-03T16:10:00Z,699,124.5,330.12,179.72,0.905,45.74,228.27,909.21,7706.2,817.05
2219-10-03T16:20:00Z,689,125.75,330.18,182,0.905,45.735,228.65,916.31,7981.9,816
2219-10-03T16:30:00Z,680,130.25,330.24,186.76,0.905,45.622,227.88,920.54,7964.9,816.9
2219-10-03T16:40:00Z,688,126.62,330.42,186.16,0.91,45.343,227.65,914.86,7804.1,814.35
2219-10-03T16:50:00Z,698,128,329.64,183.88,0.91,45.554,229.5,908.9,7866.7,818.25
2219-10-03T17:00:00Z,693,122.12,329.82,182.56,0.91,45.51,229.01,910.34,7803.7,818.7
2219-10-03T17:10:00Z,678.5,125.5,329.94,182.32,0.91,45.531,228.94,912.38,7877.2,817.5
2219-10-03T17:20:00Z,694.5,126.5,330,182.08,0.91,45.6,227.42,902.16,7775.9,819.15
2219-10-03T17:30:00Z,695,126.88,329.82,180.48,0.905,45.724,227.7,914.53,7949.8,817.65
2219-10-03T17:40:00Z,682.5,125.88,329.16,181.04,0.91,46.068,227.86,913.05,7891.2,815.4
2219-10-03T17:50:00Z,681.5,125.25,330.06,182.76,0.91,45.72,228.69,907.42,7819.1,815.4
2219-10-03T18:00:00Z,694.5,125.38,330.66,184.36,0.91,45.375,226.32,913.1,7783.2,818.55
2219-10-03T18:10:00Z,682,128,330.12,184.52,0.9,45.504,227.04,914.2,7943.9,832.05
2219-10-03T18:20:00Z,684.5,125.88,330.06,182.6,0.9,45.508,228.6,909.75,7860.6,833.55
2219-10-03T18:30:00Z,690,125.88,330.12,182.64,0.905,45.539,226.96,916.95,7764.6,836.4
2219-10-03T18:40:00Z,683,125.25,330,185.68,0.905,45.606,227.3,916.05,7815.8,836.7
2219-10-03T18:50:00Z,698,126.62,329.76,183.88,0.905,45.627,227.89,907.38,7692.7,831.9
2219-10-03T19:00:00Z,686.5,123.75,329.52,183,0.905,45.729,226.68,903.72,7646.7,826.2
2219-10-03T19:10:00Z,689.5,122.38,330,182.6,0.91,45.553,226.16,911.84,7752.2,826.5
2219-10-03T19:20:00Z,682,126.5,330.06,181.92,0.91,45.581,226.65,916.19,7874.2,836.25
2219-10-03T19:30:00Z,693,121.38,329.46,179.44,0.905,45.914,228.63,910.68,7714.8,829.65
2219-10-03T19:40:00Z,694,127.38,329.94,177.4,0.91,45.83,227.21,910.72,7841.9,835.05
2219-10-03T19:50:00Z,692.5,126.38,330.18,181.32,0.91,45.781,230.49,906.94,7782.3,836.25
2219-10-03T20:00:00Z,676.5,124.12,330.6,181.28,0.905,45.581,229.33,900.84,7822.6,834.45
2219-10-03T20:10:00Z,694.5,126.25,330.18,179.92,0.905,45.769,226.2,906.88,7907.6,830.7
2219-10-03T20:20:00Z,687,126.75,329.64,178.56,0.905,46.042,226.28,906.88,7826.7,829.05
2219-10-03T20:30:00Z,694,124.62,329.28,180.32,0.91,46.257,228.63,908.37,7911.3,828.9
2219-10-03T20:40:00Z,678.5,126.62,330.66,183.84,0.905,45.608,227.78,906.82,7782.9,837.15
2219-10-03T20:50:00Z,697,124.38,330.72,182.8,0.905,45.424,227.34,907.45,7751.6,842.7
2219-10-03T21:00:00Z,682.5,126,329.82,182.44,0.91,45.764,228.49,907.1,7875.4,842.85
2219-10-03T21:10:00Z,680.5,125.5,329.82,182.92,0.9,45.757,229.32,911.73,7813.3,835.65
2219-10-03T21:20:00Z,690.5,122.12,330,180.4,0.9,45.704,229.01,902.77,7753.5,837.45
2219-10-03T21:30:00Z,690.5,125.75,329.76,179.68,0.9,45.888,227.57,902.21,7747.8,836.25
2219-10-03T21:40:00Z,682.5,127.62,329.52,180.28,0.91,46.036,227.5,908.83,7844.2,838.8
2219-10-03T21:50:00Z,688,125.12,330.12,182.36,0.91,45.807,228.47,911.63,7893.2,835.95
2219-10-03T22:00:00Z,687.5,126,330.48,183.84,0.9,45.568,227.47,908.74,7962.9,838.5
2219-10-03T22:10:00Z,702.5,122.38,330.3,184.2,0.9,45.532,228.26,909.67,7760.2,838.65
2219-10-03T22:20:00Z,680.5,122.25,330.42,185.32,0.9,45.449,226.6,904.39,7734.7,846
2219-10-03T22:30:00Z,692,126.88,330.96,184.28,0.91,45.152,226.87,908.14,7928.7,841.2
2219-10-03T22:40:00Z,681.5,120.88,329.88,184.12,0.92,45.588,227.31,907.36,7663.5,840.9
2219-10-03T22:50:00Z,695,126.38,330.18,183.32,0.92,45.456,225.91,917.68,7834.5,849.75
2219-10-03T23:00:00Z,683.5,123.75,329.7,180.4,0.9,45.703,228.31,905.11,7749.4,849.75
2219-10-03T23:10:00Z,681.5,126.38,329.4,179.92,0.91,45.942,226.61,909.13,7818.2,856.95
2219-10-03T23:20:00Z,679.5,125.12,330.36,184.64,0.91,45.608,227.9,914.52,7706.6,856.5
2219-10-03T23:30:00Z,693,124.62,330.6,181.76,0.91,45.448,226.39,917.3,7761.7,859.35
2219-10-03T23:40:00Z,676.5,127.5,330,181.68,0.91,45.693,226.13,908.25,7865.8,854.25
2219-10-03T23:50:00Z,698.5,125.25,329.76,178.76,0.91,45.823,229.82,916.99,7847.6,855.6
2219-10-04T00:00:00Z,685,124.38,329.52,180.32,0.905,46.012,226.68,906.37,7677.4,852.45
2219-10-04T00:10:00Z,696,124.88,329.88,179.92,0.905,45.915,228.1,909.71,7724.6,853.65
2219-10-04T00:20:00Z,692,125.38,329.46,177.76,0.905,46.122,227.61,912.65,7808.6,852.75
2219-10-04T00:30:00Z,683,125.38,329.88,178.36,0.91,46.04,225.72,909.19,7841.4,851.1
2219-10-04T00:40:00Z,690,127.25,329.76,177.44,0.905,46.102,227.78,911.06,7810.6,842.85
2219-10-04T00:50:00Z,680,126,329.76,176.24,0.905,46.168,226.48,913.61,7730.3,850.2
2219-10-04T01:00:00Z,685,124.88,329.7,176.84,0.905,46.252,228.33,910.25,7726.6,846.15
2219-10-04T01:10:00Z,681.5,127.38,330.84,181.12,0.9,45.768,227.91,903.7,7859.9,851.55
2219-10-04T01:20:00Z,692,124,330.18,178.16,0.9,45.943,230.53,909.22,7700.7,849.15
2219-10-04T01:30:00Z,689,125,330.24,181.16,0.91,45.911,227.15,902.6,7807.8,852.75
2219-10-04T01:40:00Z,688,123.5,330.72,181.48,0.91,45.621,227.13,916.69,7632.8,852.6
2219-10-04T01:50:00Z,681.5,127.38,330.48,184,0.91,45.624,226.9,910.37,7813.2,856.2
2219-10-04T02:00:00Z,695,127.12,330.72,181.24,0.91,45.466,227.31,911.15,7817,853.35
2219-10-04T02:10:00Z,680.5,127.5,330.06,181.52,0.915,45.723,227.33,910.05,7819.7,857.4
2219-10-04T02:20:00Z,679.5,128,329.88,182.48,0.915,45.772,227.34,905.99,7820.6,859.05
2219-10-04T02:30:00Z,694,128.38,330.18,186.08,0.905,45.587,226.8,913.67,7977.5,860.25
2219-10-04T02:40:00Z,695.5,125.12,330.36,183,0.91,45.431,229.94,911.78,7918.2,858.3
2219-10-04T02:50:00Z,684.5,124.88,329.82,182.36,0.91,45.673,228.94,911.95,7871.3,853.5
2219-10-04T03:00:00Z,686.5,125,329.82,183.48,0.91,45.7,229.69,911.04,7810.7,852.15
2219-10-04T03:10:00Z,682.5,125.38,330,183.84,0.905,45.59,228.55,910.17,7814.3,854.7
2219-10-04T03:20:00Z,689,125,330.06,183.32,0.905,45.547,226.9,912.31,7916.9,850.65
2219-10-04T03:30:00Z,694,123.38,330.18,185.76,0.905,45.518,227.92,903.77,7731.7,843.6
2219-10-04T03:40:00Z,691,125,330.24,184.84,0.91,45.424,228.63,907.5,7780.8,840.45
2219-10-04T03:50:00Z,688,126.38,329.88,184.96,0.91,45.543,229.24,912.76,7892.2,834
2219-10-04T04:00:00Z,689.5,123.12,330.72,186.56,0.905,45.145,227.12,919.53,7809.6,837.15
2219-10-04T04:10:00Z,694,123.62,330.66,188,0.91,45.059,229.07,909.28,7768,839.4
2219-10-04T04:20:00Z,689.5,125,330.3,188.32,0.91,45.093,228.39,905.65,7762.4,839.4
2219-10-04T04:30:00Z,692.5,124.62,330.6,185.16,0.91,44.926,228.04,907.17,7702.5,846.45
2219-10-04T04:40:00Z,689,125.25,329.52,187.48,0.905,45.435,227.76,912.65,7789.9,847.5
2219-10-04T04:50:00Z,696.5,125.88,329.82,182.16,0.905,45.344,227.56,905.1,7825.8,851.1
2219-10-04T05:00:00Z,686,127,329.76,186.12,0.905,45.481,228.01,912.02,7852.2,848.1
2219-10-04T05:10:00Z,695,127.75,330.12,185.28,0.9,45.322,227.29,910,7919.4,851.55
2219-10-04T05:20:00Z,694.5,125.62,330.06,183.92,0.9,45.349,226.35,914.67,7776.1,853.35
2219-10-04T05:30:00Z,686,127,330.18,182.04,0.905,45.409,230.07,915.36,7807.9,857.4
2219-10-04T05:40:00Z,693.5,127.75,330.42,184.84,0.9,45.354,229.27,909.82,7973,857.4
2219-10-04T05:50:00Z,690.5,126.25,330.66,185.12,0.9,45.228,228.52,913.58,7750,862.35
2219-10-04T06:00:00Z,697.5,126.12,330,183.88,0.905,45.511,224.93,906.57,7868.1,864.9
2219-10-04T06:10:00Z,680,123.12,329.28,182.36,0.9,45.841,228.04,908.86,7834.7,860.1
2219-10-04T06:20:00Z,696.5,124.5,329.1,181.72,0.9,45.986,227.84,914.29,7822,861.6
2219-10-04T06:30:00Z,687,124.62,329.22,181.2,0.91,46.001,228.26,910.97,7826.9,860.1
2219-10-04T06:40:00Z,685,126.88,329.1,179.72,0.91,46.16,229.35,904.03,7730.4,856.05
2219-10-04T06:50:00Z,687.5,125.25,330.06,179.04,0.91,45.856,228.16,907.51,7751.2,862.35
2219-10-04T07:00:00Z,691,128.75,330.06,180.84,0.915,45.901,226.79,905.68,7931.4,857.25
2219-10-04T07:10:00Z,683.5,121.5,330.48,180.72,0.905,45.69,227.37,909.38,7825.9,852
2219-10-04T07:20:00Z,695.5,127.88,330.18,180.64,0.905,45.801,227.66,907.02,7907.6,850.5
2219-10-04T07:30:00Z,684.5,124.88,329.76,179.76,0.91,45.998,228.69,916.93,7678,855.15
2219-10-04T07:40:00Z,688,124.5,329.58,180.72,0.905,46.097,227.1,909.96,7710.2,847.8
2219-10-04T07:50:00Z,680.5,126.25,329.82,181.72,0.905,45.965,227.49,910.06,7864.6,846.9
2219-10-04T08:00:00Z,691.5,127.25,330.6,182.72,0.91,45.583,228.94,919.88,7833.9,852.6
2219-10-04T08:10:00Z,688,126,330.3,182.88,0.905,45.607,227.8,903.77,7836.4,843.75
2219-10-04T08:20:00Z,693.5,127.5,330.42,184.12,0.905,45.481,228.19,906.19,7901.7,843
2219-10-04T08:30:00Z,686.5,128.25,330.18,186.4,0.905,45.521,226.93,914.37,7901.6,848.1
2219-10-04T08:40:00Z,694,124.62,329.76,184.8,0.915,45.601,228.52,914.56,7732.6,855.75
2219-10-04T08:50:00Z,675,127.88,330.12,182.92,0.915,45.443,227.05,901.77,7731.3,860.25
2219-10-04T09:00:00Z,688,123.75,330,181.52,0.91,45.594,227.96,910.56,7784.3,859.8
2219-10-04T09:10:00Z,686.5,126.25,328.74,178.32,0.9,46.242,227.95,905.67,7890.9,866.7
2219-10-04T09:20:00Z,675.5,126.25,329.22,178.36,0.9,46.201,227.33,906.94,7976.1,870.3
2219-10-04T09:30:00Z,682,125.62,329.46,180.6,0.905,46.162,226.92,905.93,7781.3,866.4
2219-10-04T09:40:00Z,685.5,125.75,329.76,179.32,0.905,46.068,228.61,906.08,7713.6,864.45
2219-10-04T09:50:00Z,680.5,125.88,329.64,178.08,0.905,46.151,226.75,916.6,7894.9,867.15
2219-10-04T10:00:00Z,687.5,127.25,329.94,176.32,0.915,46.082,227.15,913.34,7906.9,869.85
2219-10-04T10:10:00Z,688,122.62,330.3,174.68,0.91,46.011,225.43,918.15,7677.9,878.25
2219-10-04T10:20:00Z,687.5,125.88,329.94,176.76,0.91,46.275,226.52,905.42,7740.3,876.6
2219-10-04T10:30:00Z,688.5,126.88,330.78,177.8,0.905,45.951,228.83,905.23,7858.8,874.2
2219-10-04T10:40:00Z,696,124,330.06,177.24,0.905,46.199,226.67,906.6,7665.7,873
2219-10-04T10:50:00Z,688,124.12,330.42,176.72,0.905,46.048,228.26,910.26,7762.9,868.95
2219-10-04T11:00:00Z,688,124.38,330.36,180.16,0.91,46.035,229.31,910.57,7809.2,869.25
2219-10-04T11:10:00Z,690,123,330.12,177.92,0.905,46.065,226.02,906.08,7748.1,871.95
2219-10-04T11:20:00Z,692,124,329.34,176.48,0.905,46.403,226.09,904.04,7795.1,872.1
2219-10-04T11:30:00Z,692.5,123.5,330.06,179.2,0.9,46.131,226.01,918.47,7743.3,870
2219-10-04T11:40:00Z,685.5,125.75,330.06,178.04,0.915,46.098,227.09,920.93,7760.9,863.7
2219-10-04T11:50:00Z,682,125.88,330.18,177.72,0.915,46.047,227.74,911.33,7739.5,863.55
2219-10-04T12:00:00Z,686.5,127.62,329.82,177.24,0.905,46.207,227.7,909.85,7932.2,867.15
2219-10-04T12:10:00Z,686.5,122.5,329.88,177.08,0.905,46.22,227.5,912.1,7901.4,866.25
2219-10-04T12:20:00Z,700.5,121.25,329.76,176.88,0.905,46.312,226.51,919.26,7729.1,865.65
2219-10-04T12:30:00Z,700.5,124.25,330.42,180.96,0.9,46.034,224.77,905.3,7694.7,858.6
2219-10-04T12:40:00Z,694.5,127.12,330.6,182.2,0.91,45.797,229.66,912.22,7885.9,859.65
2219-10-04T12:50:00Z,691.5,124.38,330.24,180.24,0.91,45.826,230,909.54,7838.1,857.55
2219-10-04T13:00:00Z,688.5,123.5,330.18,181.16,0.91,45.816,229.61,910.93,7728.2,855.9
2219-10-04T13:10:00Z,692.5,126,330.72,184.08,0.9,45.535,228.28,907.38,7799.8,847.95
2219-10-04T13:20:00Z,690,122.38,330.48,185.04,0.9,45.495,230.1,910.85,7659.8,848.55
2219-10-04T13:30:00Z,685.5,123.38,330.42,185.36,0.905,45.406,228.19,906.84,7751.8,842.55
2219-10-04T13:40:00Z,699.5,125.12,330.06,182.76,0.9,45.491,228.4,911.15,7740.4,852.3
2219-10-04T13:50:00Z,693,126.88,330.18,179.88,0.9,45.522,228.5,907.36,7860.2,852.45
2219-10-04T14:00:00Z,692.5,124.25,329.7,182.84,0.895,45.843,225.81,902.53,7706.7,847.5
2219-10-04T14:10:00Z,687,125.62,329.94,184.24,0.91,45.727,228.55,903.67,7679.3,846.75
2219-10-04T14:20:00Z,682.5,123.38,329.52,181.68,0.91,45.828,229.07,906.98,7625.1,846.15
2219-10-04T14:30:00Z,692.5,126,330,179.84,0.9,45.671,225.88,903.94,7753.3,853.2
2219-10-04T14:40:00Z,689,127,329.46,179.64,0.91,46.013,227.92,906.24,7856.1,857.25
2219-10-04T14:50:00Z,694,128.62,330.48,180.84,0.91,45.672,226.87,913.41,7895.4,862.95
2219-10-04T15:00:00Z,688.5,124.38,329.58,177.08,0.905,46.064,228.27,912.94,7664.2,864.6
2219-10-04T15:10:00Z,683,125.88,329.22,175.4,0.91,46.34,226.93,910.88,7765.7,868.05
2219-10-04T15:20:00Z,687.5,127,329.16,172.88,0.91,46.554,227.24,904.58,7896.1,866.1
2219-10-04T15:30:00Z,687,122.75,328.8,170.28,0.905,46.922,228.5,910.67,7746.8,869.4
2219-10-04T15:40:00Z,685,123.62,329.4,168.96,0.905,46.861,224.55,914.38,7683.8,876
2219-10-04T15:50:00Z,691,122.75,329.28,170.52,0.905,47.024,228.77,911.69,7761.8,870.15
2219-10-04T16:00:00Z,682.5,124.5,329.34,169.72,0.9,47.075,227.63,907.75,7733.7,873.15
2219-10-04T16:10:00Z,689,123.62,330.72,175.36,0.905,46.496,229.41,912.92,7766.9,866.1
2219-10-04T16:20:00Z,685,129,330.96,177.64,0.905,46.204,227.77,910.62,7994.6,861.45
2219-10-04T16:30:00Z,686,124,330.36,173.32,0.905,46.321,228.91,906.5,7729.2,855.45
2219-10-04T16:40:00Z,697.5,127.88,329.28,173,0.905,46.799,227.51,904.81,7826.2,850.8
2219-10-04T16:50:00Z,696,125.75,330.12,172.96,0.905,46.473,228.79,914.48,7816,846.15
2219-10-04T17:00:00Z,681,125.62,329.76,175.44,0.905,46.633,228.73,911.08,7826.2,854.55
2219-10-04T17:10:00Z,685,126.62,330.24,175.48,0.905,46.424,229.76,909.01,7718.1,847.5
2219-10-04T17:20:00Z,686.5,124.38,330.66,174.8,0.905,46.19,228.64,903.99,7819.5,849.75
2219-10-04T17:30:00Z,691.5,127.12,329.58,175.2,0.91,46.609,227.62,907.1,7832.6,850.8
2219-10-04T17:40:00Z,697.5,124.5,330.54,174.04,0.91,46.198,228.11,909.37,7797.4,841.8
2219-10-04T17:50:00Z,686.5,125.38,330.06,175.28,0.91,46.404,227.08,908.62,7882.5,843.6
2219-10-04T18:00:00Z,681,131.62,330.48,177.8,0.905,46.226,226.66,902.8,8085.6,832.95
2219-10-04T18:10:00Z,687,123,330.72,178.8,0.905,46.016,224.39,917.82,7774,830.7
2219-10-04T18:20:00Z,684,125.5,330.54,180.04,0.905,45.96,227.58,910.48,7731,831.45
2219-10-04T18:30:00Z,691,124.12,330.36,178.36,0.905,45.946,226.38,906.33,7660,832.2
2219-10-04T18:40:00Z,694,123.12,329.7,179.32,0.905,46.224,229.73,915.58,7650.4,829.8
2219-10-04T18:50:00Z,697.5,124.62,330.66,182.16,0.905,45.774,225.8,906.21,7801.7,831.6
2219-10-04T19:00:00Z,683.5,128,330.54,180.96,0.9,45.69,227.73,917.35,7811.6,832.2
2219-10-04T19:10:00Z,693.5,127.12,330.9,180.92,0.91,45.483,228.37,904.55,7851.8,830.55
2219-10-04T19:20:00Z,684,126.5,331.14,184.48,0.91,45.328,226.85,909.64,7848.7,833.55
2219-10-04T19:30:00Z,688.5,127.25,330.9,184.52,0.91,45.301,228.49,907.3,7927.3,831.9
2219-10-04T19:40:00Z,694.5,124.25,330.3,184.88,0.91,45.461,227.55,908.78,7800.2,831.75
2219-10-04T19:50:00Z,701.5,124.5,330.3,182.96,0.91,45.468,226.73,907.42,7816.2,832.2
2219-10-04T20:00:00Z,676,124.88,330.48,184,0.905,45.422,227.71,908.02,7804.8,828
2219-10-04T20:10:00Z,690.5,123.5,329.88,186,0.9,45.628,225.91,897.77,7757.4,827.4
2219-10-04T20:20:00Z,679.5,125.25,330.36,188.48,0.9,45.333,228.17,915.61,7786.6,823.35
2219-10-04T20:30:00Z,682,125.75,330.3,187.72,0.915,45.251,227.7,910.21,7826.5,806.55
2219-10-04T20:40:00Z,702,123.25,330,187.6,0.91,45.327,227.18,908.09,7780.6,806.55
2219-10-04T20:50:00Z,686,125.5,330.06,189.84,0.91,45.239,227.29,905.87,7882.4,801.9
2219-10-04T21:00:00Z,686.5,123.38,330.54,191.84,0.91,44.982,227.11,906.11,7724.4,805.5
2219-10-04T21:10:00Z,691.5,123.5,330.54,192.76,0.905,44.841,227.53,913.68,7710,805.95
2219-10-04T21:20:00Z,680,123.88,330.36,190.88,0.905,44.815,230.34,908.26,7740.3,803.1
2219-10-04T21:30:00Z,681.5,126.12,330.36,192.12,0.9,44.732,226.22,903.17,7810.7,795.75
2219-10-04T21:40:00Z,683.5,127.25,329.82,191.32,0.905,44.946,225.88,908.1,7824.1,802.2
2219-10-04T21:50:00Z,679.5,123.75,330.42,190.76,0.905,44.69,225.06,910.95,7846.8,801.45
2219-10-04T22:00:00Z,684,126.75,329.34,189.4,0.91,45.177,227.33,907.14,7926.2,806.4
2219-10-04T22:10:00Z,691,127.62,329.64,188.76,0.905,45.122,229.46,905.09,7795.6,807.9
2219-10-04T22:20:00Z,689.5,125.12,330.42,190.4,0.905,44.833,227.9,913.57,7818.6,796.2
2219-10-04T22:30:00Z,685.5,126.62,330,191.04,0.905,44.993,227.5,910.23,7753,795.15
2219-10-04T22:40:00Z,678.5,127.38,330.24,189.76,0.9,44.854,225.89,911.05,7884.7,795.15
2219-10-04T22:50:00Z,693.5,124.38,329.52,188.52,0.9,45.184,225.87,914.42,7772,796.2
2219-10-04T23:00:00Z,689,123.5,329.58,183.08,0.9,45.282,224.91,913.18,7650.2,791.7
2219-10-04T23:10:00Z,693,125.12,329.28,182.12,0.905,45.673,228.46,909.39,7754.2,790.35
2219-10-04T23:20:00Z,688,130.62,329.34,180.96,0.905,45.822,227.84,912.85,7817,787.2
2219-10-04T23:30:00Z,684.5,128.12,329.52,182.2,0.91,45.895,227.24,905.66,7839.6,793.8
2219-10-04T23:40:00Z,695.5,125.5,330,180.8,0.905,45.755,226.85,904.92,7761.4,799.5
2219-10-04T23:50:00Z,688,125.88,329.7,180.72,0.905,45.916,227.76,902.96,7835.2,802.2
2219-10-05T00:00:00Z,680,128.25,329.22,180.92,0.91,46.18,227.56,905.6,7911.5,803.85
2219-10-05T00:10:00Z,688.5,122.25,330.66,183.52,0.9,45.575,228.69,904.61,7692.5,806.7
2219-10-05T00:20:00Z,686.5,127.38,330.72,184.68,0.9,45.47,228.26,910.43,7855.8,802.95
2219-10-05T00:30:00Z,692,123.62,330.18,183.64,0.9,45.617,225.36,905.82,7782,802.8
2219-10-05T00:40:00Z,694,123.5,329.64,184.16,0.91,45.842,224.76,911.43,7728.9,807.45
2219-10-05T00:50:00Z,688.5,123.5,330.06,182.72,0.91,45.628,228.16,912.89,7707.8,804.15
2219-10-05T01:00:00Z,690,124.88,330.3,184.44,0.905,45.499,228.05,910.08,7820.4,805.35
2219-10-05T01:10:00Z,686.5,125.62,330.12,183.72,0.905,45.523,226.38,908.86,7725.2,797.85
2219-10-05T01:20:00Z,688,127.5,330.36,184.92,0.905,45.397,226.72,902.09,7849.1,793.95
2219-10-05T01:30:00Z,686,125.25,329.4,183.6,0.905,45.788,227.82,903.98,7851.1,793.5
2219-10-05T01:40:00Z,688.5,126,329.4,184.12,0.915,45.828,226.89,904.77,7735.6,788.55
2219-10-05T01:50:00Z,689.5,127,330.72,187.96,0.915,45.262,227.1,911.01,7876.3,789.6
2219-10-05T02:00:00Z,700.5,126.5,329.88,186.64,0.905,45.503,229.83,923.99,7863.9,784.05
2219-10-05T02:10:00Z,681,125.38,329.82,185.12,0.91,45.521,226.85,906.18,7807.3,779.55
2219-10-05T02:20:00Z,687.5,127.62,329.76,183.96,0.91,45.604,226.28,903.27,7790.5,785.85
2219-10-05T02:30:00Z,697.5,128,329.82,181.92,0.905,45.636,224.15,896.98,7854.6,785.85
2219-10-05T02:40:00Z,691.5,125,329.58,181.8,0.91,45.831,227.14,908.94,7817.6,788.7
2219-10-05T02:50:00Z,696.5,120.75,329.58,180.88,0.91,45.938,225.86,907.61,7716.3,786.6
2219-10-05T03:00:00Z,687.5,124.62,330.24,183.4,0.905,45.701,225.33,904.22,7860.1,783.3
2219-10-05T03:10:00Z,692.5,125.62,330.48,186.4,0.905,45.525,227.93,910.59,7702.3,782.4
2219-10-05T03:20:00Z,684,126,330.24,183.96,0.905,45.546,228.43,907.9,7789,787.8
2219-10-05T03:30:00Z,706.5,123.5,329.88,183.36,0.905,45.686,226.44,908.63,7752.3,800.1
2219-10-05T03:40:00Z,683,123.62,329.52,180.48,0.91,45.877,227.68,914.73,7755,804.3
2219-10-05T03:50:00Z,698,123.62,329.76,180.04,0.91,45.892,228.48,914.81,7673.5,803.25
2219-10-05T04:00:00Z,682,122.88,330.06,178.48,0.905,45.858,226.38,908.87,7741.1,797.85
2219-10-05T04:10:00Z,694.5,127.25,329.76,177.88,0.91,46.062,228.11,912.1,7855.5,791.85
2219-10-05T04:20:00Z,683.5,123.88,329.82,177.8,0.91,46.138,226.18,912.76,7789.8,791.25
2219-10-05T04:30:00Z,687,125.62,330.06,177.64,0.905,46.141,229.07,905.46,7779.7,793.35
2219-10-05T04:40:00Z,685,122.88,330.06,174.28,0.9,46.208,226.28,907.4,7716.4,791.4
2219-10-05T04:50:00Z,690,127.25,329.88,173.92,0.9,46.44,225.86,908.14,7812.5,789.6
2219-10-05T05:00:00Z,694,126.62,329.76,174.6,0.91,46.56,227.04,905.03,7866.1,784.5
2219-10-05T05:10:00Z,703,126.25,330.48,174.4,0.905,46.243,228.55,909.31,7832.9,787.65
2219-10-05T05:20:00Z,691,124,329.22,170.16,0.905,46.843,226.12,907.61,7811.6,789.45
2219-10-05T05:30:00Z,686,125.12,329.46,172.32,0.9,46.899,226.04,907.54,7778.6,788.4
2219-10-05T05:40:00Z,689.5,125.88,329.76,175,0.91,46.783,226.35,910.89,7767.9,786.45
2219-10-05T05:50:00Z,692.5,128.12,329.94,178.6,0.91,46.569,225.95,912,7891.6,795.45
2219-10-05T06:00:00Z,682.5,123.88,330.3,179.2,0.905,46.252,227.93,908.76,7735.8,791.25
2219-10-05T06:10:00Z,683,124.5,330.78,178.56,0.905,45.902,227.19,909.84,7671.1,795.9
2219-10-05T06:20:00Z,689,125,329.94,178.48,0.905,46.177,227.58,917.1,7781.3,804.15
2219-10-05T06:30:00Z,699,127.88,329.52,177.84,0.9,46.372,227.49,907.33,7883.9,809.1
2219-10-05T06:40:00Z,687,127.88,329.76,178.52,0.9,46.305,229.52,912.94,7877.7,807.15
2219-10-05T06:50:00Z,692,128.88,329.34,177.76,0.9,46.497,226.82,913.93,7963.4,814.35
2219-10-05T07:00:00Z,683.5,121.88,329.46,176,0.905,46.446,226.01,907.05,7665,813.75
2219-10-05T07:10:00Z,681.5,124.88,330.3,177.36,0.905,46.129,226,905.25,7757.1,806.4
2219-10-05T07:20:00Z,694,123.88,329.94,177.44,0.905,46.269,229.54,911.2,7658.5,803.55
2219-10-05T07:30:00Z,687,129,330.12,176,0.91,46.204,228.23,903.15,7932.2,806.85
2219-10-05T07:40:00Z,689.5,124.5,329.34,173.48,0.91,46.624,226.98,906.14,7676.7,806.55
2219-10-05T07:50:00Z,687.5,123.38,330.48,175.72,0.91,46.275,225.7,898.37,7691.1,801.3
2219-10-05T08:00:00Z,691,125.12,330.12,177.48,0.895,46.391,227.53,907.85,7762.8,804.75
2219-10-05T08:10:00Z,700.5,125,329.94,177.84,0.9,46.412,229.9,907.67,7864.5,805.2
2219-10-05T08:20:00Z,690,123.75,329.82,175.52,0.9,46.398,226.15,909.5,7840.7,798.75
2219-10-05T08:30:00Z,694.5,130.12,329.46,174.52,0.9,46.564,231.17,906.91,7951.1,802.05
2219-10-05T08:40:00Z,703.5,123.88,329.82,175.72,0.905,46.457,226.44,909.82,7754,803.4
2219-10-05T08:50:00Z,682,126,329.94,177.12,0.905,46.422,225.33,912.99,7828.3,799.35
2219-10-05T09:00:00Z,696,124.38,329.46,174.84,0.905,46.62,226.71,911.42,7763.8,794.25
2219-10-05T09:10:00Z,679.5,129.12,329.46,174.64,0.9,46.683,227.58,908.5,7905,796.05
2219-10-05T09:20:00Z,684.5,126.75,329.52,174.4,0.9,46.693,226.73,903.67,7729.6,792.45
2219-10-05T09:30:00Z,689,126.62,330.48,175.24,0.905,46.296,228.25,912.56,7754.1,794.25
2219-10-05T09:40:00Z,692,127.88,330.06,175.8,0.905,46.464,225,905.72,7731.4,791.7
2219-10-05T09:50:00Z,688.5,120.5,330.12,174.28,0.905,46.441,228.12,903.91,7685.8,789.9
2219-10-05T10:00:00Z,692,125.75,330,175.08,0.905,46.478,225.57,906.39,7779.8,799.95
2219-10-05T10:10:00Z,682,124.88,330.18,175.28,0.9,46.449,227.72,901.61,7688.2,797.4
2219-10-05T10:20:00Z,703,125.75,329.46,174.72,0.9,46.794,225.12,905.45,7802.8,803.85
2219-10-05T10:30:00Z,698,123.12,329.94,174.8,0.905,46.554,227.35,909.03,7731.7,799.35
2219-10-05T10:40:00Z,690.5,124.62,329.34,172.08,0.905,46.808,227.53,915.62,7802.7,791.1
2219-10-05T10:50:00Z,688.5,124.12,330.12,174.64,0.905,46.545,227.59,907.65,7810.1,784.8
2219-10-05T11:00:00Z,695.5,121.38,329.76,173.24,0.905,46.724,228.35,905.24,7712.2,775.5
2219-10-05T11:10:00Z,693,124.38,329.34,173.44,0.905,46.91,227.33,913.71,7826.2,772.2
2219-10-05T11:20:00Z,687,125.75,329.7,172.56,0.905,46.765,227.79,909.94,7878.5,777.9
2219-10-05T11:30:00Z,691.5,121.88,330,170.52,0.905,46.672,226.8,909.02,7696.3,773.4
2219-10-05T11:40:00Z,692.5,125.5,329.52,173.04,0.905,46.974,225.25,917.2,7753.1,777.3
2219-10-05T11:50:00Z,693,128.12,329.7,172.24,0.905,46.899,226.94,899.84,7893.9,782.25
2219-10-05T12:00:00Z,692,129.38,330.36,171.2,0.905,46.598,227.18,907.16,7882.3,784.65
2219-10-05T12:10:00Z,693.5,121.62,330.12,172.76,0.905,46.722,226.3,908.64,7706.6,778.35
2219-10-05T12:20:00Z,696,123.75,330,174.6,0.905,46.716,225.73,905.55,7812.1,785.7
2219-10-05T12:30:00Z,695,128.88,329.52,171.68,0.9,46.884,228.86,901.59,7847.4,782.85
2219-10-05T12:40:00Z,694,125.62,329.58,172.32,0.915,46.874,226.01,910.53,7842.2,785.4
2219-10-05T12:50:00Z,685.5,127.62,329.82,172.28,0.915,46.814,226.42,904.79,7879.1,793.95
2219-10-05T13:00:00Z,701.5,128.12,329.88,172.52,0.905,46.804,228.11,907.37,7924.1,793.65
2219-10-05T13:10:00Z,692.5,127,329.94,171.92,0.9,46.795,228.25,904.47,7892.8,791.85
2219-10-05T13:20:00Z,691,126.25,329.7,170.16,0.9,46.918,225.95,913.45,7776.4,790.65
2219-10-05T13:30:00Z,686.5,128,329.7,171.04,0.9,46.975,227.38,912.88,7905.9,783.9
2219-10-05T13:40:00Z,690.5,127.62,329.7,170.8,0.905,47.009,227.95,910.19,7852.8,780.6
2219-10-05T13:50:00Z,695.5,119.62,330,171.32,0.905,46.914,228.48,914.35,7570.2,777
2219-10-05T14:00:00Z,690.5,123.5,330.42,174.52,0.91,46.723,226.47,907.8,7775.3,787.05
2219-10-05T14:10:00Z,697,130,330.84,176.2,0.9,46.394,227,912,7989.1,791.4
2219-10-05T14:20:00Z,692.5,122.75,330.42,177.96,0.9,46.373,226.8,910.17,7720.6,795.6
2219-10-05T14:30:00Z,684.5,125.62,329.94,178.28,0.91,46.407,227.49,916.52,7850.2,797.85
2219-10-05T14:40:00Z,686,125.88,329.7,176.96,0.9,46.441,227.05,911.86,7785.5,795.9
2219-10-05T14:50:00Z,692,125.38,330.18,177.4,0.9,46.223,227.56,902.77,7781.4,796.35
2219-10-05T15:00:00Z,694.5,124,329.64,175.68,0.905,46.422,228.83,908.29,7808.7,799.05
2219-10-05T15:10:00Z,690,124.62,330,175.92,0.905,46.316,225.96,912.75,7854,789
2219-10-05T15:20:00Z,687,127.88,329.94,176.68,0.905,46.353,227.35,899.83,7833.7,784.05
2219-10-05T15:30:00Z,688.5,125.75,329.82,178.52,0.905,46.414,226.35,902.69,7682.8,784.05
2219-10-05T15:40:00Z,689,126.12,330.78,179.24,0.905,45.946,224.95,909.58,7833.2,787.8
2219-10-05T15:50:00Z,682,126.75,329.1,178.56,0.905,46.565,226.01,900.4,7881.6,789.6
2219-10-05T16:00:00Z,690,124.62,330.24,183.24,0.91,46.029,228.4,906.66,7798.1,785.1
2219-10-05T16:10:00Z,694.5,126.12,330.18,181.36,0.91,45.895,229.03,910.87,7769.4,781.95
2219-10-05T16:20:00Z,690,124.38,330.18,181.6,0.91,45.84,229.14,906.96,7812.8,771
2219-10-05T16:30:00Z,684,125.75,329.94,181,0.91,45.937,226.48,901.81,7786.6,767.4
2219-10-05T16:40:00Z,694.5,126.12,330.66,179.92,0.9,45.683,228.86,904.51,7923.8,767.25
2219-10-05T16:50:00Z,684,123.38,329.58,180.52,0.9,46.156,224.85,908.71,7834.5,769.95
2219-10-05T17:00:00Z,699,125.75,330.18,180.88,0.905,45.909,227.88,903.36,7820.4,780.9
2219-10-05T17:10:00Z,688.5,127.25,329.82,179.16,0.9,46.039,227.7,905.61,7951.6,779.25
2219-10-05T17:20:00Z,688.5,123.88,329.04,179.12,0.9,46.426,227.22,909.88,7776.3,776.85
2219-10-05T17:30:00Z,699,126.5,329.7,180.36,0.905,46.176,227.23,907.84,7738.5,773.4
2219-10-05T17:40:00Z,688,123.62,330.48,183.68,0.905,45.81,226.14,915.64,7850.7,777.75
2219-10-05T17:50:00Z,690.5,124.12,330.42,185.12,0.905,45.703,225.6,906.42,7758.5,784.5
2219-10-05T18:00:00Z,689.5,126.5,330.42,183.52,0.91,45.57,227.72,904.78,7700,786.75
2219-10-05T18:10:00Z,694,123.25,330,185.72,0.905,45.675,227.1,908.23,7694.2,793.05
2219-10-05T18:20:00Z,690.5,124.38,330.42,188,0.905,45.407,228.64,904.79,7756.2,797.55
2219-10-05T18:30:00Z,690.5,124.12,330.12,186.56,0.895,45.424,226.02,908.27,7783.7,799.05
2219-10-05T18:40:00Z,691.5,125.38,330.06,186.84,0.905,45.445,228.35,904.87,7773.8,801.6
2219-10-05T18:50:00Z,688.5,123.62,330.06,184.2,0.905,45.473,229.47,908.19,7777.7,796.5
2219-10-05T19:00:00Z,695.5,123,330.54,188.2,0.905,45.298,228.98,909,7824.3,792.9
2219-10-05T19:10:00Z,687.5,121.38,330.3,185.56,0.895,45.327,228.5,903.28,7734.7,797.4
2219-10-05T19:20:00Z,686,127.5,330,184.48,0.895,45.444,226.15,908.41,7877.1,799.5
2219-10-05T19:30:00Z,694.5,126.5,329.76,183.8,0.9,45.609,225.93,909.09,7759.9,797.55
2219-10-05T19:40:00Z,685.5,124.75,330.18,186.52,0.91,45.505,226.51,915.11,7811,800.85
2219-10-05T19:50:00Z,690,126.12,330.24,186.8,0.91,45.409,227.8,908.13,7777.4,798.9
2219-10-05T20:00:00Z,688.5,126,330.3,188,0.91,45.306,226.95,901.49,7743.3,795
2219-10-05T20:10:00Z,682,125.38,330.54,188.36,0.905,45.113,228.23,912.07,7846,801.3
2219-10-05T20:20:00Z,683,125.12,330.18,187.88,0.905,45.232,228.46,910.65,7771.6,801.15
2219-10-05T20:30:00Z,683,123.25,329.7,187.72,0.91,45.435,228.12,907.36,7796.8,800.7
2219-10-05T20:40:00Z,684.5,129.38,329.88,187.36,0.91,45.36,228.23,897.15,7919.4,807.9
2219-10-05T20:50:00Z,679,124.12,329.88,183.72,0.91,45.387,227.46,907.61,7730,809.1
2219-10-05T21:00:00Z,682,123.25,330.18,184.32,0.91,45.372,227.17,904.41,7788.6,801
2219-10-05T21:10:00Z,692,122.88,330,189.2,0.9,45.52,227.02,907.89,7831.1,799.05
2219-10-05T21:20:00Z,688.5,126,330.66,189.84,0.9,45.113,226.16,899.81,7879.2,802.05
2219-10-05T21:30:00Z,692.5,122.38,330.9,187.92,0.905,44.928,227.66,902.12,7627.5,816.75
2219-10-05T21:40:00Z,694,128.38,330.18,185.52,0.9,45.235,227.33,905.54,7915.3,822.3
2219-10-05T21:50:00Z,696,123.5,330.24,184.12,0.9,45.271,227.66,912.61,7873.9,830.4
2219-10-05T22:00:00Z,688,124.38,329.4,183.72,0.905,45.773,223.33,903.16,7748.4,819.9
2219-10-05T22:10:00Z,689,126.88,328.92,180.44,0.91,46.106,227.17,908.55,7887.1,811.5
2219-10-05T22:20:00Z,698.5,123.62,329.64,179.32,0.91,45.973,227.27,910.52,7820.6,808.35
2219-10-05T22:30:00Z,685.5,123.12,329.58,181.04,0.91,46.111,226.91,904.48,7778.7,814.2
2219-10-05T22:40:00Z,694.5,128.12,330.36,182.36,0.905,45.808,224.9,902.78,7930.4,812.25
2219-10-05T22:50:00Z,688,127.25,330,182.4,0.905,45.905,226.1,908.7,7840.1,808.5
2219-10-05T23:00:00Z,697.5,128,330.24,180.72,0.91,45.769,227.38,906.67,7815.6,799.35
2219-10-05T23:10:00Z,697,128.12,328.74,176.56,0.905,46.46,227.41,902.71,7946.6,796.35
2219-10-05T23:20:00Z,693,129.25,329.52,178.2,0.905,46.299,226.36,910.08,7924.1,786.9
2219-10-05T23:30:00Z,692.5,126.12,329.04,176.84,0.91,46.605,228.36,908.07,7755.9,781.5
2219-10-05T23:40:00Z,693,121.88,330.36,180.52,0.905,46.085,228.28,910.27,7661.3,774.9
2219-10-05T23:50:00Z,689.5,121.62,330.54,180.96,0.905,45.92,226.05,907.23,7770.6,780.45
2219-10-06T00:00:00Z,688.5,129.5,330.9,179.32,0.905,45.701,226.91,904.61,7862.2,779.7
2219-10-06T00:10:00Z,687,127,329.94,179.56,0.9,46.126,225.53,897.59,7930.6,786
2219-10-06T00:20:00Z,687,127,329.94,178.4,0.9,46.14,227.42,903.76,7787.5,787.35
2219-10-06T00:30:00Z,700,126.12,329.64,178.68,0.905,46.281,227.92,911.16,7746.4,780.15
2219-10-06T00:40:00Z,685,127.25,329.82,178.4,0.9,46.245,226.87,909.91,7856.9,774.9
2219-10-06T00:50:00Z,697,126,330.36,180.84,0.9,46.032,226.03,903.75,7838.6,767.7
2219-10-06T01:00:00Z,684,125.5,330.12,182.76,0.9,46.023,223.84,904.43,7838.4,772.65
2219-10-06T01:10:00Z,689,128.62,330.78,184.68,0.915,45.598,227.52,904.23,7856.2,775.2
2219-10-06T01:20:00Z,678.5,121.38,329.88,184.92,0.915,45.838,225.67,903.72,7676.8,774.3
2219-10-06T01:30:00Z,695.5,125,330.12,185.72,0.905,45.638,227.68,912.3,7884,775.95
2219-10-06T01:40:00Z,689,121.62,330.36,187.12,0.91,45.443,230.3,904.15,7718.5,772.8
2219-10-06T01:50:00Z,698,124.5,329.46,183.56,0.91,45.781,226.11,907.66,7743.4,773.85
2219-10-06T02:00:00Z,680.5,126.62,329.82,182.88,0.905,45.699,227.37,908.99,7785.1,771
2219-10-06T02:10:00Z,697,126.62,329.34,182.48,0.91,45.965,226.15,906.2,7810.4,782.4
2219-10-06T02:20:00Z,688.5,127.88,330.06,183.44,0.91,45.726,226.81,908.06,7822.6,777.45
2219-10-06T02:30:00Z,687,128.88,330.48,180.84,0.905,45.526,226.52,902.8,7807.7,775.65
2219-10-06T02:40:00Z,683.5,127.38,329.58,179.96,0.905,45.984,227.44,910.55,7842.4,785.4
2219-10-06T02:50:00Z,702.5,123.88,330.18,178.64,0.905,45.849,228.11,907.4,7881.1,788.7
2219-10-06T03:00:00Z,688.5,124.12,330,181.44,0.895,46.029,226.26,905.88,7736,798.75
2219-10-06T03:10:00Z,696.5,123.75,330.48,181.24,0.9,45.82,226.7,907.39,7783.3,806.4
2219-10-06T03:20:00Z,695.5,125.25,329.76,181,0.9,46.064,226.4,906.72,7798.3,812.25
2219-10-06T03:30:00Z,693.5,127.88,329.88,180.12,0.905,46.016,226.76,906.67,7869.9,814.5
2219-10-06T03:40:00Z,680,124.75,329.04,176.52,0.905,46.429,228.85,906.08,7818.3,814.8
2219-10-06T03:50:00Z,688,130,329.64,177.72,0.905,46.319,227.42,911.71,7932.8,815.85
2219-10-06T04:00:00Z,687.5,122.88,330.12,181.92,0.9,46.104,228.87,914.17,7809.1,825.9
2219-10-06T04:10:00Z,688.5,127.12,330,177.32,0.905,46.08,227.23,905.51,7832.8,821.55
2219-10-06T04:20:00Z,698.5,125.5,330.18,177.08,0.905,46.096,226.12,899.6,7839.3,821.4
2219-10-06T04:30:00Z,682,124.75,329.88,176.76,0.905,46.309,227.01,909.67,7799.1,813
2219-10-06T04:40:00Z,677,122.75,330.12,176.2,0.91,46.274,227.66,909.42,7792.5,803.85
2219-10-06T04:50:00Z,696,128.38,329.94,178,0.91,46.377,227.9,912.29,7957,799.5
2219-10-06T05:00:00Z,689,124.75,330.18,178.04,0.905,46.277,227.32,905.35,7923,801.75
2219-10-06T05:10:00Z,694.5,127.75,330.06,178.4,0.9,46.307,226.19,905.45,7849.5,807.6
2219-10-06T05:20:00Z,683,123.12,330.48,180.84,0.9,46.085,226.4,906.66,7785.8,803.85
2219-10-06T05:30:00Z,694,126.62,330.18,181.96,0.91,46.105,226.06,901.85,7944.9,806.25
2219-10-06T05:40:00Z,688,128.88,330.66,182.32,0.91,45.783,227.81,903.03,7892.9,811.05
2219-10-06T05:50:00Z,685.5,128.25,329.76,179.76,0.91,46.069,226.47,905.93,7844.1,811.2
2219-10-06T06:00:00Z,699.5,125.25,329.82,177.68,0.905,46.126,225.22,908.7,7869.5,813.6
2219-10-06T06:10:00Z,684,122.25,330.06,175.4,0.905,46.159,226.07,911.03,7694.1,821.1
2219-10-06T06:20:00Z,680,124.62,330.24,178.44,0.905,46.181,224.38,911.97,7719.2,812.55
2219-10-06T06:30:00Z,696.5,127.12,329.58,178.2,0.9,46.428,227.62,916.1,7931.8,800.7
2219-10-06T06:40:00Z,693,129.5,329.76,179.36,0.9,46.329,227.56,910.62,7906.6,807.75
2219-10-06T06:50:00Z,685,126.12,330.42,182.08,0.9,46.002,226.07,906.82,7738.9,809.55
2219-10-06T07:00:00Z,696.5,125.38,331.2,181.68,0.91,45.543,228.33,903.83,7815.8,807.3
2219-10-06T07:10:00Z,687.5,126.62,330.12,179.52,0.91,45.925,227.12,911.25,7865.3,806.85
2219-10-06T07:20:00Z,682.5,124.5,329.64,180.12,0.91,46.165,227.31,908.94,7808.8,804.15
2219-10-06T07:30:00Z,689,125.75,330,177.48,0.895,46.099,227.89,900.06,7827.6,801.3
2219-10-06T07:40:00Z,689.5,127.5,329.82,180.08,0.905,46.238,227.39,906.44,7892.1,797.55
2219-10-06T07:50:00Z,682,125,329.64,177.72,0.905,46.347,225.5,911.6,7800.2,796.35
2219-10-06T08:00:00Z,691,127,330.06,180.16,0.905,46.205,226.73,910.14,7790.9,797.4
2219-10-06T08:10:00Z,682,128.75,330.48,180.88,0.91,46.003,227.26,902.45,7907.2,796.35
2219-10-06T08:20:00Z,684,125.62,330,181.12,0.91,46.116,226.4,906.55,7774.5,795.3
2219-10-06T08:30:00Z,691.5,124.75,329.82,180.96,0.905,46.13,226.66,907.63,7810,794.55
2219-10-06T08:40:00Z,690,124.12,330.24,183.72,0.905,45.904,226.69,918.75,7825.8,789.6
2219-10-06T08:50:00Z,690.5,125.88,330.78,185.68,0.905,45.552,228.4,909.05,7851.4,790.5
2219-10-06T09:00:00Z,687,129.25,330.84,184.96,0.9,45.4,225.17,907.75,7940.5,787.95
2219-10-06T09:10:00Z,687,123.25,330.36,181.28,0.9,45.577,225.52,901.9,7701.9,790.95
2219-10-06T09:20:00Z,694.5,121.38,329.58,180.68,0.9,45.975,224.78,901.39,7714.8,782.55
2219-10-06T09:30:00Z,684,123.62,329.82,180.8,0.91,45.979,226.49,903.5,7669.2,786.45
2219-10-06T09:40:00Z,698.5,124.25,329.34,180.92,0.9,46.206,227.3,912.14,7918.5,793.35
2219-10-06T09:50:00Z,700,127.38,329.7,181.64,0.9,46.115,226.16,901.37,7898,800.1
2219-10-06T10:00:00Z,684.5,128.5,329.64,179.72,0.91,46.145,227.4,914.67,7872.6,803.25
2219-10-06T10:10:00Z,684.5,125.25,330.18,180.24,0.9,45.968,226.48,908.39,7783.1,801.9
2219-10-06T10:20:00Z,687.5,127.5,329.28,177.52,0.9,46.399,226.68,908.64,7795.4,800.7
2219-10-06T10:30:00Z,685,127.12,330.24,179.2,0.91,46.091,225.75,906.83,7829.2,801.6
2219-10-06T10:40:00Z,692.5,122.12,330.24,182.04,0.905,46.082,227.92,911.87,7774.4,796.8
2219-10-06T10:50:00Z,687.5,124.25,330.24,180.8,0.905,46.014,223.9,901.44,7736.1,804.3
2219-10-06T11:00:00Z,694,124,330.36,180.52,0.91,45.924,229.48,908.86,7736.1,797.4
2219-10-06T11:10:00Z,687.5,126.25,330.24,181.16,0.91,45.961,227.39,904.7,7981.6,791.4
2219-10-06T11:20:00Z,676.5,125.62,329.28,179.72,0.91,46.357,228.69,910.62,7868.1,786
2219-10-06T11:30:00Z,686,127.12,330.48,178.96,0.905,45.877,226.67,906.43,7854.2,785.85
2219-10-06T11:40:00Z,691.5,125.5,329.22,176.68,0.9,46.483,227.58,909.47,7784.5,789.3
2219-10-06T11:50:00Z,700,127,329.4,174.52,0.9,46.518,226.15,910.2,7847.8,778.95
2219-10-06T12:00:00Z,683,124,330.06,175.2,0.905,46.366,227.92,902.96,7913.2,789.3
2219-10-06T12:10:00Z,677.5,125.75,330.12,178.96,0.905,46.343,228.59,901.39,7880,789
2219-10-06T12:20:00Z,682.5,122.62,329.82,178.8,0.905,46.422,227.96,904.57,7673.4,804.6
2219-10-06T12:30:00Z,685.5,129.12,329.82,175.12,0.905,46.403,227.07,905.61,7857.7,801.6
2219-10-06T12:40:00Z,689.5,127.75,329.64,174.72,0.905,46.562,226.08,910.24,7828.6,796.65
2219-10-06T12:50:00Z,686.5,123.25,330.18,171.88,0.905,46.45,225.49,909.23,7742.3,798.75
2219-10-06T13:00:00Z,691.5,125.38,330.18,173.04,0.905,46.555,226.23,911.67,7848.6,795
2219-10-06T13:10:00Z,693,124.75,329.7,173.68,0.91,46.814,228.01,907.32,7830.1,801.6
2219-10-06T13:20:00Z,686.5,130.12,329.4,171.52,0.91,46.979,226.4,911.6,8002,804.9
2219-10-06T13:30:00Z,682,126.25,329.7,166.72,0.91,46.977,227.07,901.76,7735.5,805.8
2219-10-06T13:40:00Z,689.5,126.88,329.52,168.6,0.895,47.205,225.27,907.35,7886.4,798.9
2219-10-06T13:50:00Z,699.5,123.75,329.82,167.28,0.895,47.163,228.46,904.72,7775.7,797.85
2219-10-06T14:00:00Z,682.5,123.62,329.46,168.4,0.905,47.405,225.65,906.46,7770,810.3
2219-10-06T14:10:00Z,700,125.38,330.18,168.76,0.905,47.146,226.58,902.82,7793.5,810.45
2219-10-06T14:20:00Z,696,123.88,330.48,172.12,0.905,46.948,227,913.51,7736.7,814.2
2219-10-06T14:30:00Z,684.5,126.62,330,170.28,0.9,47.026,228.38,910.08,7896.4,814.2
2219-10-06T14:40:00Z,676.5,127.88,329.58,169,0.895,47.195,227.68,900.9,7807.8,809.7
2219-10-06T14:50:00Z,696,124.38,329.64,169.8,0.895,47.196,225.92,905.7,7774.9,811.8
2219-10-06T15:00:00Z,688.5,127.62,329.7,171.8,0.91,47.151,226.25,912.79,7909.4,815.25
2219-10-06T15:10:00Z,685,127.25,330.54,173.24,0.9,46.73,227.89,903.8,7828.5,811.8
2219-10-06T15:20:00Z,680.5,121.75,330.18,172.36,0.9,46.784,226.08,903.28,7765.2,809.55
2219-10-06T15:30:00Z,691,125.12,330.24,172.2,0.91,46.735,227.81,899,7891.1,811.35
2219-10-06T15:40:00Z,691.5,126.5,329.82,170.32,0.905,46.913,225.43,910.7,7835.5,815.55
2219-10-06T15:50:00Z,690.5,126.25,330,171.96,0.905,46.868,227.1,908.15,7909.3,814.05
2219-10-06T16:00:00Z,680.5,122.12,329.52,171.88,0.9,47.07,226.64,910.01,7608.3,818.85
2219-10-06T16:10:00Z,683.5,129.25,329.52,168.12,0.91,47.128,226.92,904.06,7877.9,825.15
2219-10-06T16:20:00Z,688,123.38,329.7,169.8,0.91,47.175,226.57,905.88,7769.7,833.25
2219-10-06T16:30:00Z,685,129,330.36,172.92,0.895,46.882,226.37,904.34,7789.1,834.3
2219-10-06T16:40:00Z,689.5,124.12,330.24,172.56,0.905,46.821,226.92,900.26,7700.4,831.9
2219-10-06T16:50:00Z,681.5,123.75,329.22,169.56,0.905,47.177,227.19,906.53,7688.1,826.2
2219-10-06T17:00:00Z,688.5,126.62,329.94,170.32,0.905,46.953,224.02,912.8,7870.6,834.75
2219-10-06T17:10:00Z,692.5,128.88,330.24,172.2,0.91,46.875,227.07,910.23,7923.2,832.95
2219-10-06T17:20:00Z,672,126.88,330.12,174.16,0.91,46.868,225.87,897.62,7802.3,828.6
2219-10-06T17:30:00Z,689,130,329.94,172.8,0.9,46.874,227.99,901.46,7880,829.95
2219-10-06T17:40:00Z,689,122.88,330.18,173.68,0.905,46.735,227.7,904.11,7741.4,825
2219-10-06T17:50:00Z,684.5,123.62,330.3,172.36,0.905,46.681,226.22,907.62,7804.9,830.1
2219-10-06T18:00:00Z,679,125.5,330.48,172.28,0.9,46.594,222.81,899.8,7705.6,824.7
2219-10-06T18:10:00Z,694,124.25,329.64,170.6,0.905,46.989,227.9,904.2,7817.5,825.75
2219-10-06T18:20:00Z,686,126.5,330,172.8,0.905,46.912,227.92,901.89,7847.9,834.3
2219-10-06T18:30:00Z,687.5,126.62,330.42,173.72,0.9,46.678,228.83,902.59,7791.1,833.55
2219-10-06T18:40:00Z,691,126.5,330.24,175.48,0.9,46.692,224.59,916.87,7798.4,828.15
2219-10-06T18:50:00Z,702.5,123.62,330.54,174.24,0.9,46.447,227.51,899.01,7778,822.9
2219-10-06T19:00:00Z,700,123.12,329.64,175.52,0.91,46.793,226.8,904.73,7740,826.95
2219-10-06T19:10:00Z,689,123.62,330.24,177.6,0.9,46.487,225.12,906.33,7739.1,831.45
2219-10-06T19:20:00Z,693.5,127.12,330,177.8,0.9,46.504,225.6,907.66,7819.2,826.05
2219-10-06T19:30:00Z,687.5,128.25,330.06,179.04,0.905,46.378,226.85,910.24,7850.8,823.05
2219-10-06T19:40:00Z,695.5,123.62,330.36,179.2,0.9,46.164,226.39,902.32,7767.7,815.1
2219-10-06T19:50:00Z,695,124.62,330.18,177.76,0.9,46.186,225.11,910.64,7928.2,816.6
2219-10-06T20:00:00Z,693,121.5,329.88,180.4,0.905,46.322,228.03,900.01,7677.4,810
2219-10-06T20:10:00Z,693,128.38,329.58,177.32,0.905,46.383,226.09,906.75,7866.7,813.75
2219-10-06T20:20:00Z,687.5,128.62,329.94,176.04,0.905,46.292,228.21,900.01,7912.9,816.15
2219-10-06T20:30:00Z,691,125.38,329.64,173.84,0.905,46.519,227.17,910.56,7821,817.95
2219-10-06T20:40:00Z,682,127.25,329.58,173.56,0.91,46.669,226.15,901.25,7883.4,821.4
2219-10-06T20:50:00Z,693.5,120.75,329.58,175.32,0.91,46.739,227.58,904.09,7607,826.05
2219-10-06T21:00:00Z,701,121.62,328.92,173.12,0.905,47.08,226.85,907.4,7817.9,828.45
2219-10-06T21:10:00Z,684.5,126.25,329.82,174.28,0.895,46.77,226.46,905.52,7840.1,828.6
2219-10-06T21:20:00Z,690.5,125,330.18,175.44,0.895,46.593,226.41,902.28,7805.7,824.1
2219-10-06T21:30:00Z,681,128.38,329.7,174.32,0.9,46.793,227.26,912.59,7911.7,826.8
2219-10-06T21:40:00Z,688.5,123.38,330.42,174.64,0.895,46.477,227.28,909.6,7708.7,829.95
2219-10-06T21:50:00Z,687,123.88,330.12,175.24,0.895,46.579,227.19,908.27,7826,835.05
2219-10-06T22:00:00Z,696.5,129.88,330.72,175.12,0.9,46.332,226.53,913.7,8030.8,835.2
2219-10-06T22:10:00Z,689,121.62,330.06,173.4,0.895,46.59,223.89,903.24,7725.2,836.7
2219-10-06T22:20:00Z,686,126.88,329.58,172.6,0.895,46.85,225.93,907.77,7854.5,831.45
2219-10-06T22:30:00Z,690.5,128.5,329.76,174.08,0.905,46.803,226.26,901.14,7856.2,837.6
2219-10-06T22:40:00Z,684.5,123.62,330.12,171.88,0.9,46.693,228.28,904.08,7715.1,836.4
2219-10-06T22:50:00Z,694,123.5,330.24,172.08,0.9,46.747,226.2,903.64,7817.4,827.85
2219-10-06T23:00:00Z,690.5,125.25,329.88,170.52,0.905,46.937,224.62,902.18,7826.5,823.2
2219-10-06T23:10:00Z,680.5,127,330.6,172.48,0.9,46.668,226.37,909.6,7866.4,814.65
2219-10-06T23:20:00Z,686.5,120.5,330.06,174.12,0.9,46.805,225.64,906.69,7773.4,806.25
2219-10-06T23:30:00Z,697,125.75,330.42,175.88,0.91,46.536,227.28,912.4,7720.8,801.15
2219-10-06T23:40:00Z,687.5,125,329.64,175.96,0.9,46.775,226.39,905.01,7745.8,803.25
2219-10-06T23:50:00Z,686.5,123.62,330.12,177.52,0.9,46.552,226.73,905.72,7600.3,809.1
2219-10-07T00:00:00Z,682.5,128.38,330.48,178.64,0.9,46.308,228.89,899.36,7904.1,803.1
2219-10-07T00:10:00Z,690.5,123.75,330.96,183.04,0.9,45.977,227.71,910.45,7686.6,798.75
2219-10-07T00:20:00Z,688,126.12,330.78,184.56,0.9,45.814,226.21,907.93,7762.7,798.3
2219-10-07T00:30:00Z,690.5,124.62,330.84,185.48,0.9,45.587,228.31,910.36,7747.9,798.6
2219-10-07T00:40:00Z,694.5,122.75,331.2,187.52,0.91,45.247,224.9,902.41,7722.5,799.8
2219-10-07T00:50:00Z,693,126,330.48,187.72,0.91,45.387,226.43,905.5,7845.6,795
2219-10-07T01:00:00Z,683,126.25,330.06,184.96,0.9,45.495,227.07,909.68,7850.3,798
2219-10-07T01:10:00Z,685,127.12,329.88,185.04,0.905,45.598,225.59,903.66,7950.8,795.3
2219-10-07T01:20:00Z,694.5,126.12,329.28,186.04,0.905,45.876,226.56,902.84,7841,786
2219-10-07T01:30:00Z,687.5,125.25,330.42,185.84,0.895,45.413,225.32,902.99,7794.9,786.9
2219-10-07T01:40:00Z,689,125.12,330.06,184.8,0.905,45.566,225.68,900.8,7839,785.1
2219-10-07T01:50:00Z,687,124.75,329.64,183.32,0.905,45.779,226.87,906.76,7781,779.7
2219-10-07T02:00:00Z,694,124.5,330.3,181.28,0.9,45.597,225.89,905.36,7876.8,775.5
2219-10-07T02:10:00Z,696.5,128.12,329.34,184.64,0.905,46.082,227.17,903.95,7913.8,778.05
2219-10-07T02:20:00Z,688,128.38,330.66,184.84,0.905,45.496,224.93,905.7,7853.3,783.75
2219-10-07T02:30:00Z,685.5,127.38,330.06,184.16,0.895,45.7,226.05,902.64,7799.2,787.95
2219-10-07T02:40:00Z,691,125.12,329.94,185.72,0.895,45.749,225.91,904.96,7706.9,786.75
2219-10-07T02:50:00Z,681.5,126.5,329.52,183.64,0.895,45.898,224.43,902.39,7740.6,780.15
2219-10-07T03:00:00Z,683,123.5,330.42,184.2,0.905,45.551,226.05,907.59,7838.9,779.1
2219-10-07T03:10:00Z,694.5,124.25,329.4,182.36,0.9,45.971,227.83,899.76,7886,779.1
2219-10-07T03:20:00Z,676.5,125,329.58,180.64,0.9,46.016,225.56,906.04,7734.5,781.05
2219-10-07T03:30:00Z,689.5,121.5,328.92,177.76,0.91,46.434,227.94,901.72,7662,777
2219-10-07T03:40:00Z,683.5,126.88,329.58,177.16,0.895,46.304,224.75,904.25,7732.9,776.7
2219-10-07T03:50:00Z,686,124.38,329.88,180.96,0.895,46.272,227.2,902.1,7788.3,770.25
2219-10-07T04:00:00Z,692,122,329.82,180.28,0.895,46.253,228.53,901.75,7693.2,765.75
2219-10-07T04:10:00Z,685.5,125.12,329.88,177.08,0.905,46.23,224.5,898.43,7807.4,773.25
2219-10-07T04:20:00Z,691.5,123.12,329.82,179.68,0.905,46.282,227.9,901.6,7647.6,780
2219-10-07T04:30:00Z,683.5,124,330.18,180.6,0.9,46.133,227.03,907.5,7757.4,783.3
2219-10-07T04:40:00Z,698,124.5,330.06,180.52,0.9,46.137,226.37,900.67,7666.5,775.8
2219-10-07T04:50:00Z,695.5,127.88,329.7,176.28,0.9,46.283,225.38,907.79,7841.2,777.9
2219-10-07T05:00:00Z,682.5,124.5,329.7,176.32,0.905,46.409,225.95,910.88,7886.6,774.6
2219-10-07T05:10:00Z,698,123.62,329.88,177,0.915,46.437,228.87,905.09,7705.3,771.45
2219-10-07T05:20:00Z,685,125.88,329.64,177.56,0.915,46.56,226.99,893.29,7806.1,775.8
2219-10-07T05:30:00Z,688,129.25,329.4,177.44,0.905,46.645,226.53,909.12,7877.4,776.1
2219-10-07T05:40:00Z,690.5,124.62,330.18,178.24,0.905,46.304,227.18,909.36,7750.2,781.65
2219-10-07T05:50:00Z,691,123.62,330.12,175.68,0.905,46.309,225.04,899.54,7775.4,774.3
2219-10-07T06:00:00Z,694.5,123.75,329.76,176.48,0.9,46.534,228.04,910.53,7848.4,779.85
2219-10-07T06:10:00Z,683.5,124.62,329.58,176.52,0.9,46.656,226.42,911.7,7812.6,778.65
2219-10-07T06:20:00Z,698,131.38,330.84,180.64,0.9,46.11,228.37,911.3,7957.5,772.65
2219-10-07T06:30:00Z,697,128.5,331.14,180.52,0.9,45.839,226.82,907.37,7933.6,773.7
2219-10-07T06:40:00Z,698.5,126,330.48,183.04,0.91,45.986,228.13,909.58,7862.5,781.05
2219-10-07T06:50:00Z,695,123.5,330.66,182.76,0.91,45.744,224.35,903.33,7733.7,783.15
2219-10-07T07:00:00Z,696.5,124.88,329.94,182.12,0.905,45.983,230.02,913.15,7911.1,781.2
2219-10-07T07:10:00Z,702.5,124.25,330.24,182.84,0.91,45.845,225.63,905.73,7869,776.4
2219-10-07T07:20:00Z,685.5,128,330.48,184.2,0.91,45.695,228.26,903.79,7966.4,770.1
2219-10-07T07:30:00Z,678,123.5,330.48,183.92,0.905,45.657,228.58,903.52,7787.8,768.15
2219-10-07T07:40:00Z,690,126.62,329.58,184.28,0.91,46.02,225.43,902.82,7776.2,775.8
2219-10-07T07:50:00Z,686,125,329.82,186.24,0.91,45.904,227.32,907.69,7783.9,774.15
2219-10-07T08:00:00Z,692,126.38,330.78,186.52,0.9,45.391,227.64,909.94,7846.2,774
2219-10-07T08:10:00Z,693.5,126.88,330.18,189.32,0.905,45.462,228.76,904.1,7849.8,772.8
2219-10-07T08:20:00Z,693.5,124.38,330.24,188.12,0.905,45.338,225.49,902.88,7686.4,780.9
2219-10-07T08:30:00Z,693,124,330.78,190.84,0.9,45.03,225.46,903.18,7681.1,788.85
2219-10-07T08:40:00Z,689,127.12,330.54,192.56,0.9,45.035,225.74,905.14,7826.6,789.75
2219-10-07T08:50:00Z,695.5,126.62,329.64,191.2,0.9,45.306,225.83,904.05,7819.2,793.2
2219-10-07T09:00:00Z,695,126,329.82,191.48,0.905,45.183,224.34,897.7,7771.6,795.9
2219-10-07T09:10:00Z,691.5,129.5,330,189.2,0.905,45.105,226.7,908,7895.4,797.25
2219-10-07T09:20:00Z,685.5,123,328.86,185.12,0.905,45.7,225.55,901.72,7687,787.5
2219-10-07T09:30:00Z,695,125.5,328.92,184.56,0.905,45.86,225.39,913.38,7915.9,793.35
2219-10-07T09:40:00Z,680.5,124.62,329.1,183,0.9,45.961,226.72,905.75,7773.6,783.15
2219-10-07T09:50:00Z,691,124.88,329.58,182.2,0.9,45.936,226.33,903.52,7768.3,780
2219-10-07T10:00:00Z,695.5,127.62,330.42,184.8,0.9,45.676,223.8,906.56,7858.6,776.55
2219-10-07T10:10:00Z,694.5,122.25,330.48,185.88,0.895,45.599,228.72,898.26,7829,777
2219-10-07T10:20:00Z,685.5,126.25,329.88,183.8,0.895,45.794,227.46,904.27,7730.6,774.3
2219-10-07T10:30:00Z,696.5,123.62,329.76,180.56,0.9,45.896,227.37,907.81,7843.2,772.2
2219-10-07T10:40:00Z,691,123.25,329.34,179.6,0.9,46.193,227.25,905.93,7856.9,775.2
2219-10-07T10:50:00Z,702.5,124.38,330.3,179.6,0.9,45.878,226.26,900.5,7759.7,773.1
2219-10-07T11:00:00Z,684.5,124.75,329.52,181,0.9,46.284,227.42,906.16,7738,780.75
2219-10-07T11:10:00Z,691,125.25,330.24,180.36,0.905,46.009,225.08,902.04,7772.7,780.45
2219-10-07T11:20:00Z,691,125.75,329.22,179.44,0.905,46.431,226.73,900.35,7756.5,776.85
2219-10-07T11:30:00Z,695.5,125.38,329.82,178.36,0.9,46.228,225.54,906.76,7790.7,770.4
2219-10-07T11:40:00Z,691.5,122.75,329.58,178.68,0.9,46.382,225.73,903.5,7756.4,769.65
2219-10-07T11:50:00Z,687.5,126.88,329.34,180.2,0.9,46.531,226.81,900.82,7840.9,776.55
2219-10-07T12:00:00Z,685,124.5,330.54,183.2,0.9,45.95,223.75,901.91,7653,774.45
2219-10-07T12:10:00Z,685,129.5,329.94,183.68,0.91,46.085,226.16,895.98,7880.2,768.6
2219-10-07T12:20:00Z,693,124.88,330.12,183.6,0.91,45.936,225.87,902.71,7671.4,770.55
2219-10-07T12:30:00Z,701,122,330.06,183.4,0.905,45.904,224.84,910.09,7757.5,771
2219-10-07T12:40:00Z,691,124.5,330.36,185.28,0.9,45.733,225.2,899.88,7676.3,775.65
2219-10-07T12:50:00Z,685.5,125.12,330.24,184.24,0.9,45.727,226.01,895.47,7867.8,774.15
2219-10-07T13:00:00Z,685,124.25,329.88,180.96,0.905,45.871,226.85,903.07,7847.2,770.85
2219-10-07T13:10:00Z,694,122.5,329.16,178.68,0.905,46.306,224.49,905.15,7760,773.4
2219-10-07T13:20:00Z,690,127.12,329.16,177.68,0.905,46.453,227.81,903.62,7845.5,775.8
2219-10-07T13:30:00Z,698,125.88,329.28,177.16,0.905,46.517,226.92,909.12,7846.5,773.1
2219-10-07T13:40:00Z,693,125.5,329.52,179.36,0.895,46.496,227.23,911.48,7770,780.3
2219-10-07T13:50:00Z,706,123.38,330.54,180.04,0.895,46.04,224.82,911.53,7735.5,789.75
2219-10-07T14:00:00Z,685,123.38,329.94,180.92,0.9,46.251,226.62,910.33,7704.8,784.5
2219-10-07T14:10:00Z,685,123.75,330.78,184.88,0.91,45.793,225.69,909.12,7831.5,784.5
2219-10-07T14:20:00Z,703.5,125.88,329.88,183.2,0.91,46.001,226.42,901.73,7748.2,788.55
2219-10-07T14:30:00Z,680.5,125.75,329.64,182.28,0.905,46.038,226.67,904.79,7764.1,790.35
2219-10-07T14:40:00Z,691,125.88,329.58,179.72,0.9,46.064,225.61,903.63,7799.4,789.6
2219-10-07T14:50:00Z,689,127.12,329.58,179.4,0.9,46.164,226.45,915.09,7827.7,790.05
2219-10-07T15:00:00Z,690,127,329.76,181.56,0.905,46.176,225.81,908.21,7844.2,798.3
2219-10-07T15:10:00Z,698,125.88,330.48,180.6,0.905,45.869,227.55,897.66,7720.2,789
2219-10-07T15:20:00Z,686,123.62,330.24,183.88,0.905,45.92,226.15,898.83,7782.8,784.35
2219-10-07T15:30:00Z,690,127.88,330.18,183.36,0.9,45.867,225.66,905.38,7784.9,784.65
2219-10-07T15:40:00Z,691,124.12,330.54,184.04,0.9,45.647,223.81,908.75,7684.4,779.85
2219-10-07T15:50:00Z,697.5,123.38,329.58,184.52,0.9,45.989,227.04,903.66,7750.6,784.2
2219-10-07T16:00:00Z,682,124.62,330.54,185.08,0.905,45.529,225.77,906.41,7824.1,787.35
2219-10-07T16:10:00Z,694.5,122.62,329.88,184.04,0.905,45.774,227.99,903.92,7705.4,793.5
2219-10-07T16:20:00Z,692.5,127.38,329.88,183.36,0.905,45.859,227.07,911.31,7850.8,797.25
2219-10-07T16:30:00Z,687,125.88,330.06,184,0.9,45.819,227.68,907.53,7735.7,802.65
2219-10-07T16:40:00Z,679,126.25,329.4,182.08,0.905,46.094,228.14,904.6,7855.3,801.3
2219-10-07T16:50:00Z,687,129,329.1,179.96,0.905,46.284,227.49,894.06,7827.9,798.6
2219-10-07T17:00:00Z,704.5,125.12,329.1,174.84,0.9,46.442,227.26,905.86,7867.1,796.8
2219-10-07T17:10:00Z,692,121.62,328.92,175.48,0.9,46.728,223.76,898.34,7608.2,803.55
2219-10-07T17:20:00Z,694.5,124.75,330.48,175.76,0.9,46.205,227.84,901.23,7837.4,807.9
2219-10-07T17:30:00Z,681,126.25,329.94,175.4,0.905,46.481,226.08,905.17,7726.5,814.05
2219-10-07T17:40:00Z,695,125.12,330.48,176.56,0.905,46.341,228.25,903.3,7893.4,817.35
2219-10-07T17:50:00Z,686.5,122.25,330.06,177.44,0.905,46.511,226.09,907.68,7709,821.1
2219-10-07T18:00:00Z,694,125.62,329.88,177.28,0.9,46.556,225.17,911.99,7890.4,821.25
2219-10-07T18:10:00Z,683.5,129.25,330.54,177.48,0.9,46.239,226.83,904.29,7874.9,825.9
2219-10-07T18:20:00Z,676.5,125.75,330.42,181.12,0.9,46.245,226.1,897.63,7731.6,826.35
2219-10-07T18:30:00Z,695.5,121.75,330.66,180.76,0.895,46.04,228.58,909.62,7635.5,830.1
2219-10-07T18:40:00Z,686.5,126,330.24,181.16,0.91,46.083,224.64,903,7779.4,821.55
2219-10-07T18:50:00Z,694,124.25,329.94,180.96,0.91,46.14,226.03,902.84,7723.8,819.6
2219-10-07T19:00:00Z,688.5,123.25,329.94,179.08,0.91,46.098,226.26,899,7811.5,823.5
2219-10-07T19:10:00Z,681.5,125.25,329.58,177.48,0.9,46.318,225.79,908.98,7866.9,816.45
2219-10-07T19:20:00Z,690,126.25,329.82,180.4,0.9,46.311,224.69,896.36,7870,811.05
2219-10-07T19:30:00Z,690,123.75,330.06,179.68,0.9,46.223,225.77,901.28,7804.6,811.8
2219-10-07T19:40:00Z,692.5,125.5,330,179.84,0.905,46.229,224.6,906.15,7782.6,810.6
2219-10-07T19:50:00Z,690,124.25,330,180.32,0.905,46.22,226.51,901.86,7745.8,806.1
2219-10-07T20:00:00Z,690,128,330.24,179.76,0.895,46.099,225.56,905.05,7735,805.35
2219-10-07T20:10:00Z,693,124.25,330.42,183.36,0.905,45.988,226.59,899.18,7762.6,807.6
2219-10-07T20:20:00Z,690,128.38,330.36,185.16,0.905,45.87,225.5,908.3,7813,799.2
2219-10-07T20:30:00Z,692.5,129.38,330.24,185.12,0.905,45.78,227.13,910.87,7802.6,801.6
2219-10-07T20:40:00Z,694,126.62,330.24,183.2,0.9,45.707,224.94,903.63,7789.2,803.85
2219-10-07T20:50:00Z,699,128.75,329.16,179.64,0.9,46.192,227.49,902.03,7819.4,797.1
2219-10-07T21:00:00Z,688,126.62,329.46,178.04,0.9,46.244,225.03,902.91,7675.4,802.95
2219-10-07T21:10:00Z,689,125.38,329.52,176.68,0.895,46.42,224.5,897.48,7795.6,802.05
2219-10-07T21:20:00Z,693,126,330.3,178.48,0.895,46.206,226.24,899.84,7877.3,798.75
2219-10-07T21:30:00Z,688,126.12,330,180.68,0.905,46.335,227.87,898.73,7887.3,804
2219-10-07T21:40:00Z,702.5,122.25,330.54,182.48,0.9,46.026,225.76,909.42,7680.9,804.9
2219-10-07T21:50:00Z,696.5,121.25,330.66,183.68,0.9,45.874,226.15,904.64,7692.4,806.7
2219-10-07T22:00:00Z,689.5,124.75,330.12,180.92,0.905,45.993,227.51,898.99,7687.3,809.25
2219-10-07T22:10:00Z,688.5,123.5,329.94,182.52,0.9,46.04,223.45,902.28,7776.6,815.4
2219-10-07T22:20:00Z,692.5,127.75,330.24,181.92,0.9,45.898,226.67,900.4,7946.8,809.55
2219-10-07T22:30:00Z,691,124.12,330.3,182.12,0.905,45.873,224.84,905.99,7741.7,805.95
2219-10-07T22:40:00Z,695,125.75,330.3,182.96,0.905,45.879,225.06,894.46,7757.6,804.45
2219-10-07T22:50:00Z,699,123.62,329.64,182.16,0.905,46.128,225.98,903.09,7735,805.8
2219-10-07T23:00:00Z,697,123.38,329.82,181.68,0.9,46.06,226.68,902.29,7729.6,814.2
2219-10-07T23:10:00Z,686,126,330.36,182.76,0.9,45.856,226.18,900.65,7728,815.85
2219-10-07T23:20:00Z,692.5,122.62,330,182.24,0.9,45.983,224.49,898.58,7799.4,812.85
2219-10-07T23:30:00Z,692.5,128.5,329.94,183.16,0.9,46.015,226.93,903.45,7782.5,808.65
2219-10-07T23:40:00Z,690.5,123.88,330,184.4,0.905,45.961,224.47,898.89,7736.7,801.45
2219-10-07T23:50:00Z,685.5,123.12,330.3,184.08,0.905,45.77,223.26,900.82,7686.6,809.85
2219-10-08T00:00:00Z,695,127.88,330.12,183.68,0.905,45.801,228.45,909.05,7848.3,808.35
2219-10-08T00:10:00Z,685.5,127.62,329.82,185.96,0.91,45.875,226.62,911.05,7890,812.1
2219-10-08T00:20:00Z,675,129.88,329.88,182.96,0.91,45.817,226.61,904.68,7981.2,820.35
2219-10-08T00:30:00Z,684,123.62,330.12,183.72,0.9,45.778,225.35,906.3,7745.9,823.35
2219-10-08T00:40:00Z,690.5,124.38,329.7,182.44,0.9,45.999,226.84,906.07,7819.1,823.65
2219-10-08T00:50:00Z,671,124.38,329.64,184.48,0.9,46.018,224.02,896.73,7745.5,824.4
2219-10-08T01:00:00Z,694,123.25,330.66,187.48,0.9,45.551,225.05,905.98,7807,829.65
2219-10-08T01:10:00Z,684.5,126.5,330.6,185.08,0.905,45.476,225.08,901.65,7663.6,833.55
2219-10-08T01:20:00Z,691,126.88,329.82,184.72,0.905,45.782,225.65,908.37,7795.1,830.85
2219-10-08T01:30:00Z,689,123,330.54,188.6,0.895,45.438,228.48,897.31,7767.7,826.5
2219-10-08T01:40:00Z,696,127.62,330.36,187.2,0.895,45.421,225.87,901.43,7842,837.15
2219-10-08T01:50:00Z,693.5,123.88,330.06,186.56,0.895,45.543,227.29,901.96,7743,836.85
2219-10-08T02:00:00Z,681,123.25,330.3,186.12,0.91,45.441,225.12,906.1,7842.9,846.6
2219-10-08T02:10:00Z,697,126.62,329.94,185.72,0.905,45.63,226.2,901.17,7811.1,852.9
2219-10-08T02:20:00Z,688,128.12,329.94,183.64,0.905,45.678,227.67,903.39,7842.2,850.05
2219-10-08T02:30:00Z,683,125.88,329.64,185.92,0.9,45.878,224.94,906.55,7771.9,843.75
2219-10-08T02:40:00Z,692.5,128.88,329.34,183.36,0.9,45.993,224.57,905.63,7750.9,842.4
2219-10-08T02:50:00Z,686.5,122.5,329.82,183.28,0.9,45.853,224.71,908.11,7740.4,841.95
2219-10-08T03:00:00Z,695.5,125,329.4,181.84,0.9,46.103,226.12,900.66,7794.4,841.8
2219-10-08T03:10:00Z,687.5,120.5,329.94,183.32,0.9,45.929,227.97,897.7,7591.3,844.8
2219-10-08T03:20:00Z,690.5,124.75,330,185.36,0.9,45.869,226.28,901.82,7776.6,849.15
2219-10-08T03:30:00Z,692.5,125.62,329.58,179.84,0.895,46.01,227.61,902.09,7693,846.9
2219-10-08T03:40:00Z,683.5,124.25,329.7,180.16,0.895,46.108,227.22,902.68,7715.6,842.1
2219-10-08T03:50:00Z,685.5,127,329.64,180.04,0.895,46.244,224.95,901.3,7912.9,833.1
2219-10-08T04:00:00Z,685.5,127.12,330,182.08,0.905,46.132,227.17,899.4,7910.4,837.9
2219-10-08T04:10:00Z,690.5,126.75,330.24,181.16,0.9,45.997,226,900.46,7774.9,834.9
2219-10-08T04:20:00Z,686,125.12,330.12,182.68,0.9,46.001,226.83,905.36,7847.4,839.7
2219-10-08T04:30:00Z,688.5,125.62,329.58,183.24,0.9,46.168,225.37,911.85,7741.6,837.45
2219-10-08T04:40:00Z,694.5,125.62,330.54,185.72,0.895,45.719,228.65,908.07,7776,830.25
2219-10-08T04:50:00Z,693,121.88,330.96,185.48,0.895,45.441,227.77,901.8,7813.2,826.2
2219-10-08T05:00:00Z,690.5,126.5,330.84,187.4,0.9,45.423,225.33,899.5,7849.2,825.75
2219-10-08T05:10:00Z,687.5,128.38,330.54,188.6,0.905,45.424,226.73,910.24,7882.3,819.6
2219-10-08T05:20:00Z,690,127,330.24,186.12,0.905,45.45,227.14,904.7,7859.1,821.25
2219-10-08T05:30:00Z,688.5,126,330,186.52,0.9,45.561,228.07,906.65,7802.5,819.6
2219-10-08T05:40:00Z,696.5,126.62,329.58,183.76,0.895,45.777,224.71,908.67,7695.8,822.15
2219-10-08T05:50:00Z,687,127.25,329.82,182.76,0.895,45.776,225.55,898.59,7868.6,823.8
2219-10-08T06:00:00Z,688,127.5,329.94,180.96,0.9,45.845,225.43,900.61,7874.3,825.45
2219-10-08T06:10:00Z,679,123.88,330.06,182.2,0.9,45.919,225.12,903.58,7779.2,822.15
2219-10-08T06:20:00Z,696,125.88,329.76,181.2,0.9,46.087,229.03,907.16,7774,828.75
2219-10-08T06:30:00Z,692.5,128,330,182.56,0.9,46.019,225.17,909.28,7932.7,823.05
2219-10-08T06:40:00Z,687.5,124.75,329.7,182.8,0.9,46.141,223.46,903.82,7699.3,830.55
2219-10-08T06:50:00Z,684.5,121.75,329.22,181.36,0.9,46.332,228.61,904.76,7676.2,831.45
2219-10-08T07:00:00Z,703,124.38,329.52,180.64,0.905,46.233,224.28,907.88,7795.3,834
2219-10-08T07:10:00Z,688,122.5,330.24,179.72,0.905,46.02,227.44,901.91,7710.5,839.7
2219-10-08T07:20:00Z,681,127.38,329.58,180.32,0.905,46.358,226.94,900.81,7644,844.05
2219-10-08T07:30:00Z,676,126.88,330.42,180.36,0.9,46.025,226.74,903.43,7746.5,834.9
2219-10-08T07:40:00Z,690,125.62,329.64,179.32,0.9,46.348,228.82,910.64,7966.9,832.8
2219-10-08T07:50:00Z,686.5,129.38,330.24,180.12,0.9,46.122,225.94,907.12,7837.5,831.45
2219-10-08T08:00:00Z,696.5,125.38,329.82,179.88,0.905,46.275,227.79,903.9,7976.5,829.95
2219-10-08T08:10:00Z,687,126.62,329.88,179.4,0.895,46.239,225.74,894.7,7745.4,828.15
2219-10-08T08:20:00Z,682,128.12,330.48,180.76,0.895,45.991,227.43,904.24,7898.2,823.8
2219-10-08T08:30:00Z,683,127.5,330.18,180.6,0.905,46.084,228.1,900.28,7868,822.3
2219-10-08T08:40:00Z,687,125.75,329.46,179.76,0.905,46.355,225.64,907.21,7791.6,812.25
2219-10-08T08:50:00Z,690,125.62,329.22,179.36,0.905,46.514,227.83,900.7,7793.4,813.15
2219-10-08T09:00:00Z,690,124.25,329.88,178.56,0.91,46.32,226.14,904.24,7822.9,812.55
2219-10-08T09:10:00Z,687.5,125,329.7,178.2,0.9,46.429,227.48,902.29,7722.9,810.6
2219-10-08T09:20:00Z,700,126,329.82,179.44,0.9,46.41,227.03,907.19,7753.6,809.25
2219-10-08T09:30:00Z,696,126.25,330.96,182.24,0.895,45.919,226.26,902.65,7772.3,807.45
2219-10-08T09:40:00Z,679.5,123.88,330.96,183.96,0.905,45.805,223.86,901.26,7784.5,802.65
2219-10-08T09:50:00Z,692.5,122.75,330.78,184.24,0.905,45.756,225.9,905.78,7702,797.85
2219-10-08T10:00:00Z,687.5,125.62,331.08,190.2,0.91,45.473,224.92,905.12,7860.2,794.1
2219-10-08T10:10:00Z,685.5,127.88,330.42,185,0.905,45.516,225.56,901.6,7853.7,794.4
2219-10-08T10:20:00Z,685,126.38,329.76,184.76,0.905,45.776,229.09,911.05,7824.9,792.3
2219-10-08T10:30:00Z,699,125.5,330,182.52,0.9,45.732,225.32,910.33,7888.4,795
2219-10-08T10:40:00Z,683.5,126.88,328.86,183.4,0.9,46.312,224.47,900.91,7830.7,794.25
2219-10-08T10:50:00Z,688.5,128.38,329.82,185.76,0.9,45.942,223.36,903.8,7977,796.2
2219-10-08T11:00:00Z,687.5,124,330,186.52,0.905,45.794,225.63,903.35,7748.7,787.5
2219-10-08T11:10:00Z,686,127.38,330.42,187.24,0.905,45.545,226.42,899.4,7858,793.5
2219-10-08T11:20:00Z,692,121.12,330.12,186.16,0.905,45.624,223.65,897.28,7642.1,793.35
2219-10-08T11:30:00Z,689.5,125.5,329.52,183.4,0.9,45.882,225.66,900.48,7732.4,793.65
2219-10-08T11:40:00Z,706.5,123.25,329.46,180.36,0.9,46.036,226.29,902.23,7852.7,795.6
2219-10-08T11:50:00Z,679.5,124,329.22,179.92,0.9,46.325,225.75,900.95,7706.8,799.35
2219-10-08T12:00:00Z,687.5,123.5,329.04,180.48,0.9,46.523,225.56,899.5,7728.9,805.2
2219-10-08T12:10:00Z,682,128.62,330.24,180.48,0.905,46.053,226.6,908.41,7922.6,798.75
2219-10-08T12:20:00Z,692.5,121.75,330.48,182.96,0.905,45.94,226.36,900.99,7698.9,798.15
2219-10-08T12:30:00Z,687.5,126,330.12,181.68,0.9,46.008,225.22,904.88,7745.7,805.65
2219-10-08T12:40:00Z,690.5,126.62,330.24,182.92,0.9,45.941,227.15,902.42,7755.2,810.3
2219-10-08T12:50:00Z,698,124.12,330,180.2,0.9,46.046,225.96,909.81,7761.3,812.25
2219-10-08T13:00:00Z,689,127.38,329.76,180.48,0.905,46.221,223.85,903.96,7677,815.55
2219-10-08T13:10:00Z,687.5,126.62,329.64,178.16,0.905,46.359,225.8,899.55,7813.9,812.25
2219-10-08T13:20:00Z,689.5,125.75,329.7,181.68,0.905,46.412,223.94,902.53,7902.5,806.7
2219-10-08T13:30:00Z,696,127.5,330,182.8,0.895,46.247,225.37,901.05,7813.4,816.9
2219-10-08T13:40:00Z,702.5,123,330.48,183,0.9,45.945,227.28,907.62,7777.2,811.05
2219-10-08T13:50:00Z,682,125,329.82,181.28,0.9,46.158,226.82,901.09,7755.3,803.7
2219-10-08T14:00:00Z,682.5,125,330.3,181.52,0.905,45.955,226.41,904.72,7752.3,799.2
2219-10-08T14:10:00Z,684.5,124.38,329.22,180.12,0.9,46.403,226.17,911.04,7819.1,797.85
2219-10-08T14:20:00Z,684,125.75,329.88,179.56,0.9,46.208,226.08,911.82,7869.9,800.25
2219-10-08T14:30:00Z,693.5,126.25,329.88,180.76,0.9,46.239,227.07,905.44,7843.9,801.15
2219-10-08T14:40:00Z,692.5,125.62,329.88,178.04,0.9,46.238,224.35,902.28,7779.8,798.45
2219-10-08T14:50:00Z,693,126.62,329.64,182.12,0.9,46.389,225.22,904.83,7848,800.1
2219-10-08T15:00:00Z,689.5,127,330.48,183.68,0.905,45.979,226.15,908.1,7748.5,801.6
2219-10-08T15:10:00Z,689.5,125,330.48,181.6,0.9,45.88,224.97,904.51,7701.1,797.85
2219-10-08T15:20:00Z,687,125,330.3,182.16,0.9,45.931,224.51,900.42,7658.1,798.6
2219-10-08T15:30:00Z,694,123.12,329.76,181.04,0.905,46.126,226.72,904.89,7728.9,801.6
2219-10-08T15:40:00Z,693.5,121.88,329.64,178.4,0.9,46.247,226.02,908.25,7762.2,810.3
2219-10-08T15:50:00Z,692.5,127.5,329.58,181.88,0.9,46.349,227.3,900.57,7833.3,810
2219-10-08T16:00:00Z,688.5,124.25,330.54,182.48,0.9,45.917,226.57,904.88,7708.4,814.65
2219-10-08T16:10:00Z,686,126.5,329.76,181.36,0.905,46.204,225.44,898.15,7839.3,811.35
2219-10-08T16:20:00Z,689.5,123.12,329.82,183.84,0.905,46.163,227.34,901.38,7701.3,808.65
2219-10-08T16:30:00Z,692.5,125.62,329.82,181.84,0.905,46.129,227.26,912.15,7859.5,797.85
2219-10-08T16:40:00Z,702,126.62,329.52,181.6,0.9,46.25,225,902.22,7870.6,795.9
2219-10-08T16:50:00Z,690,124,329.82,184.68,0.9,46.123,227.31,906.3,7789.7,791.25
2219-10-08T17:00:00Z,689.5,126.88,330.72,183.64,0.9,45.643,226.56,906.12,7826.8,792.3
2219-10-08T17:10:00Z,684,124.88,330.66,183,0.905,45.639,225.36,903.34,7798.4,792
2219-10-08T17:20:00Z,688,128.75,329.7,182.04,0.905,46.072,224.92,900.44,7823.4,796.2
2219-10-08T17:30:00Z,686,122.75,329.88,179.44,0.905,46.081,224.79,902.93,7793.1,792.45
2219-10-08T17:40:00Z,687.5,126,330.3,182.24,0.895,46.002,226.06,898.7,7753.8,789.75
2219-10-08T17:50:00Z,684.5,124.12,330,180.32,0.895,46.15,223.32,909.6,7696.3,788.25
2219-10-08T18:00:00Z,689.5,127.25,330.12,181.56,0.9,46.099,223.15,898.92,7790.8,792.75
2219-10-08T18:10:00Z,695,126.88,330.06,181.56,0.9,46.124,223.59,900.7,7733.5,790.5
2219-10-08T18:20:00Z,699.5,125.5,329.46,183.28,0.9,46.367,227.09,897.55,7832.2,793.05
2219-10-08T18:30:00Z,686,128.88,330.48,184.32,0.895,45.891,226.73,904.78,7860.1,786.6
2219-10-08T18:40:00Z,691,126.12,331.26,185.76,0.895,45.459,225.21,905.13,7845.3,788.7
2219-10-08T18:50:00Z,686.5,127,331.14,187.52,0.895,45.38,227.75,909.48,7818.7,793.95
2219-10-08T19:00:00Z,687.5,128.5,330.72,187.88,0.905,45.419,227.04,902.32,7722.8,795.45
2219-10-08T19:10:00Z,689.5,126,329.34,185.08,0.9,45.943,226.36,899.69,7833.8,799.95
2219-10-08T19:20:00Z,691,124.25,329.52,186.2,0.9,45.915,223.56,903.19,7790.1,786.6
2219-10-08T19:30:00Z,680.5,124.75,329.52,181.64,0.9,45.912,225.06,898.89,7768.3,780.15
2219-10-08T19:40:00Z,691,127,329.82,185,0.9,45.883,225.26,909.45,7846.8,778.35
2219-10-08T19:50:00Z,702.5,126.75,330.18,186.16,0.9,45.759,226.4,900.74,7902.1,773.55
2219-10-08T20:00:00Z,684,126.38,330.48,186.2,0.9,45.573,225.49,898.23,7784.6,772.2
2219-10-08T20:10:00Z,691,125.5,329.76,183.96,0.905,45.819,225.98,904.76,7744.6,771.75
2219-10-08T20:20:00Z,679.5,127.25,329.94,181.08,0.905,45.842,222.7,903.47,7852.2,769.65
2219-10-08T20:30:00Z,687.5,125.62,329.34,180.68,0.9,46.254,225.31,903.37,7749.4,768.3
2219-10-08T20:40:00Z,693,123.5,329.34,180.24,0.9,46.364,228.12,900,7823.7,771.6
2219-10-08T20:50:00Z,696,126,329.7,177.96,0.9,46.316,222.5,906.76,7786,770.1
2219-10-08T21:00:00Z,698.5,123,329.7,178.08,0.9,46.428,225.45,906.66,7728.7,771.15
2219-10-08T21:10:00Z,695,122.88,330.12,174.64,0.9,46.336,224.36,898.19,7698.2,770.55
2219-10-08T21:20:00Z,693.5,126.38,329.34,174.16,0.9,46.803,225.33,898.86,7922.7,774.3
2219-10-08T21:30:00Z,691,125.88,329.88,173.92,0.905,46.712,226.28,902.22,7902.6,776.7
2219-10-08T21:40:00Z,690,125.5,330,174.92,0.895,46.724,229.14,913.58,7924.3,775.35
2219-10-08T21:50:00Z,675.5,124.88,330.06,176.24,0.895,46.652,227.45,912.39,7834,770.25
2219-10-08T22:00:00Z,689.5,126.62,330.3,178.44,0.9,46.507,223.64,899.35,7879.3,772.65
2219-10-08T22:10:00Z,682,121.38,330.12,177.64,0.9,46.507,225.36,896.68,7621.5,774.15
2219-10-08T22:20:00Z,685.5,123.88,330,178.92,0.9,46.512,225.98,902.19,7663,771.3
2219-10-08T22:30:00Z,684,123.88,330.18,178.28,0.9,46.408,225.83,901.07,7621.1,775.65
2219-10-08T22:40:00Z,698.5,126.88,330.12,176.6,0.9,46.448,226.27,908.15,7833.2,774.3
2219-10-08T22:50:00Z,678.5,123.75,329.82,178.68,0.9,46.618,223.55,894.43,7727.9,775.95
2219-10-08T23:00:00Z,689.5,125,330.54,179.08,0.905,46.259,226.23,902.46,7705.4,778.5
2219-10-08T23:10:00Z,692,127.88,330.54,178.84,0.895,46.213,226.43,903.12,7882.3,785.25
2219-10-08T23:20:00Z,696.5,126,330,177.08,0.895,46.458,225.67,897.8,7851.1,786.6
2219-10-08T23:30:00Z,683,127.12,329.52,177.24,0.9,46.692,224.44,906.55,7802.9,797.1
2219-10-08T23:40:00Z,686,125.12,330.06,179.64,0.895,46.471,226.96,897.5,7800.4,791.4
2219-10-08T23:50:00Z,685.5,125.5,330.78,178.76,0.895,46.134,227.76,905.8,7735.9,803.55
2219-10-09T00:00:00Z,689,124.25,330.3,177.52,0.905,46.317,224.58,901.38,7720.9,803.85
2219-10-09T00:10:00Z,694,124.5,329.88,173.56,0.9,46.563,227.5,898.99,7746.4,801
2219-10-09T00:20:00Z,687,123.88,329.1,171.8,0.9,47.076,228.34,910.04,7719.3,807.3
2219-10-09T00:30:00Z,690.5,128.25,329.16,170.4,0.9,47.231,226.26,897.09,7876.2,801
2219-10-09T00:40:00Z,689,124.5,330,171.84,0.895,47.01,227.37,902.22,7784.8,798.6
2219-10-09T00:50:00Z,685.5,126.25,330.54,172.68,0.895,46.778,224.42,909.47,7829.4,799.05
2219-10-09T01:00:00Z,687.5,127.25,330.24,173.6,0.9,46.874,225.13,902.9,7787.2,799.95
2219-10-09T01:10:00Z,693,125.12,330.54,173.76,0.9,46.709,228.64,907.26,7847.7,787.5
2219-10-09T01:20:00Z,690.5,126.12,330.36,175.36,0.9,46.724,225.21,905.93,7808.9,794.85
2219-10-09T01:30:00Z,694.5,122.88,330.72,175.24,0.895,46.516,226.98,906.83,7765.2,795.9
2219-10-09T01:40:00Z,687,125.5,330.54,174.08,0.9,46.556,226.7,899.94,7767.5,790.8
2219-10-09T01:50:00Z,682.5,126.75,330.12,175.48,0.9,46.745,227.55,896.95,7778.3,786.6
2219-10-09T02:00:00Z,696,125,330.12,179.32,0.905,46.701,225.61,900.99,7819.9,790.2
2219-10-09T02:10:00Z,692,124.5,330.48,183.28,0.905,46.372,226.86,909.72,7881.7,796.95
2219-10-09T02:20:00Z,684.5,126.12,330.96,184.76,0.905,45.913,223.74,905.61,7788.1,795
2219-10-09T02:30:00Z,691.5,125.88,331.02,185.28,0.905,45.675,226.71,906.63,7926,808.2
2219-10-09T02:40:00Z,704.5,123.5,330.6,182.2,0.9,45.747,228.53,905.89,7779.5,807.6
2219-10-09T02:50:00Z,697,125.12,329.82,181.6,0.9,46.104,225.33,902.23,7772.8,802.95
2219-10-09T03:00:00Z,680.5,126.38,329.34,179.8,0.905,46.395,225.87,899.2,7810.7,807.75
2219-10-09T03:10:00Z,684.5,125,330.12,179.88,0.895,46.175,224.65,900.8,7808.5,807.75
2219-10-09T03:20:00Z,689,126.12,330.3,181.04,0.895,46.115,224.99,904.74,7868.1,796.5
2219-10-09T03:30:00Z,691,126.12,329.64,176.92,0.905,46.396,227.62,901.45,7838.5,806.25
2219-10-09T03:40:00Z,686.5,124.25,329.4,178.36,0.905,46.581,223.26,897.35,7697.6,806.85
2219-10-09T03:50:00Z,688,125.88,330,177.2,0.905,46.399,223.93,905.79,7790.7,808.05
2219-10-09T04:00:00Z,682,124,329.94,177.44,0.895,46.474,224.47,898.12,7689.6,812.7
2219-10-09T04:10:00Z,692,123.75,329.64,177.24,0.895,46.655,224.79,901.4,7792,813.9
2219-10-09T04:20:00Z,697.5,123.75,330,176.52,0.895,46.557,225.46,898.08,7724.9,820.35
2219-10-09T04:30:00Z,686.5,124.88,330.48,180.04,0.9,46.363,227.16,895.04,7815.5,819.15
2219-10-09T04:40:00Z,691.5,126.5,330.54,178.16,0.895,46.257,225.76,897.26,7768.4,821.25
2219-10-09T04:50:00Z,688.5,123.12,330,178.8,0.895,46.456,225.31,907.07,7806.5,828.45
2219-10-09T05:00:00Z,693.5,126,329.52,176.84,0.895,46.651,226.74,903.14,7830.8,832.2
2219-10-09T05:10:00Z,678,123.5,329.58,173.4,0.905,46.704,226.21,898.58,7753.8,829.5
2219-10-09T05:20:00Z,690.5,126.25,329.76,176.32,0.905,46.731,226.41,907.35,7891.9,828.6
2219-10-09T05:30:00Z,684.5,124.5,329.94,175.28,0.895,46.665,224.87,903.29,7782.5,827.1
2219-10-09T05:40:00Z,686.5,125.25,329.64,174,0.905,46.838,226.25,906.98,7888.8,828.75
2219-10-09T05:50:00Z,692,126.88,329.76,172.92,0.905,46.849,225.67,906.69,7802.8,822.3
2219-10-09T06:00:00Z,694,126.5,330,176.24,0.895,46.822,226.02,897.63,7904.8,820.65
2219-10-09T06:10:00Z,690,127.38,329.7,173,0.905,46.917,227.42,902.97,7852.7,823.05
2219-10-09T06:20:00Z,695,124.75,329.16,172.44,0.905,47.191,227.42,902.19,7848.7,823.65
2219-10-09T06:30:00Z,691,127.12,330.36,172.88,0.905,46.788,227.12,896.84,7792.2,829.2
2219-10-09T06:40:00Z,679.5,130.38,330.84,175.76,0.905,46.606,225.34,910.64,7901.3,836.85
2219-10-09T06:50:00Z,695,124.75,330.72,178.32,0.905,46.521,226.43,908.38,7840.9,837.3
2219-10-09T07:00:00Z,693,126.38,330.9,178.44,0.9,46.278,226.55,904.8,7965,847.95
2219-10-09T07:10:00Z,701.5,125.88,330.3,176.44,0.905,46.462,227.47,912.84,7918.5,846
2219-10-09T07:20:00Z,684.5,126.25,330.3,176.52,0.905,46.522,226.04,895.25,7843.9,844.35
2219-10-09T07:30:00Z,698.5,127.38,329.76,178.16,0.905,46.757,226.5,900.2,7802.6,844.2
2219-10-09T07:40:00Z,685,123.38,330.42,177.96,0.895,46.365,224.76,902.86,7692,840
2219-10-09T07:50:00Z,695.5,122,330.3,178.68,0.895,46.37,224.61,897.02,7617.5,839.25
2219-10-09T08:00:00Z,695,125,330.78,182.32,0.905,46.106,224.25,898.7,7734.5,835.2
2219-10-09T08:10:00Z,683.5,126.38,330.06,182.12,0.9,46.292,225.79,903.42,7781.7,830.7
2219-10-09T08:20:00Z,700.5,126.62,330.18,182.64,0.9,46.144,226.39,902.95,7817,832.35
2219-10-09T08:30:00Z,695,124.12,329.88,180.36,0.89,46.201,224.03,902.18,7661.3,829.05
2219-10-09T08:40:00Z,693,123,329.76,178.28,0.9,46.27,225.83,899.09,7795,831.9
2219-10-09T08:50:00Z,692,125.5,329.76,181.52,0.9,46.363,224.14,900.91,7805.8,843.6
2219-10-09T09:00:00Z,694,125.38,330.18,184.12,0.905,46.146,226.1,904.05,7775.1,848.4
2219-10-09T09:10:00Z,691.5,122.5,330.48,182.4,0.9,45.918,224.89,900.45,7649.7,842.85
2219-10-09T09:20:00Z,693.5,130.88,330.36,181.44,0.9,45.949,226.14,901.27,7914.7,845.85
2219-10-09T09:30:00Z,688.5,125,329.7,180.64,0.91,46.236,225.07,899.11,7764,845.85
2219-10-09T09:40:00Z,687.5,126.5,330.18,184,0.905,46.028,224.42,900.32,7668.1,847.35
2219-10-09T09:50:00Z,688,124,329.82,185.36,0.905,46.094,224.89,898.49,7794.4,846
2219-10-09T10:00:00Z,687,123.25,330.36,184.92,0.905,45.76,225.63,903.13,7799.4,840.45
2219-10-09T10:10:00Z,680,128.62,330.18,188.4,0.905,45.761,222.03,904.78,7892.3,837.75
2219-10-09T10:20:00Z,686.5,122.38,330.54,187.28,0.905,45.508,223.53,898.85,7690.8,846.3
2219-10-09T10:30:00Z,703,124,330.3,184.2,0.905,45.592,226.48,903.1,7716.7,847.65
2219-10-09T10:40:00Z,687.5,126.5,329.7,187.64,0.905,45.871,225.9,898.44,7683.9,844.5
2219-10-09T10:50:00Z,699.5,125.88,329.88,186.36,0.905,45.764,223.81,897.67,7765.3,840.75
2219-10-09T11:00:00Z,684,122.38,329.76,183.96,0.895,45.827,225.71,899.22,7643.6,838.05
2219-10-09T11:10:00Z,693.5,125.75,329.94,184.76,0.905,45.837,224.21,899,7774.6,835.2
2219-10-09T11:20:00Z,695,128.62,330.3,187.32,0.905,45.685,227.13,906.69,7907.1,838.95
2219-10-09T11:30:00Z,690.5,123.38,330.12,186.24,0.895,45.65,225.14,900.69,7725.4,844.35
2219-10-09T11:40:00Z,697,124.12,329.94,185.56,0.9,45.729,225.98,895.61,7772.1,841.65
2219-10-09T11:50:00Z,685.5,123.62,330,188.16,0.9,45.694,225.35,904.89,7723.7,843.9
2219-10-09T12:00:00Z,694.5,123.38,330.72,189.76,0.9,45.31,226.4,906.15,7705.2,839.4
2219-10-09T12:10:00Z,688,122.88,329.82,188.12,0.905,45.584,225.04,898.16,7725.9,846.45
2219-10-09T12:20:00Z,690,125.25,329.94,188.64,0.905,45.521,224.78,896.89,7781.2,846.3
2219-10-09T12:30:00Z,690,126.75,330.12,185.68,0.89,45.479,224.78,895.05,7829.6,847.2
2219-10-09T12:40:00Z,686.5,124.5,329.88,186.88,0.895,45.643,224.93,903.01,7668,840.15
2219-10-09T12:50:00Z,686,124.5,329.94,186.92,0.895,45.643,223.84,904.94,7728.8,843.3
2219-10-09T13:00:00Z,691,125.38,330.12,188.16,0.89,45.596,223.44,905.96,7811.7,845.1
2219-10-09T13:10:00Z,695.5,126.62,330.36,190.4,0.9,45.41,223.7,908.51,7797.4,839.55
2219-10-09T13:20:00Z,699.5,123.62,330.24,192.64,0.9,45.339,224.75,896.88,7647.8,841.2
2219-10-09T13:30:00Z,686,123.75,330.42,193.4,0.9,45.129,225.92,904.06,7693.3,840.45
2219-10-09T13:40:00Z,702,123,330.6,193.4,0.9,44.912,227.16,909.08,7783,843.9
2219-10-09T13:50:00Z,692.5,127.5,329.88,190.24,0.9,45.164,224.26,909.13,7939.3,838.35
2219-10-09T14:00:00Z,693,126.12,330.12,191.52,0.9,45.125,226.28,904.38,7909,834.45
2219-10-09T14:10:00Z,689,122.5,329.88,193.08,0.895,45.227,223.84,900.03,7644.2,832.2
2219-10-09T14:20:00Z,699,124.5,329.46,191.76,0.895,45.369,226.5,898.79,7692.3,834.9
2219-10-09T14:30:00Z,694,122.75,329.58,189.6,0.9,45.36,224.59,898.71,7673.8,837.6
2219-10-09T14:40:00Z,691.5,123.5,329.52,189.2,0.9,45.481,225.06,894.84,7678.8,832.35
2219-10-09T14:50:00Z,699,124.12,329.64,188.96,0.9,45.524,223.19,897.19,7781.3,831.9
2219-10-09T15:00:00Z,700,121.88,329.64,188.44,0.9,45.605,226.77,898.68,7708.5,831.3
2219-10-09T15:10:00Z,682,128.5,329.82,189.56,0.905,45.578,224.11,898.67,7932.8,838.5
2219-10-09T15:20:00Z,694.5,129.25,329.64,188.56,0.905,45.641,224.22,900.5,7801.2,842.25
2219-10-09T15:30:00Z,687.5,126.25,330.48,192.92,0.9,45.261,224.6,903.15,7830.1,845.85
2219-10-09T15:40:00Z,691.5,123.88,330.54,192.52,0.89,45.096,222.58,900.04,7710.9,847.2
2219-10-09T15:50:00Z,696,124.5,329.88,192.12,0.89,45.257,226.32,900.7,7769.6,844.65
2219-10-09T16:00:00Z,695.5,128.88,329.76,190.76,0.9,45.287,225.92,904.42,7900.6,846.75
2219-10-09T16:10:00Z,693.5,125.75,329.88,189.84,0.9,45.297,223.82,897.66,7850.2,848.55
2219-10-09T16:20:00Z,688,123.75,330.06,191.36,0.9,45.279,226.24,903.2,7633.3,848.4
2219-10-09T16:30:00Z,686,126.75,330.36,192.32,0.895,45.111,227.25,900.36,7772.5,859.2
2219-10-09T16:40:00Z,694.5,123.25,329.64,190,0.9,45.394,225,903.72,7775,858.75
2219-10-09T16:50:00Z,679.5,125.75,331.44,196.08,0.9,44.623,227.26,907.22,7786.1,866.55
2219-10-09T17:00:00Z,684.5,124.88,331.08,197.68,0.895,44.581,225.27,901.5,7761,867.45
2219-10-09T17:10:00Z,686.5,122.88,330.78,198.6,0.905,44.498,224.54,898.45,7698.6,874.95
2219-10-09T17:20:00Z,687.5,126.5,330.18,195.56,0.905,44.641,223.26,898.97,7900.7,876.75
2219-10-09T17:30:00Z,689.5,126.88,329.64,194.6,0.905,44.876,222.94,907.07,7765.4,881.25
2219-10-09T17:40:00Z,692.5,123.88,329.52,193.6,0.895,45.01,227.27,897.64,7768.2,881.85
2219-10-09T17:50:00Z,688,121.38,330.18,195.4,0.895,44.777,224.91,903.67,7849.5,882.15
2219-10-09T18:00:00Z,693,125.88,330.18,195.84,0.895,44.766,225.29,903.1,7657.3,879.75
2219-10-09T18:10:00Z,692,125.12,330,195.84,0.9,44.82,224.45,906.43,7793.5,875.55
2219-10-09T18:20:00Z,680,125,329.52,194.2,0.9,45.036,223.24,897.02,7740.1,871.2
2219-10-09T18:30:00Z,698.5,124,330.66,198,0.9,44.574,225.98,899.11,7822.7,872.55
2219-10-09T18:40:00Z,698,125.62,330.24,196.52,0.9,44.688,226.5,898.89,7859.6,875.85
2219-10-09T18:50:00Z,696,126.88,329.94,194.44,0.9,44.827,224.22,901.21,7833.9,875.7
2219-10-09T19:00:00Z,701,127.5,329.22,192.96,0.905,45.199,226,897.97,7825.1,879.6
2219-10-09T19:10:00Z,702.5,123.75,329.82,194.08,0.9,45.029,225.87,901.32,7697.1,874.8
2219-10-09T19:20:00Z,689.5,123.12,329.52,189.56,0.9,45.241,223.84,901.52,7685.2,865.35
2219-10-09T19:30:00Z,688,122.38,329.76,189.72,0.905,45.288,225.57,897.4,7655.8,862.35
2219-10-09T19:40:00Z,685,126.25,329.52,187.92,0.905,45.521,226.15,904.22,7791,858
2219-10-09T19:50:00Z,698.5,126.88,329.52,187.24,0.905,45.619,226.25,897.76,7809.9,856.8
2219-10-09T20:00:00Z,693.5,126.5,330.36,188.6,0.895,45.337,226.11,900.8,7730.2,857.1
2219-10-09T20:10:00Z,696,127.38,330,187.32,0.895,45.522,228.17,896.64,7946.3,856.35
2219-10-09T20:20:00Z,686,126.5,330.54,188.92,0.895,45.32,226.29,901.5,7758.5,855.3
2219-10-09T20:30:00Z,697,126.88,330,189.32,0.895,45.503,227.04,898.46,7916.4,861.6
2219-10-09T20:40:00Z,691.5,125,330.12,190.68,0.905,45.438,222.43,894.87,7733.4,866.85
2219-10-09T20:50:00Z,687.5,125.5,330.24,188.6,0.905,45.374,224.47,897.25,7815.1,866.7
2219-10-09T21:00:00Z,692,130.38,329.7,188.24,0.9,45.623,223.84,910.3,7875.3,871.35
2219-10-09T21:10:00Z,685.5,122.75,330.12,190.56,0.895,45.429,224.35,901.54,7686.5,875.55
2219-10-09T21:20:00Z,689,130.5,329.88,190.32,0.895,45.477,224.58,903.13,7942,875.55
2219-10-09T21:30:00Z,689.5,126.62,330.48,192.84,0.9,45.166,226,902.12,7771.2,873.45
2219-10-09T21:40:00Z,691,123.12,330,188.8,0.895,45.309,224.07,905.27,7754.7,871.2
2219-10-09T21:50:00Z,696.5,125.75,330.24,191.92,0.895,45.232,224.69,897.65,7852.1,874.35
2219-10-09T22:00:00Z,701,126.38,329.52,191.6,0.9,45.508,225.46,905.48,7707,875.1
2219-10-09T22:10:00Z,697.5,126.5,329.64,190.04,0.9,45.438,225.65,899.65,7874.8,868.5
2219-10-09T22:20:00Z,681.5,124.5,329.58,188.6,0.9,45.508,223.81,897.97,7837.5,875.55
2219-10-09T22:30:00Z,688.5,122.12,329.76,187.48,0.905,45.537,224.55,897.21,7637.6,876.75
2219-10-09T22:40:00Z,676,127.12,330.06,186.44,0.9,45.537,223.65,899.64,7782.9,872.4
2219-10-09T22:50:00Z,689.5,125.38,329.4,183.56,0.9,45.935,223.94,892.71,7710.2,868.5
2219-10-09T23:00:00Z,699,124.75,329.76,182.8,0.895,45.923,224.69,901.49,7877.2,868.35
2219-10-09T23:10:00Z,693,122.12,329.1,178.88,0.89,46.333,225.52,895.06,7736.9,867
2219-10-09T23:20:00Z,694.5,123.38,329.04,177.12,0.89,46.591,228.83,896.19,7784.4,872.25
2219-10-09T23:30:00Z,695.5,127.25,329.28,173.96,0.9,46.705,224.38,905.48,7801.2,865.95
2219-10-09T23:40:00Z,679,125.38,329.04,171.36,0.895,47.061,224.83,901.58,7770.5,868.65
2219-10-09T23:50:00Z,685,124.38,329.64,173.72,0.895,47.035,224.19,893.81,7647.5,865.05
2219-10-10T00:00:00Z,687.5,126.25,330.06,175.12,0.9,46.895,225.67,900.21,7767,865.2
2219-10-10T00:10:00Z,687,124.62,330.24,176.24,0.9,46.771,225.31,905.69,7790,864
2219-10-10T00:20:00Z,687,123,330.36,176.08,0.9,46.662,225.42,904.89,7785.3,863.85
2219-10-10T00:30:00Z,686,123.88,330.18,178.04,0.905,46.676,224.45,905.44,7772.5,864.6
2219-10-10T00:40:00Z,689,123.62,330.48,176.6,0.89,46.482,224.6,897.59,7711.7,860.4
2219-10-10T00:50:00Z,684.5,126.75,330.42,176.44,0.89,46.458,223.52,902.47,7778.9,856.5
2219-10-10T01:00:00Z,700,122.75,330.24,179.88,0.895,46.495,225.2,905.16,7767.7,853.5
2219-10-10T01:10:00Z,678,123.88,330.3,178.12,0.905,46.386,226.79,901.56,7699.3,859.95
2219-10-10T01:20:00Z,683.5,124,329.7,178.6,0.905,46.624,223.91,906.78,7773,863.1
2219-10-10T01:30:00Z,681,124.25,330,180.56,0.9,46.493,224.16,896.79,7825.5,867.6
2219-10-10T01:40:00Z,686.5,125.38,330.72,182.68,0.9,46.102,226.68,895.98,7877.7,863.4
2219-10-10T01:50:00Z,677.5,125.75,330.6,181.28,0.9,46.043,222.63,903.09,7799,855.6
2219-10-10T02:00:00Z,687.5,122.62,329.94,180.28,0.9,46.313,223.72,901.07,7647.4,857.55
2219-10-10T02:10:00Z,692.5,121,329.82,179.6,0.905,46.402,226.41,911.76,7703.2,861
2219-10-10T02:20:00Z,698,125.75,329.82,183.6,0.905,46.385,226.18,902.25,7799.4,857.1
2219-10-10T02:30:00Z,688.5,124.5,329.88,181.72,0.9,46.272,225.31,900.96,7769.8,864.9
2219-10-10T02:40:00Z,709.5,124,330.54,183.44,0.9,45.925,225.94,906.95,7689.2,870.75
2219-10-10T02:50:00Z,682.5,128.5,330.78,186.92,0.9,45.728,226.09,897.86,7964.4,872.7
2219-10-10T03:00:00Z,681.5,124.62,330.12,184.68,0.895,45.9,224.39,895.93,7782.9,878.1
2219-10-10T03:10:00Z,679.5,124.38,330.18,184.52,0.9,45.883,223.3,893.18,7751.8,877.05
2219-10-10T03:20:00Z,695.5,123.12,330.06,182.88,0.9,45.952,225.59,899.92,7685.5,866.85
2219-10-10T03:30:00Z,690.5,126.62,329.1,182.4,0.895,46.401,226.95,895.62,7918.5,861.45
2219-10-10T03:40:00Z,694.5,123.75,329.4,180.92,0.9,46.362,228.43,897.98,7795.4,858.15
2219-10-10T03:50:00Z,684.5,127.12,329.94,182.2,0.9,46.228,223.04,897.43,7807,854.4
2219-10-10T04:00:00Z,688,127.12,330.24,180.88,0.895,46.118,229.31,898.23,7786.8,848.85
2219-10-10T04:10:00Z,694,123.5,330,181.48,0.9,46.228,224.18,899.05,7761.5,849.3
2219-10-10T04:20:00Z,696.5,125.62,329.64,181.28,0.9,46.419,225.53,900.94,7733.9,838.95
2219-10-10T04:30:00Z,686,125.25,330.06,178.72,0.89,46.308,223.59,905.76,7733.7,838.5
2219-10-10T04:40:00Z,690,121.38,329.4,175.76,0.905,46.663,223.63,895.89,7730.2,839.25
2219-10-10T04:50:00Z,687.5,127,329.4,175.56,0.905,46.849,225.61,899.31,7972,848.1
2219-10-10T05:00:00Z,682.5,123,329.16,174.88,0.895,47.073,224.05,898.33,7869.4,841.95
2219-10-10T05:10:00Z,696,125.62,330.3,177.72,0.9,46.651,225.39,904.28,7832.5,836.85
2219-10-10T05:20:00Z,699.5,123,331.02,180.12,0.9,46.248,224.63,892.19,7753,832.95
2219-10-10T05:30:00Z,687,123.25,331.08,178.88,0.895,46.093,225.64,900.93,7698.6,833.85
2219-10-10T05:40:00Z,681,125.62,330.78,182.76,0.905,46.11,227.24,890.6,7723.4,834
2219-10-10T05:50:00Z,697,126.75,330.36,180.88,0.905,46.17,225.1,888.22,7897.3,829.5
2219-10-10T06:00:00Z,700,126.12,330.36,181.04,0.905,46.132,226.02,900.51,7720.9,835.8
2219-10-10T06:10:00Z,690.5,127,329.82,176.84,0.9,46.379,225.46,901.98,7826.3,830.25
2219-10-10T06:20:00Z,686.5,124,329.34,176.2,0.9,46.714,223.9,896.38,7671.3,839.55
2219-10-10T06:30:00Z,702.5,126.75,329.04,173,0.895,46.984,225.5,902.72,7835.1,846.9
2219-10-10T06:40:00Z,687,124.5,329.82,179,0.895,46.809,224.42,902.22,7790.1,846.3
2219-10-10T06:50:00Z,687.5,124.5,329.46,175.92,0.895,46.93,224.19,897.81,7740.3,836.25
2219-10-10T07:00:00Z,684,130,329.94,174.6,0.895,46.749,225.06,899.68,7865.4,843.15
2219-10-10T07:10:00Z,698.5,127.12,329.46,174.36,0.9,47.005,226.24,904.9,7828.5,842.85
2219-10-10T07:20:00Z,689.5,125,330,173.52,0.9,46.864,223.94,906.06,7857.5,847.05
2219-10-10T07:30:00Z,686.5,127.12,329.94,172.8,0.895,46.977,224.87,903.25,7825.5,848.55
2219-10-10T07:40:00Z,694.5,127,329.88,172.92,0.895,47.023,225.51,903.26,7839.3,849.15
2219-10-10T07:50:00Z,693.5,124.62,329.88,171.2,0.895,47.055,224.06,901.67,7724.4,844.35
2219-10-10T08:00:00Z,686,125.12,329.64,168.52,0.895,47.235,224.81,905.3,7714.3,844.35
2219-10-10T08:10:00Z,687,127.75,329.4,168.64,0.905,47.47,226.46,888.72,7812.2,850.2
2219-10-10T08:20:00Z,685,125.75,329.46,170.48,0.905,47.548,225.09,893.79,7766.9,842.55
2219-10-10T08:30:00Z,686,123.88,330.84,172.56,0.905,46.978,224,906.36,7697.8,838.95
2219-10-10T08:40:00Z,688.5,128.5,330.66,171.28,0.9,46.976,226.35,892.67,8000,838.05
2219-10-10T08:50:00Z,692,126.88,331.08,172.6,0.9,46.746,225.83,900.44,7834.7,837.6
2219-10-10T09:00:00Z,683.5,123.88,329.7,172.48,0.895,47.242,225.48,900.44,7775.2,832.8
2219-10-10T09:10:00Z,694,124.5,330.18,174.36,0.9,47.014,224.36,896.7,7834.9,838.65
2219-10-10T09:20:00Z,697.5,126.38,330.18,176.24,0.9,46.924,224.69,896.47,7859.7,835.95
2219-10-10T09:30:00Z,700.5,125.5,330,173.24,0.895,46.918,225.81,909.24,7746.1,843.9
2219-10-10T09:40:00Z,696,123.88,330.18,172.88,0.9,46.846,224.83,908.94,7781.3,841.2
2219-10-10T09:50:00Z,695.5,124,329.94,169,0.9,47.051,226,901.14,7905.1,841.65
2219-10-10T10:00:00Z,693,122.25,328.98,168.12,0.905,47.642,222.38,901.43,7703.4,838.35
2219-10-10T10:10:00Z,682,122.88,329.58,168.2,0.895,47.505,223.73,897.94,7769.2,838.35
2219-10-10T10:20:00Z,687,127.75,330.3,169.92,0.895,47.26,224.66,897.49,7931.1,839.7
2219-10-10T10:30:00Z,686,121.25,330.84,168.92,0.9,47.016,223.93,895.66,7695.1,832.65
2219-10-10T10:40:00Z,689,126.88,329.64,169.76,0.905,47.508,226.39,905.01,7945.7,835.35
2219-10-10T10:50:00Z,697,125,329.22,169.4,0.905,47.708,226.14,896.61,7826.3,828.45
2219-10-10T11:00:00Z,698.5,121.62,330.12,166.24,0.895,47.39,223.93,902.01,7690.6,817.5
2219-10-10T11:10:00Z,699.5,124,329.22,167.76,0.895,47.853,225.32,898.68,7793.7,815.7
2219-10-10T11:20:00Z,693.5,122.75,329.52,164.16,0.895,47.835,227.14,907.31,7800.3,812.85
2219-10-10T11:30:00Z,692,122.88,330,167.72,0.9,47.724,224.86,904.31,7823.2,811.05
2219-10-10T11:40:00Z,684,126.12,330,161.12,0.9,47.747,223.71,899.94,7802.5,814.05
2219-10-10T11:50:00Z,678.5,126.25,329.46,160.28,0.9,48.16,223.46,899.65,7738.5,810
2219-10-10T12:00:00Z,680,128.5,330.24,165.52,0.9,47.918,222.91,908.11,7945.4,816.75
2219-10-10T12:10:00Z,700,125.25,330.78,169.76,0.9,47.552,224.36,895.14,7743,814.2
2219-10-10T12:20:00Z,693,122.62,330.78,170.44,0.9,47.349,223.98,898.52,7607.9,812.85
2219-10-10T12:30:00Z,689.5,126.75,330.24,167.88,0.89,47.451,224.9,893.95,7821.7,811.65
2219-10-10T12:40:00Z,693,121.62,330.3,171.76,0.905,47.383,224.79,902.2,7665.2,819.9
2219-10-10T12:50:00Z,678.5,126.12,330.24,170.76,0.905,47.313,224.13,899.34,7789.3,816.3
2219-10-10T13:00:00Z,688,127.38,330.6,172.44,0.895,47.07,226.39,905.6,7841.6,814.8
2219-10-10T13:10:00Z,686,129,329.82,173.88,0.9,47.256,224.06,900.79,7923.8,810.9
2219-10-10T13:20:00Z,687,125.62,330.9,176.48,0.9,46.691,226.01,896.42,7815.7,804.6
