time,QT-704,TT-701,AT-702,MT-703,AIC-702.out,WT-705,JI-706
2219-09-26T13:40:00Z,594.27,23.992,1221,69.5,73.127,25.518,4.5702
2219-09-26T13:50:00Z,600.74,23.96,1269,68.8,69.254,26.209,4.558
2219-09-26T14:00:00Z,592.79,24.032,1254,68.3,68.388,25.839,4.5431
2219-09-26T14:10:00Z,595.6,24.024,1125,70,75.765,25.468,4.546
2219-09-26T14:20:00Z,596.79,24.016,1116,70.7,78.443,25.953,4.5532
2219-09-26T14:30:00Z,597.22,23.968,1257,71.8,71.067,26.307,4.5423
2219-09-26T14:40:00Z,602.84,24.016,1257,72.6,69.501,25.807,4.5265
2219-09-26T14:50:00Z,598.56,24.012,1155,71.9,74.94,25.871,4.5443
2219-09-26T15:00:00Z,591.92,24.004,1152,71.2,76.383,25.84,4.5584
2219-09-26T15:10:00Z,595.67,23.988,1197,69.2,74.611,26.237,4.5073
2219-09-26T15:20:00Z,595.88,23.956,1191,70.8,75.105,26.347,4.5436
2219-09-26T15:30:00Z,590.52,24,1200,70.4,74.734,25.916,4.5575
2219-09-26T15:40:00Z,597.23,24.04,1242,70.5,71.85,25.367,4.5597
2219-09-26T15:50:00Z,599.97,24.004,1212,70.4,72.756,25.83,4.5234
2219-09-26T16:00:00Z,604.06,24.008,1200,70.1,73.251,25.24,4.5397
2219-09-26T16:10:00Z,596.31,23.992,1209,72.5,72.633,25.977,4.5407
2219-09-26T16:20:00Z,602.23,24.008,1221,68.8,71.561,26.046,4.5462
2219-09-26T16:30:00Z,599.69,24.02,1185,68.2,73.457,25.641,4.5715
2219-09-26T16:40:00Z,601.66,24.032,1146,66.9,76.548,25.997,4.5344
2219-09-26T16:50:00Z,602.18,23.976,1221,69.3,72.88,25.721,4.5366
2219-09-26T17:00:00Z,594.77,24.016,1239,69.6,71.067,25.708,4.5331
2219-09-26T17:10:00Z,598.23,24,1170,70.1,74.734,25.776,4.5372
2219-09-26T17:20:00Z,606.59,23.992,1203,71.2,73.292,25.582,4.5525
2219-09-26T17:30:00Z,602.67,24,1224,72.8,71.767,25.489,4.5124
2219-09-26T17:40:00Z,601.73,24.008,1224,73.6,71.108,25.687,4.5575
2219-09-26T17:50:00Z,605.71,23.984,1206,75.4,71.685,25.755,4.5043
2219-09-26T18:00:00Z,605.02,24.004,1218,75.8,70.696,24.94,4.5374
2219-09-26T18:10:00Z,601.06,24.012,1209,77.3,70.82,25.38,4.5683
2219-09-26T18:20:00Z,591.51,23.964,1179,76.7,72.633,25.704,4.5331
2219-09-26T18:30:00Z,603.02,23.968,1167,75.2,74.034,25.857,4.5563
2219-09-26T18:40:00Z,592.87,24.008,1152,73.9,75.971,25.853,4.5379
2219-09-26T18:50:00Z,599.61,24.012,1176,74.8,75.641,26.236,4.5592
2219-09-26T19:00:00Z,596.88,24.028,1197,75.5,74.858,25.842,4.5458
2219-09-26T19:10:00Z,603.2,23.992,1221,73,73.292,26.143,4.5559
2219-09-26T19:20:00Z,603.15,24.02,1227,71.5,72.303,25.744,4.5343
2219-09-26T19:30:00Z,600.03,24.008,1215,70.1,72.386,25.862,4.5256
2219-09-26T19:40:00Z,601.03,24.044,1224,71.1,71.355,25.829,4.5592
2219-09-26T19:50:00Z,593.77,23.98,1170,70,74.405,26.129,4.5187
2219-09-26T20:00:00Z,599.22,23.996,1164,70.6,75.641,25.779,4.5235
2219-09-26T20:10:00Z,594.87,23.96,1218,70.6,72.921,25.869,4.5476
2219-09-26T20:20:00Z,598.2,23.988,1245,70.7,70.572,26.042,4.5634
2219-09-26T20:30:00Z,591.43,24.024,1248,70.2,69.13,25.766,4.5528
2219-09-26T20:40:00Z,596.33,24.008,1185,70,72.138,25.979,4.5255
2219-09-26T20:50:00Z,601.14,23.96,1113,69.6,77.495,26.092,4.5735
2219-09-26T21:00:00Z,600.4,23.996,1227,71.6,72.056,25.548,4.5493
2219-09-26T21:10:00Z,605.11,23.996,1146,72.3,76.877,25.728,4.5667
2219-09-26T21:20:00Z,597.34,24.004,1221,72,73.21,25.595,4.4979
2219-09-26T21:30:00Z,603.91,24.044,1191,72.1,74.693,26.57,4.5203
2219-09-26T21:40:00Z,597.51,24.012,1164,74.2,76.795,25.708,4.5432
2219-09-26T21:50:00Z,595.34,24.016,1332,74.1,66.245,25.614,4.5407
2219-09-26T22:00:00Z,601.38,24.008,1197,74.8,71.891,26.18,4.5591
2219-09-26T22:10:00Z,593.76,23.952,1197,73.6,71.973,26.108,4.5347
2219-09-26T22:20:00Z,594.08,24.048,1194,74.1,72.262,25.76,4.5117
2219-09-26T22:30:00Z,604.6,23.988,1155,73.2,75.105,25.672,4.544
2219-09-26T22:40:00Z,600.05,24.008,1176,74.3,74.899,25.745,4.5494
2219-09-26T22:50:00Z,601.48,23.964,1272,71.9,68.965,25.621,4.5842
2219-09-26T23:00:00Z,592.8,24,1239,69.5,69.254,25.497,4.5615
2219-09-26T23:10:00Z,605.38,24.008,1209,71.4,70.243,25.484,4.5526
2219-09-26T23:20:00Z,587.36,24.052,1179,70,72.056,26.493,4.5584
2219-09-26T23:30:00Z,599.13,23.98,1209,70.8,70.572,25.833,4.5384
2219-09-26T23:40:00Z,599.46,23.988,1194,72.7,71.355,25.62,4.5356
2219-09-26T23:50:00Z,597.86,24.024,1146,72.5,74.817,25.761,4.5458
2219-09-27T00:00:00Z,434.12,23.44,1182,74.6,60.411,25.125,3.3351
2219-09-27T00:10:00Z,159.37,21.288,1173,71.5,42.43,21.584,1.3676
2219-09-27T00:20:00Z,20.71,18.688,1170,70.1,32.207,16.134,0.55999
2219-09-27T00:30:00Z,-0.29593,17.32,1179,69.1,21.424,11.579,0.49149
2219-09-27T00:40:00Z,1.7389,16.704,1062,70.2,19.048,7.7786,0.50774
2219-09-27T00:50:00Z,3.3434,16.696,921,69.1,21.534,6.1685,0.51631
2219-09-27T01:00:00Z,-3.0638,16.772,888,71.4,20.476,4.0076,0.55306
2219-09-27T01:10:00Z,-0.9954,16.988,819,71.2,22.798,3.3914,0.55013
2219-09-27T01:20:00Z,2.4931,17.144,870,68.2,18.773,2.1473,0.56736
2219-09-27T01:30:00Z,1.7036,17.344,840,67.4,18.91,1.4636,0.56334
2219-09-27T01:40:00Z,0.28221,17.524,813,67.1,19.666,1.0753,0.59362
2219-09-27T01:50:00Z,4.5852,17.652,822,66.4,18.69,1.1398,0.54834
2219-09-27T02:00:00Z,1.0522,17.752,813,64.1,18.704,0.6102,0.55117
2219-09-27T02:10:00Z,-5.4623,17.776,735,63.1,23.704,0.30603,0.55695
2219-09-27T02:20:00Z,-2.8394,17.82,792,62.2,21.575,-0.37143,0.57793
2219-09-27T02:30:00Z,7.4051,17.872,771,61.9,23.237,-0.12758,0.5564
2219-09-27T02:40:00Z,-0.57553,17.936,807,62.9,21.561,-0.31008,0.5442
2219-09-27T02:50:00Z,-2.0962,17.944,819,65.4,20.545,-0.092379,0.53422
2219-09-27T03:00:00Z,-0.18744,17.964,783,67.9,22.495,0.1139,0.54639
2219-09-27T03:10:00Z,2.7384,17.988,834,68.2,19.46,0.34065,0.5545
2219-09-27T03:20:00Z,-2.6047,17.988,816,68.3,19.762,0.42837,0.55396
2219-09-27T03:30:00Z,1.1477,17.932,762,70.1,23.031,-0.56795,0.53729
2219-09-27T03:40:00Z,1.7387,17.996,780,69.3,22.839,0.076812,0.5486
2219-09-27T03:50:00Z,-2.1046,17.98,849,68.8,18.649,-0.83695,0.54434
2219-09-27T04:00:00Z,0.18758,17.992,843,68.3,17.715,0.087597,0.55283
2219-09-27T04:10:00Z,1.0653,17.996,780,68.6,20.861,0.01622,0.55916
2219-09-27T04:20:00Z,-3.74,18,840,70.7,17.289,0.24642,0.56507
2219-09-27T04:30:00Z,4.1051,17.972,816,72.2,17.839,-0.20612,0.56199
2219-09-27T04:40:00Z,4.0557,17.976,756,73.3,21.52,0.14034,0.57085
2219-09-27T04:50:00Z,-2.6749,17.976,759,69.1,22.523,0.37807,0.51903
2219-09-27T05:00:00Z,-0.98157,18,837,68.8,18.292,0.077116,0.53182
2219-09-27T05:10:00Z,1.1922,18.008,795,69.1,20.16,0.36151,0.57392
2219-09-27T05:20:00Z,1.5123,17.968,777,69.9,21.534,0.42784,0.53125
2219-09-27T05:30:00Z,2.3115,18.016,774,69.6,22.372,0.24859,0.54123
2219-09-27T05:40:00Z,6.6803,18.012,819,70.1,19.995,0.18659,0.5413
2219-09-27T05:50:00Z,3.6446,17.96,780,69.4,22.152,0.50374,0.54981
2219-09-27T06:00:00Z,0.28048,17.968,759,70.6,24.144,-0.050552,0.56589
2219-09-27T06:10:00Z,3.8137,18.008,822,70.8,20.943,0.27748,0.58753
2219-09-27T06:20:00Z,-1.2403,18.008,831,70.4,19.721,-0.16999,0.55368
2219-09-27T06:30:00Z,8.577,17.98,819,69.7,19.693,-0.39159,0.51955
2219-09-27T06:40:00Z,3.2925,18.032,804,69.9,20.201,0.47291,0.52057
2219-09-27T06:50:00Z,3.9192,18.008,789,71.4,21.122,0.53255,0.53362
2219-09-27T07:00:00Z,2.1445,18,852,71.6,17.097,0.057886,0.54201
2219-09-27T07:10:00Z,-9.6316,18.012,813,72.1,18.347,0.45932,0.51964
2219-09-27T07:20:00Z,2.4955,17.98,807,73.9,18.402,-0.98885,0.54778
2219-09-27T07:30:00Z,-5.8928,18.024,792,75.2,19.24,0.26121,0.51841
2219-09-27T07:40:00Z,1.007,17.992,768,73.8,21.108,0.36153,0.53779
2219-09-27T07:50:00Z,3.6296,17.984,804,72.9,19.515,0.2948,0.54448
2219-09-27T08:00:00Z,-0.50137,17.992,837,71.3,17.138,-0.10946,0.53541
2219-09-27T08:10:00Z,8.0246,18.02,738,72.5,22.921,0.23285,0.55985
2219-09-27T08:20:00Z,3.7457,18.004,711,71.9,26.479,-0.37454,0.55413
2219-09-27T08:30:00Z,-0.38617,18.028,807,71.3,22.331,-0.47436,0.54961
2219-09-27T08:40:00Z,0.47833,17.992,882,70.1,16.987,0.011673,0.54197
2219-09-27T08:50:00Z,-1.7374,17.976,813,70.2,19.657,0.13331,0.5398
2219-09-27T09:00:00Z,173.81,18.58,816,68.7,32.875,0.54059,1.8519
2219-09-27T09:10:00Z,453.28,20.788,819,68,51.323,4.1552,3.7555
2219-09-27T09:20:00Z,586.77,23.408,804,67.5,62.821,8.2877,4.4982
2219-09-27T09:30:00Z,592.14,24.748,879,67.7,68.549,13.019,4.6235
2219-09-27T09:40:00Z,599.62,25.28,924,67.9,74.277,16.223,4.604
2219-09-27T09:50:00Z,594.57,25.352,1011,68.5,75.884,18.533,4.5211
2219-09-27T10:00:00Z,604.58,25.208,1128,67.7,73.04,20.461,4.4857
2219-09-27T10:10:00Z,596.69,25.06,1152,69.5,73.37,22.118,4.5179
2219-09-27T10:20:00Z,607.02,24.804,1164,70.8,73.864,22.988,4.5469
2219-09-27T10:30:00Z,595.47,24.632,1206,70.4,71.969,23.387,4.5637
2219-09-27T10:40:00Z,602.87,24.472,1197,71.4,72.422,24.516,4.5455
2219-09-27T10:50:00Z,598.78,24.372,1125,71.6,77.45,25.341,4.5274
2219-09-27T11:00:00Z,598.38,24.276,1191,70.7,74.977,25.165,4.5507
2219-09-27T11:10:00Z,604.85,24.192,1179,71.4,76.049,25.224,4.5212
2219-09-27T11:20:00Z,600.35,24.16,1227,72.9,73.329,25.646,4.5252
2219-09-27T11:30:00Z,599.38,24.136,1203,75.6,74.235,25.815,4.5214
2219-09-27T11:40:00Z,596.63,24.072,1179,76.9,75.801,24.981,4.5503
2219-09-27T11:50:00Z,601.68,24.056,1221,76.7,73.494,25.896,4.5084
2219-09-27T12:00:00Z,597.65,24.02,1179,75.2,75.801,26.229,4.5692
2219-09-27T12:10:00Z,598.46,24.056,1221,74.8,73.494,26.329,4.5823
2219-09-27T12:20:00Z,596.19,24.036,1188,73.7,75.183,25.876,4.5725
2219-09-27T12:30:00Z,596.27,24.016,1251,73.9,71.186,26.256,4.5607
2219-09-27T12:40:00Z,609.1,24.008,1185,75,74.318,26.179,4.5342
2219-09-27T12:50:00Z,596.98,24.028,1179,72.3,75.142,25.908,4.5266
2219-09-27T13:00:00Z,601.13,24.016,1182,71.5,75.513,26.088,4.5638
2219-09-27T13:10:00Z,602.64,24,1215,70,73.741,25.328,4.555
2219-09-27T13:20:00Z,601.82,24.028,1218,70.5,73.123,25.662,4.5512
2219-09-27T13:30:00Z,608.65,23.976,1194,69,74.277,26.202,4.5671
2219-09-27T13:40:00Z,599.82,23.976,1203,68,73.823,25.986,4.5345
2219-09-27T13:50:00Z,594.51,24.016,1227,68.8,72.092,25.823,4.5606
2219-09-27T14:00:00Z,598.14,24,1152,69.9,76.502,25.461,4.5193
2219-09-27T14:10:00Z,590,23.996,1134,69.5,79.057,25.972,4.5356
2219-09-27T14:20:00Z,602.09,24.016,1242,67.9,73.452,25.876,4.523
2219-09-27T14:30:00Z,600.89,23.984,1203,68.9,74.977,26.052,4.5424
2219-09-27T14:40:00Z,603.36,24.024,1251,68,71.598,26.328,4.5308
2219-09-27T14:50:00Z,598.74,23.972,1182,69.9,74.936,26.072,4.5339
2219-09-27T15:00:00Z,597.61,24.008,1230,70.9,72.134,26.039,4.5722
2219-09-27T15:10:00Z,603.18,24.024,1212,70.8,72.546,25.966,4.5332
2219-09-27T15:20:00Z,596.05,24,1215,67.5,72.01,25.785,4.5501
2219-09-27T15:30:00Z,598.02,23.98,1179,67.8,74.071,26.153,4.5431
2219-09-27T15:40:00Z,599.67,24.004,1278,70,67.848,25.942,4.5497
2219-09-27T15:50:00Z,595.11,23.996,1197,68.7,71.268,25.729,4.5343
2219-09-27T16:00:00Z,596.49,24.02,1167,68.7,73.411,25.833,4.5836
2219-09-27T16:10:00Z,600.51,24.056,1182,67.6,73.288,25.755,4.5466
2219-09-27T16:20:00Z,601.08,23.996,1164,67.6,75.018,25.547,4.4724
2219-09-27T16:30:00Z,600.61,23.996,1203,65.7,73.329,25.898,4.5522
2219-09-27T16:40:00Z,596.12,23.996,1200,66.1,73.452,25.794,4.5312
2219-09-27T16:50:00Z,598.49,23.988,1212,64.7,72.628,25.514,4.5693
2219-09-27T17:00:00Z,594.45,23.992,1239,65.8,70.444,26.457,4.5653
2219-09-27T17:10:00Z,598.53,24.02,1164,69.8,74.524,25.804,4.5069
2219-09-27T17:20:00Z,595.97,24.008,1140,69.1,77.161,25.859,4.4993
2219-09-27T17:30:00Z,598.23,24.004,1170,70.3,76.749,25.825,4.5526
2219-09-27T17:40:00Z,598.4,24.012,1191,71.1,76.131,26.032,4.5778
2219-09-27T17:50:00Z,602.94,24.032,1230,70.7,73.7,25.34,4.6065
2219-09-27T18:00:00Z,604.05,24.04,1230,72.3,72.875,25.913,4.5092
2219-09-27T18:10:00Z,594.86,23.964,1185,71.6,75.142,26.178,4.5431
2219-09-27T18:20:00Z,603.11,24.012,1245,71.8,71.433,26.04,4.5379
2219-09-27T18:30:00Z,595.85,23.988,1227,72.1,71.433,26.729,4.5203
2219-09-27T18:40:00Z,596.45,23.996,1209,71.4,71.928,26.144,4.5372
2219-09-27T18:50:00Z,601.14,24.012,1239,70.9,69.62,25.089,4.5503
2219-09-27T19:00:00Z,595.8,23.992,1185,70.3,72.257,25.325,4.5045
2219-09-27T19:10:00Z,597.22,23.992,1137,71.1,75.966,25.303,4.5189
2219-09-27T19:20:00Z,602.07,23.992,1149,71.6,76.873,25.518,4.5348
2219-09-27T19:30:00Z,589.82,24.044,1206,71.1,74.359,26.535,4.5385
2219-09-27T19:40:00Z,601.62,23.996,1197,70.3,74.812,25.861,4.5612
2219-09-27T19:50:00Z,596.17,23.972,1179,72,76.131,25.858,4.5248
2219-09-27T20:00:00Z,593.46,23.996,1212,71.5,74.441,25.753,4.5273
2219-09-27T20:10:00Z,599.62,24.028,1164,72.4,77.408,26.084,4.5405
2219-09-27T20:20:00Z,599.6,24.052,1233,72.1,73.658,25.898,4.5401
2219-09-27T20:30:00Z,597.77,24.004,1245,71.4,71.928,25.787,4.5513
2219-09-27T20:40:00Z,597.82,23.984,1200,69.1,73.782,26.216,4.5459
2219-09-27T20:50:00Z,601.03,24,1200,70.7,73.782,26.236,4.5308
2219-09-27T21:00:00Z,600.28,24,1167,68.9,76.049,26.142,4.5172
2219-09-27T21:10:00Z,597.5,24.02,1230,67.4,72.628,26.082,4.5546
2219-09-27T21:20:00Z,601.37,23.996,1209,67.1,73.246,25.956,4.5227
2219-09-27T21:30:00Z,604.33,24.02,1152,68.6,76.914,25.627,4.5445
2219-09-27T21:40:00Z,598.09,24.016,1224,67.8,73.288,25.747,4.5628
2219-09-27T21:50:00Z,606.35,24.016,1230,66.8,72.216,26.242,4.5483
2219-09-27T22:00:00Z,599.01,24,1215,68.5,72.422,25.753,4.5241
2219-09-27T22:10:00Z,610.2,23.964,1170,65.4,75.101,26.065,4.55
2219-09-27T22:20:00Z,595.96,24.008,1212,65.3,73.04,26.044,4.5269
2219-09-27T22:30:00Z,602.83,23.988,1218,66.3,72.299,26.024,4.5
2219-09-27T22:40:00Z,605.08,24.04,1227,66.3,71.186,26.064,4.5519
2219-09-27T22:50:00Z,601.86,24.004,1161,63.3,74.977,26.398,4.5402
2219-09-27T23:00:00Z,604.83,23.996,1230,62.6,71.31,26.03,4.5597
2219-09-27T23:10:00Z,606.29,24.008,1212,63.4,71.722,26.271,4.5465
2219-09-27T23:20:00Z,595.51,23.996,1176,63.1,73.864,26.5,4.5519
2219-09-27T23:30:00Z,598.59,23.988,1188,63,73.7,25.895,4.5721
2219-09-27T23:40:00Z,603.89,23.976,1185,63.4,74.235,25.539,4.5359
2219-09-27T23:50:00Z,599.38,23.984,1221,65.4,72.175,24.259,4.5382
2219-09-28T00:00:00Z,605.32,23.992,1188,66.3,73.864,25.066,4.5778
2219-09-28T00:10:00Z,597.5,23.988,1230,68.4,71.31,26.31,4.542
2219-09-28T00:20:00Z,600.02,23.992,1260,68.9,68.425,26.137,4.5013
2219-09-28T00:30:00Z,602.35,24.008,1215,68.9,69.867,26.068,4.5081
2219-09-28T00:40:00Z,601.75,23.988,1098,67.5,77.491,25.916,4.5225
2219-09-28T00:50:00Z,601.47,23.972,1200,67.2,73.288,26.014,4.5311
2219-09-28T01:00:00Z,600.78,23.964,1131,65.5,78.027,25.691,4.5323
2219-09-28T01:10:00Z,593.72,23.98,1206,63.8,74.588,26.095,4.5535
2219-09-28T01:20:00Z,422.36,23.432,1263,66.7,56.726,24.909,3.2659
2219-09-28T01:30:00Z,146.16,21.22,1248,67.7,36.932,21.568,1.334
2219-09-28T01:40:00Z,20.719,18.628,1197,68.3,28.127,15.862,0.56633
2219-09-28T01:50:00Z,-1.5462,17.268,1080,67.4,25.256,11.798,0.5376
2219-09-28T02:00:00Z,-1.2649,16.752,1071,65.4,18.182,8.4793,0.53758
2219-09-28T02:10:00Z,-0.56353,16.664,954,63.7,18.773,6.1175,0.5502
2219-09-28T02:20:00Z,-3.0999,16.76,918,63.9,17.015,4.1864,0.54068
2219-09-28T02:30:00Z,8.5668,16.972,861,62.1,17.688,2.7759,0.52972
2219-09-28T02:40:00Z,3.0326,17.124,756,63.2,23.223,1.9347,0.53721
2219-09-28T02:50:00Z,0.51189,17.384,756,65.3,24.432,1.9469,0.5288
2219-09-28T03:00:00Z,9.6039,17.516,750,67.1,26.053,0.90956,0.54943
2219-09-28T03:10:00Z,0.64152,17.592,765,69.4,26.397,0.99691,0.56731
2219-09-28T03:20:00Z,-13.851,17.748,828,70.2,23.031,0.75743,0.54128
2219-09-28T03:30:00Z,4.6062,17.808,852,67.2,20.614,0.84643,0.53261
2219-09-28T03:40:00Z,6.1934,17.836,813,70.1,21.864,-0.13066,0.52449
2219-09-28T03:50:00Z,0.60935,17.912,882,67.9,16.767,0.014261,0.53459
2219-09-28T04:00:00Z,-0.37544,17.952,783,64.8,21.314,0.1707,0.54044
2219-09-28T04:10:00Z,1.904,17.94,789,65.7,21.369,0.087427,0.54393
2219-09-28T04:20:00Z,-5.0747,17.964,804,65.6,20.641,0.56064,0.56129
2219-09-28T04:30:00Z,-0.17422,17.992,756,63.8,23.828,-0.3548,0.52036
2219-09-28T04:40:00Z,-5.7984,17.98,837,63.7,19.473,0.29708,0.51019
2219-09-28T04:50:00Z,2.2683,17.948,804,63.8,20.723,-0.12947,0.56118
2219-09-28T05:00:00Z,3.7085,17.988,819,64.6,19.583,0.29934,0.53818
2219-09-28T05:10:00Z,3.2868,17.972,855,64.5,16.589,-0.040335,0.54386
2219-09-28T05:20:00Z,3.4715,17.984,801,66.3,18.787,-0.16993,0.53636
2219-09-28T05:30:00Z,-3.6666,18.008,810,66.9,18.141,-0.06561,0.57052
2219-09-28T05:40:00Z,4.5492,17.988,744,67.1,22.399,-0.042465,0.53811
2219-09-28T05:50:00Z,-3.7695,18,756,68,23.114,0.45873,0.57257
2219-09-28T06:00:00Z,-3.4741,18.004,801,67.4,21.232,0.27344,0.60098
2219-09-28T06:10:00Z,16.33,18,783,67.9,22.44,0.11445,0.53539
2219-09-28T06:20:00Z,-0.0081969,17.996,813,68.9,20.847,-0.56875,0.5627
2219-09-28T06:30:00Z,2.6826,18.008,789,69.2,22.138,0.24773,0.54641
2219-09-28T06:40:00Z,5.0608,18.012,828,69.1,19.762,-0.37207,0.57668
2219-09-28T06:50:00Z,1.8111,18.004,876,71.9,15.696,-0.077164,0.51897
2219-09-28T07:00:00Z,1.4127,17.988,741,71.3,22.88,0.27668,0.57923
2219-09-28T07:10:00Z,-0.90252,18.004,801,72.2,20.38,0.30067,0.52486
2219-09-28T07:20:00Z,6.6077,17.956,777,73.5,22.001,0.089512,0.56854
2219-09-28T07:30:00Z,7.9555,17.972,807,72.2,20.572,0.096326,0.55698
2219-09-28T07:40:00Z,2.2464,18.004,807,72.3,20.38,0.094647,0.57398
2219-09-28T07:50:00Z,-2.6172,17.968,756,71.3,23.69,0.018966,0.54795
2219-09-28T08:00:00Z,-0.76708,17.992,786,71.4,22.839,0.23837,0.54414
2219-09-28T08:10:00Z,-1.4199,18.012,786,71.5,23.223,-0.12594,0.53608
2219-09-28T08:20:00Z,6.7135,18.016,834,73.2,20.311,0.41076,0.56837
2219-09-28T08:30:00Z,4.8931,17.992,888,72.8,15.668,0.17542,0.53834
2219-09-28T08:40:00Z,1.1303,17.976,852,71.9,15.723,0.40597,0.54759
2219-09-28T08:50:00Z,-0.51837,18,762,71.3,20.476,-0.1417,0.55412
2219-09-28T09:00:00Z,0.043063,17.968,807,73.3,18.429,-0.47273,0.52197
2219-09-28T09:10:00Z,-7.8632,17.968,777,72.4,20.298,-0.25291,0.5515
2219-09-28T09:20:00Z,1.0142,17.956,807,74.5,18.869,0.20303,0.54783
2219-09-28T09:30:00Z,4.3631,18.004,732,74.8,23.828,0.42617,0.54266
2219-09-28T09:40:00Z,-3.5389,17.968,801,74.5,20.957,-0.24197,0.54326
2219-09-28T09:50:00Z,0.45473,18,819,71.3,19.693,-0.15598,0.58044
2219-09-28T10:00:00Z,5.4567,18,789,70.2,21.232,-0.17261,0.59785
2219-09-28T10:10:00Z,-1.184,17.988,813,70.7,20.627,-0.58159,0.60827
2219-09-28T10:20:00Z,175.71,18.644,861,70.9,31.03,1.0793,1.912
2219-09-28T10:30:00Z,466.87,20.916,825,70.9,50.636,4.0013,3.8758
2219-09-28T10:40:00Z,586.02,23.464,819,71.6,61.351,9.4645,4.5117
2219-09-28T10:50:00Z,601.23,24.776,837,71,70.582,12.742,4.5819
2219-09-28T11:00:00Z,601.44,25.308,897,71.9,76.433,15.635,4.5243
2219-09-28T11:10:00Z,607.19,25.32,1005,73.4,77.34,18.608,4.5519
2219-09-28T11:20:00Z,599.36,25.216,1062,72,78.782,21.24,4.537
2219-09-28T11:30:00Z,604.82,25,1179,73.3,74.538,21.993,4.5658
2219-09-28T11:40:00Z,600.18,24.844,1227,74.3,71.818,23.151,4.5721
2219-09-28T11:50:00Z,599.88,24.692,1224,73.6,71.282,24.26,4.4962
2219-09-28T12:00:00Z,598.04,24.488,1227,74.5,70.417,24.703,4.5068
2219-09-28T12:10:00Z,607.24,24.364,1113,74.9,77.505,24.722,4.5802
2219-09-28T12:20:00Z,597.24,24.3,1158,73.9,76.804,25.496,4.4942
2219-09-28T12:30:00Z,594.28,24.16,1218,73.9,73.837,25.239,4.5336
2219-09-28T12:40:00Z,600.08,24.148,1227,72.8,72.724,25.48,4.5328
2219-09-28T12:50:00Z,605.64,24.132,1251,69.5,70.334,25.597,4.5474
2219-09-28T13:00:00Z,597.9,24.1,1164,70.6,74.908,25.665,4.5085
2219-09-28T13:10:00Z,599.8,24.1,1227,69.9,71.571,26.026,4.5233
2219-09-28T13:20:00Z,603.64,24.084,1227,71.2,70.829,25.719,4.5169
2219-09-28T13:30:00Z,601.14,24.008,1215,71.3,70.911,25.856,4.5769
2219-09-28T13:40:00Z,605.21,24.048,1200,70.5,71.529,25.844,4.5363
2219-09-28T13:50:00Z,596.1,24.004,1242,68,68.645,25.889,4.5479
2219-09-28T14:00:00Z,603.14,24.004,1218,69.4,69.139,25.847,4.5714
2219-09-28T14:10:00Z,599.43,24.02,1167,70.6,72.147,25.271,4.5437
2219-09-28T14:20:00Z,600.12,24,1152,72,74.084,25.508,4.5294
2219-09-28T14:30:00Z,600.17,23.992,1113,69.8,78.082,25.57,4.5286
2219-09-28T14:40:00Z,603.38,24.02,1227,69.3,72.642,25.141,4.5438
2219-09-28T14:50:00Z,600.84,24.044,1284,68.9,67.985,25.924,4.5549
2219-09-28T15:00:00Z,599.97,23.984,1185,70.8,72.477,25.121,4.5307
2219-09-28T15:10:00Z,596.77,24.02,1179,71.1,73.301,25.509,4.602
2219-09-28T15:20:00Z,600.82,24.02,1215,69.3,71.406,25.657,4.5741
2219-09-28T15:30:00Z,603.51,24.004,1215,71.7,70.994,25.826,4.5647
2219-09-28T15:40:00Z,592.61,24,1212,69.8,70.788,26.085,4.5585
2219-09-28T15:50:00Z,603.2,24.024,1176,72.8,72.93,25.986,4.5371
2219-09-28T16:00:00Z,598.97,24.024,1176,72.2,73.59,25.818,4.5157
2219-09-28T16:10:00Z,610.54,24.008,1209,69.7,71.983,26.158,4.5452
2219-09-28T16:20:00Z,600.5,24,1173,69.4,74.208,25.442,4.5574
2219-09-28T16:30:00Z,601.33,24,1236,68.8,70.623,25.486,4.5349
2219-09-28T16:40:00Z,600.53,24.008,1218,66.5,70.87,26.039,4.5874
2219-09-28T16:50:00Z,599.22,24.012,1206,65.2,71.2,26.261,4.5528
2219-09-28T17:00:00Z,601.61,24.012,1173,65.4,73.301,26.259,4.5238
2219-09-28T17:10:00Z,611.21,23.992,1260,67.6,68.068,25.189,4.5462
2219-09-28T17:20:00Z,595.9,24.028,1158,68.3,73.425,25.542,4.5487
2219-09-28T17:30:00Z,605.11,23.984,1200,68.3,71.694,25.888,4.5607
2219-09-28T17:40:00Z,596.85,23.976,1155,68.6,74.785,25.463,4.5914
2219-09-28T17:50:00Z,597.53,24.016,1200,67.5,72.93,25.583,4.5626
2219-09-28T18:00:00Z,593.89,23.996,1227,69.1,71.076,25.354,4.5196
2219-09-28T18:10:00Z,601.22,24.04,1155,67.5,75.279,25.5,4.5325
2219-09-28T18:20:00Z,605.87,23.996,1131,65.2,78.164,26.008,4.6022
2219-09-28T18:30:00Z,606.94,23.98,1212,67.7,74.496,26.122,4.5156
2219-09-28T18:40:00Z,598.09,24.036,1212,67,74.167,25.454,4.5827
2219-09-28T18:50:00Z,603.79,23.968,1212,67.5,73.837,26.242,4.5342
2219-09-28T19:00:00Z,603.66,24,1239,68.5,71.653,25.667,4.527
2219-09-28T19:10:00Z,599.25,24.044,1179,68.7,74.702,26.13,4.5732
2219-09-28T19:20:00Z,605.15,24,1224,67,72.189,25.99,4.5863
2219-09-28T19:30:00Z,599.97,23.984,1275,67.7,68.027,25.797,4.5092
2219-09-28T19:40:00Z,603.45,24,1236,70.3,68.645,25.688,4.5374
2219-09-28T19:50:00Z,598.87,24.008,1176,69.8,71.777,26.148,4.5615
2219-09-28T20:00:00Z,594.78,23.984,1197,68,70.994,25.612,4.5453
2219-09-28T20:10:00Z,596.78,23.984,1170,67.8,72.93,25.937,4.5594
2219-09-28T20:20:00Z,601.19,24.004,1188,68.7,72.518,25.582,4.5404
2219-09-28T20:30:00Z,599.17,23.988,1146,72.3,75.733,26.095,4.5537
2219-09-28T20:40:00Z,604.57,24.004,1209,69.8,72.889,25.886,4.5635
2219-09-28T20:50:00Z,599.65,23.96,1215,69.1,72.23,25.973,4.5776
2219-09-28T21:00:00Z,599.44,23.96,1155,69.5,75.939,25.66,4.4887
2219-09-28T21:10:00Z,593.81,24.012,1251,68.5,70.582,25.769,4.5287
2219-09-28T21:20:00Z,591.11,24.036,1245,68.3,69.592,25.675,4.5503
2219-09-28T21:30:00Z,606.56,23.972,1125,67.8,76.598,26.08,4.5289
2219-09-28T21:40:00Z,594.14,23.996,1116,64.8,79.277,25.5,4.5184
2219-09-28T21:50:00Z,601.31,23.996,1275,63.9,70.664,26.172,4.5327
2219-09-28T22:00:00Z,594.72,24,1212,64.5,72.93,25.714,4.5254
2219-09-28T22:10:00Z,593.35,24.004,1173,64,75.279,26.546,4.5499
2219-09-28T22:20:00Z,596.76,23.976,1143,62.7,78.082,25.713,4.5707
2219-09-28T22:30:00Z,600.71,24.048,1236,64.1,73.26,25.863,4.5633
2219-09-28T22:40:00Z,601.49,24.02,1257,63.4,70.829,26.506,4.5362
2219-09-28T22:50:00Z,601.26,24.004,1257,62.9,69.263,25.968,4.5287
2219-09-28T23:00:00Z,597.38,23.996,1197,61.6,71.818,25.688,4.5496
2219-09-28T23:10:00Z,602.01,24.008,1200,62.7,71.694,25.884,4.5205
2219-09-28T23:20:00Z,601.93,24.004,1170,61.8,73.755,25.659,4.5121
2219-09-28T23:30:00Z,598.46,24.008,1176,61.5,74.167,25.809,4.5802
2219-09-28T23:40:00Z,602.44,23.96,1191,61.7,73.796,25.452,4.5587
2219-09-28T23:50:00Z,603.1,24.008,1215,61.5,72.395,25.72,4.5308
2219-09-29T00:00:00Z,599.26,23.984,1221,61.9,71.571,25.94,4.5517
2219-09-29T00:10:00Z,593.08,24.004,1224,61.2,70.788,24.863,4.5309
2219-09-29T00:20:00Z,596.69,23.988,1194,60.6,72.189,25.91,4.5085
2219-09-29T00:30:00Z,599.3,23.988,1170,60.6,74.002,25.763,4.5424
2219-09-29T00:40:00Z,598.19,24.004,1149,60.1,76.268,25.645,4.5139
2219-09-29T00:50:00Z,601.9,23.988,1206,60.6,73.755,25.928,4.5431
2219-09-29T01:00:00Z,599.08,24.024,1173,62.7,75.856,26.081,4.5303
2219-09-29T01:10:00Z,590.86,24.008,1233,63,72.477,25.764,4.5468
2219-09-29T01:20:00Z,602.13,23.98,1215,62.1,72.807,25.483,4.536
2219-09-29T01:30:00Z,599.45,23.972,1215,63,72.395,25.686,4.545
2219-09-29T01:40:00Z,599.61,23.976,1200,63.4,73.013,26.273,4.5423
2219-09-29T01:50:00Z,602.85,24,1236,63.1,70.54,25.881,4.5327
2219-09-29T02:00:00Z,599.13,23.992,1230,63,69.963,25.975,4.5536
2219-09-29T02:10:00Z,603.93,24.048,1233,63.2,68.933,25.821,4.5773
2219-09-29T02:20:00Z,597.41,23.968,1149,64.6,73.796,26.182,4.5176
2219-09-29T02:30:00Z,609.28,24.004,1188,66.7,71.777,26.11,4.5514
2219-09-29T02:40:00Z,419.78,23.352,1170,68.8,59.286,24.82,3.1786
2219-09-29T02:50:00Z,132.3,21.076,1182,65.7,40.476,20.893,1.2343
2219-09-29T03:00:00Z,21.578,18.556,1089,64.6,36.369,15.871,0.58698
2219-09-29T03:10:00Z,8.3722,17.216,1137,64.1,25.133,11.214,0.50167
2219-09-29T03:20:00Z,5.8026,16.716,1107,63.5,17.935,8.2152,0.52091
2219-09-29T03:30:00Z,-10.029,16.652,954,64.7,20.009,6.0308,0.54495
2219-09-29T03:40:00Z,-0.039574,16.784,843,65.9,23.402,4.5027,0.53035
2219-09-29T03:50:00Z,-3.0094,16.988,867,67.8,20.572,3.2747,0.51189
2219-09-29T04:00:00Z,-2.4942,17.188,813,67,22.44,2.5171,0.5358
2219-09-29T04:10:00Z,6.1601,17.336,813,68.4,22.083,1.4835,0.58075
2219-09-29T04:20:00Z,-2.4813,17.504,807,66.7,22.138,1.2406,0.56069
2219-09-29T04:30:00Z,-0.56996,17.652,768,67.1,24.625,0.3981,0.56004
2219-09-29T04:40:00Z,-8.0275,17.744,822,67.9,21.795,1.3733,0.5677
2219-09-29T04:50:00Z,1.5975,17.812,807,65.9,22.221,-0.097219,0.56607
2219-09-29T05:00:00Z,-0.29552,17.868,825,65.1,20.792,-0.091604,0.53982
2219-09-29T05:10:00Z,1.3981,17.916,879,63.9,16.397,0.41096,0.58097
2219-09-29T05:20:00Z,3.9081,17.896,831,65,17.523,0.43746,0.56281
2219-09-29T05:30:00Z,0.61567,17.924,804,64.6,18.526,0.43534,0.57127
2219-09-29T05:40:00Z,3.1721,17.924,765,65.3,21.094,0.00062467,0.58187
2219-09-29T05:50:00Z,1.8618,17.932,795,65.6,19.995,0.4651,0.54613
2219-09-29T06:00:00Z,0.31086,17.988,840,65.9,17.042,0.77257,0.53994
2219-09-29T06:10:00Z,1.6319,17.996,771,66.7,20.682,-0.21554,0.5156
2219-09-29T06:20:00Z,-2.0279,17.996,762,66.5,22.097,-0.060571,0.52833
2219-09-29T06:30:00Z,-1.4525,18,798,67.8,20.668,0.90538,0.51656
2219-09-29T06:40:00Z,0.066332,17.988,789,65.7,21.342,-0.22202,0.57036
2219-09-29T06:50:00Z,-3.0042,17.992,819,68.2,19.583,0.2152,0.54209
2219-09-29T07:00:00Z,0.94279,17.988,768,67.8,22.564,0.19079,0.57473
2219-09-29T07:10:00Z,0.40552,18.004,843,66.7,18.292,-0.30203,0.55245
2219-09-29T07:20:00Z,-3.0763,18.008,807,67.5,19.583,0.02821,0.57715
2219-09-29T07:30:00Z,-2.4757,18.008,831,67.1,17.743,0.22656,0.57438
2219-09-29T07:40:00Z,-0.94765,18.024,741,68.4,23.072,0.2893,0.56353
2219-09-29T07:50:00Z,-0.74484,17.988,783,69.8,21.809,0.39582,0.53131
2219-09-29T08:00:00Z,-7.5088,18.044,786,72.8,22.07,-0.42812,0.56344
2219-09-29T08:10:00Z,-0.0065727,17.996,855,71.4,17.715,-0.34969,0.5393
2219-09-29T08:20:00Z,-3.2084,17.996,735,70.8,24.446,0.27944,0.55579
2219-09-29T08:30:00Z,-3.0975,18.024,816,70.1,20.668,0.030046,0.57559
2219-09-29T08:40:00Z,-0.91353,18.008,855,70.4,17.55,-0.47705,0.57925
2219-09-29T08:50:00Z,-3.5924,18.008,846,72.6,16.658,0.1038,0.56379
2219-09-29T09:00:00Z,9.5257,18.004,762,73.9,21.163,0.17342,0.57727
2219-09-29T09:10:00Z,-0.71185,18,777,74.3,21.177,0.21067,0.5571
2219-09-29T09:20:00Z,-0.8856,18.004,786,74,21.19,0.71083,0.59239
2219-09-29T09:30:00Z,-6.4563,17.988,792,74.4,21.163,0.020581,0.54927
2219-09-29T09:40:00Z,-2.473,18.028,819,74.5,19.528,-0.015694,0.57562
2219-09-29T09:50:00Z,-1.7224,17.952,810,74.5,19.625,0.18543,0.57983
2219-09-29T10:00:00Z,-0.93884,18.02,813,74.5,19.144,0.084098,0.56328
2219-09-29T10:10:00Z,6.3274,18.016,822,74.4,18.168,0.030135,0.53215
2219-09-29T10:20:00Z,-2.248,18.024,780,74.4,20.449,-0.092297,0.60223
2219-09-29T10:30:00Z,2.1299,18.02,744,73.3,23.471,0.30837,0.57558
2219-09-29T10:40:00Z,0.1097,17.976,813,71.3,20.27,-0.28042,0.53386
2219-09-29T10:50:00Z,-1.9633,17.992,759,71.6,23.622,0.029073,0.52818
2219-09-29T11:00:00Z,3.5135,18,741,70.4,25.984,0.28413,0.55201
2219-09-29T11:10:00Z,-5.3371,17.988,774,69,25.339,-0.60392,0.55049
2219-09-29T11:20:00Z,-6.0052,18.06,813,69.5,23.375,-0.15917,0.54313
2219-09-29T11:30:00Z,4.6892,18.008,855,68.1,21.255,-0.25667,0.60438
2219-09-29T11:40:00Z,195.55,18.708,864,66.8,33.365,1.2465,1.9777
2219-09-29T11:50:00Z,474.33,21.044,840,66.8,51.868,4.4224,3.9106
2219-09-29T12:00:00Z,583.65,23.528,843,67.7,61.552,9.3261,4.5193
2219-09-29T12:10:00Z,602.1,24.828,873,67.5,69.299,13.224,4.5787
2219-09-29T12:20:00Z,604.62,25.34,939,65.8,73.75,16.902,4.5325
2219-09-29T12:30:00Z,600.72,25.356,1005,66.5,76.387,19.442,4.5616
2219-09-29T12:40:00Z,595.68,25.208,1074,65.1,77.005,20.115,4.5459
2219-09-29T12:50:00Z,608.69,25.08,1152,64.2,75.11,22.34,4.5321
2219-09-29T13:00:00Z,599.84,24.816,1173,63.7,74.986,22.991,4.5421
2219-09-29T13:10:00Z,605.01,24.632,1245,64.6,70.783,23.941,4.5491
2219-09-29T13:20:00Z,601.14,24.484,1263,63,68.31,24.529,4.526
2219-09-29T13:30:00Z,602.07,24.368,1167,63.7,73.173,24.79,4.5396
2219-09-29T13:40:00Z,595.92,24.28,1188,63.4,72.637,24.817,4.548
2219-09-29T13:50:00Z,599.67,24.228,1200,65,72.143,25.107,4.5461
2219-09-29T14:00:00Z,602.84,24.148,1179,65.5,73.585,25.237,4.5548
2219-09-29T14:10:00Z,603.28,24.112,1236,65.4,70.247,25.445,4.5319
2219-09-29T14:20:00Z,604.04,24.124,1185,65.1,72.761,25.241,4.5359
2219-09-29T14:30:00Z,597.85,24.052,1227,64.8,70.288,25.873,4.5471
2219-09-29T14:40:00Z,598.5,24.068,1167,65.7,73.668,25.176,4.5582
2219-09-29T14:50:00Z,603.64,24.036,1185,64.7,73.338,26.074,4.5555
2219-09-29T15:00:00Z,596.6,23.996,1242,63.5,69.835,25.644,4.5192
2219-09-29T15:10:00Z,602.32,23.98,1218,63.4,70.33,25.611,4.5333
2219-09-29T15:20:00Z,592.36,24.028,1203,64,70.865,25.475,4.5855
2219-09-29T15:30:00Z,601.63,24.028,1179,64.8,72.431,25.312,4.5143
2219-09-29T15:40:00Z,596.11,23.996,1170,63.8,73.626,25.546,4.5436
2219-09-29T15:50:00Z,606.53,23.98,1209,63.3,71.772,25.735,4.5528
2219-09-29T16:00:00Z,595.93,23.996,1209,62.8,71.525,25.947,4.5529
2219-09-29T16:10:00Z,596.55,24.004,1182,63.3,73.132,25.593,4.4938
2219-09-29T16:20:00Z,596.87,24.012,1158,62.4,75.275,25.699,4.5423
2219-09-29T16:30:00Z,597.14,24.008,1164,60.5,76.016,25.812,4.5495
2219-09-29T16:40:00Z,599.04,24.064,1236,61.9,72.06,26.097,4.5198
2219-09-29T16:50:00Z,590.74,23.968,1146,61,77.253,26.348,4.5689
2219-09-29T17:00:00Z,606.45,24,1260,60.7,70.907,25.992,4.5771
2219-09-29T17:10:00Z,596.52,24.016,1257,62.5,69.464,25.562,4.561
2219-09-29T17:20:00Z,599.42,24.024,1191,63,72.431,25.72,4.5115
2219-09-29T17:30:00Z,602.62,24.004,1215,60.8,71.03,25.892,4.587
2219-09-29T17:40:00Z,599.6,24.004,1260,62.8,67.527,25.883,4.5072
2219-09-29T17:50:00Z,604.82,23.988,1176,65.5,71.648,25.26,4.5476
2219-09-29T18:00:00Z,599.74,24,1146,65,74.368,25.874,4.5302
2219-09-29T18:10:00Z,602.53,24.036,1203,66.4,71.937,25.31,4.5206
2219-09-29T18:20:00Z,597.01,23.988,1209,67.4,71.442,25.879,4.5672
2219-09-29T18:30:00Z,603.24,23.984,1170,67.3,73.874,25.834,4.5344
2219-09-29T18:40:00Z,603.43,24,1134,67.5,77.17,25.739,4.5539
2219-09-29T18:50:00Z,595.64,23.972,1215,66.1,73.42,25.897,4.5188
2219-09-29T19:00:00Z,604.96,23.996,1218,65.5,72.802,25.925,4.5387
2219-09-29T19:10:00Z,604.5,23.964,1164,63.4,76.016,25.689,4.5178
2219-09-29T19:20:00Z,602.61,24.004,1260,63.5,70.412,25.535,4.5802
2219-09-29T19:30:00Z,595.32,23.984,1212,66.5,72.06,26.395,4.5364
2219-09-29T19:40:00Z,594.37,24.04,1221,64.4,71.113,25.533,4.5404
2219-09-29T19:50:00Z,601.4,23.972,1161,64.1,74.657,26.377,4.5445
2219-09-29T20:00:00Z,603.03,24.008,1170,63.3,75.11,26.229,4.5424
2219-09-29T20:10:00Z,606.1,23.952,1191,63.1,74.492,26.333,4.5775
2219-09-29T20:20:00Z,597.18,23.98,1212,62.9,73.297,26.007,4.5419
2219-09-29T20:30:00Z,594.76,24.004,1179,64.5,75.234,26.062,4.5109
2219-09-29T20:40:00Z,600.31,24.012,1206,65.2,73.956,26.192,4.543
2219-09-29T20:50:00Z,596.51,24.024,1224,63.1,72.555,25.785,4.5198
2219-09-29T21:00:00Z,598.14,24,1242,61.7,70.659,26.169,4.5829
2219-09-29T21:10:00Z,603.67,23.964,1203,63,72.184,25.56,4.5587
2219-09-29T21:20:00Z,591.47,23.972,1197,62.5,72.514,26.21,4.5781
2219-09-29T21:30:00Z,598.51,23.98,1221,63.4,70.948,26.043,4.5506
2219-09-29T21:40:00Z,592.06,23.968,1233,63.5,69.547,25.707,4.5683
2219-09-29T21:50:00Z,601.76,23.98,1197,62.2,71.113,25.792,4.5487
2219-09-29T22:00:00Z,605.94,23.992,1152,61.2,74.286,26.065,4.5409
2219-09-29T22:10:00Z,605.7,24.012,1179,63.3,73.75,25.904,4.5232
2219-09-29T22:20:00Z,601.35,24.012,1158,63.4,75.769,25.829,4.5307
2219-09-29T22:30:00Z,602.18,24,1185,64.6,75.069,26.212,4.5538
2219-09-29T22:40:00Z,609.46,24.004,1182,64.8,75.687,25.896,4.5483
2219-09-29T22:50:00Z,602.38,23.968,1182,65.6,76.181,25.634,4.5519
2219-09-29T23:00:00Z,606.17,24.02,1236,65.4,72.967,25.762,4.5546
2219-09-29T23:10:00Z,601.37,23.992,1236,64.4,71.978,26.091,4.5387
2219-09-29T23:20:00Z,595.64,23.976,1227,64.7,71.607,25.357,4.5461
2219-09-29T23:30:00Z,600.66,24.028,1209,64,72.102,25.922,4.556
2219-09-29T23:40:00Z,602.88,24.044,1194,63.4,72.885,25.991,4.5566
2219-09-29T23:50:00Z,601.93,23.968,1212,63.8,71.813,26.305,4.5908
2219-09-30T00:00:00Z,598.67,24.012,1182,63.3,73.544,26.025,4.5289
2219-09-30T00:10:00Z,595.18,24.032,1110,61.7,78.984,25.65,4.5541
2219-09-30T00:20:00Z,593.58,24,1248,63,71.978,25.89,4.5773
2219-09-30T00:30:00Z,599.39,23.992,1200,62.4,73.956,25.603,4.5418
2219-09-30T00:40:00Z,603.6,23.976,1242,62.5,71.071,25.865,4.5453
2219-09-30T00:50:00Z,606,24.008,1212,62.8,71.978,26.378,4.5528
2219-09-30T01:00:00Z,599.44,24.012,1188,60.8,73.297,26.263,4.5289
2219-09-30T01:10:00Z,594.93,24.032,1206,62.6,72.39,26.151,4.5446
2219-09-30T01:20:00Z,598.12,24.008,1218,62.1,71.401,26.225,4.5369
2219-09-30T01:30:00Z,590.78,24.04,1119,59.6,77.706,25.91,4.5735
2219-09-30T01:40:00Z,601.72,24.028,1167,59.9,76.635,25.94,4.5405
2219-09-30T01:50:00Z,604.37,24.024,1215,59.9,74.245,25.752,4.5403
2219-09-30T02:00:00Z,597.88,24,1272,60.8,69.918,26.01,4.5406
2219-09-30T02:10:00Z,605.63,23.996,1206,59.4,72.473,26.228,4.5548
2219-09-30T02:20:00Z,602.77,24.004,1176,62.7,74.368,26.01,4.5555
2219-09-30T02:30:00Z,595.74,24.044,1182,62,74.615,25.865,4.5219
2219-09-30T02:40:00Z,599.53,23.996,1197,63.7,74.08,25.199,4.5431
2219-09-30T02:50:00Z,609.02,23.996,1239,63.1,71.277,26.362,4.5276
2219-09-30T03:00:00Z,593.06,24.016,1221,62.8,71.442,25.725,4.5646
2219-09-30T03:10:00Z,588.46,24.024,1167,60.3,74.574,25.769,4.5106
2219-09-30T03:20:00Z,595.21,24.016,1164,60.4,75.687,25.479,4.529
2219-09-30T03:30:00Z,599.53,24.004,1230,57,72.143,26.231,4.574
2219-09-30T03:40:00Z,604.49,24.012,1200,59.3,73.379,26.024,4.5263
2219-09-30T03:50:00Z,598.17,23.984,1161,57.5,74.936,25.593,4.4969
2219-09-30T04:00:00Z,410.95,23.288,1221,58.5,57.647,24.519,3.1351
2219-09-30T04:10:00Z,118.17,20.98,1167,57.7,42.166,21.16,1.1968
2219-09-30T04:20:00Z,16.561,18.472,1164,58.7,32.289,15.836,0.52768
2219-09-30T04:30:00Z,1.9197,17.144,1137,58,24.144,11.912,0.50981
2219-09-30T04:40:00Z,1.731,16.732,1047,58.5,21.067,8.3034,0.56669
2219-09-30T04:50:00Z,-3.0553,16.66,969,60.4,19.638,5.4149,0.53443
2219-09-30T05:00:00Z,-2.2342,16.788,954,60.8,16.026,4.5274,0.50906
2219-09-30T05:10:00Z,5.4728,16.988,816,60,21.273,2.8262,0.59208
2219-09-30T05:20:00Z,-5.164,17.212,777,61.2,23.512,1.8296,0.57769
2219-09-30T05:30:00Z,-4.5365,17.368,783,60.8,23.732,1.643,0.55021
2219-09-30T05:40:00Z,4.6966,17.516,807,63.2,22.55,1.268,0.58205
2219-09-30T05:50:00Z,0.80947,17.636,849,61,19.473,0.62102,0.55705
2219-09-30T06:00:00Z,-1.5223,17.728,822,60.8,19.982,0.63941,0.57999
2219-09-30T06:10:00Z,-0.91732,17.82,834,58.9,18.553,0.44357,0.56028
2219-09-30T06:20:00Z,-8.8209,17.896,783,58.8,21.122,0.40081,0.52135
2219-09-30T06:30:00Z,-1.0598,17.892,795,60.2,20.765,-0.041086,0.5325
2219-09-30T06:40:00Z,3.8407,17.888,834,63.1,18.223,-0.62638,0.56861
2219-09-30T06:50:00Z,-5.1778,17.92,828,63.8,17.701,0.3752,0.5762
2219-09-30T07:00:00Z,-7.0196,17.964,759,64.5,21.671,0.28807,0.57026
2219-09-30T07:10:00Z,-1.9408,17.96,771,64.7,21.973,0.07146,0.54987
2219-09-30T07:20:00Z,1.2843,17.98,837,64.4,18.237,-0.098904,0.54913
2219-09-30T07:30:00Z,-6.1481,17.996,765,64.2,22.166,-0.7545,0.52794
2219-09-30T07:40:00Z,4.4463,17.956,843,66.5,17.77,-0.032328,0.54935
2219-09-30T07:50:00Z,-1.818,18.028,807,66.9,19.061,0.14485,0.55916
2219-09-30T08:00:00Z,0.4338,18,747,67.2,22.99,0.15694,0.53217
2219-09-30T08:10:00Z,9.8089,18.004,801,65.4,20.737,0.21631,0.59272
2219-09-30T08:20:00Z,-0.75452,17.976,801,66.6,20.71,-0.057728,0.52948
2219-09-30T08:30:00Z,-4.8474,18,819,66.2,19.446,-0.088405,0.5393
2219-09-30T08:40:00Z,-0.18106,17.988,777,67.6,21.809,0.060056,0.53293
2219-09-30T08:50:00Z,-2.9645,18.044,852,66,17.289,0.080806,0.5521
2219-09-30T09:00:00Z,-2.3427,17.98,783,64.5,20.6,-0.56232,0.55803
2219-09-30T09:10:00Z,1.4287,17.992,831,63.8,17.77,-0.046074,0.53997
2219-09-30T09:20:00Z,1.0319,18.008,786,63.8,20.009,0.43784,0.54557
2219-09-30T09:30:00Z,-7.3812,18.012,813,65.1,18.539,0.74934,0.52998
2219-09-30T09:40:00Z,-4.3618,18.004,720,65.5,24.57,0.62832,0.53338
2219-09-30T09:50:00Z,-0.77145,17.98,777,68.3,22.853,0.19303,0.5578
2219-09-30T10:00:00Z,-1.7981,18.004,792,70.5,22.454,-0.21863,0.56976
2219-09-30T10:10:00Z,-3.2184,17.964,825,67.5,20.408,0.25867,0.5482
2219-09-30T10:20:00Z,-1.0412,17.984,783,67,22.605,-0.36442,0.52091
2219-09-30T10:30:00Z,-6.3115,18.02,810,66.1,21.218,-0.37714,0.53146
2219-09-30T10:40:00Z,1.348,17.988,789,66.7,22.386,-0.2909,0.54799
2219-09-30T10:50:00Z,-3.6792,18.036,759,64,24.748,0.021552,0.58083
2219-09-30T11:00:00Z,-0.3847,17.988,855,64.4,19.281,-0.12464,0.51961
2219-09-30T11:10:00Z,-0.078153,17.984,798,65.1,21.685,0.35492,0.56453
2219-09-30T11:20:00Z,1.1785,17.988,819,65.6,20.298,-0.1196,0.53049
2219-09-30T11:30:00Z,8.9973,18.032,852,63.5,17.509,-0.41428,0.53896
2219-09-30T11:40:00Z,0.49329,17.984,783,63.8,20.82,0.062924,0.55577
2219-09-30T11:50:00Z,-1.8926,17.988,837,63.9,17.578,-0.31519,0.5551
2219-09-30T12:00:00Z,-1.4467,18.012,786,62.8,20.064,-0.4255,0.58254
2219-09-30T12:10:00Z,-4.4714,18.028,783,62.6,20.655,0.2434,0.51738
2219-09-30T12:20:00Z,-0.46986,18.012,798,63.6,20.092,0.15812,0.55028
2219-09-30T12:30:00Z,-5.654,17.992,777,62.8,21.589,0.43487,0.53358
2219-09-30T12:40:00Z,-2.9291,17.988,711,64.4,26.754,0.46336,0.55685
2219-09-30T12:50:00Z,12.833,18.032,765,64,27.193,0.20244,0.59897
2219-09-30T13:00:00Z,207.03,18.78,843,64.9,37.312,1.2278,2.0599
2219-09-30T13:10:00Z,483.58,21.184,804,66.2,57.115,5.0999,4.0138
2219-09-30T13:20:00Z,585.64,23.596,873,66.3,63.255,9.7207,4.5389
2219-09-30T13:30:00Z,598.48,24.828,939,66.9,67.706,13.6,4.5619
2219-09-30T13:40:00Z,603.24,25.332,975,69.5,72.404,16.916,4.564
2219-09-30T13:50:00Z,597.9,25.352,1029,67.2,74.876,19.238,4.5791
2219-09-30T14:00:00Z,598.55,25.172,1104,64.9,74.423,21.254,4.5389
2219-09-30T14:10:00Z,595.63,24.996,1119,62.5,76.03,22.555,4.537
2219-09-30T14:20:00Z,603.88,24.828,1125,64.6,77.843,22.684,4.5708
2219-09-30T14:30:00Z,608.11,24.608,1215,67,73.723,23.653,4.5363
2219-09-30T14:40:00Z,592.63,24.492,1191,66.4,74.959,25.156,4.5783
2219-09-30T14:50:00Z,606.1,24.344,1218,67.8,73.352,25.33,4.5392
2219-09-30T15:00:00Z,599.54,24.288,1218,66.9,72.857,25.692,4.5326
2219-09-30T15:10:00Z,603.16,24.156,1197,67,73.805,25.52,4.5448
2219-09-30T15:20:00Z,597.81,24.148,1200,66.8,73.681,25.527,4.5721
2219-09-30T15:30:00Z,602.28,24.096,1245,68.1,70.591,25.454,4.5172
2219-09-30T15:40:00Z,602.17,24.056,1200,67.4,72.445,25.771,4.5775
2219-09-30T15:50:00Z,600.2,24.064,1170,69.6,74.505,26.167,4.5338
2219-09-30T16:00:00Z,592.18,24.04,1221,70,71.827,26.098,4.5267
2219-09-30T16:10:00Z,605.7,24.036,1233,67.5,70.426,25.671,4.5608
2219-09-30T16:20:00Z,598.32,24.028,1227,66.8,69.931,25.913,4.5582
2219-09-30T16:30:00Z,604.37,24.02,1164,65.3,73.516,25.895,4.5473
2219-09-30T16:40:00Z,603.6,24.008,1188,65.9,72.857,25.6,4.5992
2219-09-30T16:50:00Z,603.3,24.012,1248,67.6,69.066,25.692,4.5424
2219-09-30T17:00:00Z,596.1,23.98,1200,66.7,71.044,25.657,4.5377
2219-09-30T17:10:00Z,602.97,24.032,1146,65.4,74.753,25.955,4.527
2219-09-30T17:20:00Z,602.28,24.024,1191,65.2,73.146,25.354,4.5454
2219-09-30T17:30:00Z,600.6,24.048,1191,66.2,73.393,26.188,4.5387
2219-09-30T17:40:00Z,594.52,24.008,1230,66.7,70.962,26.032,4.5498
2219-09-30T17:50:00Z,598.66,24.032,1194,69,72.61,26.138,4.5401
2219-09-30T18:00:00Z,602.66,23.992,1197,65,72.569,25.814,4.5472
2219-09-30T18:10:00Z,604.72,24.02,1242,63.4,69.56,26.462,4.5247
2219-09-30T18:20:00Z,604.19,24.032,1197,62.8,71.497,25.767,4.5832
2219-09-30T18:30:00Z,593.58,24.016,1215,61.6,70.343,25.588,4.5592
2219-09-30T18:40:00Z,599.93,23.968,1104,63.6,77.555,25.826,4.5344
2219-09-30T18:50:00Z,601.66,23.996,1221,63.5,72.157,25.647,4.5139
2219-09-30T19:00:00Z,602.27,23.984,1239,66.3,70.343,25.644,4.5384
2219-09-30T19:10:00Z,602.55,23.988,1236,63.6,69.478,26.008,4.5494
2219-09-30T19:20:00Z,600.88,24.032,1185,62.7,71.992,25.905,4.5313
2219-09-30T19:30:00Z,603.86,24.028,1188,63.8,72.198,25.801,4.5616
2219-09-30T19:40:00Z,605.8,24.032,1161,64.7,74.382,26.218,4.4993
2219-09-30T19:50:00Z,599.1,23.996,1131,66.9,77.514,25.596,4.5539
2219-09-30T20:00:00Z,600.63,24.032,1170,66.9,76.731,25.502,4.5819
2219-09-30T20:10:00Z,606.27,23.992,1254,67.3,71.786,25.95,4.5357
2219-09-30T20:20:00Z,604.12,24.004,1248,67,70.714,25.677,4.5401
2219-09-30T20:30:00Z,604.95,24.016,1185,64.9,73.723,26.219,4.5147
2219-09-30T20:40:00Z,593.88,23.996,1254,64.1,69.396,25.918,4.5566
2219-09-30T20:50:00Z,599.69,24.036,1278,63.9,66.264,25.159,4.5315
2219-09-30T21:00:00Z,594.41,23.952,1128,64.8,74.423,25.677,4.5525
2219-09-30T21:10:00Z,599.37,24.02,1164,65.3,73.929,25.829,4.5243
2219-09-30T21:20:00Z,595.02,24.028,1212,64.4,71.621,25.901,4.5109
2219-09-30T21:30:00Z,598.46,23.98,1179,62.8,73.558,25.633,4.5389
2219-09-30T21:40:00Z,600.18,23.988,1191,60.8,73.31,26.379,4.5673
2219-09-30T21:50:00Z,599.21,23.996,1209,59.7,72.321,25.612,4.5561
2219-09-30T22:00:00Z,595.97,23.976,1161,61.6,75.371,25.806,4.5548
2219-09-30T22:10:00Z,599.39,23.984,1191,61.5,74.382,25.605,4.5791
2219-09-30T22:20:00Z,597.27,23.996,1245,62.1,70.92,26.126,4.5489
2219-09-30T22:30:00Z,607.72,23.984,1197,62.7,72.981,25.925,4.556
2219-09-30T22:40:00Z,598.81,23.992,1185,63.4,73.887,26.114,4.5388
2219-09-30T22:50:00Z,600.37,23.992,1173,64.4,75.124,26.036,4.5588
2219-09-30T23:00:00Z,595.66,23.988,1233,67.9,71.745,26.044,4.5446
2219-09-30T23:10:00Z,601.63,23.972,1167,67.6,75.371,25.888,4.5695
2219-09-30T23:20:00Z,602.12,23.98,1224,67.1,72.363,26.054,4.5703
2219-09-30T23:30:00Z,595.63,23.956,1230,68.2,71.291,26.175,4.5333
2219-09-30T23:40:00Z,600.59,24.06,1233,67.8,70.261,26.096,4.5569
2219-09-30T23:50:00Z,605.52,24.008,1221,65.7,70.179,25.811,4.5758
2219-10-01T00:00:00Z,603.77,24.052,1209,68,70.426,25.876,4.5262
2219-10-01T00:10:00Z,598.65,24.032,1203,66.1,70.591,25.654,4.541
2219-10-01T00:20:00Z,602.3,24,1140,65.5,74.835,25.5,4.5186
2219-10-01T00:30:00Z,605.6,24.04,1191,65.9,72.981,25.644,4.5707
2219-10-01T00:40:00Z,595.33,24,1209,67.5,71.992,25.558,4.5437
2219-10-01T00:50:00Z,603.79,23.964,1197,65.9,72.569,26.169,4.5445
2219-10-01T01:00:00Z,591.05,24.004,1197,67.2,72.651,26.547,4.5389
2219-10-01T01:10:00Z,601.82,23.984,1185,68.3,73.558,26.24,4.5406
2219-10-01T01:20:00Z,599.05,24.008,1242,68.9,70.055,25.785,4.5727
2219-10-01T01:30:00Z,601.13,24.008,1233,69,69.519,25.807,4.565
2219-10-01T01:40:00Z,598.85,24.024,1242,70.3,67.995,25.768,4.5265
2219-10-01T01:50:00Z,590.9,24.004,1107,71.2,76.113,25.453,4.5462
2219-10-01T02:00:00Z,599.26,23.984,1131,72.5,77.019,25.731,4.5461
2219-10-01T02:10:00Z,599.24,24.02,1197,69.6,74.382,25.935,4.5251
2219-10-01T02:20:00Z,594.77,23.98,1227,68.7,72.404,25.891,4.5295
2219-10-01T02:30:00Z,602.04,24.004,1239,67.1,70.838,26.317,4.5794
2219-10-01T02:40:00Z,601.4,24.02,1227,69.7,70.591,25.619,4.5525
2219-10-01T02:50:00Z,605.11,23.996,1140,69.7,75.824,25.806,4.5602
2219-10-01T03:00:00Z,592.35,23.984,1239,66.8,70.673,25.918,4.5357
2219-10-01T03:10:00Z,595.09,24,1191,65.9,72.898,25.896,4.5654
2219-10-01T03:20:00Z,598.07,23.98,1203,65.1,72.321,26.397,4.505
2219-10-01T03:30:00Z,603.84,24.024,1155,65.2,75.536,25.784,4.5127
2219-10-01T03:40:00Z,598.02,23.984,1236,62.4,71.209,25.787,4.5321
2219-10-01T03:50:00Z,599.2,24,1185,62.1,73.723,25.287,4.5076
2219-10-01T04:00:00Z,602,23.992,1191,60.5,73.723,26.118,4.5177
2219-10-01T04:10:00Z,603.41,23.984,1245,61.8,70.261,25.701,4.5321
2219-10-01T04:20:00Z,591.28,24.032,1212,61.6,71.291,26.189,4.5186
2219-10-01T04:30:00Z,605.13,23.996,1194,60.5,72.198,25.868,4.5318
2219-10-01T04:40:00Z,596.52,24.008,1203,57.7,71.745,25.892,4.5137
2219-10-01T04:50:00Z,593.36,23.976,1191,57.3,72.486,25.335,4.5816
2219-10-01T05:00:00Z,593.37,23.984,1176,61.2,73.764,25.688,4.5319
2219-10-01T05:10:00Z,597.74,24.008,1221,60.7,69.629,25.576,4.5264
2219-10-01T05:20:00Z,392.58,23.228,1215,62.9,54.95,24.606,3.0606
2219-10-01T05:30:00Z,112.23,20.804,1209,63.8,36.644,20.599,1.0994
2219-10-01T05:40:00Z,19.933,18.352,1197,63.4,26.232,15.612,0.55903
2219-10-01T05:50:00Z,2.5744,17.184,1068,64.6,24.185,11.043,0.4928
2219-10-01T06:00:00Z,-2.9259,16.708,987,63.9,22.386,7.8169,0.51748
2219-10-01T06:10:00Z,-4.0808,16.68,951,64.8,19.721,5.9489,0.52598
2219-10-01T06:20:00Z,2.7431,16.792,903,65.1,18.869,4.1351,0.53399
2219-10-01T06:30:00Z,4.169,17.016,864,65,18.718,2.5748,0.54855
2219-10-01T06:40:00Z,-2.1327,17.184,888,66.3,15.311,2.1544,0.51655
2219-10-01T06:50:00Z,0.51761,17.372,774,66.9,20.723,1.6593,0.52354
2219-10-01T07:00:00Z,0.88821,17.52,786,66.6,20.614,1.0892,0.56917
2219-10-01T07:10:00Z,-0.48811,17.62,792,65.6,20.586,0.53531,0.53941
2219-10-01T07:20:00Z,5.127,17.732,735,69.3,24.721,0.73603,0.54064
2219-10-01T07:30:00Z,-2.2124,17.78,843,69.6,19.089,0.5685,0.59363
2219-10-01T07:40:00Z,-2.1393,17.864,819,66.9,19.556,-0.24021,0.56438
2219-10-01T07:50:00Z,1.5917,17.9,768,67.7,22.537,0.092203,0.53811
2219-10-01T08:00:00Z,2.3272,17.928,825,67.4,19.501,0.63767,0.54803
2219-10-01T08:10:00Z,4.4346,17.936,813,69.1,19.638,0.20246,0.55505
2219-10-01T08:20:00Z,-2.4268,17.964,849,71.3,16.809,0.25692,0.57087
2219-10-01T08:30:00Z,1.2263,18.012,762,70.7,21.438,0.5091,0.54912
2219-10-01T08:40:00Z,1.126,17.98,813,69.4,18.979,0.45223,0.55045
2219-10-01T08:50:00Z,-3.4181,17.976,732,70,24.185,0.1184,0.5632
2219-10-01T09:00:00Z,3.2591,17.984,780,69.8,22.756,-0.14063,0.57342
2219-10-01T09:10:00Z,-4.2132,18.028,804,68.6,21.658,0.2635,0.57505
2219-10-01T09:20:00Z,-2.2248,17.98,819,67.4,20.517,-0.27207,0.54316
2219-10-01T09:30:00Z,-4.8328,18.028,801,65.7,21.232,-0.28654,0.55988
2219-10-01T09:40:00Z,-3.8164,17.98,798,66.1,21.41,-0.44583,0.51739
2219-10-01T09:50:00Z,5.5155,18.012,828,63.2,19.405,0.11169,0.54718
2219-10-01T10:00:00Z,5.0526,18.012,786,65.2,21.52,0.059736,0.54791
2219-10-01T10:10:00Z,3.1271,18.032,792,64.3,21.493,0.3617,0.52062
2219-10-01T10:20:00Z,3.8444,18.004,744,64.4,25.009,-0.29169,0.52859
2219-10-01T10:30:00Z,-2.8657,17.98,771,67.2,24.693,0.079318,0.55355
2219-10-01T10:40:00Z,3.8265,18.008,804,66.7,23.223,-0.013721,0.52145
2219-10-01T10:50:00Z,6.6393,17.996,870,66.5,18.581,-0.62982,0.54772
2219-10-01T11:00:00Z,-3.2111,18.012,837,66.8,18.924,-0.3643,0.56153
2219-10-01T11:10:00Z,6.755,17.984,807,68.9,19.968,0.32599,0.60113
2219-10-01T11:20:00Z,-7.6161,17.944,828,67.3,18.333,-0.44212,0.55112
2219-10-01T11:30:00Z,1.6393,18.004,762,67.2,22.097,0.65511,0.54702
2219-10-01T11:40:00Z,-0.17839,17.992,828,68.2,18.608,0.10046,0.54412
2219-10-01T11:50:00Z,-1.9765,18,852,69.1,16.19,0.5462,0.55789
2219-10-01T12:00:00Z,3.3267,18.016,798,67.2,18.471,0.12079,0.56328
2219-10-01T12:10:00Z,2.4606,17.988,786,68,19.35,-0.61899,0.53922
2219-10-01T12:20:00Z,8.8071,17.968,777,67,20.353,0.34921,0.55507
2219-10-01T12:30:00Z,0.35114,17.996,756,66.6,22.427,-0.33594,0.51627
2219-10-01T12:40:00Z,-0.51964,18.012,810,66.1,19.927,-0.0061474,0.55111
2219-10-01T12:50:00Z,0.33491,17.976,807,65,19.858,0.21711,0.54111
2219-10-01T13:00:00Z,0.11603,17.964,774,65.6,21.932,-0.26331,0.52012
2219-10-01T13:10:00Z,-1.4684,18,831,65.3,18.732,-0.2071,0.5436
2219-10-01T13:20:00Z,-4.2927,18.012,864,64.2,15.614,0.25,0.5741
2219-10-01T13:30:00Z,0.94562,18.016,780,64.7,19.625,0.32787,0.50927
2219-10-01T13:40:00Z,0.36789,17.992,786,64.9,19.762,-0.01617,0.53768
2219-10-01T13:50:00Z,2.5437,18.032,810,65.1,18.498,-0.14873,0.54106
2219-10-01T14:00:00Z,1.4386,18.016,795,64.5,19.254,0.20516,0.5433
2219-10-01T14:10:00Z,11.811,18.004,756,64.5,24.168,0.35565,0.617
2219-10-01T14:20:00Z,216.62,18.864,765,67.2,39.457,0.88095,2.1502
2219-10-01T14:30:00Z,493.43,21.272,792,67.9,56.658,4.621,4.0731
2219-10-01T14:40:00Z,590.87,23.712,876,67.5,62.097,9.9305,4.5232
2219-10-01T14:50:00Z,601.83,24.876,852,68.4,72.647,14.039,4.561
2219-10-01T15:00:00Z,595.3,25.296,987,69,72.935,16.55,4.5699
2219-10-01T15:10:00Z,593.4,25.348,1023,68,76.314,19.171,4.5434
2219-10-01T15:20:00Z,596.65,25.22,1134,66.4,73.553,20.768,4.5119
2219-10-01T15:30:00Z,600.59,24.992,1143,65.4,74.748,21.974,4.5479
2219-10-01T15:40:00Z,600.92,24.808,1224,65.5,70.751,23.756,4.5095
2219-10-01T15:50:00Z,597.02,24.624,1170,66.7,73.8,24.192,4.5597
2219-10-01T16:00:00Z,603.06,24.492,1125,68.3,77.715,24.226,4.5774
2219-10-01T16:10:00Z,602.88,24.348,1245,70.7,71.534,25.723,4.5221
2219-10-01T16:20:00Z,597.5,24.216,1230,69.3,71.328,24.855,4.5664
2219-10-01T16:30:00Z,602.24,24.152,1200,69.8,72.564,24.948,4.5143
2219-10-01T16:40:00Z,602.76,24.156,1245,72.2,69.473,25.405,4.5337
2219-10-01T16:50:00Z,602.46,24.12,1245,72.6,68.237,25.929,4.5463
2219-10-01T17:00:00Z,593.11,24.1,1200,74.4,70.092,25.673,4.5565
2219-10-01T17:10:00Z,596.48,24.052,1161,74.6,72.77,26.275,4.5483
2219-10-01T17:20:00Z,599.38,24.048,1161,73.8,73.842,25.772,4.5286
2219-10-01T17:30:00Z,601.04,24.004,1188,73.3,73.059,25.674,4.5294
2219-10-01T17:40:00Z,603.15,24.052,1185,73.3,73.594,25.408,4.5471
2219-10-01T17:50:00Z,602.27,24.076,1188,73.2,73.8,25.46,4.534
2219-10-01T18:00:00Z,607.86,24,1260,72.1,69.185,25.839,4.5415
2219-10-01T18:10:00Z,593.2,24.004,1245,72.2,68.567,25.846,4.5783
2219-10-01T18:20:00Z,593.5,24.028,1182,71.6,71.658,25.967,4.5346
2219-10-01T18:30:00Z,603.53,24.016,1146,70.7,74.625,25.89,4.5283
2219-10-01T18:40:00Z,595.23,24.012,1176,71.7,74.048,25.64,4.5335
2219-10-01T18:50:00Z,598.64,24.028,1185,74,74.089,26.208,4.5622
2219-10-01T19:00:00Z,600.28,24.008,1230,71.4,71.41,25.739,4.5587
2219-10-01T19:10:00Z,599.17,24.02,1203,71.2,72.44,25.871,4.5474
2219-10-01T19:20:00Z,596.93,24,1224,71,70.916,25.897,4.5356
2219-10-01T19:30:00Z,596.53,23.98,1227,71.4,70.05,25.788,4.5756
2219-10-01T19:40:00Z,602.84,24.004,1137,70.9,75.49,25.708,4.5089
2219-10-01T19:50:00Z,606.4,23.968,1188,69.6,73.718,25.618,4.5519
2219-10-01T20:00:00Z,604.37,24.008,1221,69.5,71.781,25.546,4.5423
2219-10-01T20:10:00Z,601.31,23.98,1257,74,68.732,26.128,4.5614
2219-10-01T20:20:00Z,604.56,23.964,1176,73.3,72.729,25.717,4.5249
2219-10-01T20:30:00Z,601.22,23.984,1185,74.4,72.77,25.949,4.5617
2219-10-01T20:40:00Z,605.85,24.012,1203,75.9,71.946,25.479,4.5858
2219-10-01T20:50:00Z,596.98,24,1188,76.2,72.894,25.749,4.5452
2219-10-01T21:00:00Z,607.37,23.96,1155,74.2,75.49,25.547,4.5501
2219-10-01T21:10:00Z,598.88,23.976,1170,72.6,75.696,25.848,4.5416
2219-10-01T21:20:00Z,600.9,24.044,1191,72,75.078,25.663,4.558
2219-10-01T21:30:00Z,597.94,23.972,1194,71.4,75.119,26.44,4.563
2219-10-01T21:40:00Z,604.11,23.996,1242,71.5,71.987,26.288,4.5278
2219-10-01T21:50:00Z,596.88,24,1218,71,72.482,25.68,4.5518
2219-10-01T22:00:00Z,605.99,23.98,1224,69.1,71.575,25.757,4.5236
2219-10-01T22:10:00Z,597.97,23.988,1215,68.1,71.534,25.858,4.5652
2219-10-01T22:20:00Z,596.33,23.976,1164,68.9,74.625,26.034,4.5248
2219-10-01T22:30:00Z,598.61,24.016,1170,68.4,75.201,26.245,4.5383
2219-10-01T22:40:00Z,595.22,24.016,1224,69,72.317,26.055,4.5595
2219-10-01T22:50:00Z,593.2,24.032,1179,71,74.748,26.032,4.5642
2219-10-01T23:00:00Z,600.03,24.012,1206,69.4,73.471,25.845,4.5333
2219-10-01T23:10:00Z,599.79,23.992,1209,70.9,73.1,24.967,4.5464
2219-10-01T23:20:00Z,602.72,24,1188,70,74.295,26.076,4.5416
2219-10-01T23:30:00Z,602.84,23.968,1197,70.3,74.006,26.122,4.5731
2219-10-01T23:40:00Z,596.53,24.004,1182,70.8,75.119,26.116,4.5372
2219-10-01T23:50:00Z,595.32,23.964,1242,72.8,71.493,26.002,4.52
2219-10-02T00:00:00Z,594.93,23.972,1245,70.4,70.133,26.182,4.5094
2219-10-02T00:10:00Z,591.61,23.988,1266,74.1,67.454,25.165,4.5205
2219-10-02T00:20:00Z,601.79,24,1227,74.7,68.32,25.749,4.5278
2219-10-02T00:30:00Z,600.35,24.028,1209,75.4,68.814,25.486,4.5597
2219-10-02T00:40:00Z,609.48,23.984,1152,75.4,72.482,25.617,4.5264
2219-10-02T00:50:00Z,596.01,24.008,1164,76.5,72.976,26.304,4.5598
2219-10-02T01:00:00Z,601.82,23.988,1134,75.7,76.026,25.943,4.5558
2219-10-02T01:10:00Z,598.7,23.988,1170,73.6,75.366,25.867,4.545
2219-10-02T01:20:00Z,604.61,24.012,1251,74.5,70.627,25.992,4.5649
2219-10-02T01:30:00Z,607.29,23.992,1161,76.3,75.408,25.867,4.4951
2219-10-02T01:40:00Z,600.79,23.992,1185,75.8,74.831,25.214,4.5246
2219-10-02T01:50:00Z,602.81,23.98,1203,74.4,74.006,25.974,4.5469
2219-10-02T02:00:00Z,602.18,23.972,1230,75.1,72.07,25.769,4.558
2219-10-02T02:10:00Z,595.13,24.008,1185,73.8,74.336,25.751,4.5056
2219-10-02T02:20:00Z,601.68,24.024,1194,73.6,74.13,25.858,4.5555
2219-10-02T02:30:00Z,592.17,23.98,1215,71.5,72.853,26.196,4.5396
2219-10-02T02:40:00Z,594.14,24,1257,69.4,69.556,25.564,4.5325
2219-10-02T02:50:00Z,596.9,24.004,1215,68.2,70.875,25.93,4.5209
2219-10-02T03:00:00Z,601.33,24.024,1116,70.3,77.262,25.829,4.5472
2219-10-02T03:10:00Z,598.27,24.008,1239,70,71.122,25.791,4.5588
2219-10-02T03:20:00Z,606.79,24.02,1218,71.9,71.493,25.947,4.5571
2219-10-02T03:30:00Z,604.23,23.984,1263,71.6,67.908,25.514,4.557
2219-10-02T03:40:00Z,595.99,23.96,1206,70.8,70.092,25.803,4.5155
2219-10-02T03:50:00Z,597.63,23.992,1176,70.1,71.987,25.943,4.5324
2219-10-02T04:00:00Z,605.54,23.972,1170,69,73.059,25.517,4.5544
2219-10-02T04:10:00Z,600.7,23.98,1194,69.8,72.234,25.726,4.551
2219-10-02T04:20:00Z,601.82,23.968,1206,71.2,71.575,25.64,4.5572
2219-10-02T04:30:00Z,604.74,24.032,1185,71.4,72.853,25.54,4.5318
2219-10-02T04:40:00Z,596.35,24,1191,71,72.853,25.714,4.5381
2219-10-02T04:50:00Z,605.89,24.004,1191,70.4,73.1,26.05,4.5623
2219-10-02T05:00:00Z,591.29,23.972,1164,72.2,75.201,26.244,4.5173
2219-10-02T05:10:00Z,601.3,24.004,1185,71.7,74.748,25.648,4.5301
2219-10-02T05:20:00Z,596.21,23.996,1224,71.3,72.482,26.153,4.5639
2219-10-02T05:30:00Z,601.9,23.988,1224,71.2,71.822,25.547,4.5108
2219-10-02T05:40:00Z,602.41,23.984,1227,70.9,70.957,25.803,4.5494
2219-10-02T05:50:00Z,592.37,24.024,1185,68.5,73.1,26.25,4.5485
2219-10-02T06:00:00Z,599.55,24.008,1188,68.2,73.306,26.024,4.5451
2219-10-02T06:10:00Z,599.31,23.984,1233,67.1,70.545,25.438,4.5652
2219-10-02T06:20:00Z,604.78,23.996,1197,68.4,72.111,26.088,4.5687
2219-10-02T06:30:00Z,594.38,24.012,1200,67.6,69.889,25.759,4.4509
2219-10-02T06:40:00Z,383.98,23.16,1179,68.4,56.633,24.384,2.9776
2219-10-02T06:50:00Z,103.51,20.724,1194,70,38.086,20.417,1.0525
2219-10-02T07:00:00Z,19.366,18.368,1194,70,27.262,15.079,0.50842
2219-10-02T07:10:00Z,4.6332,17.144,1125,69.5,21.177,10.813,0.49115
2219-10-02T07:20:00Z,2.6132,16.72,972,68.4,22.756,7.8836,0.54056
2219-10-02T07:30:00Z,0.57948,16.656,939,67.1,20.298,5.546,0.53144
2219-10-02T07:40:00Z,-3.2501,16.776,903,66.8,18.951,4.1054,0.51835
2219-10-02T07:50:00Z,-4.7782,17.012,813,66.7,22.303,2.8622,0.52545
2219-10-02T08:00:00Z,1.8163,17.224,858,65.6,18.855,1.8749,0.54733
2219-10-02T08:10:00Z,0.87898,17.392,816,66.8,20.147,1.461,0.54721
2219-10-02T08:20:00Z,5.2987,17.472,798,68.1,20.943,1.2732,0.53775
2219-10-02T08:30:00Z,1.0866,17.664,756,67.4,23.883,0.9818,0.56797
2219-10-02T08:40:00Z,-1.2553,17.74,750,68.4,25.504,0.67979,0.54792
2219-10-02T08:50:00Z,-1.0124,17.832,810,70.8,22.756,0.28817,0.53712
2219-10-02T09:00:00Z,4.6801,17.88,903,69.8,16.094,0.22563,0.52424
2219-10-02T09:10:00Z,-4.0864,17.896,810,68.2,19.652,0.12069,0.58261
2219-10-02T09:20:00Z,-6.5082,17.888,813,68.1,19.171,0.25887,0.58023
2219-10-02T09:30:00Z,2.3444,17.928,837,66.4,17.166,-0.093156,0.54274
2219-10-02T09:40:00Z,-7.6876,17.988,780,68.2,20.064,0.45342,0.55407
2219-10-02T09:50:00Z,-1.7992,17.98,765,69.1,21.644,0.090202,0.53945
2219-10-02T10:00:00Z,2.8706,17.992,825,68,18.484,0.40859,0.52973
2219-10-02T10:10:00Z,1.2983,18,810,66.7,18.828,0.15147,0.52234
2219-10-02T10:20:00Z,-7.0255,17.98,798,67,19.377,0.19653,0.51545
2219-10-02T10:30:00Z,2.4087,17.972,837,65.1,16.754,-0.51474,0.57874
2219-10-02T10:40:00Z,-1.9367,18.008,750,63.8,21.712,0.12025,0.56789
2219-10-02T10:50:00Z,-8.8957,17.984,789,66.3,20.408,0.32811,0.58712
2219-10-02T11:00:00Z,3.0216,18.02,771,66.3,21.946,-0.09217,0.56458
2219-10-02T11:10:00Z,0.014898,18.028,831,66.1,18.622,-0.32265,0.52556
2219-10-02T11:20:00Z,-1.4631,17.98,795,67.6,20.243,0.16406,0.55022
2219-10-02T11:30:00Z,-6.7693,17.996,816,68.6,18.938,-0.14233,0.57286
2219-10-02T11:40:00Z,2.296,18.032,777,67.2,21.177,-0.23818,0.50887
2219-10-02T11:50:00Z,-0.78102,17.976,828,67.4,18.306,0.31393,0.55558
2219-10-02T12:00:00Z,-2.6588,18.044,768,68,21.658,-0.090161,0.59586
2219-10-02T12:10:00Z,-2.8363,17.98,840,67.7,17.592,0.0097551,0.55475
2219-10-02T12:20:00Z,-0.020372,18.016,798,67.3,19.377,-0.14064,0.5423
2219-10-02T12:30:00Z,-6.5547,18,771,66.6,21.287,0.32998,0.49723
2219-10-02T12:40:00Z,1.6664,18.036,789,67.6,20.847,-0.15754,0.51541
2219-10-02T12:50:00Z,3.7334,18.048,789,66.1,21.149,0.41276,0.54952
2219-10-02T13:00:00Z,-1.4076,17.992,813,68.1,19.803,0.31507,0.59925
2219-10-02T13:10:00Z,-3.1848,17.988,780,67.1,21.712,0.51993,0.54443
2219-10-02T13:20:00Z,-6.4082,18,804,67.6,20.614,-0.24652,0.56178
2219-10-02T13:30:00Z,2.296,18.02,762,67.7,23.388,-0.3618,0.56238
2219-10-02T13:40:00Z,3.8249,17.992,873,68,16.809,0.18801,0.53491
2219-10-02T13:50:00Z,-1.6341,18.012,819,69.3,18.512,-0.37268,0.57951
2219-10-02T14:00:00Z,4.0464,18.04,825,68.1,17.578,0.60439,0.5683
2219-10-02T14:10:00Z,-0.22955,18.028,783,67.6,19.776,-0.071366,0.58628
2219-10-02T14:20:00Z,-2.1676,18,798,67.6,19.212,0.26982,0.57377
2219-10-02T14:30:00Z,-2.8761,17.972,774,65.4,20.916,0.026533,0.55551
2219-10-02T14:40:00Z,5.1146,17.988,792,64.5,20.394,-0.034154,0.55609
2219-10-02T14:50:00Z,-6.1706,17.96,822,62.2,18.553,0.0033724,0.5679
2219-10-02T15:00:00Z,1.8256,18.02,798,63,19.597,0.39275,0.54852
2219-10-02T15:10:00Z,-3.9991,17.984,834,63.4,17.179,-0.17747,0.54738
2219-10-02T15:20:00Z,-0.21772,18.024,819,63.7,17.276,0.13123,0.53632
2219-10-02T15:30:00Z,10.358,18.016,771,60.5,22.753,0.14339,0.67034
2219-10-02T15:40:00Z,227.48,18.892,753,60.8,39.759,1.4996,2.2467
2219-10-02T15:50:00Z,502.83,21.404,858,60.9,51.603,5.5312,4.0928
2219-10-02T16:00:00Z,589.37,23.736,819,63.1,63.677,9.2888,4.5498
2219-10-02T16:10:00Z,601.46,24.924,882,65.1,69.817,13.488,4.6092
2219-10-02T16:20:00Z,600.1,25.304,1017,62.7,69.281,16.597,4.5694
2219-10-02T16:30:00Z,602.5,25.348,1029,61.9,73.484,19.322,4.5783
2219-10-02T16:40:00Z,603.14,25.188,1161,64.3,69.116,20.697,4.5512
2219-10-02T16:50:00Z,596.99,25.004,1176,64.9,69.158,22.41,4.5079
2219-10-02T17:00:00Z,598.93,24.796,1167,65.7,70.435,23.225,4.5158
2219-10-02T17:10:00Z,601.3,24.68,1146,68.2,72.784,23.977,4.537
2219-10-02T17:20:00Z,596.09,24.444,1164,67.3,73.031,24.8,4.5632
2219-10-02T17:30:00Z,597.95,24.332,1194,65.2,71.96,24.837,4.5392
2219-10-02T17:40:00Z,597.02,24.236,1185,65.6,72.743,24.759,4.5493
2219-10-02T17:50:00Z,599.72,24.152,1194,66.8,72.537,25.635,4.5165
2219-10-02T18:00:00Z,606.49,24.14,1140,67,76.41,25.144,4.5414
2219-10-02T18:10:00Z,599.55,24.076,1191,65.8,74.556,25.223,4.5362
2219-10-02T18:20:00Z,597.75,24.104,1275,66.1,69.034,26.055,4.5419
2219-10-02T18:30:00Z,601.29,24.048,1215,66.2,71.094,25.161,4.5439
2219-10-02T18:40:00Z,595.48,24.02,1185,66.9,72.743,25.855,4.523
2219-10-02T18:50:00Z,598.69,23.988,1239,66.3,69.446,26.042,4.5264
2219-10-02T19:00:00Z,597.3,24.04,1155,64.8,74.144,25.67,4.571
2219-10-02T19:10:00Z,600.97,24.024,1173,64.5,74.144,25.527,4.5416
2219-10-02T19:20:00Z,604.71,24.012,1179,63,74.473,26.001,4.5402
2219-10-02T19:30:00Z,593.13,24.068,1203,65,73.402,26.217,4.5199
2219-10-02T19:40:00Z,597.15,24.016,1260,64.9,69.405,25.764,4.5263
2219-10-02T19:50:00Z,595.31,24,1146,67.5,75.586,25.555,4.5395
2219-10-02T20:00:00Z,607.02,24,1188,66.8,74.185,25.262,4.4889
2219-10-02T20:10:00Z,594.04,23.984,1233,66.4,71.424,25.804,4.5395
2219-10-02T20:20:00Z,604.55,23.98,1182,68.7,74.02,25.82,4.5207
2219-10-02T20:30:00Z,598.83,24.028,1182,68.2,74.515,25.705,4.542
2219-10-02T20:40:00Z,609.28,23.976,1161,66.6,76.451,26.134,4.5449
2219-10-02T20:50:00Z,601.13,24.004,1263,65.9,70.517,25.743,4.5217
2219-10-02T21:00:00Z,601.98,24.008,1197,65.2,73.32,26.041,4.5693
2219-10-02T21:10:00Z,603.21,23.988,1212,63.9,72.372,26.166,4.5201
2219-10-02T21:20:00Z,600.27,23.984,1266,64.3,68.333,25.89,4.5195
2219-10-02T21:30:00Z,601.41,24.008,1233,63.5,68.787,26.102,4.5136
2219-10-02T21:40:00Z,590.02,23.992,1149,62.7,73.649,25.49,4.5284
2219-10-02T21:50:00Z,607.96,23.992,1170,63.1,73.608,26.475,4.5761
2219-10-02T22:00:00Z,602.73,23.988,1209,62.4,71.754,25.757,4.5731
2219-10-02T22:10:00Z,596.38,24,1209,61.8,71.506,25.648,4.5189
2219-10-02T22:20:00Z,599.24,23.972,1188,62.3,72.701,25.346,4.5509
2219-10-02T22:30:00Z,604.41,24.024,1218,62.3,70.971,25.861,4.5186
2219-10-02T22:40:00Z,603.14,24.024,1185,61.2,72.743,25.98,4.5407
2219-10-02T22:50:00Z,598.63,23.988,1233,62.4,69.858,25.617,4.5473
2219-10-02T23:00:00Z,607.21,24.008,1176,62.5,72.866,25.407,4.5435
2219-10-02T23:10:00Z,601.7,24.024,1182,61.4,73.114,25.921,4.5464
2219-10-02T23:20:00Z,601.85,23.976,1158,61.5,75.256,25.946,4.5387
2219-10-02T23:30:00Z,602.02,23.956,1218,61.9,72.289,25.61,4.5246
2219-10-02T23:40:00Z,595.39,23.956,1206,62.5,72.619,25.702,4.5507
2219-10-02T23:50:00Z,603.25,23.98,1227,64.5,71.012,26.156,4.57
2219-10-03T00:00:00Z,601.5,24.016,1221,65.4,70.682,25.591,4.5468
2219-10-03T00:10:00Z,600.28,24.044,1179,66.3,72.99,25.758,4.5801
2219-10-03T00:20:00Z,602.43,23.992,1215,67.6,71.094,25.887,4.5421
2219-10-03T00:30:00Z,603.08,24.004,1230,66.1,69.652,25.525,4.5625
2219-10-03T00:40:00Z,597.53,24.028,1173,65.8,72.743,25.978,4.5441
2219-10-03T00:50:00Z,600.29,24.004,1155,65.6,74.721,25.735,4.5439
2219-10-03T01:00:00Z,602.54,23.976,1209,67.6,72.248,25.606,4.4921
2219-10-03T01:10:00Z,600.2,24.016,1230,67.2,70.559,25.922,4.5303
2219-10-03T01:20:00Z,595.79,24.008,1203,68.1,71.589,25.572,4.5101
2219-10-03T01:30:00Z,607.77,23.956,1230,68.9,69.652,25.995,4.525
2219-10-03T01:40:00Z,597.95,23.968,1131,68.4,75.627,25.666,4.5523
2219-10-03T01:50:00Z,599.22,23.988,1212,67.2,71.96,26.018,4.5447
2219-10-03T02:00:00Z,592.81,24,1236,67.6,69.982,25.807,4.5459
2219-10-03T02:10:00Z,601.61,23.984,1242,67,68.581,26.084,4.5512
2219-10-03T02:20:00Z,599.62,24.008,1164,67,72.784,25.979,4.5608
2219-10-03T02:30:00Z,600.69,24.02,1146,64,75.009,25.555,4.5508
2219-10-03T02:40:00Z,604.91,24.016,1152,62,76.081,25.966,4.5431
2219-10-03T02:50:00Z,601.07,24,1266,62.2,69.57,25.274,4.5282
2219-10-03T03:00:00Z,600.74,24.024,1236,62.9,69.817,26.26,4.539
2219-10-03T03:10:00Z,599.03,23.984,1188,64.5,72.125,26.161,4.5556
2219-10-03T03:20:00Z,606.53,23.996,1137,65.3,75.957,25.391,4.5944
2219-10-03T03:30:00Z,609.18,23.988,1215,64.7,72.331,26.187,4.5144
2219-10-03T03:40:00Z,598.56,24.024,1215,65.9,71.918,25.838,4.5396
2219-10-03T03:50:00Z,601.19,24,1197,66.3,72.743,25.472,4.5503
2219-10-03T04:00:00Z,602.21,23.976,1218,66.1,71.383,25.802,4.5882
2219-10-03T04:10:00Z,596.86,24.028,1227,64.3,70.27,25.968,4.5343
2219-10-03T04:20:00Z,595.07,23.996,1266,63.4,66.85,25.443,4.5629
2219-10-03T04:30:00Z,608.67,24.004,1176,64.4,71.218,26.04,4.5431
2219-10-03T04:40:00Z,600.58,24.012,1200,65.9,70.229,25.433,4.5291
2219-10-03T04:50:00Z,608.6,23.992,1176,66,71.877,25.638,4.4829
2219-10-03T05:00:00Z,603.15,23.996,1233,67.1,68.622,25.541,4.5308
2219-10-03T05:10:00Z,593.25,24,1221,68.8,68.539,25.195,4.5574
2219-10-03T05:20:00Z,602.2,24.008,1179,68.7,70.847,25.243,4.557
2219-10-03T05:30:00Z,599.28,23.976,1122,68.5,75.339,25.514,4.5396
2219-10-03T05:40:00Z,590.78,23.976,1125,67.8,77.276,25.683,4.561
2219-10-03T05:50:00Z,603.68,23.992,1227,66,72.331,26.059,4.5204
2219-10-03T06:00:00Z,600.72,24,1182,68.2,74.679,25.749,4.5452
2219-10-03T06:10:00Z,599.98,24.036,1248,67.3,70.641,26.214,4.5557
2219-10-03T06:20:00Z,596.2,23.98,1224,67.3,70.971,26.267,4.536
2219-10-03T06:30:00Z,597.1,24.028,1185,67,72.99,26.124,4.5541
2219-10-03T06:40:00Z,596.26,24,1227,66.8,70.517,26.355,4.5867
2219-10-03T06:50:00Z,601.93,24.004,1188,67.3,72.454,26.039,4.5278
2219-10-03T07:00:00Z,595.33,24.024,1140,68.4,76.081,25.756,4.5335
2219-10-03T07:10:00Z,600.58,24,1137,65.5,77.935,25.214,4.5347
2219-10-03T07:20:00Z,602.57,24.04,1242,65.7,72.454,26.149,4.5778
2219-10-03T07:30:00Z,597.12,24.016,1221,65.7,72.743,26.359,4.5155
2219-10-03T07:40:00Z,599.23,23.988,1185,66.2,74.638,25.668,4.5004
2219-10-03T07:50:00Z,585.77,23.972,1188,66.2,72.141,25.621,4.4491
2219-10-03T08:00:00Z,372.63,23.072,1209,65.5,56.056,24.393,2.8847
2219-10-03T08:10:00Z,98.314,20.576,1218,66.8,37.427,19.9,0.99696
2219-10-03T08:20:00Z,15.102,18.212,1194,67.9,27.592,14.629,0.5033
2219-10-03T08:30:00Z,6.7951,17.068,1095,70.3,23.567,11.028,0.49243
2219-10-03T08:40:00Z,-1.1493,16.704,1029,70.6,19.995,7.7066,0.56543
2219-10-03T08:50:00Z,-2.4722,16.664,981,70.1,17.001,5.2903,0.56968
2219-10-03T09:00:00Z,5.0631,16.796,867,69.5,19.858,4.6857,0.53151
2219-10-03T09:10:00Z,4.6489,16.996,810,68.2,21.932,2.937,0.56207
2219-10-03T09:20:00Z,-7.1156,17.256,780,68,23.718,1.9305,0.52942
2219-10-03T09:30:00Z,-4.5595,17.376,819,70.2,21.589,1.2614,0.54364
2219-10-03T09:40:00Z,-0.617,17.564,843,68.3,19.418,1.0742,0.55071
2219-10-03T09:50:00Z,7.3429,17.648,852,66.5,17.619,0.72913,0.53725
2219-10-03T10:00:00Z,-5.7693,17.736,816,65.6,18.663,0.36607,0.53165
2219-10-03T10:10:00Z,-5.091,17.8,762,64.9,21.932,0.48526,0.56965
2219-10-03T10:20:00Z,-3.5248,17.876,753,64.3,23.594,0.84703,0.54345
2219-10-03T10:30:00Z,0.17726,17.888,795,64.7,22.001,0.070029,0.53768
2219-10-03T10:40:00Z,0.23634,17.932,810,62.6,21.108,0.46837,0.53621
2219-10-03T10:50:00Z,2.0377,17.896,807,59.7,21.039,0.26205,0.56126
2219-10-03T11:00:00Z,-4.8304,17.92,789,59,22.083,-0.034281,0.54564
2219-10-03T11:10:00Z,6.2674,17.94,810,60.5,20.943,-0.11959,0.52792
2219-10-03T11:20:00Z,6.0845,17.968,849,62.1,17.99,-0.090303,0.5098
2219-10-03T11:30:00Z,-4.0619,17.96,774,63.9,21.795,0.10529,0.531
2219-10-03T11:40:00Z,1.7356,18.008,828,64.1,18.8,-0.14677,0.55607
2219-10-03T11:50:00Z,-0.52534,17.964,816,62.1,18.855,0.62521,0.55893
2219-10-03T12:00:00Z,-0.57267,17.988,801,63.6,19.446,0.14978,0.55412
2219-10-03T12:10:00Z,-1.2717,18,795,62.1,19.831,0.53843,0.53921
2219-10-03T12:20:00Z,-6.4398,18.028,849,63.1,16.259,0.34797,0.52654
2219-10-03T12:30:00Z,-4.6838,17.996,819,64.5,16.973,-0.087116,0.50223
2219-10-03T12:40:00Z,-2.3829,18.044,750,65.4,21.19,0.14356,0.56239
2219-10-03T12:50:00Z,-4.4875,17.96,762,66.7,21.74,0.26039,0.50726
2219-10-03T13:00:00Z,4.5583,17.996,744,68.2,24.02,0.53589,0.53114
2219-10-03T13:10:00Z,2.7166,17.988,780,68.6,23.086,0.38683,0.53229
2219-10-03T13:20:00Z,-1.4752,18.004,795,67.5,22.605,0.19053,0.54859
2219-10-03T13:30:00Z,1.0658,18.028,798,68.3,22.537,-0.029138,0.56673
2219-10-03T13:40:00Z,-3.0032,18.008,843,68.4,19.501,0.060829,0.56875
2219-10-03T13:50:00Z,0.45698,18.044,792,69.3,21.822,-0.16091,0.55207
2219-10-03T14:00:00Z,5.1178,18.012,828,69.7,19.57,-0.037299,0.53767
2219-10-03T14:10:00Z,3.9484,17.992,717,70.5,26.424,-0.14978,0.5665
2219-10-03T14:20:00Z,-6.3355,17.98,840,69.4,20.256,0.05195,0.55421
2219-10-03T14:30:00Z,-1.3106,18.008,813,70.2,21.012,-0.049992,0.54106
2219-10-03T14:40:00Z,-6.8657,17.996,840,67.1,18.8,-0.12194,0.56775
2219-10-03T14:50:00Z,-7.6261,17.992,786,69.2,21.41,0.11833,0.56362
2219-10-03T15:00:00Z,2.1399,18.008,795,68.4,21.177,0.041222,0.56015
2219-10-03T15:10:00Z,0.06481,18.004,852,67.1,17.399,0.12258,0.57225
2219-10-03T15:20:00Z,0.046553,17.992,771,66.1,21.534,0.45805,0.54615
2219-10-03T15:30:00Z,-8.7387,18.004,768,66.6,22.537,0.48333,0.55267
2219-10-03T15:40:00Z,-1.3577,18.008,756,68.1,24.24,-0.091133,0.55623
2219-10-03T15:50:00Z,1.6412,18.004,789,69,23.182,0.20092,0.58479
2219-10-03T16:00:00Z,-4.5384,18.028,831,69.3,20.6,0.13434,0.5219
2219-10-03T16:10:00Z,-1.3113,17.992,843,67.8,18.924,-0.074391,0.52148
2219-10-03T16:20:00Z,2.9869,17.984,852,67.8,17.125,-0.046162,0.56781
2219-10-03T16:30:00Z,2.1705,18.028,750,68.1,22.701,0.46802,0.55262
2219-10-03T16:40:00Z,4.2353,18.016,780,67.4,22.015,0.092422,0.52503
2219-10-03T16:50:00Z,12.997,17.992,798,66.9,24.441,-0.22684,0.66832
2219-10-03T17:00:00Z,245.06,18.976,831,67.8,37.386,1.7379,2.307
2219-10-03T17:10:00Z,514.42,21.488,804,68,55.925,5.4106,4.1422
2219-10-03T17:20:00Z,590.2,23.8,849,67.4,63.713,9.8815,4.5917
2219-10-03T17:30:00Z,595.68,24.968,858,65.8,72.738,13.721,4.5811
2219-10-03T17:40:00Z,603.07,25.308,984,66.1,73.48,17.284,4.5751
2219-10-03T17:50:00Z,602.22,25.34,1092,65.1,71.996,19.28,4.5659
2219-10-03T18:00:00Z,597.03,25.148,1140,66.3,71.667,21.184,4.5778
2219-10-03T18:10:00Z,591.74,24.968,1098,65.3,76.2,23.07,4.5111
2219-10-03T18:20:00Z,596.62,24.836,1191,66.3,72.614,23.653,4.496
2219-10-03T18:30:00Z,597.95,24.604,1170,69,74.304,24.484,4.5257
2219-10-03T18:40:00Z,596.48,24.456,1245,68.9,69.977,24.919,4.5502
2219-10-03T18:50:00Z,596.55,24.312,1227,67.2,69.977,24.299,4.5454
2219-10-03T19:00:00Z,602.48,24.272,1239,69.6,68.411,25.092,4.5124
2219-10-03T19:10:00Z,596.54,24.184,1167,70.4,72.285,25.013,4.5554
2219-10-03T19:20:00Z,601.01,24.144,1179,72.1,72.367,24.893,4.5365
2219-10-03T19:30:00Z,601.62,24.104,1200,73.3,71.502,25.491,4.546
2219-10-03T19:40:00Z,601.13,24.076,1224,73.4,69.853,25.923,4.5574
2219-10-03T19:50:00Z,603.97,24.024,1206,75.2,70.43,25.997,4.5538
2219-10-03T20:00:00Z,603.68,24.036,1149,77.2,74.18,25.294,4.5705
2219-10-03T20:10:00Z,597.02,24.008,1167,77.2,74.345,25.332,4.5436
2219-10-03T20:20:00Z,594.6,24,1224,77.3,71.337,26.063,4.5355
2219-10-03T20:30:00Z,599.27,24.032,1248,77.3,69.029,25.783,4.5065
2219-10-03T20:40:00Z,594.74,24.036,1185,75.5,72.038,26.191,4.5541
2219-10-03T20:50:00Z,603.92,24.048,1242,75.1,68.535,25.383,4.5525
2219-10-03T21:00:00Z,602.4,24.016,1209,75.4,69.647,25.849,4.5814
2219-10-03T21:10:00Z,601.72,24.016,1236,75.5,67.546,25.523,4.5844
2219-10-03T21:20:00Z,595.77,24.028,1125,75.6,74.18,25.367,4.5757
2219-10-03T21:30:00Z,599.63,23.992,1161,74.9,73.768,25.9,4.5758
2219-10-03T21:40:00Z,601.63,24.04,1107,73.8,78.549,25.393,4.5642
2219-10-03T21:50:00Z,600.63,24.012,1173,73.7,76.571,25.297,4.5438
2219-10-03T22:00:00Z,603.14,24.02,1230,71.7,73.397,25.892,4.5583
2219-10-03T22:10:00Z,600.77,23.976,1266,74.6,70.101,25.517,4.517
2219-10-03T22:20:00Z,601.72,23.976,1227,72.9,70.966,25.612,4.5185
2219-10-03T22:30:00Z,598.9,23.996,1209,72.6,71.461,25.394,4.5586
2219-10-03T22:40:00Z,597.22,23.992,1227,75.7,69.977,25.671,4.5502
2219-10-03T22:50:00Z,604.23,24,1221,75.3,69.647,25.713,4.5326
2219-10-03T23:00:00Z,590.03,24.016,1221,75.7,69.071,25.549,4.5687
2219-10-03T23:10:00Z,599.62,23.996,1113,78.6,75.911,25.877,4.5619
2219-10-03T23:20:00Z,598.7,24.004,1179,77.1,73.768,25.702,4.5332
2219-10-03T23:30:00Z,600.81,24.012,1200,78,72.903,25.607,4.5733
2219-10-03T23:40:00Z,599.1,23.996,1170,76.9,74.963,25.494,4.5824
2219-10-03T23:50:00Z,592.17,24.016,1203,77.3,73.521,26.177,4.5327
2219-10-04T00:00:00Z,601.18,24.02,1233,76.3,71.378,25.837,4.5232
2219-10-04T00:10:00Z,595.55,24.008,1209,75.1,72.12,25.974,4.5249
2219-10-04T00:20:00Z,601.08,23.968,1215,76.9,71.461,26.541,4.4993
2219-10-04T00:30:00Z,599.2,24.004,1143,78.4,75.994,25.956,4.538
2219-10-04T00:40:00Z,597.86,24.004,1203,80.2,73.439,25.101,4.525
2219-10-04T00:50:00Z,596.92,24.016,1200,79.6,73.562,25.729,4.5709
2219-10-04T01:00:00Z,597.68,24.004,1200,78.7,73.562,26.008,4.5685
2219-10-04T01:10:00Z,601.91,23.988,1197,75.3,73.768,25.839,4.5353
2219-10-04T01:20:00Z,596.85,24.004,1209,74.8,73.027,25.957,4.5468
2219-10-04T01:30:00Z,596.19,24.02,1173,75.4,75.252,25.8,4.5573
2219-10-04T01:40:00Z,601.73,23.996,1197,74.4,74.345,25.771,4.55
2219-10-04T01:50:00Z,595.58,24.008,1251,73,70.719,25.871,4.5447
2219-10-04T02:00:00Z,600.25,24.004,1209,72.1,72.202,26.395,4.5399
2219-10-04T02:10:00Z,597.8,24,1191,72,73.191,26.158,4.5426
2219-10-04T02:20:00Z,601.49,23.968,1266,72.2,68.288,25.973,4.5442
2219-10-04T02:30:00Z,595.21,23.956,1176,72.1,72.656,26.209,4.5216
2219-10-04T02:40:00Z,603.48,23.996,1200,72.3,71.667,25.7,4.5603
2219-10-04T02:50:00Z,593.48,23.996,1209,71.6,71.049,25.391,4.5227
2219-10-04T03:00:00Z,606.01,24.012,1212,73.9,70.595,26.173,4.5581
2219-10-04T03:10:00Z,597.79,24.024,1140,76.7,75.211,26.194,4.5558
2219-10-04T03:20:00Z,597.94,23.992,1182,77.5,73.974,25.956,4.5168
2219-10-04T03:30:00Z,605.1,24.036,1230,78.2,71.172,26.04,4.5593
2219-10-04T03:40:00Z,604.11,24,1182,76.1,73.645,26.175,4.5591
2219-10-04T03:50:00Z,604.06,23.976,1206,78,72.491,25.597,4.5835
2219-10-04T04:00:00Z,603.63,24,1200,77.8,72.738,25.748,4.5628
2219-10-04T04:10:00Z,594.96,24.032,1173,79.4,74.592,25.767,4.5348
2219-10-04T04:20:00Z,600.1,23.988,1158,78.3,76.364,26.184,4.5309
2219-10-04T04:30:00Z,596.49,24.016,1227,77.4,72.779,25.725,4.5508
2219-10-04T04:40:00Z,602.26,23.972,1179,78.5,75.334,26.277,4.5702
2219-10-04T04:50:00Z,600.59,24.004,1248,77.6,71.172,25.744,4.5325
2219-10-04T05:00:00Z,603.01,23.96,1248,78.4,69.853,25.9,4.5435
2219-10-04T05:10:00Z,607.19,23.976,1224,77.4,70.183,25.974,4.5609
2219-10-04T05:20:00Z,607.02,24.02,1167,77.2,73.439,25.949,4.548
2219-10-04T05:30:00Z,604.93,23.992,1158,77,74.963,25.809,4.5072
2219-10-04T05:40:00Z,601.21,23.98,1236,76.7,70.76,25.689,4.5792
2219-10-04T05:50:00Z,599.65,24.012,1212,75.2,71.419,25.845,4.5414
2219-10-04T06:00:00Z,595.66,23.988,1203,72.6,71.708,25.907,4.5583
2219-10-04T06:10:00Z,602.32,24.012,1203,73,71.625,25.446,4.5153
2219-10-04T06:20:00Z,601.64,24.032,1185,73.3,72.779,26.214,4.5276
2219-10-04T06:30:00Z,600.84,24.02,1194,72,72.573,25.718,4.5439
2219-10-04T06:40:00Z,601.14,23.988,1197,71,72.532,25.766,4.5297
2219-10-04T06:50:00Z,599.19,24.012,1209,68.8,71.79,25.481,4.5295
2219-10-04T07:00:00Z,600.17,24.02,1233,70.4,69.895,25.847,4.5275
2219-10-04T07:10:00Z,599.33,23.976,1182,71.7,72.491,26.368,4.5318
2219-10-04T07:20:00Z,597.24,24,1140,73.6,75.87,25.895,4.5156
2219-10-04T07:30:00Z,600.76,24.032,1248,73.6,70.101,26.503,4.5452
2219-10-04T07:40:00Z,600.79,23.988,1221,73,70.636,26.393,4.5527
2219-10-04T07:50:00Z,597.66,24,1230,72.2,69.441,25.903,4.5362
2219-10-04T08:00:00Z,602.4,24.008,1194,73.5,71.09,25.367,4.5416
2219-10-04T08:10:00Z,608.18,24.032,1221,73.3,69.4,25.296,4.5583
2219-10-04T08:20:00Z,595.86,23.98,1197,73.9,70.472,25.349,4.5436
2219-10-04T08:30:00Z,595.47,24.008,1182,72.5,71.584,25.093,4.546
2219-10-04T08:40:00Z,602.69,23.984,1143,71.5,74.757,25.939,4.5281
2219-10-04T08:50:00Z,593.65,23.984,1224,73.4,70.76,25.452,4.5672
2219-10-04T09:00:00Z,603.57,24.024,1227,76.9,69.895,26.246,4.5355
2219-10-04T09:10:00Z,582.55,23.98,1146,77.7,71.603,25.594,4.4091
2219-10-04T09:20:00Z,360.23,22.972,1173,76.6,56.076,24.359,2.832
2219-10-04T09:30:00Z,94.558,20.524,1215,76.9,36.397,20.194,0.94472
2219-10-04T09:40:00Z,15.206,18.148,1164,77.5,28.498,14.747,0.56148
2219-10-04T09:50:00Z,2.391,17.056,1155,76.7,19.116,10.326,0.51337
2219-10-04T10:00:00Z,0.70735,16.696,1101,78.7,13.072,7.4697,0.50509
2219-10-04T10:10:00Z,3.5715,16.652,969,77.4,13.869,5.7595,0.53116
2219-10-04T10:20:00Z,-2.8706,16.808,828,77.1,18.91,4.5882,0.5465
2219-10-04T10:30:00Z,1.3953,17.052,828,76.6,18.141,2.9259,0.52741
2219-10-04T10:40:00Z,-0.24479,17.2,816,77.6,18.196,2.5307,0.54839
2219-10-04T10:50:00Z,-1.7372,17.392,807,76.3,18.375,1.7557,0.52647
2219-10-04T11:00:00Z,-4.5642,17.548,750,76.5,22.097,1.1163,0.54092
2219-10-04T11:10:00Z,5.7434,17.696,768,74.8,22.234,0.33653,0.52367
2219-10-04T11:20:00Z,-3.3001,17.74,810,76.2,20.229,-0.04693,0.51515
2219-10-04T11:30:00Z,-5.3981,17.808,879,75.5,15.215,0.42756,0.57349
2219-10-04T11:40:00Z,1.5867,17.864,801,72.9,18.402,0.61611,0.55634
2219-10-04T11:50:00Z,2.8114,17.904,825,72.9,16.726,0.24971,0.56522
2219-10-04T12:00:00Z,-7.3391,17.884,780,73.5,19.13,0.65415,0.53244
2219-10-04T12:10:00Z,5.3952,17.956,801,71.5,18.237,-0.12158,0.54437
2219-10-04T12:20:00Z,-3.1015,17.948,792,73.3,18.828,-0.34139,0.55236
2219-10-04T12:30:00Z,-5.6584,17.956,810,72.7,17.811,0.37151,0.55335
2219-10-04T12:40:00Z,0.77334,18,738,72.6,22.482,0.037166,0.56464
2219-10-04T12:50:00Z,4.2638,17.98,807,71.3,19.446,0.76413,0.54595
2219-10-04T13:00:00Z,-2.8315,17.98,789,71.2,20.49,0.48343,0.53107
2219-10-04T13:10:00Z,-1.0324,17.988,738,70.6,24.295,0.29227,0.56979
2219-10-04T13:20:00Z,-1.0524,18.02,768,70.5,23.938,-0.14367,0.5301
2219-10-04T13:30:00Z,-4.9196,17.992,810,71,21.932,-0.21131,0.56348
2219-10-04T13:40:00Z,-3.1274,18.032,861,72.2,18.155,0.4732,0.55012
2219-10-04T13:50:00Z,0.79423,18.02,795,72.9,21.012,0.43939,0.53079
2219-10-04T14:00:00Z,1.6717,18,777,74.2,22.386,0.35515,0.53714
2219-10-04T14:10:00Z,-2.6379,17.988,783,73.9,22.605,0.04759,0.54722
2219-10-04T14:20:00Z,-3.4123,18,792,72.1,22.454,0.22593,0.55797
2219-10-04T14:30:00Z,-0.055806,17.964,813,71.9,21.232,-0.024567,0.60966
2219-10-04T14:40:00Z,-5.8709,18.012,831,69,19.638,-0.616,0.56921
2219-10-04T14:50:00Z,-5.9575,17.996,840,69.5,18.168,0.041011,0.54749
2219-10-04T15:00:00Z,-0.64881,18,837,71,17.276,-0.041899,0.56695
2219-10-04T15:10:00Z,-0.76868,17.992,798,70.7,18.938,0.13137,0.58737
2219-10-04T15:20:00Z,-1.0197,18.024,768,71.4,21.053,0.20908,0.56471
2219-10-04T15:30:00Z,6.2544,17.972,783,71.9,20.902,0.037196,0.54945
2219-10-04T15:40:00Z,-1.9992,17.98,819,73.3,18.897,-0.26744,0.57299
2219-10-04T15:50:00Z,-3.9125,17.984,768,72.9,21.877,0.063468,0.559
2219-10-04T16:00:00Z,4.3239,17.984,819,73.4,19.254,0.49232,0.57675
2219-10-04T16:10:00Z,-2.4348,18.036,774,72.5,21.822,-0.15888,0.52783
2219-10-04T16:20:00Z,2.3722,18.012,780,72.4,22.125,-0.28204,0.49844
2219-10-04T16:30:00Z,-0.26086,18.02,825,72.1,19.583,0.16125,0.51804
2219-10-04T16:40:00Z,-0.68108,18.028,840,70.9,17.866,-0.14732,0.53851
2219-10-04T16:50:00Z,0.87582,17.984,810,69.3,18.828,-0.15447,0.55733
2219-10-04T17:00:00Z,-1.8148,17.988,759,68,22.056,0.76207,0.54319
2219-10-04T17:10:00Z,2.9146,17.98,807,69.6,19.886,-0.083186,0.53161
2219-10-04T17:20:00Z,-1.5649,17.976,813,68.4,19.281,0.41395,0.54676
2219-10-04T17:30:00Z,-1.5369,17.976,828,66.5,17.894,0.010933,0.54083
2219-10-04T17:40:00Z,-2.2177,17.968,831,64.2,16.918,0.55456,0.54936
2219-10-04T17:50:00Z,-3.5219,18.012,735,65.2,22.66,0.25146,0.60266
2219-10-04T18:00:00Z,0.82123,18.008,777,64.9,21.561,0.33225,0.5541
2219-10-04T18:10:00Z,22.502,18.008,759,65.8,27.17,0.53625,0.75289
2219-10-04T18:20:00Z,250.92,19.096,768,68.2,43.109,1.7742,2.3803
2219-10-04T18:30:00Z,526.1,21.664,861,69.4,54.785,5.1586,4.2139
2219-10-04T18:40:00Z,581.79,23.888,936,68.4,58.947,10.58,4.5712
2219-10-04T18:50:00Z,591.49,24.992,897,69.1,68.878,14.359,4.5883
2219-10-04T19:00:00Z,605.4,25.372,1002,69.9,69.991,16.891,4.5571
2219-10-04T19:10:00Z,605.46,25.348,1038,71.1,72.958,18.778,4.5288
2219-10-04T19:20:00Z,596.03,25.188,1074,72.1,74.936,21.311,4.5343
2219-10-04T19:30:00Z,598.39,24.96,1116,71,75.513,22.302,4.535
2219-10-04T19:40:00Z,600.56,24.772,1179,70.6,73.494,23.865,4.535
2219-10-04T19:50:00Z,603.19,24.608,1233,72.1,70.362,23.873,4.5616
2219-10-04T20:00:00Z,599.55,24.464,1224,71.9,70.073,24.375,4.5426
2219-10-04T20:10:00Z,600.7,24.336,1212,71.5,70.238,24.973,4.5136
2219-10-04T20:20:00Z,598.89,24.224,1179,71.3,72.175,25.12,4.5742
2219-10-04T20:30:00Z,594.72,24.172,1200,73.5,71.31,25.122,4.5468
2219-10-04T20:40:00Z,606.45,24.116,1140,70.7,75.43,25.893,4.5348
2219-10-04T20:50:00Z,596.59,24.128,1131,70,77.697,25.198,4.5384
2219-10-04T21:00:00Z,598.4,24.084,1245,70.4,71.763,24.855,4.561
2219-10-04T21:10:00Z,599.14,24.024,1242,72,70.733,25.377,4.5583
2219-10-04T21:20:00Z,604.85,24.06,1212,71.7,71.639,25.402,4.5576
2219-10-04T21:30:00Z,600.99,24.016,1203,69.8,71.928,26.082,4.5538
2219-10-04T21:40:00Z,595.3,23.988,1206,67.3,71.639,25.023,4.5161
2219-10-04T21:50:00Z,594.33,24.012,1203,68.1,71.68,25.612,4.5569
2219-10-04T22:00:00Z,601.66,24.048,1224,68.5,70.156,25.579,4.5136
2219-10-04T22:10:00Z,598.69,23.956,1227,66.4,69.29,25.77,4.5317
2219-10-04T22:20:00Z,605,24.024,1188,64,71.227,25.127,4.5723
2219-10-04T22:30:00Z,593.55,23.996,1146,63.1,74.441,26.024,4.5717
2219-10-04T22:40:00Z,596.74,24.028,1203,62.4,72.01,25.543,4.5434
2219-10-04T22:50:00Z,600.37,24.016,1212,61.2,71.31,26.084,4.5702
2219-10-04T23:00:00Z,603.93,24.036,1191,62.6,72.422,25.679,4.5441
2219-10-04T23:10:00Z,602.5,24.016,1200,60.7,72.051,25.593,4.5338
2219-10-04T23:20:00Z,599.47,24.008,1158,60.1,74.936,26.16,4.5294
2219-10-04T23:30:00Z,599.62,23.996,1191,57.7,73.823,26.15,4.5663
2219-10-04T23:40:00Z,599.24,23.992,1185,55.7,74.483,25.969,4.5503
2219-10-04T23:50:00Z,596.69,24.044,1245,58.9,70.774,25.484,4.5443
2219-10-05T00:00:00Z,600.79,23.984,1230,58.3,70.568,26.093,4.5571
2219-10-05T00:10:00Z,605.12,24.004,1245,60.2,68.713,25.839,4.5384
2219-10-05T00:20:00Z,606.94,24.024,1203,57.8,70.362,25.485,4.5393
2219-10-05T00:30:00Z,599.27,23.996,1182,57.6,71.722,25.639,4.5541
2219-10-05T00:40:00Z,598.84,23.992,1209,59.1,70.362,25.903,4.5369
2219-10-05T00:50:00Z,601.07,24.008,1173,59,72.587,25.969,4.5321
2219-10-05T01:00:00Z,596.6,24.036,1170,60.4,73.535,25.513,4.524
2219-10-05T01:10:00Z,594.3,24.048,1224,59.6,70.65,25.628,4.5183
2219-10-05T01:20:00Z,599.28,24.02,1200,59.5,71.639,25.634,4.5244
2219-10-05T01:30:00Z,598.78,23.984,1179,60.8,73.082,26.077,4.5426
2219-10-05T01:40:00Z,597.21,24.028,1218,62.5,70.98,25.919,4.5825
2219-10-05T01:50:00Z,604.01,24.016,1215,62.3,70.691,25.617,4.5478
2219-10-05T02:00:00Z,606.65,23.984,1200,64.3,71.31,25.918,4.528
2219-10-05T02:10:00Z,596.85,24,1191,66.5,71.928,26.184,4.5704
2219-10-05T02:20:00Z,603.02,24.004,1158,69.4,74.441,26.016,4.5587
2219-10-05T02:30:00Z,600.22,23.996,1185,66.8,73.741,25.995,4.5474
2219-10-05T02:40:00Z,595.29,24.016,1188,65.4,73.947,25.381,4.5312
2219-10-05T02:50:00Z,595.24,24.02,1185,64.9,74.483,26.336,4.5258
2219-10-05T03:00:00Z,601.54,23.988,1230,66,71.804,25.474,4.5755
2219-10-05T03:10:00Z,602.2,24,1230,66.8,70.98,26.102,4.5322
2219-10-05T03:20:00Z,599.25,23.992,1227,65.9,70.362,25.871,4.5286
2219-10-05T03:30:00Z,597.55,23.976,1212,67.2,70.65,26.345,4.5591
2219-10-05T03:40:00Z,595.22,24.04,1203,66.6,70.939,25.742,4.5464
2219-10-05T03:50:00Z,605.22,24.02,1224,65.6,69.414,25.604,4.539
2219-10-05T04:00:00Z,601.35,24.02,1179,61.7,71.845,25.757,4.6255
2219-10-05T04:10:00Z,588.83,23.996,1185,62.1,72.01,25.669,4.5258
2219-10-05T04:20:00Z,602.17,24,1191,63.1,72.01,25.426,4.547
2219-10-05T04:30:00Z,599.51,23.992,1140,63.2,75.76,25.79,4.5368
2219-10-05T04:40:00Z,601.37,24.008,1197,62.3,73.494,25.595,4.5837
2219-10-05T04:50:00Z,592.93,24.008,1215,63.7,72.34,25.735,4.5437
2219-10-05T05:00:00Z,605.5,24.008,1182,63.6,74.194,25.403,4.5446
2219-10-05T05:10:00Z,599.24,24,1224,65.2,71.804,25.994,4.5585
2219-10-05T05:20:00Z,605.29,23.988,1140,66.5,76.914,25.719,4.5719
2219-10-05T05:30:00Z,593.32,23.972,1218,65.3,73.205,25.695,4.5539
2219-10-05T05:40:00Z,601.14,24.016,1236,64.8,71.474,25.965,4.5238
2219-10-05T05:50:00Z,601.38,24.004,1209,63.5,72.34,25.69,4.5575
2219-10-05T06:00:00Z,597.24,23.976,1203,62.3,72.505,25.896,4.5628
2219-10-05T06:10:00Z,606.97,24.012,1212,62.3,71.804,26.131,4.555
2219-10-05T06:20:00Z,597.34,24.008,1185,62.8,73.329,25.192,4.5351
2219-10-05T06:30:00Z,593.96,23.992,1197,62.1,72.917,25.799,4.5186
2219-10-05T06:40:00Z,603.18,24.02,1197,62.6,72.999,25.438,4.5364
2219-10-05T06:50:00Z,596.33,24,1260,63.4,68.755,26.005,4.5343
2219-10-05T07:00:00Z,590.42,24.008,1212,61.3,70.403,25.633,4.5485
2219-10-05T07:10:00Z,600.9,23.992,1125,61.7,76.049,25.682,4.5312
2219-10-05T07:20:00Z,607.71,23.992,1164,61.6,75.43,25.778,4.5733
2219-10-05T07:30:00Z,599,23.992,1206,62,73.535,26.118,4.5427
2219-10-05T07:40:00Z,597.18,24.02,1167,61.9,76.049,26.078,4.5325
2219-10-05T07:50:00Z,602.18,24.008,1266,62.8,70.156,26.089,4.5844
2219-10-05T08:00:00Z,601.87,23.98,1224,63,71.227,26.117,4.5443
2219-10-05T08:10:00Z,600.42,24.012,1203,65.1,72.01,26.103,4.5312
2219-10-05T08:20:00Z,599.81,24.032,1248,65.3,68.837,25.727,4.5393
2219-10-05T08:30:00Z,602.66,24.004,1185,63.8,71.845,25.813,4.5482
2219-10-05T08:40:00Z,594.86,23.952,1179,62.3,72.669,25.794,4.5358
2219-10-05T08:50:00Z,597.94,23.956,1128,63.8,76.749,25.973,4.5385
2219-10-05T09:00:00Z,602.37,23.972,1224,66.6,72.134,25.871,4.5447
2219-10-05T09:10:00Z,597.51,24.008,1275,65.2,67.972,25.485,4.558
2219-10-05T09:20:00Z,597.42,24.008,1230,67.5,69.002,25.849,4.5394
2219-10-05T09:30:00Z,602.27,23.996,1113,68.1,76.213,24.737,4.5395
2219-10-05T09:40:00Z,603.61,24.02,1191,66.4,73.246,25.93,4.5351
2219-10-05T09:50:00Z,601.55,23.972,1194,67.1,73.288,25.342,4.5337
2219-10-05T10:00:00Z,598.15,23.996,1215,65.9,72.01,25.334,4.5283
2219-10-05T10:10:00Z,600.56,24,1164,66.7,75.101,25.78,4.5262
2219-10-05T10:20:00Z,599.7,23.972,1257,65,69.702,26.052,4.5466
2219-10-05T10:30:00Z,571.88,23.988,1212,66.5,67.486,25.087,4.3354
2219-10-05T10:40:00Z,352.02,22.896,1212,66.8,51.726,24.488,2.7173
2219-10-05T10:50:00Z,85.171,20.388,1104,69.5,41.63,19.896,0.88783
2219-10-05T11:00:00Z,9.6762,18.1,1158,69.5,29.57,14.505,0.48432
2219-10-05T11:10:00Z,7.2986,17,1086,69.5,24.679,10.192,0.52929
2219-10-05T11:20:00Z,1.7321,16.652,1062,67.3,18.471,7.386,0.53898
2219-10-05T11:30:00Z,0.32349,16.66,966,67.7,17.866,5.2749,0.56303
2219-10-05T11:40:00Z,-11.685,16.816,903,67.2,17.633,3.7245,0.5477
2219-10-05T11:50:00Z,-2.3462,17.036,855,66.9,18.1,3.01,0.52964
2219-10-05T12:00:00Z,6.23,17.24,804,66.3,20.092,2.0984,0.55436
2219-10-05T12:10:00Z,1.9532,17.42,783,65.7,21.424,1.5456,0.55488
2219-10-05T12:20:00Z,2.1169,17.528,822,67.7,19.212,0.81577,0.56479
2219-10-05T12:30:00Z,1.0665,17.644,810,68.6,19.432,1.0747,0.54839
2219-10-05T12:40:00Z,7.7998,17.74,774,70.6,21.63,0.58056,0.55493
2219-10-05T12:50:00Z,-4.6531,17.848,822,69.5,19.048,0.52961,0.55845
2219-10-05T13:00:00Z,0.38884,17.88,765,69.8,22.358,1.0258,0.5186
2219-10-05T13:10:00Z,-1.967,17.868,819,70.4,19.611,1.1484,0.56218
2219-10-05T13:20:00Z,10.722,17.896,807,71,19.913,0.48545,0.56711
2219-10-05T13:30:00Z,2.801,17.976,792,71.5,20.751,-0.13067,0.53899
2219-10-05T13:40:00Z,0.51757,17.976,825,69.7,18.704,0.74981,0.53204
2219-10-05T13:50:00Z,-2.3649,17.984,789,70.9,20.49,0.37309,0.54246
2219-10-05T14:00:00Z,2.9755,17.98,813,68.4,19.144,0.23531,0.55625
2219-10-05T14:10:00Z,5.3113,18.036,798,68.4,19.817,-0.038641,0.55764
2219-10-05T14:20:00Z,-1.476,18.004,816,68.6,18.636,0.43945,0.52451
2219-10-05T14:30:00Z,0.2706,17.992,840,69.9,16.548,-0.13184,0.57041
2219-10-05T14:40:00Z,-5.2881,18,822,68.7,16.685,0.21153,0.55898
2219-10-05T14:50:00Z,1.3834,17.976,696,66.2,24.734,-0.40544,0.52052
2219-10-05T15:00:00Z,-2.5695,18.008,693,68.2,27.798,-0.1627,0.54013
2219-10-05T15:10:00Z,-4.9004,18.032,822,68.4,21.877,-0.19811,0.58346
2219-10-05T15:20:00Z,-3.4573,18,879,70.3,17.358,-0.4078,0.53382
2219-10-05T15:30:00Z,-0.17018,17.968,867,69.8,16.012,0.17101,0.56155
2219-10-05T15:40:00Z,2.9741,17.992,777,73.7,20.353,-0.56143,0.55805
2219-10-05T15:50:00Z,1.8033,17.952,789,74.9,20.16,0.092962,0.56368
2219-10-05T16:00:00Z,0.94562,18.016,807,74.9,19.226,-0.12778,0.51496
2219-10-05T16:10:00Z,-1.7077,18.008,759,71.3,22.331,-0.40492,0.5572
2219-10-05T16:20:00Z,3.8893,18.028,768,71.9,22.839,0.40516,0.5585
2219-10-05T16:30:00Z,-5.6531,17.98,855,70.8,17.743,-0.41091,0.54729
2219-10-05T16:40:00Z,2.3223,17.992,834,69.8,17.674,0.48642,0.54278
2219-10-05T16:50:00Z,-0.25905,17.976,837,68.5,16.534,-0.25325,0.54577
2219-10-05T17:00:00Z,2.8374,18.012,693,70.5,25.408,-0.14487,0.54481
2219-10-05T17:10:00Z,-0.7903,17.96,828,72,19.075,0.20389,0.55412
2219-10-05T17:20:00Z,-4.2682,17.992,819,72.7,18.924,0.32485,0.55863
2219-10-05T17:30:00Z,-4.9168,18.028,765,72.9,22.111,0.063317,0.54595
2219-10-05T17:40:00Z,-3.3521,18.008,804,74.9,20.394,-0.11796,0.5443
2219-10-05T17:50:00Z,2.9758,18.008,756,75.1,23.581,0.19243,0.5631
2219-10-05T18:00:00Z,-3.2309,18.056,789,74.5,22.523,-0.14619,0.53858
2219-10-05T18:10:00Z,3.7343,17.968,828,75.1,20.147,0.3476,0.55443
2219-10-05T18:20:00Z,2.4844,17.984,810,76,20.614,0.46621,0.53668
2219-10-05T18:30:00Z,0.71644,17.96,843,73,18.072,0.068761,0.54464
2219-10-05T18:40:00Z,-1.6141,18.008,828,71.9,17.921,-0.098738,0.52677
2219-10-05T18:50:00Z,-0.80529,17.956,705,69.6,25.6,0.039448,0.53139
2219-10-05T19:00:00Z,-4.4747,18.004,801,71.6,21.616,-0.40255,0.54129
2219-10-05T19:10:00Z,-3.9363,18.044,888,69.5,15.614,-0.30077,0.57368
2219-10-05T19:20:00Z,-5.5083,18,816,67.5,18.141,-0.16866,0.5451
2219-10-05T19:30:00Z,26.765,18,780,68.6,24.341,0.21649,0.76658
2219-10-05T19:40:00Z,267.36,19.16,735,68.1,43.594,1.4733,2.4876
2219-10-05T19:50:00Z,527.16,21.724,861,68.3,53.668,5.2506,4.2084
2219-10-05T20:00:00Z,594.3,23.936,891,67.1,60.92,10.453,4.589
2219-10-05T20:10:00Z,601.5,24.984,909,66.2,68.173,14.185,4.5787
2219-10-05T20:20:00Z,600.68,25.304,927,66.7,74.931,17.309,4.5685
2219-10-05T20:30:00Z,598.84,25.324,1017,65.5,76.25,19.149,4.5748
2219-10-05T20:40:00Z,606.54,25.148,1086,65.5,76.538,21.261,4.5521
2219-10-05T20:50:00Z,607.04,24.976,1137,64.8,76.168,22.624,4.5433
2219-10-05T21:00:00Z,597.84,24.772,1227,65.7,71.717,23.343,4.5279
2219-10-05T21:10:00Z,599.12,24.592,1194,66.5,73.242,24.512,4.4925
2219-10-05T21:20:00Z,598.91,24.468,1206,65.4,72.582,24.507,4.5395
2219-10-05T21:30:00Z,602.13,24.312,1242,66.4,69.945,24.724,4.5368
2219-10-05T21:40:00Z,603.49,24.244,1257,65.1,67.761,25.104,4.5611
2219-10-05T21:50:00Z,603.76,24.176,1227,65.4,68.255,24.886,4.5453
2219-10-05T22:00:00Z,594.89,24.12,1179,66.7,70.81,25.972,4.5466
2219-10-05T22:10:00Z,604.26,24.112,1164,66,72.418,25.502,4.5546
2219-10-05T22:20:00Z,598.38,24.052,1137,65,75.261,26.285,4.5477
2219-10-05T22:30:00Z,598.57,24.056,1212,65.5,71.841,25.575,4.5229
2219-10-05T22:40:00Z,605.89,24.048,1233,66.5,70.069,25.223,4.5163
2219-10-05T22:50:00Z,602.23,24.04,1218,66.3,70.192,25.622,4.5302
2219-10-05T23:00:00Z,594.48,24.028,1182,67.3,72.17,25.559,4.5275
2219-10-05T23:10:00Z,599.13,24.04,1137,68.3,75.755,25.169,4.5166
2219-10-05T23:20:00Z,599.36,24.032,1182,66.7,74.396,25.683,4.5812
2219-10-05T23:30:00Z,600.97,24.008,1212,67,72.83,25.283,4.5629
2219-10-05T23:40:00Z,601.45,23.996,1233,68.2,71.058,25.712,4.5545
2219-10-05T23:50:00Z,598.25,24.016,1209,67.3,71.799,25.287,4.5636
2219-10-06T00:00:00Z,604.17,23.972,1239,67.9,69.492,25.897,4.5512
2219-10-06T00:10:00Z,598.35,24.008,1164,69.4,73.571,25.621,4.5507
2219-10-06T00:20:00Z,601.38,24.008,1227,67.4,70.234,25.573,4.5975
2219-10-06T00:30:00Z,597.51,24.024,1200,66.8,71.346,25.648,4.5317
2219-10-06T00:40:00Z,606.64,24,1179,67.9,72.788,25.609,4.5541
2219-10-06T00:50:00Z,600.96,24.036,1200,67.4,71.923,25.769,4.5291
2219-10-06T01:00:00Z,602.49,23.976,1200,66.6,71.923,25.587,4.5567
2219-10-06T01:10:00Z,602.37,24.04,1230,68.7,69.863,25.62,4.5719
2219-10-06T01:20:00Z,599.17,23.992,1161,68,73.777,25.478,4.5696
2219-10-06T01:30:00Z,602.7,24,1176,69,73.819,26.288,4.5293
2219-10-06T01:40:00Z,597.31,24,1155,68.9,75.92,26.239,4.5388
2219-10-06T01:50:00Z,604.4,24.032,1221,68.9,72.624,25.982,4.5264
2219-10-06T02:00:00Z,604.3,23.976,1212,67.9,72.665,26.05,4.5697
2219-10-06T02:10:00Z,600.99,24.04,1236,67.8,70.687,26.129,4.5481
2219-10-06T02:20:00Z,590.95,24.004,1209,65.9,71.552,25.518,4.5376
2219-10-06T02:30:00Z,604.41,24.036,1203,68.2,71.717,26.029,4.5439
2219-10-06T02:40:00Z,595.75,24.028,1188,67.8,72.665,25.976,4.516
2219-10-06T02:50:00Z,599.72,23.992,1260,69.1,68.049,26.088,4.5371
2219-10-06T03:00:00Z,604.98,24.056,1227,67.1,68.668,26.026,4.5408
2219-10-06T03:10:00Z,603.27,24.008,1143,67.2,73.695,25.809,4.5529
2219-10-06T03:20:00Z,594.41,23.988,1167,67.1,73.613,25.783,4.5423
2219-10-06T03:30:00Z,605.29,24.016,1203,68.5,72.047,25.535,4.5642
2219-10-06T03:40:00Z,597.13,24,1179,70.1,73.613,26.165,4.5384
2219-10-06T03:50:00Z,602.32,23.996,1221,72.9,71.305,25.503,4.5546
2219-10-06T04:00:00Z,600.57,24.008,1218,70.9,70.934,25.959,4.5489
2219-10-06T04:10:00Z,592.11,23.98,1161,70.5,74.354,25.684,4.5733
2219-10-06T04:20:00Z,601.14,23.996,1173,69,74.602,25.929,4.5841
2219-10-06T04:30:00Z,604.03,24.008,1218,69.5,72.253,25.592,4.5893
2219-10-06T04:40:00Z,603.26,24.008,1230,72,70.934,26.175,4.5671
2219-10-06T04:50:00Z,608.33,23.98,1239,71.6,69.492,25.997,4.5306
2219-10-06T05:00:00Z,595.96,23.992,1152,72.8,74.396,25.878,4.4922
2219-10-06T05:10:00Z,598.3,23.948,1134,73.8,76.951,26.233,4.5384
2219-10-06T05:20:00Z,607.39,24.02,1242,72.1,71.346,26.423,4.5752
2219-10-06T05:30:00Z,601.34,23.996,1257,72.2,69.162,25.596,4.5376
2219-10-06T05:40:00Z,597.14,23.98,1182,69.6,72.747,25.478,4.5401
2219-10-06T05:50:00Z,602.38,24.008,1161,72,74.684,25.71,4.563
2219-10-06T06:00:00Z,602.19,23.984,1167,71.2,75.343,25.863,4.5322
2219-10-06T06:10:00Z,603.58,24.016,1182,70.6,75.22,26.169,4.5574
2219-10-06T06:20:00Z,596.04,23.964,1239,70.4,71.799,26.221,4.5805
2219-10-06T06:30:00Z,596.09,24.012,1254,68.6,69.698,25.504,4.5104
2219-10-06T06:40:00Z,601.77,24.02,1194,68.4,72.335,25.558,4.5271
2219-10-06T06:50:00Z,590.75,23.988,1206,68.6,71.676,25.385,4.5252
2219-10-06T07:00:00Z,598.07,23.996,1176,70.9,73.571,25.922,4.5461
2219-10-06T07:10:00Z,597.27,24,1197,71.3,72.788,25.91,4.5333
2219-10-06T07:20:00Z,597,23.992,1188,71.4,73.489,25.631,4.555
2219-10-06T07:30:00Z,596.17,24.004,1194,68.9,73.407,25.767,4.5446
2219-10-06T07:40:00Z,599.18,23.992,1215,69,72.129,25.622,4.5656
2219-10-06T07:50:00Z,602.5,24.008,1209,69.3,72.129,26.263,4.5653
2219-10-06T08:00:00Z,598.12,23.976,1188,69.3,73.324,25.701,4.5459
2219-10-06T08:10:00Z,597.42,23.988,1233,70.2,70.563,25.894,4.5278
2219-10-06T08:20:00Z,599.91,24.016,1215,66.7,70.893,25.888,4.5401
2219-10-06T08:30:00Z,599.72,23.98,1203,65,71.305,25.907,4.5583
2219-10-06T08:40:00Z,599.92,23.996,1206,63.7,71.016,25.431,4.553
2219-10-06T08:50:00Z,597.67,23.976,1167,64,73.53,25.277,4.5367
2219-10-06T09:00:00Z,598.81,23.988,1212,64.8,71.346,26.114,4.5211
2219-10-06T09:10:00Z,599.77,24.02,1248,64.7,68.544,25.603,4.5384
2219-10-06T09:20:00Z,598.46,23.984,1209,63.5,69.904,25.605,4.5361
2219-10-06T09:30:00Z,603.67,24.024,1209,63.3,69.657,26.005,4.5221
2219-10-06T09:40:00Z,600.12,23.956,1206,63.2,69.615,26.267,4.5362
2219-10-06T09:50:00Z,600.37,24.02,1197,64.4,70.069,25.745,4.5423
2219-10-06T10:00:00Z,599.12,23.992,1164,64.7,72.418,25.801,4.5347
2219-10-06T10:10:00Z,598.84,24.032,1128,67.1,75.879,25.255,4.5781
2219-10-06T10:20:00Z,597.12,23.98,1182,69.1,74.148,25.839,4.5463
2219-10-06T10:30:00Z,599.29,23.988,1281,67.7,67.843,25.523,4.5435
2219-10-06T10:40:00Z,596.11,23.98,1146,68.2,74.89,26.293,4.549
2219-10-06T10:50:00Z,592.81,24.016,1170,68,74.725,25.596,4.5211
2219-10-06T11:00:00Z,598.98,24.008,1182,67.7,74.725,25.993,4.5164
2219-10-06T11:10:00Z,595.99,24.02,1257,70.1,70.069,25.846,4.5566
2219-10-06T11:20:00Z,598.29,24.044,1194,69.2,72.83,25.884,4.5512
2219-10-06T11:30:00Z,602.92,24.024,1164,68.7,75.055,25.752,4.5406
2219-10-06T11:40:00Z,592.51,23.988,1209,69.6,72.953,26.191,4.5678
2219-10-06T11:50:00Z,572.78,24.004,1251,69.8,65.655,25.57,4.3013
2219-10-06T12:00:00Z,344.19,22.912,1248,68.1,48.846,24.435,2.6266
2219-10-06T12:10:00Z,67.732,20.228,1155,68.8,36.973,19.287,0.85967
2219-10-06T12:20:00Z,-0.16039,18.064,1143,67.6,28.045,14.016,0.53241
2219-10-06T12:30:00Z,-2.5759,17.024,1059,68.3,24.391,10.188,0.51638
2219-10-06T12:40:00Z,4.3903,16.648,1002,66,21.19,6.7064,0.52239
2219-10-06T12:50:00Z,2.7845,16.656,975,67.3,17.495,4.9747,0.53838
2219-10-06T13:00:00Z,7.7059,16.84,873,68.4,19.693,3.7232,0.52574
2219-10-06T13:10:00Z,2.4406,17.028,843,70.2,19.748,2.6416,0.56045
2219-10-06T13:20:00Z,-1.2488,17.248,786,69.9,22.482,1.9145,0.54749
2219-10-06T13:30:00Z,-8.1508,17.416,843,70.7,18.951,1.5515,0.54604
2219-10-06T13:40:00Z,-2.4002,17.564,876,72.2,15.504,1.1338,0.53417
2219-10-06T13:50:00Z,-6.6765,17.668,780,70.6,20.009,0.4369,0.55974
2219-10-06T14:00:00Z,-6.2088,17.772,771,71.9,21.177,0.49455,0.49761
2219-10-06T14:10:00Z,4.1211,17.82,780,72.5,21.355,0.45836,0.55821
2219-10-06T14:20:00Z,2.8621,17.856,759,70.1,23.347,0.66378,0.51325
2219-10-06T14:30:00Z,-2.2659,17.904,894,72.4,15.201,0.73404,0.53871
2219-10-06T14:40:00Z,2.8527,17.88,867,71.5,14.473,-0.12624,0.52186
2219-10-06T14:50:00Z,2.6712,17.928,774,72.8,19.02,0.47688,0.57097
2219-10-06T15:00:00Z,6.204,17.972,723,70.6,23.237,-0.034496,0.54858
2219-10-06T15:10:00Z,-4.7881,17.976,852,69.7,16.493,0.32284,0.54466
2219-10-06T15:20:00Z,-6.7141,17.96,810,70.3,17.949,0.2964,0.55645
2219-10-06T15:30:00Z,-2.4979,17.992,735,69.8,22.825,0.2123,0.53442
2219-10-06T15:40:00Z,-0.21995,17.992,801,70.2,20.078,-0.42677,0.54721
2219-10-06T15:50:00Z,3.5032,18.032,849,69.6,16.754,0.091739,0.53364
2219-10-06T16:00:00Z,-0.013773,17.988,771,70.5,20.765,-0.02126,0.52883
2219-10-06T16:10:00Z,-0.82442,17.956,777,70.6,21.149,-0.27515,0.55503
2219-10-06T16:20:00Z,1.451,17.988,780,69.3,21.575,0.14554,0.55869
2219-10-06T16:30:00Z,-3.0374,17.988,795,70.8,21.094,-0.2575,0.54503
2219-10-06T16:40:00Z,7.9473,18.024,831,70.8,18.759,0.022972,0.56449
2219-10-06T16:50:00Z,3.2431,17.98,795,73.1,20.38,0.013652,0.5636
2219-10-06T17:00:00Z,2.4374,17.98,804,71.1,19.899,-0.42662,0.59831
2219-10-06T17:10:00Z,1.1613,18.052,819,73,18.759,0.13435,0.53476
2219-10-06T17:20:00Z,-4.4083,18.028,777,73.3,21.122,0.18418,0.56837
2219-10-06T17:30:00Z,-0.63484,18.012,792,75.2,20.723,0.01422,0.51725
2219-10-06T17:40:00Z,5.7798,17.988,834,74.7,18.059,0.56413,0.56258
2219-10-06T17:50:00Z,2.954,17.972,765,73.9,21.864,0.16946,0.5659
2219-10-06T18:00:00Z,-1.7205,18.008,783,72.2,21.589,-0.72768,0.54008
2219-10-06T18:10:00Z,-2.6355,17.992,744,71.9,24.734,-0.22584,0.57502
2219-10-06T18:20:00Z,2.0395,18.008,828,72,20.504,0.09121,0.5323
2219-10-06T18:30:00Z,-4.6473,17.992,831,71.6,19.528,-0.13414,0.56527
2219-10-06T18:40:00Z,6.469,18.004,852,71.9,17.234,-0.13374,0.55374
2219-10-06T18:50:00Z,6.049,18.028,849,70.1,16.012,0.17889,0.56062
2219-10-06T19:00:00Z,-4.7485,18.024,762,68,20.641,-0.10063,0.54959
2219-10-06T19:10:00Z,10.574,17.98,765,66.5,21.479,-0.2853,0.56855
2219-10-06T19:20:00Z,-1.7965,17.996,786,66.6,20.998,-0.052499,0.55114
2219-10-06T19:30:00Z,-5.1015,17.984,807,67,19.94,-0.41966,0.54315
2219-10-06T19:40:00Z,-0.65605,17.992,828,66.5,18.306,-0.36307,0.55263
2219-10-06T19:50:00Z,-4.8428,18.004,819,65.9,18.155,0.2858,0.55821
2219-10-06T20:00:00Z,0.052621,18.02,804,65.2,18.663,-0.53023,0.57657
2219-10-06T20:10:00Z,4.0963,18.032,768,63.6,21.026,0.28472,0.59134
2219-10-06T20:20:00Z,3.6988,18.032,828,65,17.784,-0.45911,0.56095
2219-10-06T20:30:00Z,-0.087521,17.992,759,66.6,21.754,-0.0074103,0.56802
2219-10-06T20:40:00Z,4.082,18.004,783,67.2,21.232,0.76621,0.55857
2219-10-06T20:50:00Z,31.526,17.996,843,66.5,22.395,-0.088848,0.85221
2219-10-06T21:00:00Z,277.43,19.264,804,66.7,39.78,1.5771,2.5255
2219-10-06T21:10:00Z,533.92,21.916,777,68.1,58.091,5.6461,4.2973
2219-10-06T21:20:00Z,592.71,24.044,870,68.5,63.324,10.276,4.5692
2219-10-06T21:30:00Z,596.84,25.004,879,68.4,71.772,14.312,4.6005
2219-10-06T21:40:00Z,600.89,25.38,921,68.5,77.706,17.102,4.5525
2219-10-06T21:50:00Z,600.55,25.324,1065,69.6,75.481,19.902,4.5705
2219-10-06T22:00:00Z,607.28,25.16,1200,69.6,69.918,21.971,4.5464
2219-10-06T22:10:00Z,599.21,24.944,1173,69.9,71.772,21.998,4.559
2219-10-06T22:20:00Z,602.98,24.772,1176,70.3,72.308,23.324,4.5335
2219-10-06T22:30:00Z,596.78,24.592,1227,69.9,69.464,23.598,4.5255
2219-10-06T22:40:00Z,595.52,24.44,1221,69.8,69.135,24.382,4.5362
2219-10-06T22:50:00Z,596.98,24.332,1143,70.2,73.915,25.122,4.5117
2219-10-06T23:00:00Z,594.26,24.236,1179,70.9,73.008,25.578,4.5468
2219-10-06T23:10:00Z,599.68,24.148,1236,71.4,69.67,25.558,4.5393
2219-10-06T23:20:00Z,597.77,24.092,1173,71.9,73.008,25.619,4.5431
2219-10-06T23:30:00Z,595.56,24.072,1221,70.4,70.453,25.327,4.5636
2219-10-06T23:40:00Z,604.38,24.108,1227,69.4,69.464,25.441,4.5484
2219-10-06T23:50:00Z,605.07,24.052,1209,70.6,69.959,25.49,4.542
2219-10-07T00:00:00Z,601.53,24.032,1182,72.9,71.566,26.182,4.5356
2219-10-07T00:10:00Z,598.82,24.036,1209,72.3,70.206,25.764,4.5207
2219-10-07T00:20:00Z,597.03,24.024,1176,72,72.225,25.736,4.5526
2219-10-07T00:30:00Z,596.54,24.04,1200,70,71.236,25.384,4.5464
2219-10-07T00:40:00Z,600.09,23.96,1185,71.3,72.266,25.316,4.5421
2219-10-07T00:50:00Z,596.91,24.02,1164,71.2,74.121,25.63,4.5669
2219-10-07T01:00:00Z,595.15,23.992,1212,71.7,71.813,25.83,4.5475
2219-10-07T01:10:00Z,598.54,24.032,1251,72.2,68.805,25.442,4.5401
2219-10-07T01:20:00Z,602.66,24.008,1251,72.4,67.404,25.624,4.4957
2219-10-07T01:30:00Z,598.83,23.984,1146,71.9,73.214,25.421,4.5351
2219-10-07T01:40:00Z,599.79,23.992,1164,72.3,73.462,25.92,4.5447
2219-10-07T01:50:00Z,606.12,24.008,1176,73.3,73.626,24.959,4.5152
2219-10-07T02:00:00Z,606.89,24.004,1230,73,70.577,25.547,4.5594
2219-10-07T02:10:00Z,600.73,23.972,1221,74.4,70.371,25.109,4.5081
2219-10-07T02:20:00Z,595.39,23.996,1194,72.4,71.648,25.492,4.5174
2219-10-07T02:30:00Z,601.06,24.012,1194,72.3,71.813,25.774,4.5234
2219-10-07T02:40:00Z,605.14,24.012,1176,74.5,73.214,25.122,4.5055
2219-10-07T02:50:00Z,597.07,24.028,1176,74.3,73.874,25.195,4.5605
2219-10-07T03:00:00Z,594.6,24.052,1230,74.8,70.824,25.28,4.5559
2219-10-07T03:10:00Z,598.11,23.984,1239,74.7,69.382,25.997,4.5304
2219-10-07T03:20:00Z,596.02,23.992,1206,74.5,70.577,26.024,4.5485
2219-10-07T03:30:00Z,603.45,24.012,1212,74.8,70,26.101,4.5358
2219-10-07T03:40:00Z,603.54,24.02,1179,73,71.937,26.093,4.5419
2219-10-07T03:50:00Z,603.4,24.02,1236,73.5,68.599,25.617,4.5237
2219-10-07T04:00:00Z,606.36,24.004,1206,70.3,69.67,25.651,4.5338
2219-10-07T04:10:00Z,601.17,24.02,1131,71.4,74.657,25.327,4.545
2219-10-07T04:20:00Z,595.43,24.016,1179,71,73.255,25.602,4.5429
2219-10-07T04:30:00Z,601.54,23.988,1215,70.2,71.36,25.387,4.583
2219-10-07T04:40:00Z,600.95,24,1122,68.8,77.335,26.227,4.526
2219-10-07T04:50:00Z,600.77,24.008,1218,67,72.885,25.378,4.5295
2219-10-07T05:00:00Z,600.87,23.976,1239,67.8,70.948,25.333,4.5454
2219-10-07T05:10:00Z,592.75,23.988,1212,68.2,71.731,25.644,4.5091
2219-10-07T05:20:00Z,599.06,23.996,1203,69.4,72.019,25.825,4.5546
2219-10-07T05:30:00Z,603.76,23.968,1227,69.3,70.288,26.066,4.5485
2219-10-07T05:40:00Z,598.84,23.976,1194,72.1,71.813,25.636,4.5583
2219-10-07T05:50:00Z,599.1,24,1194,73.6,71.978,25.671,4.5631
2219-10-07T06:00:00Z,595.73,24.004,1236,73.4,69.258,26.071,4.507
2219-10-07T06:10:00Z,598.98,23.996,1128,75.1,75.687,25.654,4.5417
2219-10-07T06:20:00Z,602.07,24.008,1158,75.8,75.604,25.665,4.5354
2219-10-07T06:30:00Z,600.1,24.032,1275,75.1,68.723,25.768,4.5435
2219-10-07T06:40:00Z,603.44,23.992,1236,73.2,69.341,25.509,4.5158
2219-10-07T06:50:00Z,602.03,24.012,1275,71.2,65.673,25.701,4.5452
2219-10-07T07:00:00Z,600.68,23.972,1218,69.9,67.527,25.427,4.5461
2219-10-07T07:10:00Z,600.5,24,1173,70.1,70.124,25.347,4.533
2219-10-07T07:20:00Z,601.23,24.004,1167,68.6,71.277,25.259,4.5413
2219-10-07T07:30:00Z,606.22,24.008,1128,68.4,74.863,25.643,4.5376
2219-10-07T07:40:00Z,606.44,24.016,1149,67.8,75.398,25.444,4.5027
2219-10-07T07:50:00Z,599.32,23.984,1179,67.3,74.739,26.265,4.5503
2219-10-07T08:00:00Z,601.91,23.96,1179,68.4,75.316,25.97,4.5356
2219-10-07T08:10:00Z,607.6,24.004,1251,67.1,70.948,25.762,4.5282
2219-10-07T08:20:00Z,602.91,24.04,1209,66.2,72.431,25.936,4.597
2219-10-07T08:30:00Z,592.19,23.976,1224,66.7,71.154,25.609,4.5622
2219-10-07T08:40:00Z,602.83,24,1227,67.2,70.288,26.157,4.5795
2219-10-07T08:50:00Z,606,24.04,1224,67.6,69.753,25.61,4.5058
2219-10-07T09:00:00Z,601.5,23.984,1218,66.2,69.505,24.94,4.5494
2219-10-07T09:10:00Z,600.57,24.008,1131,66.8,74.986,25.383,4.5239
2219-10-07T09:20:00Z,599.7,24.04,1173,67.3,73.997,26.082,4.5544
2219-10-07T09:30:00Z,601.25,24.012,1212,66.8,72.06,25.823,4.5605
2219-10-07T09:40:00Z,597.47,24,1266,64.3,68.022,25.508,4.5362
2219-10-07T09:50:00Z,594.94,24,1152,65.5,74.038,25.728,4.5593
2219-10-07T10:00:00Z,598.67,23.964,1197,65.4,72.266,25.779,4.5355
2219-10-07T10:10:00Z,604.06,24.036,1164,64.4,74.615,25.504,4.4873
2219-10-07T10:20:00Z,602.3,24.008,1191,61.9,73.75,25.512,4.5494
2219-10-07T10:30:00Z,600.72,24.052,1221,61.3,71.937,26.677,4.569
2219-10-07T10:40:00Z,601.48,23.996,1239,60.7,70.124,25.577,4.5203
2219-10-07T10:50:00Z,598.33,24.012,1143,58,75.646,25.713,4.5319
2219-10-07T11:00:00Z,600.95,23.98,1272,58.4,68.352,25.318,4.5285
2219-10-07T11:10:00Z,600.19,23.996,1254,57.2,67.61,25.698,4.5586
2219-10-07T11:20:00Z,603.14,23.992,1170,58.1,71.896,26.242,4.5548
2219-10-07T11:30:00Z,603.56,23.956,1185,59.2,71.69,25.8,4.5344
2219-10-07T11:40:00Z,593.76,23.992,1203,60.3,70.865,25.913,4.5206
2219-10-07T11:50:00Z,599.05,23.98,1209,59.2,70.371,25.402,4.5118
2219-10-07T12:00:00Z,596.37,24.016,1206,57.9,70.33,26.418,4.5436
2219-10-07T12:10:00Z,592.88,23.968,1149,57.8,74.08,25.491,4.5124
2219-10-07T12:20:00Z,599.92,23.98,1179,58.5,73.42,25.301,4.535
2219-10-07T12:30:00Z,605.85,23.984,1242,59.4,69.67,25.341,4.5705
2219-10-07T12:40:00Z,606.61,23.968,1236,61,68.929,25.556,4.5301
2219-10-07T12:50:00Z,595.66,24.032,1254,61,66.703,25.412,4.5344
2219-10-07T13:00:00Z,601.33,24.04,1206,60.9,68.516,25.186,4.5576
2219-10-07T13:10:00Z,571.42,23.976,1230,61.6,61.886,25.882,4.258
2219-10-07T13:20:00Z,323.14,22.72,1143,61.4,51.149,23.602,2.5086
2219-10-07T13:30:00Z,62.811,20.136,1098,61.7,39.24,19.1,0.85927
2219-10-07T13:40:00Z,13.755,17.968,1122,59.7,29.405,14.22,0.5295
2219-10-07T13:50:00Z,-0.30328,16.988,1101,59.8,22.001,10.247,0.50091
2219-10-07T14:00:00Z,-1.4008,16.692,1047,60.4,17.44,6.9569,0.53454
2219-10-07T14:10:00Z,4.4999,16.704,939,60.9,18.072,4.8359,0.54357
2219-10-07T14:20:00Z,6.2113,16.856,885,60.3,17.962,3.1492,0.54624
2219-10-07T14:30:00Z,2.8189,17.056,852,62.2,17.894,2.3512,0.55774
2219-10-07T14:40:00Z,3.9672,17.212,777,60.9,21.616,1.9824,0.53256
2219-10-07T14:50:00Z,-4.3737,17.444,771,61,22.66,1.2899,0.54941
2219-10-07T15:00:00Z,1.6273,17.532,750,61.6,24.899,0.64778,0.54488
2219-10-07T15:10:00Z,6.5785,17.68,876,62.3,17.619,0.23956,0.56465
2219-10-07T15:20:00Z,-3.6106,17.764,807,64.1,20.27,0.36832,0.51499
2219-10-07T15:30:00Z,1.835,17.82,801,65.3,20.49,0.61756,0.57783
2219-10-07T15:40:00Z,9.4861,17.884,846,68.2,17.372,-0.27677,0.56061
2219-10-07T15:50:00Z,-1.4637,17.892,828,68.9,17.344,-0.24059,0.53235
2219-10-07T16:00:00Z,-2.0804,17.96,780,69,19.872,0.097303,0.52709
2219-10-07T16:10:00Z,-4.3438,17.968,756,69.5,22.07,0.073016,0.55752
2219-10-07T16:20:00Z,-9.316,17.928,771,70.8,22.248,-0.019863,0.54072
2219-10-07T16:30:00Z,-0.12859,17.992,822,70.9,19.542,0.32603,0.54662
2219-10-07T16:40:00Z,2.7651,17.988,771,71.7,22.44,-0.30139,0.53345
2219-10-07T16:50:00Z,4.4082,17.992,780,71.6,22.619,0.12037,0.52169
2219-10-07T17:00:00Z,-3.395,17.976,858,73.5,17.811,-0.088057,0.56956
2219-10-07T17:10:00Z,-3.9164,18.04,825,70.8,18.484,-0.2803,0.53683
2219-10-07T17:20:00Z,0.10813,17.988,867,70.5,14.913,0.27206,0.55672
2219-10-07T17:30:00Z,-2.6549,18,828,70.8,15.751,-0.011024,0.52337
2219-10-07T17:40:00Z,-4.9966,18.016,747,70.3,20.545,0.28915,0.56638
2219-10-07T17:50:00Z,-4.2061,17.988,768,67.4,20.559,-0.39273,0.58109
2219-10-07T18:00:00Z,1.7215,18.008,735,69.2,23.704,-0.62862,0.55773
2219-10-07T18:10:00Z,4.5914,18.02,792,67.9,21.575,0.028539,0.54403
2219-10-07T18:20:00Z,2.0672,17.98,825,68.6,19.528,0.26444,0.53461
2219-10-07T18:30:00Z,5.9331,18.004,828,68.5,18.636,0.017498,0.5475
2219-10-07T18:40:00Z,-0.10115,18.028,858,66.5,15.806,-0.20853,0.53935
2219-10-07T18:50:00Z,1.0929,18.012,777,65.6,19.776,-0.5999,0.58635
2219-10-07T19:00:00Z,-1.3859,18.032,816,67.4,17.729,-0.12284,0.50986
2219-10-07T19:10:00Z,-7.814,18.044,804,69.7,18.114,-0.25081,0.50918
2219-10-07T19:20:00Z,1.3494,18,762,68.4,20.888,0.1256,0.5659
2219-10-07T19:30:00Z,-1.7472,17.992,756,69,22.344,0.15677,0.54236
2219-10-07T19:40:00Z,0.65173,17.996,771,69.2,22.523,0.017383,0.57063
2219-10-07T19:50:00Z,4.0913,17.964,756,70.3,24.35,-0.018728,0.5425
2219-10-07T20:00:00Z,-0.0027645,18.008,858,70.9,18.553,0.32877,0.55659
2219-10-07T20:10:00Z,-4.5061,17.972,846,70.8,17.784,0.078889,0.57557
2219-10-07T20:20:00Z,2.3801,17.968,777,70.8,21.259,-0.052909,0.54548
2219-10-07T20:30:00Z,-5.5928,17.976,825,71.2,18.594,-0.13478,0.57899
2219-10-07T20:40:00Z,1.0358,18.004,774,71.8,21.41,0.47374,0.52807
2219-10-07T20:50:00Z,-1.4353,18.02,810,72,19.652,-0.40624,0.5344
2219-10-07T21:00:00Z,-6.4893,18.036,732,71.7,24.734,-0.047215,0.56309
2219-10-07T21:10:00Z,-4.6012,17.988,843,71.1,18.979,0.33751,0.57863
2219-10-07T21:20:00Z,-4.9691,18,822,71.8,19.24,-0.00063102,0.56897
2219-10-07T21:30:00Z,-2.6084,17.996,810,72.2,19.46,-0.33957,0.58739
2219-10-07T21:40:00Z,-1.7718,18.004,801,72.8,19.803,-0.36995,0.55131
2219-10-07T21:50:00Z,0.04972,17.98,828,74.1,17.921,-0.39517,0.57038
2219-10-07T22:00:00Z,0.065883,17.996,807,76.3,18.594,0.06064,0.55816
2219-10-07T22:10:00Z,43.565,18.068,744,76.1,27.987,0.56997,0.91231
2219-10-07T22:20:00Z,291.61,19.328,834,76.4,39.415,1.9144,2.624
2219-10-07T22:30:00Z,535.93,21.976,837,76.2,54.583,5.7512,4.3124
2219-10-07T22:40:00Z,588.18,24.096,828,78.9,65.174,10.614,4.5844
2219-10-07T22:50:00Z,592.48,25.056,891,78.5,71.067,14.293,4.5855
2219-10-07T23:00:00Z,596.87,25.364,984,77.9,73.168,17.424,4.5467
2219-10-07T23:10:00Z,601.64,25.348,1050,77.3,74.57,19.493,4.5748
2219-10-07T23:20:00Z,596.42,25.136,1179,76.7,69.831,20.657,4.5192
2219-10-07T23:30:00Z,599.99,24.952,1188,76.6,69.789,21.98,4.544
2219-10-07T23:40:00Z,596.01,24.732,1188,77.8,70.119,23.537,4.5695
2219-10-07T23:50:00Z,597.55,24.568,1164,77.4,72.097,23.859,4.5552
2219-10-08T00:00:00Z,598,24.452,1245,76.9,67.523,24.251,4.5157
2219-10-08T00:10:00Z,602.39,24.284,1212,77.6,68.553,24.456,4.4865
2219-10-08T00:20:00Z,604.42,24.212,1137,76.3,73.375,24.956,4.5434
2219-10-08T00:30:00Z,603.11,24.152,1170,76,72.839,25.118,4.5571
2219-10-08T00:40:00Z,603.1,24.164,1140,75,75.723,25.327,4.5348
2219-10-08T00:50:00Z,595.82,24.072,1149,75.2,76.754,25.904,4.5626
2219-10-08T01:00:00Z,604.55,24.064,1227,74.8,72.798,25.814,4.5427
2219-10-08T01:10:00Z,596.04,24.056,1224,75.8,72.262,25.132,4.53
2219-10-08T01:20:00Z,602.61,24.052,1200,77.2,73.251,25.968,4.5768
2219-10-08T01:30:00Z,608.08,23.996,1218,77.1,72.015,25.654,4.5551
2219-10-08T01:40:00Z,602.79,24.02,1278,75.2,67.399,25.531,4.5686
2219-10-08T01:50:00Z,595.96,24.012,1200,73.8,70.614,26.154,4.5361
2219-10-08T02:00:00Z,600.24,23.992,1164,73,73.086,26.031,4.5517
2219-10-08T02:10:00Z,602.98,24,1188,72.2,72.427,26.123,4.521
2219-10-08T02:20:00Z,600.09,24.032,1134,73.6,76.465,25.753,4.5493
2219-10-08T02:30:00Z,598.26,24.004,1263,74.3,69.418,26.01,4.5616
2219-10-08T02:40:00Z,593.15,24.008,1191,73.3,72.633,25.763,4.5324
2219-10-08T02:50:00Z,593.99,24.004,1224,72.8,70.614,25.719,4.5353
2219-10-08T03:00:00Z,603.97,24.004,1158,72.6,74.487,25.821,4.5736
2219-10-08T03:10:00Z,605.74,23.952,1140,73,76.877,26.006,4.5492
2219-10-08T03:20:00Z,600.36,24.024,1269,71.2,69.666,25.832,4.5442
2219-10-08T03:30:00Z,605.53,23.976,1212,72.2,71.685,25.968,4.5307
2219-10-08T03:40:00Z,603.91,23.948,1233,72.2,69.913,26.045,4.5348
2219-10-08T03:50:00Z,594.16,24.02,1203,69.8,71.067,26.191,4.5305
2219-10-08T04:00:00Z,597.83,23.996,1152,70.4,74.487,25.655,4.5106
2219-10-08T04:10:00Z,592.35,24.008,1194,68,72.921,25.522,4.5693
2219-10-08T04:20:00Z,601.94,24.02,1173,68,74.528,25.694,4.537
2219-10-08T04:30:00Z,595.73,24.024,1230,66,71.355,25.91,4.5091
2219-10-08T04:40:00Z,597.52,24.044,1236,67.2,70.119,25.792,4.5262
2219-10-08T04:50:00Z,599.74,23.972,1230,66.6,69.542,25.853,4.5452
2219-10-08T05:00:00Z,598.56,23.996,1242,65.8,67.894,25.918,4.5485
2219-10-08T05:10:00Z,601.91,24.02,1164,64.6,72.097,25.837,4.5402
2219-10-08T05:20:00Z,590.79,23.988,1167,64.3,72.88,25.425,4.5582
2219-10-08T05:30:00Z,600.54,23.992,1197,62.6,71.726,25.672,4.5511
2219-10-08T05:40:00Z,591.67,24,1179,61.9,73.045,25.576,4.5849
2219-10-08T05:50:00Z,604.8,24.024,1239,62.3,69.501,26.024,4.5859
2219-10-08T06:00:00Z,601.85,23.996,1173,60.6,72.962,25.908,4.5527
2219-10-08T06:10:00Z,598.59,23.996,1206,58.9,71.438,25.497,4.5535
2219-10-08T06:20:00Z,594.34,23.98,1212,58.3,70.861,25.743,4.5513
2219-10-08T06:30:00Z,601.66,24,1143,58.7,75.27,25.957,4.5437
2219-10-08T06:40:00Z,601.53,24.02,1188,59.8,73.745,25.484,4.5421
2219-10-08T06:50:00Z,590.81,23.988,1215,58.4,72.221,26.139,4.5555
2219-10-08T07:00:00Z,594.65,24.016,1218,60.7,71.603,26.472,4.5485
2219-10-08T07:10:00Z,596.19,23.972,1200,60.4,72.344,26.01,4.5644
2219-10-08T07:20:00Z,597.48,24.004,1206,62.3,71.932,26.113,4.5204
2219-10-08T07:30:00Z,598.12,24.024,1236,60.7,69.707,25.99,4.5317
2219-10-08T07:40:00Z,605.82,24.024,1170,61.4,73.251,25.598,4.5567
2219-10-08T07:50:00Z,600.67,23.984,1146,62,75.723,25.404,4.5393
2219-10-08T08:00:00Z,598.29,24.024,1239,63.9,70.82,26.032,4.5278
2219-10-08T08:10:00Z,592.74,23.984,1251,64.7,68.924,25.457,4.5666
2219-10-08T08:20:00Z,601.84,23.976,1239,64.5,68.347,26.166,4.5452
2219-10-08T08:30:00Z,600.26,23.984,1140,64.9,74.075,25.433,4.5373
2219-10-08T08:40:00Z,605.16,23.976,1179,64.5,73.045,26.254,4.5441
2219-10-08T08:50:00Z,597.87,24.024,1155,62.1,75.27,25.685,4.5568
2219-10-08T09:00:00Z,596.11,24.004,1209,62.6,72.798,25.309,4.5497
2219-10-08T09:10:00Z,595.85,24.02,1260,61.5,69.048,25.679,4.5338
2219-10-08T09:20:00Z,601.79,23.984,1209,58.9,70.902,25.839,4.5451
2219-10-08T09:30:00Z,608.4,24.032,1191,59,71.891,26.053,4.5605
2219-10-08T09:40:00Z,605.79,23.988,1182,60.3,72.756,25.792,4.5429
2219-10-08T09:50:00Z,600.88,23.976,1212,60.4,71.19,25.648,4.5676
2219-10-08T10:00:00Z,599.94,24.008,1200,57.4,71.685,25.466,4.5492
2219-10-08T10:10:00Z,596.52,24.028,1242,58.8,68.8,25.704,4.515
2219-10-08T10:20:00Z,592.17,24,1215,59.6,69.501,25.941,4.5439
2219-10-08T10:30:00Z,604.91,23.992,1191,59.3,70.737,25.772,4.5393
2219-10-08T10:40:00Z,603.04,23.988,1170,58.5,72.427,25.36,4.5456
2219-10-08T10:50:00Z,598.96,24.016,1155,59.2,74.281,25.186,4.5244
2219-10-08T11:00:00Z,601.36,24,1179,59.5,73.869,25.387,4.5633
2219-10-08T11:10:00Z,603.76,23.988,1206,58.2,72.592,26.098,4.5587
2219-10-08T11:20:00Z,601.39,23.984,1194,57.7,73.251,26.02,4.5358
2219-10-08T11:30:00Z,598.19,24.016,1173,59.4,74.858,25.552,4.5572
2219-10-08T11:40:00Z,603.44,23.988,1275,60,68.594,25.729,4.5136
2219-10-08T11:50:00Z,593.75,24.008,1278,61.8,66.328,26.096,4.5715
2219-10-08T12:00:00Z,604.89,23.988,1203,62,69.336,25.715,4.5437
2219-10-08T12:10:00Z,599.82,23.976,1140,62.5,73.581,25.261,4.6052
2219-10-08T12:20:00Z,605,24.02,1185,62.3,72.138,25.636,4.5494
2219-10-08T12:30:00Z,598.57,24.008,1197,62.9,71.726,25.78,4.5516
2219-10-08T12:40:00Z,603.29,23.976,1200,62.7,71.603,25.61,4.5173
2219-10-08T12:50:00Z,603.8,24.004,1149,63.7,75.105,25.647,4.5442
2219-10-08T13:00:00Z,596.97,24.056,1260,65.3,68.883,25.62,4.5492
2219-10-08T13:10:00Z,598,24.004,1215,63.9,70.325,25.539,4.5104
2219-10-08T13:20:00Z,598.69,24.052,1197,63.7,71.149,26.003,4.5571
2219-10-08T13:30:00Z,597.59,23.984,1191,65.2,71.644,25.132,4.5474
2219-10-08T13:40:00Z,601.24,23.992,1182,67.7,72.509,25.826,4.5197
2219-10-08T13:50:00Z,599.54,23.98,1206,67.3,71.355,25.954,4.533
2219-10-08T14:00:00Z,596.52,23.996,1248,67.9,68.306,25.917,4.5813
2219-10-08T14:10:00Z,601.9,24.02,1200,69.2,70.284,25.518,4.5673
2219-10-08T14:20:00Z,594.15,23.972,1170,72.1,72.344,25.637,4.5576
2219-10-08T14:30:00Z,561.41,23.944,1224,70.8,64.202,25.774,4.2242
2219-10-08T14:40:00Z,312.82,22.656,1128,69.8,54.064,24.417,2.5056
2219-10-08T14:50:00Z,67.243,19.988,1170,70.6,36.85,18.454,0.85118
2219-10-08T15:00:00Z,8.8429,17.932,1158,70.8,27.509,13.79,0.50398
2219-10-08T15:10:00Z,-0.45067,16.948,1101,71.5,21.589,10.208,0.5314
2219-10-08T15:20:00Z,-4.7606,16.648,990,70.6,20.943,8.0928,0.50694
2219-10-08T15:30:00Z,-4.6299,16.704,1005,70,14.693,5.3553,0.5612
2219-10-08T15:40:00Z,4.8505,16.836,933,69.7,14.006,4.0271,0.5037
2219-10-08T15:50:00Z,0.75959,17.016,798,68.8,19.625,2.3265,0.52519
2219-10-08T16:00:00Z,1.9233,17.264,783,68.8,20.71,1.9185,0.55425
2219-10-08T16:10:00Z,2.9214,17.392,831,70.7,17.88,1.2864,0.55777
2219-10-08T16:20:00Z,3.6316,17.6,828,71.8,17.234,1.274,0.58979
2219-10-08T16:30:00Z,2.0426,17.656,810,71.2,17.701,0.60711,0.5569
2219-10-08T16:40:00Z,4.9438,17.772,777,73.4,19.693,0.19352,0.52283
2219-10-08T16:50:00Z,7.3782,17.852,750,73.6,22.179,0.60389,0.52942
2219-10-08T17:00:00Z,5.186,17.832,801,73.5,20.05,0.45049,0.5656
2219-10-08T17:10:00Z,-1.541,17.884,852,72.7,16.52,0.0046108,0.55811
2219-10-08T17:20:00Z,-2.2486,17.924,822,72.7,17.152,0.019438,0.51075
2219-10-08T17:30:00Z,-3.7101,17.948,753,71.2,21.287,0.084888,0.54937
2219-10-08T17:40:00Z,-5.6358,17.924,771,67.9,21.342,-0.47203,0.54273
2219-10-08T17:50:00Z,5.5151,17.972,759,69,22.962,-0.2828,0.52813
2219-10-08T18:00:00Z,1.1222,17.968,798,69.4,21.41,-0.047004,0.56247
2219-10-08T18:10:00Z,3.998,17.996,837,71.4,18.787,-0.39303,0.52739
2219-10-08T18:20:00Z,-3.0255,17.988,819,71.3,19.006,-0.58436,0.54574
2219-10-08T18:30:00Z,0.42699,18,744,70.7,23.636,-0.49578,0.51829
2219-10-08T18:40:00Z,4.5378,18.008,861,69.7,17.138,0.11409,0.52944
2219-10-08T18:50:00Z,-1.1908,18.004,801,68.7,19.583,-0.18874,0.52932
2219-10-08T19:00:00Z,3.3726,18.016,786,68.9,20.586,0.042889,0.57651
2219-10-08T19:10:00Z,0.083742,17.976,771,70.7,22.001,-0.074808,0.55758
2219-10-08T19:20:00Z,-3.0765,17.984,792,71.4,21.355,-0.3548,0.57115
2219-10-08T19:30:00Z,0.85057,18,876,70,15.806,0.84529,0.55315
2219-10-08T19:40:00Z,-0.93782,18.004,837,68.9,16.397,0.061874,0.53425
2219-10-08T19:50:00Z,-0.33316,17.992,753,69.2,21.149,-0.16775,0.50539
2219-10-08T20:00:00Z,1.3807,17.98,753,67.3,22.44,-0.1658,0.55377
2219-10-08T20:10:00Z,-1.1338,18.004,843,67.3,17.55,0.57887,0.53863
2219-10-08T20:20:00Z,0.57857,18.008,771,68.5,21.314,-0.01742,0.54114
2219-10-08T20:30:00Z,-5.0086,18.004,765,69.3,22.523,0.024818,0.51047
2219-10-08T20:40:00Z,-4.8176,18.028,747,70.5,24.721,0.047917,0.53198
2219-10-08T20:50:00Z,-1.5126,17.996,831,72.7,20.408,-0.1589,0.53156
2219-10-08T21:00:00Z,4.1257,17.984,819,71.9,20.38,-0.14252,0.54438
2219-10-08T21:10:00Z,-1.6507,18.004,810,71.2,20.476,0.095222,0.55605
2219-10-08T21:20:00Z,-8.1299,17.988,861,71.5,16.699,0.26086,0.56536
2219-10-08T21:30:00Z,3.9698,17.988,789,72.1,19.968,-0.39408,0.5596
2219-10-08T21:40:00Z,1.7694,18.004,810,74.7,18.828,-0.24994,0.527
2219-10-08T21:50:00Z,-0.35869,18.016,777,73,20.82,-0.27375,0.56846
2219-10-08T22:00:00Z,-0.79812,18.02,759,72,22.688,0.098893,0.53989
2219-10-08T22:10:00Z,3.3326,17.996,843,74,18.045,0.10218,0.53752
2219-10-08T22:20:00Z,-8.4422,18.016,783,75.8,20.984,-0.13398,0.57134
2219-10-08T22:30:00Z,-2.9157,17.988,795,77.6,20.627,0.46124,0.56561
2219-10-08T22:40:00Z,-3.1049,18,822,76,18.91,0.36524,0.54814
2219-10-08T22:50:00Z,4.7088,17.972,798,75.4,19.954,-0.014019,0.5748
2219-10-08T23:00:00Z,0.99448,18.004,783,73.5,21.039,0.46769,0.52574
2219-10-08T23:10:00Z,1.2854,17.988,780,74.7,21.712,0.11617,0.53051
2219-10-08T23:20:00Z,-5.4173,18.032,816,75.1,19.789,-0.25331,0.55327
2219-10-08T23:30:00Z,52.706,18.06,849,77,23.014,0.20564,0.93921
2219-10-08T23:40:00Z,302.06,19.46,858,77.8,37.396,1.5726,2.7208
2219-10-08T23:50:00Z,536.91,22.124,837,77,53.155,5.8561,4.3525
2219-10-09T00:00:00Z,593.1,24.216,828,72.1,63.745,10.894,4.5425
2219-10-09T00:10:00Z,592.63,25.068,861,72.1,71.699,14.818,4.5711
2219-10-09T00:20:00Z,605.28,25.352,933,73.7,76.067,17.185,4.5868
2219-10-09T00:30:00Z,607.24,25.34,1107,74.7,71.451,19.533,4.5553
2219-10-09T00:40:00Z,597.21,25.168,1107,73.8,74.006,21.136,4.5692
2219-10-09T00:50:00Z,595.5,24.988,1182,73.1,71.41,22.447,4.559
2219-10-09T01:00:00Z,594.45,24.74,1170,74.6,72.729,23.518,4.5554
2219-10-09T01:10:00Z,604.2,24.564,1203,72.8,71.287,24.411,4.5711
2219-10-09T01:20:00Z,602.19,24.396,1182,73,72.647,24.916,4.5722
2219-10-09T01:30:00Z,597.66,24.3,1227,73.3,70.05,24.601,4.5285
2219-10-09T01:40:00Z,604.72,24.22,1236,74.6,68.69,25.298,4.486
2219-10-09T01:50:00Z,600,24.16,1161,77.8,72.853,24.738,4.5293
2219-10-09T02:00:00Z,600.88,24.156,1227,78.6,69.391,25.348,4.5516
2219-10-09T02:10:00Z,598.45,24.08,1182,76.9,71.74,25.968,4.5188
2219-10-09T02:20:00Z,602.8,24.044,1200,79.4,70.998,25.447,4.547
2219-10-09T02:30:00Z,604.52,24.048,1158,78.2,73.883,25.735,4.5351
2219-10-09T02:40:00Z,604.17,24.012,1203,77.5,71.946,25.519,4.5354
2219-10-09T02:50:00Z,596.42,24.028,1188,77.2,72.894,25.433,4.57
2219-10-09T03:00:00Z,607.57,24.02,1212,77.8,71.575,25.758,4.5276
2219-10-09T03:10:00Z,603.01,24.02,1227,79,70.215,26.261,4.5411
2219-10-09T03:20:00Z,598.54,23.992,1203,80.3,71.122,25.731,4.5499
2219-10-09T03:30:00Z,594.96,24,1215,79.7,70.215,26.146,4.5217
2219-10-09T03:40:00Z,598.82,24.012,1203,78.2,70.627,25.715,4.5664
2219-10-09T03:50:00Z,603.78,23.968,1200,75.4,70.751,25.534,4.5253
2219-10-09T04:00:00Z,601.54,24.012,1191,76.2,71.369,25.59,4.5181
2219-10-09T04:10:00Z,597.45,23.984,1221,75.6,69.556,25.586,4.5523
2219-10-09T04:20:00Z,602.9,24.02,1224,76.2,68.773,25.446,4.5425
2219-10-09T04:30:00Z,594.26,24.02,1221,74.8,68.32,25.763,4.5614
2219-10-09T04:40:00Z,599.12,23.992,1158,73.9,72.07,25.729,4.5409
2219-10-09T04:50:00Z,595.97,23.992,1161,75.7,73.017,26.096,4.5484
2219-10-09T05:00:00Z,600.88,23.952,1155,74.7,74.501,25.676,4.5298
2219-10-09T05:10:00Z,609.43,23.996,1188,74.8,73.471,25.624,4.5545
2219-10-09T05:20:00Z,597.44,24.012,1221,74.1,71.534,25.855,4.5788
2219-10-09T05:30:00Z,604.4,23.992,1170,72.3,74.46,25.672,4.5229
2219-10-09T05:40:00Z,592.01,24.004,1236,70.6,70.751,25.78,4.5715
2219-10-09T05:50:00Z,594.58,24.028,1218,70.9,70.998,25.687,4.5509
2219-10-09T06:00:00Z,596.73,23.988,1188,69.9,72.564,25.805,4.5292
2219-10-09T06:10:00Z,603.03,24.016,1236,69,69.597,25.428,4.5456
2219-10-09T06:20:00Z,595.79,24.008,1185,67.4,72.111,25.951,4.5303
2219-10-09T06:30:00Z,594.2,24.012,1227,68,69.638,25.922,4.5457
2219-10-09T06:40:00Z,595.97,24.024,1188,67.1,71.575,25.576,4.572
2219-10-09T06:50:00Z,608.51,24.024,1230,64.9,69.02,25.922,4.5469
2219-10-09T07:00:00Z,604.64,24.004,1176,65.9,71.905,25.761,4.5687
2219-10-09T07:10:00Z,601,24.012,1197,65.5,71.122,25.679,4.5492
2219-10-09T07:20:00Z,601.92,23.964,1188,65.8,71.822,25.68,4.5434
2219-10-09T07:30:00Z,603.18,24.008,1155,68.5,74.418,25.61,4.5471
2219-10-09T07:40:00Z,600.62,23.956,1188,69.1,73.388,25.123,4.5583
2219-10-09T07:50:00Z,594.69,24.016,1158,71.4,75.778,25.737,4.5443
2219-10-09T08:00:00Z,603.9,23.992,1194,71.7,74.46,26.478,4.5127
2219-10-09T08:10:00Z,596.17,24.004,1206,71.8,73.8,25.492,4.5544
2219-10-09T08:20:00Z,601.26,24.004,1248,71.9,70.751,25.436,4.5231
2219-10-09T08:30:00Z,607.6,23.956,1203,72.4,72.523,25.825,4.5578
2219-10-09T08:40:00Z,601.7,23.984,1185,71.2,73.677,26.379,4.5473
2219-10-09T08:50:00Z,606.78,23.976,1221,71.9,71.616,25.807,4.5282
2219-10-09T09:00:00Z,595.35,24,1230,73,70.421,25.197,4.5577
2219-10-09T09:10:00Z,598.85,23.964,1224,71.6,70.009,25.77,4.536
2219-10-09T09:20:00Z,597.87,24.02,1197,71.8,71.204,25.75,4.5484
2219-10-09T09:30:00Z,595.62,24.016,1209,72.5,70.462,26.159,4.4855
2219-10-09T09:40:00Z,593.56,23.992,1251,73.5,67.331,26.03,4.5402
2219-10-09T09:50:00Z,605.84,24.024,1209,71.4,68.814,25.471,4.55
2219-10-09T10:00:00Z,595.83,24.008,1182,72,70.421,25.811,4.5225
2219-10-09T10:10:00Z,602.03,24,1131,71.8,74.418,25.452,4.5337
2219-10-09T10:20:00Z,598.03,24.02,1122,72.1,76.932,26.152,4.5328
2219-10-09T10:30:00Z,596.39,23.988,1197,73.2,73.924,25.599,4.5016
2219-10-09T10:40:00Z,596.87,23.988,1173,70.8,75.655,25.818,4.5302
2219-10-09T10:50:00Z,602.94,24,1233,70.6,72.276,25.887,4.5606
2219-10-09T11:00:00Z,607.17,24.016,1215,70.4,72.605,25.603,4.5709
2219-10-09T11:10:00Z,600.32,24.028,1200,71.6,73.223,26.437,4.5496
2219-10-09T11:20:00Z,597.87,24.028,1251,71.1,69.721,26.237,4.5074
2219-10-09T11:30:00Z,602.44,23.988,1263,71.2,67.495,25.591,4.5686
2219-10-09T11:40:00Z,596.82,24.016,1185,70.2,71.122,25.258,4.5207
2219-10-09T11:50:00Z,603.21,23.984,1224,70.4,68.855,25.908,4.5411
2219-10-09T12:00:00Z,600.34,24.04,1173,71.4,71.699,25.957,4.5567
2219-10-09T12:10:00Z,593.26,24.036,1239,70.8,67.908,25.611,4.5319
2219-10-09T12:20:00Z,598.32,24.012,1116,71.7,75.284,25.542,4.5236
2219-10-09T12:30:00Z,601.25,24.004,1134,73.6,76.355,25.636,4.55
2219-10-09T12:40:00Z,606.05,23.984,1233,72.6,71.369,25.355,4.5122
2219-10-09T12:50:00Z,599.39,23.972,1257,73.8,68.814,26.033,4.5121
2219-10-09T13:00:00Z,602.25,23.96,1227,71.2,69.309,25.996,4.4998
2219-10-09T13:10:00Z,596.77,24.028,1161,74.2,73.1,25.093,4.5928
2219-10-09T13:20:00Z,601.6,23.964,1167,75.3,73.759,25.869,4.5281
2219-10-09T13:30:00Z,592.55,23.956,1203,76,72.193,26.17,4.5597
2219-10-09T13:40:00Z,605.77,24.008,1209,76.2,71.699,25.638,4.5269
2219-10-09T13:50:00Z,602.17,24.008,1194,76.8,72.482,25.984,4.5564
2219-10-09T14:00:00Z,600.73,24.028,1200,76.1,72.234,25.936,4.542
2219-10-09T14:10:00Z,601.05,23.98,1140,74,76.355,25.277,4.5433
2219-10-09T14:20:00Z,604.94,23.968,1200,72.8,73.883,26.119,4.5416
2219-10-09T14:30:00Z,605.55,23.988,1179,73.3,75.325,25.505,4.533
2219-10-09T14:40:00Z,595.6,24.004,1257,73.7,70.545,25.892,4.5543
2219-10-09T14:50:00Z,599.14,23.992,1260,71.9,68.773,26.08,4.5659
2219-10-09T15:00:00Z,598.64,23.992,1215,72.8,70.215,25.786,4.5463
2219-10-09T15:10:00Z,604.67,24.012,1203,72.5,70.627,25.584,4.5521
2219-10-09T15:20:00Z,593.12,24.004,1113,71.7,76.726,25.875,4.5673
2219-10-09T15:30:00Z,598.08,23.996,1179,72.1,74.583,25.61,4.5199
2219-10-09T15:40:00Z,599.81,23.996,1215,71.2,72.688,25.916,4.5052
2219-10-09T15:50:00Z,549.53,23.904,1254,72.2,63.666,25.588,4.1534
2219-10-09T16:00:00Z,302.32,22.536,1203,70.5,49.339,23.552,2.3967
2219-10-09T16:10:00Z,55.788,19.892,1218,72.2,32.317,18.494,0.79042
2219-10-09T16:20:00Z,2.7212,17.82,1059,68.2,31.754,13.651,0.55668
2219-10-09T16:30:00Z,-2.3492,16.92,1095,69.6,22.166,9.3961,0.49629
2219-10-09T16:40:00Z,4.7339,16.664,987,69.7,21.479,6.7206,0.50915
2219-10-09T16:50:00Z,0.35828,16.68,975,67.8,17.166,5.4406,0.56742
2219-10-09T17:00:00Z,4.2096,16.836,888,71.1,18.333,3.1793,0.54405
2219-10-09T17:10:00Z,-4.265,17.048,843,71.2,19.006,2.7688,0.54785
2219-10-09T17:20:00Z,3.7255,17.22,855,69.5,17.001,1.9035,0.55618
2219-10-09T17:30:00Z,-1.6068,17.468,849,67.8,15.902,0.61918,0.56851
2219-10-09T17:40:00Z,-1.3321,17.532,807,68.7,17.44,0.75231,0.55419
2219-10-09T17:50:00Z,0.58522,17.656,717,66.9,23.429,0.69033,0.52383
2219-10-09T18:00:00Z,7.2204,17.812,762,66.5,22.619,0.92655,0.52815
2219-10-09T18:10:00Z,3.815,17.864,822,65.7,19.542,0.13924,0.54464
2219-10-09T18:20:00Z,-1.454,17.884,813,65.7,19.556,-0.1694,0.56419
2219-10-09T18:30:00Z,4.3713,17.924,786,68.7,21.053,0.4876,0.53564
2219-10-09T18:40:00Z,-6.2307,17.964,777,69.3,22.056,0.21367,0.52925
2219-10-09T18:50:00Z,1.4674,17.968,780,70.4,22.482,0.12398,0.52839
2219-10-09T19:00:00Z,3.8092,17.968,837,70.6,19.116,-0.36173,0.55782
2219-10-09T19:10:00Z,3.4841,17.992,768,69.3,22.839,-0.22858,0.54389
2219-10-09T19:20:00Z,3.0082,17.944,837,70.4,18.979,0.54985,0.54925
2219-10-09T19:30:00Z,3.527,17.996,828,69.7,18.581,0.40159,0.57
2219-10-09T19:40:00Z,-4.5435,17.996,816,69.9,18.636,-0.46622,0.60102
2219-10-09T19:50:00Z,-1.5896,18.016,792,69.4,19.844,-0.50967,0.54697
2219-10-09T20:00:00Z,-3.9044,17.988,795,68.2,19.858,0.1583,0.53418
2219-10-09T20:10:00Z,3.7421,17.976,813,67.8,18.759,0.025362,0.53319
2219-10-09T20:20:00Z,-0.90887,18.032,750,70.5,22.729,-0.47538,0.53016
2219-10-09T20:30:00Z,-5.2371,17.984,792,69.6,21.218,-0.65133,0.55185
2219-10-09T20:40:00Z,4.3931,17.98,819,68,19.583,-0.27084,0.59437
2219-10-09T20:50:00Z,0.2892,18.028,816,67.3,19.267,-0.18228,0.54454
2219-10-09T21:00:00Z,-2.7514,17.944,771,67.6,21.918,0.021424,0.50368
2219-10-09T21:10:00Z,1.5612,17.98,789,68.7,21.479,0.12214,0.53688
2219-10-09T21:20:00Z,10.272,18,801,69.4,20.957,0.063046,0.58128
2219-10-09T21:30:00Z,4.1418,17.996,837,70.4,18.457,-0.52158,0.57991
2219-10-09T21:40:00Z,4.4009,17.988,819,67.2,18.677,0.53196,0.57308
2219-10-09T21:50:00Z,2.4125,17.984,798,65,19.597,0.11674,0.5433
2219-10-09T22:00:00Z,-2.3434,17.988,762,66,22.125,0.34145,0.58431
2219-10-09T22:10:00Z,-1.4081,18.016,816,65.3,19.46,-0.019217,0.55154
2219-10-09T22:20:00Z,-0.07405,18.004,798,66.4,20.256,-0.07722,0.52721
2219-10-09T22:30:00Z,-3.744,17.976,783,68.8,21.342,0.093859,0.51113
2219-10-09T22:40:00Z,-8.0212,18.008,822,67.5,19.13,0.10294,0.53552
2219-10-09T22:50:00Z,0.5753,17.996,846,69.3,16.877,0.20874,0.55136
2219-10-09T23:00:00Z,3.0313,17.996,780,70.2,20.147,-0.074566,0.51213
2219-10-09T23:10:00Z,0.22103,18.012,795,71,19.666,-0.0050503,0.56597
2219-10-09T23:20:00Z,-4.1404,17.992,816,71.1,18.361,-0.57834,0.55578
2219-10-09T23:30:00Z,-0.48468,17.988,732,71.1,23.69,-0.11836,0.54756
2219-10-09T23:40:00Z,-6.1152,18.008,846,68.8,17.729,0.099154,0.57298
2219-10-09T23:50:00Z,-0.80854,17.972,810,68.8,18.938,0.47873,0.62798
2219-10-10T00:00:00Z,-2.7557,17.972,837,71.6,16.809,0.058812,0.54248
2219-10-10T00:10:00Z,-5.7709,17.952,822,69.8,16.822,0.15351,0.56345
2219-10-10T00:20:00Z,-1.0963,17.972,789,66.3,18.484,-0.10548,0.57757
2219-10-10T00:30:00Z,-0.201,17.976,768,64.3,20.229,0.097775,0.58104
2219-10-10T00:40:00Z,3.0085,18.012,786,65.7,19.872,0.53943,0.54138
2219-10-10T00:50:00Z,53.867,18.084,807,65.1,25.201,0.37756,0.97022
2219-10-10T01:00:00Z,301.19,19.496,789,66.1,42.775,2.5967,2.7649
2219-10-10T01:10:00Z,543.85,22.228,834,66.9,55.623,6.5112,4.3309
2219-10-10T01:20:00Z,592.79,24.176,900,68.7,61.145,10.959,4.5824
2219-10-10T01:30:00Z,598.68,25.096,915,69.5,68.356,14.869,4.5769
2219-10-10T01:40:00Z,603.38,25.364,930,70.6,75.156,17.594,4.563
2219-10-10T01:50:00Z,604.09,25.316,1029,70.1,75.774,19.44,4.5422
2219-10-10T02:00:00Z,599.3,25.148,1128,69.6,73.672,21.035,4.5516
2219-10-10T02:10:00Z,594,24.924,1224,70.1,69.057,22.63,4.5344
2219-10-10T02:20:00Z,596.71,24.736,1179,69.4,71.488,22.601,4.5698
2219-10-10T02:30:00Z,600.87,24.544,1173,66.6,72.477,23.937,4.5462
2219-10-10T02:40:00Z,601.48,24.42,1218,66.4,70.128,24.339,4.5467
2219-10-10T02:50:00Z,602.75,24.32,1224,65.1,69.222,25.365,4.541
2219-10-10T03:00:00Z,603.64,24.212,1221,65.9,68.768,25.564,4.5579
2219-10-10T03:10:00Z,601.93,24.144,1215,67.5,68.603,24.926,4.5698
2219-10-10T03:20:00Z,602.81,24.124,1134,69.1,73.755,25.492,4.5623
2219-10-10T03:30:00Z,600.72,24.068,1119,69.8,76.598,25.457,4.5595
2219-10-10T03:40:00Z,597.92,24.056,1173,69.2,75.114,25.878,4.5367
2219-10-10T03:50:00Z,596.88,24.02,1236,71.5,71.529,25.808,4.5006
2219-10-10T04:00:00Z,598.57,24.028,1224,70.6,71.364,25.865,4.5425
2219-10-10T04:10:00Z,602.88,24.052,1182,72,73.59,25.992,4.5798
2219-10-10T04:20:00Z,602.18,24.02,1212,70.7,72.024,25.949,4.5252
2219-10-10T04:30:00Z,596.73,24.016,1173,71.2,74.373,25.499,4.5331
2219-10-10T04:40:00Z,600.66,24.036,1230,71.6,71.2,26.158,4.5358
2219-10-10T04:50:00Z,602.64,24.016,1233,72.2,70.169,25.887,4.5347
2219-10-10T05:00:00Z,597.24,23.996,1242,71.9,68.645,25.695,4.5356
2219-10-10T05:10:00Z,600.5,24.004,1215,71.5,69.345,25.545,4.565
2219-10-10T05:20:00Z,600.63,24.012,1167,69.2,72.23,25.768,4.5622
2219-10-10T05:30:00Z,599.03,24.012,1170,68.8,72.93,25.496,4.5162
2219-10-10T05:40:00Z,602.1,24.012,1200,70.9,71.694,25.955,4.5183
2219-10-10T05:50:00Z,598.11,23.952,1188,70.2,72.518,25.918,4.5344
2219-10-10T06:00:00Z,590.42,24.016,1176,68.4,73.672,25.618,4.523
2219-10-10T06:10:00Z,603.21,24.012,1179,68.1,74.125,25.68,4.5414
2219-10-10T06:20:00Z,606.47,24,1212,67,72.436,25.301,4.5273
2219-10-10T06:30:00Z,599.59,24.044,1200,69.1,72.93,25.586,4.5146
2219-10-10T06:40:00Z,593.43,23.98,1209,67.7,72.312,26.205,4.5306
2219-10-10T06:50:00Z,590.61,23.988,1278,69.3,67.326,25.936,4.5511
2219-10-10T07:00:00Z,602.55,24.012,1182,69.7,71.777,25.544,4.5474
2219-10-10T07:10:00Z,595.24,24.02,1185,68.3,72.065,25.835,4.5195
2219-10-10T07:20:00Z,596.03,23.98,1203,68.4,71.241,26.328,4.5759
2219-10-10T07:30:00Z,604.68,24.024,1188,69.5,72.189,25.374,4.5978
2219-10-10T07:40:00Z,600.12,24.028,1179,70.2,73.136,25.709,4.5235
2219-10-10T07:50:00Z,603.7,24.044,1224,71.8,70.623,25.439,4.5429
2219-10-10T08:00:00Z,596.34,23.992,1251,69,68.109,25.477,4.5245
2219-10-10T08:10:00Z,596.76,23.972,1212,69.9,69.386,25.833,4.5693
2219-10-10T08:20:00Z,594.7,24.02,1194,70.8,70.293,25.624,4.5552
2219-10-10T08:30:00Z,597.36,23.956,1113,70.8,76.021,25.734,4.5208
2219-10-10T08:40:00Z,602.42,24.004,1185,71.5,73.466,25.811,4.5672
2219-10-10T08:50:00Z,601.43,23.98,1239,70.5,70.169,26.142,4.5597
2219-10-10T09:00:00Z,597.24,24.012,1176,70.8,73.425,25.588,4.5416
2219-10-10T09:10:00Z,603.28,24,1212,71.6,71.612,25.938,4.5367
2219-10-10T09:20:00Z,598.69,24.016,1218,72.3,70.87,26.008,4.5332
2219-10-10T09:30:00Z,601.9,24.016,1158,70.9,74.496,26.26,4.5491
2219-10-10T09:40:00Z,593.41,23.996,1242,71.3,69.881,25.681,4.5349
2219-10-10T09:50:00Z,599.01,23.984,1224,69.9,69.963,25.629,4.57
2219-10-10T10:00:00Z,604.76,23.984,1209,68.5,70.334,25.555,4.5253
2219-10-10T10:10:00Z,602.13,24.016,1182,66.7,71.941,25.461,4.5716
2219-10-10T10:20:00Z,604.15,23.964,1203,68.9,70.994,25.208,4.5626
2219-10-10T10:30:00Z,602.89,23.988,1233,69.6,68.851,25.89,4.5515
2219-10-10T10:40:00Z,595.78,24.02,1230,66.7,68.15,25.585,4.5675
2219-10-10T10:50:00Z,595.35,24.004,1191,67.3,70.005,25.391,4.5469
2219-10-10T11:00:00Z,605.54,24.016,1188,66.9,70.458,25.49,4.5447
2219-10-10T11:10:00Z,604.58,24.028,1179,67.3,71.406,25.824,4.5685
2219-10-10T11:20:00Z,600.27,23.968,1164,66.7,73.013,25.753,4.5569
2219-10-10T11:30:00Z,599.08,24.032,1173,67.2,73.384,25.791,4.5668
2219-10-10T11:40:00Z,598.36,23.984,1209,68,71.653,25.935,4.5435
2219-10-10T11:50:00Z,604.46,23.98,1194,68.1,72.436,26.278,4.51
2219-10-10T12:00:00Z,609.52,23.984,1179,67.8,73.631,25.541,4.5424
2219-10-10T12:10:00Z,606.83,24.012,1206,66.1,72.353,25.518,4.5588
2219-10-10T12:20:00Z,600.06,23.992,1278,67.1,67.244,25.83,4.5566
2219-10-10T12:30:00Z,591.77,23.98,1215,66.8,69.428,25.622,4.5327
2219-10-10T12:40:00Z,606.33,23.984,1188,66.1,70.87,26.241,4.5668
2219-10-10T12:50:00Z,596.36,23.996,1143,66.8,74.29,25.529,4.5507
2219-10-10T13:00:00Z,604.84,24,1203,66.5,71.735,25.963,4.556
2219-10-10T13:10:00Z,599.62,23.996,1206,66.3,71.447,25.792,4.546
2219-10-10T13:20:00Z,596.98,23.944,1179,67.4,73.136,26.111,4.5437
