time,JI-201,JI-202,JI-203,JI-204,TT-201,TT-202,TT-203,TT-204,JI-205,AT-205,JI-210,JI-211,TT-200
2219-09-26T13:40:00Z,4.9429,4.9228,4.9963,4.9264,650.43,649.98,648.72,650.07,-0.059052,0.39893,19.873,20.922,-69.478
2219-09-26T13:50:00Z,4.939,4.9308,4.9312,4.935,649.17,649.44,649.53,649.62,-0.014428,0.39893,19.811,21.041,-71.437
2219-09-26T14:00:00Z,4.9543,4.9615,4.9559,4.9307,650.43,649.53,649.62,650.61,0.034667,0.39893,19.783,22.027,-70.282
2219-09-26T14:10:00Z,4.9526,4.9546,4.9667,4.982,650.16,649.98,648.81,649.8,-0.0027039,0.43028,19.833,22.596,-70.561
2219-09-26T14:20:00Z,4.9534,4.923,4.9355,4.9499,649.08,650.7,650.43,649.8,-0.025305,0.43028,19.767,22.432,-71.368
2219-09-26T14:30:00Z,4.9975,4.9858,4.9432,4.9402,649.44,649.62,649.71,649.89,0.06058,0.43028,19.814,22.464,-73.04
2219-09-26T14:40:00Z,4.9356,4.9434,4.9711,4.9731,650.16,649.89,649.44,649.53,0.083311,0.43028,19.795,21.869,-73.105
2219-09-26T14:50:00Z,4.9538,4.9747,4.9895,4.97,650.25,649.35,648.99,649.53,-0.050195,0.43028,19.815,22.218,-73.831
2219-09-26T15:00:00Z,4.9569,4.9737,4.9467,4.9623,650.25,649.26,649.98,649.26,0.012874,0.43028,19.83,21.761,-74.283
2219-09-26T15:10:00Z,4.9651,4.9384,4.925,4.9637,649.08,650.25,649.71,650.88,0.058215,0.43984,19.859,21.482,-74.786
2219-09-26T15:20:00Z,4.9735,4.9499,4.9812,4.9776,649.53,649.89,649.62,650.16,0.030757,0.43984,19.77,22.929,-74.672
2219-09-26T15:30:00Z,4.9314,4.9519,4.9747,4.9509,649.89,650.25,649.71,649.71,0.0076241,0.43984,19.813,22.659,-74.322
2219-09-26T15:40:00Z,4.9716,4.9864,4.9782,4.9947,649.8,650.16,649.53,649.44,-0.089833,0.43984,19.865,23.353,-74.992
2219-09-26T15:50:00Z,4.9142,4.9667,4.9711,4.9384,650.16,650.43,650.07,650.79,-0.068695,0.43984,19.867,23.212,-75.344
2219-09-26T16:00:00Z,4.961,4.9388,4.9956,4.9399,649.98,650.7,650.07,650.52,-0.01866,0.43984,19.851,23.38,-75.163
2219-09-26T16:10:00Z,5.0233,4.9355,4.9411,4.9684,649.8,650.25,650.34,649.8,-0.01815,0.4099,19.883,23.446,-75.839
2219-09-26T16:20:00Z,4.9976,4.9594,4.9514,5.0011,648.63,650.16,648.9,649.17,-0.002681,0.4099,20.017,23.731,-75.715
2219-09-26T16:30:00Z,4.9846,4.9473,5.0071,4.989,650.16,649.62,649.89,649.62,0.011221,0.4099,19.87,24.035,-76.451
2219-09-26T16:40:00Z,4.924,5.0116,4.9359,4.9573,649.8,649.44,649.89,649.44,-0.010182,0.4099,19.82,23.941,-75.592
2219-09-26T16:50:00Z,4.9612,4.9602,4.9753,4.9588,650.88,648.81,649.98,650.16,0.0451,0.4099,19.842,23.718,-76.875
2219-09-26T17:00:00Z,4.9808,4.9646,4.957,4.9607,649.44,649.8,649.62,649.71,0.01204,0.4099,19.895,23.892,-77.118
2219-09-26T17:10:00Z,4.9751,4.939,4.9562,4.9998,649.89,649.44,649.53,649.26,0.052464,0.3666,19.886,23.836,-77.825
2219-09-26T17:20:00Z,4.9803,4.9969,4.9676,4.9832,649.71,649.62,649.71,650.16,0.023501,0.3666,19.936,24.07,-78.022
2219-09-26T17:30:00Z,4.9824,5.0037,4.9972,4.9849,649.89,649.89,649.53,649.8,0.06958,0.3666,19.868,23.62,-77.891
2219-09-26T17:40:00Z,4.979,4.9827,5.0076,4.9874,648.9,650.16,650.52,649.35,-0.0058692,0.3666,19.826,23.873,-78.672
2219-09-26T17:50:00Z,4.9879,5.0072,4.9623,4.9792,648.81,649.62,649.53,649.62,-0.026856,0.3666,19.914,24.726,-79.226
2219-09-26T18:00:00Z,4.9827,4.9451,5.0043,4.9852,650.79,650.34,650.61,649.44,-0.01954,0.3666,19.881,24.865,-80.547
2219-09-26T18:10:00Z,4.967,5.0117,4.967,5.0023,649.35,649.62,650.07,649.44,0.011341,0.33532,19.949,25.101,-79.869
2219-09-26T18:20:00Z,4.9969,4.9802,4.9705,4.9697,649.44,650.34,649.53,650.07,0.02185,0.33532,19.891,24.814,-78.592
2219-09-26T18:30:00Z,4.9949,4.9616,4.9831,4.961,649.89,650.25,649.8,649.8,-0.05803,0.33532,19.955,24.471,-78.688
2219-09-26T18:40:00Z,4.9611,4.9962,4.9864,4.9824,650.07,650.16,649.89,650.16,-0.073473,0.33532,19.832,24.338,-78.372
2219-09-26T18:50:00Z,4.9736,4.9844,4.9773,4.9557,650.07,649.98,650.07,650.16,0.0017409,0.33532,19.906,23.847,-79.167
2219-09-26T19:00:00Z,4.9963,4.993,4.992,4.9517,649.35,650.52,650.52,649.62,0.0073594,0.33532,19.934,23.979,-80.347
2219-09-26T19:10:00Z,5.028,5.0083,4.9801,4.9954,649.35,649.71,650.34,649.35,0.034682,0.31871,19.856,23.983,-80.43
2219-09-26T19:20:00Z,4.9708,4.9617,4.9576,4.9891,650.52,649.89,650.52,650.79,-0.041331,0.31871,19.944,23.118,-80.714
2219-09-26T19:30:00Z,5.0013,4.9829,5.0129,4.9748,650.07,649.89,649.98,651.15,-0.062304,0.31871,19.946,22.405,-82.138
2219-09-26T19:40:00Z,5.0201,4.9697,4.9984,4.9695,649.53,650.7,649.8,649.89,-0.029687,0.31871,19.945,22.543,-81.366
2219-09-26T19:50:00Z,4.9443,4.979,5.0017,4.9998,651.06,650.52,650.16,649.89,0.019218,0.31871,19.925,21.923,-81.179
2219-09-26T20:00:00Z,4.9481,4.9999,4.9921,4.9673,649.62,649.26,649.26,648.81,0.056838,0.31871,20.034,20.59,-81.882
2219-09-26T20:10:00Z,4.97,4.985,5.0126,5.0004,649.44,650.07,649.17,650.16,-0.055311,0.34209,20.009,19.663,-80.631
2219-09-26T20:20:00Z,4.9454,4.9842,4.9811,5.0206,649.8,650.25,650.25,649.62,0.014876,0.34209,19.998,19.984,-80.093
2219-09-26T20:30:00Z,5.0087,4.9943,4.9985,4.9875,649.53,649.8,649.71,650.16,-0.0054097,0.34209,19.961,19.204,-79.808
2219-09-26T20:40:00Z,4.9282,4.9843,4.9516,4.9905,649.89,650.61,649.8,650.25,0.023518,0.34209,19.95,20.236,-80.328
2219-09-26T20:50:00Z,4.9585,4.9779,4.9676,4.9607,650.07,649.8,650.16,650.07,0.068443,0.34209,19.963,20.917,-79.888
2219-09-26T21:00:00Z,4.993,5.006,4.9332,4.9365,650.52,649.62,649.71,650.25,0.0045425,0.34209,19.89,21.343,-80.06
2219-09-26T21:10:00Z,5.0309,4.9484,4.9618,4.9771,649.44,650.16,650.34,650.43,0.041909,0.344,19.94,20.899,-81.123
2219-09-26T21:20:00Z,4.9823,4.9767,5.0268,4.9875,650.07,649.62,649.35,649.89,-0.016505,0.344,19.9,20.504,-81.386
2219-09-26T21:30:00Z,5.0039,4.9954,4.9668,5.0157,649.98,649.62,649.35,649.89,0.29663,0.344,20.506,22.046,-81.387
2219-09-26T21:40:00Z,4.9943,4.9922,4.978,5.0124,649.8,649.89,649.35,649.44,1.0247,0.344,21.017,22.477,-81.976
2219-09-26T21:50:00Z,4.9499,4.9793,5.0009,5.0159,650.43,650.07,649.53,649.17,1.5273,0.344,21.58,22.91,-82.093
2219-09-26T22:00:00Z,5.0241,4.9573,4.983,4.9539,649.89,650.52,649.8,649.71,2.1278,0.344,22.201,23.034,-80.698
2219-09-26T22:10:00Z,4.976,4.9566,4.9604,4.9839,651.06,650.34,650.34,650.25,2.6873,0.38026,22.786,23.525,-80.49
2219-09-26T22:20:00Z,5.0091,4.9679,4.9721,4.9828,650.07,649.44,650.16,649.62,3.2967,0.38026,23.299,24.04,-79.875
2219-09-26T22:30:00Z,4.9707,4.9793,5.0138,4.9773,650.34,650.16,650.25,649.53,3.7962,0.38026,23.936,23.342,-78.097
2219-09-26T22:40:00Z,4.9956,4.9866,4.9897,4.9639,650.43,649.62,650.16,650.43,4.4457,0.38026,24.499,22.844,-77.511
2219-09-26T22:50:00Z,4.9754,4.9717,5.011,4.9962,650.16,649.53,649.71,650.43,5.0803,0.38026,25.18,23.761,-74.88
2219-09-26T23:00:00Z,4.9979,4.9899,4.9999,4.9944,649.71,650.07,650.07,650.25,5.635,0.38026,25.662,24.245,-72.708
2219-09-26T23:10:00Z,5.0006,4.9738,4.9879,4.9949,649.98,649.26,649.89,650.16,6.262,0.40074,26.309,24.226,-72.39
2219-09-26T23:20:00Z,4.9669,4.9688,4.9782,4.9971,650.07,650.43,649.44,650.25,6.8452,0.40074,26.892,24.934,-70.445
2219-09-26T23:30:00Z,4.9731,5.0073,5.0345,4.9821,649.35,649.71,649.98,649.98,7.3731,0.40074,27.46,24.429,-69.073
2219-09-26T23:40:00Z,5.0214,4.9943,4.9925,4.9899,650.34,649.71,649.53,650.07,7.9909,0.40074,28.072,24.205,-66.645
2219-09-26T23:50:00Z,4.9723,4.9587,4.9714,4.9915,650.07,650.25,650.52,650.61,8.5242,0.40074,28.626,23.853,-65.32
2219-09-27T00:00:00Z,4.9662,5.0224,4.9984,4.9808,650.7,648.45,650.16,649.8,9.1191,0.40074,29.162,24.174,-62.277
2219-09-27T00:10:00Z,4.9776,4.9809,4.9504,4.9907,651.06,650.25,650.16,650.25,9.6905,0.4136,29.715,23.915,-61.45
2219-09-27T00:20:00Z,4.9677,4.9834,4.9804,4.9392,650.07,649.98,649.8,649.8,10.277,0.4136,30.356,23.207,-59.716
2219-09-27T00:30:00Z,4.9602,4.9507,4.9625,4.9697,649.53,650.88,650.61,650.61,10.524,0.4136,30.454,22.451,-57.467
2219-09-27T00:40:00Z,4.9838,4.9804,4.9785,4.9784,650.34,650.61,650.25,650.25,10.479,0.4136,30.356,22.54,-54.742
2219-09-27T00:50:00Z,4.9975,4.9763,4.9518,4.9921,649.98,650.61,650.7,650.16,10.522,0.4136,30.301,22.123,-51.547
2219-09-27T01:00:00Z,4.9771,4.9796,4.9382,4.9652,650.07,649.71,650.43,650.79,10.517,0.4136,30.386,22.799,-51.584
2219-09-27T01:10:00Z,4.94,5.0009,4.9876,4.945,649.89,649.26,650.07,650.43,10.4,0.43217,30.342,22.182,-49.244
2219-09-27T01:20:00Z,4.9682,4.9466,5.0014,4.983,650.34,650.61,649.8,650.16,10.544,0.43217,30.352,23.276,-47.4
2219-09-27T01:30:00Z,4.9793,4.975,4.9758,4.9537,649.98,650.79,650.07,649.53,10.507,0.43217,30.38,23.834,-46.25
2219-09-27T01:40:00Z,4.9716,4.9812,4.9937,4.9725,650.43,650.34,650.25,650.79,10.574,0.43217,30.412,24.531,-43.986
2219-09-27T01:50:00Z,4.9866,4.9622,4.9583,4.924,650.07,650.52,650.34,650.97,10.526,0.43217,30.298,23.553,-43.65
2219-09-27T02:00:00Z,4.9416,4.9633,4.9561,4.9998,650.61,650.79,650.43,650.16,10.4,0.43217,30.258,22.799,-41.123
2219-09-27T02:10:00Z,4.9506,4.9497,4.9353,4.954,650.88,650.79,650.79,650.61,10.454,0.41727,30.273,23.163,-39.931
2219-09-27T02:20:00Z,4.9524,4.9226,4.9833,4.915,650.7,650.79,649.44,651.06,10.42,0.41727,30.246,23.654,-39.301
2219-09-27T02:30:00Z,4.9249,4.9447,4.9854,4.9452,651.06,649.98,649.8,650.07,10.471,0.41727,30.364,23.416,-37.486
2219-09-27T02:40:00Z,4.9564,4.9711,4.9534,4.9381,649.98,650.79,650.07,650.43,10.429,0.41727,30.319,24.185,-36.266
2219-09-27T02:50:00Z,4.9223,4.981,4.9727,4.951,650.52,650.25,650.43,650.79,10.511,0.41727,30.184,24.187,-35.908
2219-09-27T03:00:00Z,4.9729,4.9507,4.9252,4.9859,649.98,650.43,650.61,649.71,10.445,0.41727,30.353,24.484,-36.18
2219-09-27T03:10:00Z,4.9454,4.9618,4.9307,4.9321,650.34,649.71,650.34,650.25,10.457,0.43508,30.177,24.667,-35.807
2219-09-27T03:20:00Z,4.9386,4.9605,4.9384,4.9818,650.07,650.16,650.07,650.25,10.444,0.43508,30.11,24.873,-35.235
2219-09-27T03:30:00Z,4.9686,4.9372,4.9228,4.9837,649.98,650.16,650.61,650.16,10.454,0.43508,30.2,25.147,-34.999
2219-09-27T03:40:00Z,4.9327,4.9424,4.9349,4.9621,650.25,650.07,650.34,650.61,10.394,0.43508,30.199,25.011,-32.891
2219-09-27T03:50:00Z,4.9866,4.9473,4.9418,4.9411,650.7,650.25,649.89,650.43,10.395,0.43508,30.19,24.812,-32.419
2219-09-27T04:00:00Z,4.9571,4.9482,4.9631,4.9105,649.98,649.71,650.7,650.34,10.443,0.43508,30.119,24.496,-32.26
2219-09-27T04:10:00Z,4.9513,4.936,4.9418,4.9506,650.61,650.52,649.44,650.07,10.43,0.45441,30.157,23.883,-30.325
2219-09-27T04:20:00Z,4.9372,4.8932,4.9406,4.9311,650.34,650.7,651.15,650.79,10.359,0.45441,30.096,21.893,-29.944
2219-09-27T04:30:00Z,4.9328,4.926,4.9238,4.9396,650.34,650.79,650.16,650.34,10.406,0.45441,30.097,22.235,-29.23
2219-09-27T04:40:00Z,4.9623,4.9699,4.9453,4.9007,650.7,650.25,650.43,650.34,10.369,0.45441,30.104,22.762,-29.365
2219-09-27T04:50:00Z,4.9539,4.9366,4.9179,4.904,649.8,649.71,650.52,649.8,10.414,0.45441,30.131,23.407,-28.274
2219-09-27T05:00:00Z,4.9406,4.9703,4.945,4.9328,650.25,649.62,649.8,650.07,10.373,0.45441,30.138,22.687,-27.62
2219-09-27T05:10:00Z,4.9113,4.9551,4.9386,4.9242,650.16,650.43,650.34,650.79,10.359,0.44902,30.04,21.844,-29.06
2219-09-27T05:20:00Z,4.9323,4.9367,4.9551,4.938,650.34,650.43,649.8,650.7,10.359,0.44902,30.207,22.023,-28.684
2219-09-27T05:30:00Z,4.9221,4.9291,4.9431,4.9055,650.25,649.8,650.07,650.79,10.411,0.44902,30.059,21.718,-29.135
2219-09-27T05:40:00Z,4.9534,4.9155,4.8762,4.9494,649.89,650.25,650.7,649.8,10.396,0.44902,30.177,21.856,-29.241
2219-09-27T05:50:00Z,4.9147,4.932,4.9674,4.9321,650.52,650.34,649.8,649.89,10.304,0.44902,30.054,22.051,-28.79
2219-09-27T06:00:00Z,4.9635,4.9637,4.9589,4.9515,648.81,650.07,649.98,649.8,10.315,0.44902,30.033,21.953,-29.494
2219-09-27T06:10:00Z,4.9336,4.9731,4.9535,4.9292,649.35,649.26,650.61,650.79,10.299,0.48056,30.029,21.29,-28.361
2219-09-27T06:20:00Z,4.9288,4.9088,4.9015,4.9336,650.25,650.16,650.25,650.34,10.275,0.48056,30.158,21.511,-28.045
2219-09-27T06:30:00Z,4.9112,4.9108,4.9334,4.9274,649.71,650.25,649.71,650.07,10.353,0.48056,30.149,22.522,-27.838
2219-09-27T06:40:00Z,4.9076,4.9507,4.9321,4.9553,650.61,650.07,649.8,649.8,10.35,0.48056,30.122,22.986,-28.604
2219-09-27T06:50:00Z,4.9155,4.8984,4.9079,4.9443,649.98,650.52,649.8,650.34,10.457,0.48056,30.109,22.658,-28.28
2219-09-27T07:00:00Z,4.9354,4.9177,4.9449,4.8935,649.98,650.52,649.62,650.34,10.468,0.48056,30.183,22.471,-27.71
2219-09-27T07:10:00Z,4.9251,4.9107,4.9045,4.9396,650.16,650.52,650.7,649.89,10.441,0.42915,30.208,22.973,-27.04
2219-09-27T07:20:00Z,4.9591,4.9146,4.8848,4.9075,650.52,649.89,650.52,649.62,10.549,0.42915,30.173,22.794,-28.026
2219-09-27T07:30:00Z,4.9241,4.8884,4.8965,4.924,651.15,650.43,650.16,650.52,10.391,0.42915,30.059,21.891,-28.11
2219-09-27T07:40:00Z,4.9038,4.9264,4.9208,4.9221,650.61,650.25,649.8,650.88,10.365,0.42915,30.085,20.762,-27.662
2219-09-27T07:50:00Z,4.8986,4.9273,4.9268,4.943,651.06,649.62,649.62,649.35,10.316,0.42915,30.023,20.838,-26.667
2219-09-27T08:00:00Z,4.922,4.9082,4.8924,4.9522,650.07,649.98,649.89,650.7,10.385,0.42915,30.078,21.315,-26.477
2219-09-27T08:10:00Z,4.9516,4.9437,4.9136,4.9092,649.62,649.71,650.07,650.25,10.328,0.472,30.118,21.235,-27.369
2219-09-27T08:20:00Z,4.888,4.9148,4.9165,4.9264,650.07,650.34,649.8,650.7,10.361,0.472,30.076,20.91,-28.314
2219-09-27T08:30:00Z,4.9227,4.9105,4.8852,4.9228,649.8,649.98,650.25,649.71,10.415,0.472,30.1,20.344,-27.758
2219-09-27T08:40:00Z,4.9016,4.9485,4.9229,4.9349,650.52,650.16,650.07,649.62,10.447,0.472,30.051,20.76,-27.544
2219-09-27T08:50:00Z,4.8941,4.8827,4.9124,4.8693,649.71,651.06,650.34,650.25,10.385,0.472,29.999,21.109,-27.607
2219-09-27T09:00:00Z,4.8801,4.8855,4.8944,4.9307,650.52,650.43,650.52,649.35,10.312,0.472,30.016,22.353,-26.95
2219-09-27T09:10:00Z,4.914,4.9285,4.8943,4.9104,648.99,650.79,650.16,650.25,10.355,0.47947,29.95,22.609,-26.52
2219-09-27T09:20:00Z,4.934,4.8949,4.907,4.9136,650.07,650.7,650.97,650.16,10.29,0.47947,30.01,23.512,-25.556
2219-09-27T09:30:00Z,4.92,4.9276,4.9042,4.9154,649.71,650.7,650.7,650.07,10.283,0.47947,29.948,22.664,-26.106
2219-09-27T09:40:00Z,4.9212,4.9249,4.9294,4.9365,649.26,650.07,650.43,649.26,10.275,0.47947,29.933,22.878,-25.078
2219-09-27T09:50:00Z,4.9362,4.9179,4.9147,4.9256,650.25,650.97,650.07,649.71,10.23,0.47947,29.906,23.914,-25.21
2219-09-27T10:00:00Z,4.9464,4.9325,4.88,4.9084,649.71,650.79,650.25,650.43,10.283,0.47947,29.831,23.951,-25.766
2219-09-27T10:10:00Z,4.9049,4.897,4.8993,4.922,650.43,650.7,649.89,649.8,10.224,0.50814,29.822,23.84,-26.927
2219-09-27T10:20:00Z,4.873,4.9262,4.9449,4.8495,650.16,649.62,649.98,650.61,10.228,0.50814,29.898,24.317,-27.009
2219-09-27T10:30:00Z,4.8954,4.9131,4.9305,4.8855,650.25,649.71,649.98,649.98,10.262,0.50814,29.836,23.953,-26.917
2219-09-27T10:40:00Z,4.8768,4.9152,4.9175,4.8763,649.98,650.07,650.07,650.07,10.213,0.50814,29.812,24.02,-27.688
2219-09-27T10:50:00Z,4.8781,4.907,4.9544,4.9057,649.8,650.07,649.89,650.43,10.232,0.50814,29.823,23.653,-28.588
2219-09-27T11:00:00Z,4.9265,4.8836,4.9282,4.9029,650.25,649.98,650.07,650.61,10.23,0.50814,29.892,23.262,-28.972
2219-09-27T11:10:00Z,4.8946,4.8965,4.9072,4.9212,649.98,650.43,650.34,649.8,10.255,0.49556,29.895,22.456,-28.772
2219-09-27T11:20:00Z,4.9396,4.9126,4.8615,4.9077,649.89,649.8,650.43,650.7,10.258,0.49556,29.802,22.618,-27.287
2219-09-27T11:30:00Z,4.9303,4.897,4.9276,4.8777,649.8,650.07,649.53,650.43,10.124,0.49556,29.889,22.496,-28.16
2219-09-27T11:40:00Z,4.8982,4.8806,4.9546,4.8632,650.43,650.07,649.53,650.88,10.244,0.49556,29.96,22.828,-28.498
2219-09-27T11:50:00Z,4.9192,4.9041,4.931,4.9176,650.52,649.44,649.44,650.88,10.154,0.49556,29.801,23.365,-28.36
2219-09-27T12:00:00Z,4.878,4.868,4.8648,4.9151,649.17,650.43,650.16,649.71,10.203,0.49556,29.756,23.634,-27.579
2219-09-27T12:10:00Z,4.8936,4.9159,4.9281,4.9293,650.43,650.52,650.52,649.35,10.226,0.50427,29.805,23.343,-29.573
2219-09-27T12:20:00Z,4.9223,4.9423,4.896,4.9137,650.7,650.61,650.34,650.7,10.295,0.50427,29.776,22.721,-28.209
2219-09-27T12:30:00Z,4.9432,4.871,4.8913,4.8814,649.62,649.98,649.98,649.8,10.154,0.50427,29.811,23.721,-29.009
2219-09-27T12:40:00Z,4.8977,4.9243,4.9365,4.8875,650.16,649.71,650.07,649.35,10.154,0.50427,29.859,23.857,-29.753
2219-09-27T12:50:00Z,4.9424,4.9346,4.9044,4.916,649.62,649.71,650.07,649.98,9.8675,0.50427,29.529,24.137,-30.212
2219-09-27T13:00:00Z,4.9062,4.8935,4.9314,4.9152,649.44,649.8,648.99,649.98,9.261,0.50427,28.89,24.154,-30.454
2219-09-27T13:10:00Z,4.8859,4.9243,4.9325,4.8863,650.16,649.26,649.62,650.97,8.7159,0.51105,28.247,23.929,-30.791
2219-09-27T13:20:00Z,4.9363,4.9188,4.9222,4.8891,649.89,649.71,649.89,649.17,8.1229,0.51105,27.715,24.583,-31.335
2219-09-27T13:30:00Z,4.9339,4.8815,4.9197,4.9236,649.89,649.98,650.7,650.16,7.5334,0.51105,27.131,24.54,-31.745
2219-09-27T13:40:00Z,4.9188,4.928,4.9407,4.9117,649.44,650.43,650.07,649.44,7.0246,0.51105,26.601,25.138,-31.581
2219-09-27T13:50:00Z,4.9221,4.9185,4.9173,4.9286,649.71,650.16,650.25,650.25,6.4037,0.51105,25.939,24.864,-31.676
2219-09-27T14:00:00Z,4.925,4.9519,4.9281,4.8951,649.71,649.35,650.16,649.8,5.9487,0.51105,25.425,24.416,-32.003
2219-09-27T14:10:00Z,4.9286,4.9252,4.909,4.9113,649.71,650.16,650.43,649.89,5.2713,0.51829,24.855,23.858,-34.28
2219-09-27T14:20:00Z,4.9126,4.9072,4.8825,4.9078,649.53,649.98,650.34,649.89,4.7912,0.51829,24.276,23.631,-36.561
2219-09-27T14:30:00Z,4.9292,4.8637,4.9292,4.9689,649.53,650.43,649.71,649.17,4.1859,0.51829,23.836,23.801,-37.08
2219-09-27T14:40:00Z,4.9138,4.9122,4.9077,4.8984,649.17,649.8,649.53,649.53,3.7056,0.51829,23.224,23.857,-38.377
2219-09-27T14:50:00Z,4.9127,4.913,4.9354,4.8894,650.7,649.89,650.16,649.35,3.0676,0.51829,22.513,23.179,-39.976
2219-09-27T15:00:00Z,4.9483,4.8911,4.9103,4.9352,649.26,650.61,649.26,649.71,2.4815,0.51829,22.065,23.294,-41.943
2219-09-27T15:10:00Z,4.9161,4.9194,4.9413,4.8965,649.8,649.98,650.07,649.44,1.9587,0.49841,21.514,22.948,-44.631
2219-09-27T15:20:00Z,4.9447,4.9551,4.9163,4.9466,650.16,648.99,650.34,649.8,1.4154,0.49841,21.013,22.912,-45.849
2219-09-27T15:30:00Z,4.9095,4.9471,4.9651,4.9128,649.8,650.34,649.53,649.62,0.7956,0.49841,20.393,23.004,-47.558
2219-09-27T15:40:00Z,4.9577,4.9084,4.9257,4.893,649.71,650.07,650.52,650.61,0.23755,0.49841,19.801,22.164,-49.501
2219-09-27T15:50:00Z,4.9461,4.9277,4.9312,4.9097,649.98,649.98,650.43,649.98,0.084602,0.49841,19.617,22.106,-52.351
2219-09-27T16:00:00Z,4.9194,4.9054,4.8879,4.8981,649.35,650.16,649.71,649.98,0.012909,0.49841,19.744,21.415,-53.668
2219-09-27T16:10:00Z,4.9089,4.9247,4.9262,4.9574,650.43,650.52,649.35,649.17,-0.040934,0.48723,19.774,21.042,-56.091
2219-09-27T16:20:00Z,4.92,4.9378,4.9443,4.9185,650.07,649.8,650.43,650.34,-0.063788,0.48723,19.733,20.884,-56.93
2219-09-27T16:30:00Z,4.938,4.9027,4.9241,4.962,649.89,649.44,650.07,648.81,-0.077119,0.48723,19.743,21.185,-59.052
2219-09-27T16:40:00Z,4.9092,4.9057,4.9739,4.9176,649.71,649.71,649.35,649.71,0.021644,0.48723,19.796,22.146,-61.313
2219-09-27T16:50:00Z,4.923,4.9342,4.9181,4.9045,649.8,649.35,650.25,650.07,0.040626,0.48723,19.718,23.031,-63.6
2219-09-27T17:00:00Z,4.9526,4.9497,4.9278,4.9246,649.35,649.98,648.81,650.07,0.0089007,0.48723,19.799,23.583,-65.689
2219-09-27T17:10:00Z,4.9469,4.9324,4.9187,4.918,648.72,650.61,649.17,650.16,0.013912,0.46929,19.806,22.763,-66.617
2219-09-27T17:20:00Z,4.9486,4.9372,4.9535,4.9054,649.62,649.98,649.8,651.42,-0.01213,0.46929,19.763,23.503,-68.138
2219-09-27T17:30:00Z,4.9706,4.9206,4.9301,4.9567,649.8,649.71,649.89,650.25,-0.013757,0.46929,19.787,23.574,-68.97
2219-09-27T17:40:00Z,4.9265,4.9803,4.9442,4.9355,649.62,648.9,649.53,649.89,-0.063512,0.46929,19.694,24.081,-70.153
2219-09-27T17:50:00Z,4.9548,4.9335,4.9332,4.9357,650.16,649.8,650.16,649.44,0.04356,0.46929,19.725,23.29,-72.065
2219-09-27T18:00:00Z,4.9181,4.9752,4.956,4.9559,649.26,649.26,649.44,649.71,0.052313,0.46929,19.826,22.817,-72.893
2219-09-27T18:10:00Z,4.9405,4.9361,4.9514,4.943,649.35,649.62,649.35,649.26,-0.043318,0.4701,19.844,23.057,-73.816
2219-09-27T18:20:00Z,4.9361,4.9664,5.0026,4.9294,649.44,649.8,649.17,650.43,-0.054994,0.4701,19.821,22.347,-75.099
2219-09-27T18:30:00Z,4.9713,4.915,4.9747,4.976,649.53,650.79,650.16,650.34,0.0089838,0.4701,19.8,22.439,-75.841
2219-09-27T18:40:00Z,4.9668,4.9452,4.9461,4.9213,649.8,649.8,649.8,650.43,0.024363,0.4701,19.77,22.687,-77.07
2219-09-27T18:50:00Z,4.9483,4.9595,4.9703,4.9816,649.26,649.89,649.8,649.89,-0.04882,0.4701,19.861,21.917,-77.143
2219-09-27T19:00:00Z,4.9424,4.9582,4.9614,4.9771,649.53,650.61,649.53,649.89,-0.057492,0.4701,19.89,21.802,-78.297
2219-09-27T19:10:00Z,4.9374,4.9272,4.9578,4.9752,650.07,649.71,649.35,649.71,-0.022162,0.48753,19.957,22.119,-78.89
2219-09-27T19:20:00Z,4.9309,4.9219,4.9696,4.9467,649.53,649.62,649.62,649.62,-0.030648,0.48753,19.822,22.294,-79.709
2219-09-27T19:30:00Z,4.9556,4.9878,4.9298,4.9485,649.62,649.08,649.53,650.79,0.0098787,0.48753,19.853,22.86,-78.666
2219-09-27T19:40:00Z,4.9731,4.981,4.9714,4.9738,648.54,649.62,649.17,650.43,0.031004,0.48753,19.914,22.677,-79.955
2219-09-27T19:50:00Z,4.948,4.969,4.9505,4.9613,650.34,650.16,650.34,650.25,-0.035533,0.48753,19.817,22.898,-78.874
2219-09-27T20:00:00Z,4.9312,4.9662,4.9673,4.9622,650.07,650.07,650.7,650.16,0.0874,0.48753,19.873,23.301,-80.782
2219-09-27T20:10:00Z,5.0061,4.9534,4.9613,4.9782,649.44,650.16,649.71,648.72,-0.0028834,0.49013,19.874,23.272,-80.659
2219-09-27T20:20:00Z,4.9506,4.9965,4.9534,5.001,649.8,649.44,650.34,649.53,0.016359,0.49013,19.903,23.311,-81.083
2219-09-27T20:30:00Z,4.9664,4.9555,4.9513,4.9622,649.53,649.8,649.8,650.16,-0.059874,0.49013,19.805,23.225,-82.024
2219-09-27T20:40:00Z,4.9805,4.9807,4.9833,4.965,649.89,649.53,649.8,650.34,-0.065091,0.49013,19.953,22.921,-82.308
2219-09-27T20:50:00Z,4.9818,5.001,4.9707,4.9811,650.07,650.16,650.52,648.99,-0.04658,0.49013,19.897,23.145,-81.067
2219-09-27T21:00:00Z,5.0018,4.961,5.002,4.9658,649.26,649.8,649.62,649.53,-0.026898,0.49013,19.901,23.309,-82.736
2219-09-27T21:10:00Z,4.9657,4.9967,5.0078,4.9903,649.71,649.62,649.98,649.17,0.078428,0.50223,19.823,22.847,-83.415
2219-09-27T21:20:00Z,4.9802,4.9558,4.9774,4.9605,650.25,650.61,650.43,650.34,0.037801,0.50223,19.869,23.083,-83.875
2219-09-27T21:30:00Z,4.9826,4.9587,4.9064,4.9959,649.98,649.89,650.34,649.89,0.0027704,0.50223,19.828,23.459,-85.093
2219-09-27T21:40:00Z,4.9677,4.9537,4.9854,4.9525,649.71,649.89,650.34,649.98,-0.075649,0.50223,19.818,23.596,-85.329
2219-09-27T21:50:00Z,4.9684,4.9858,5.0253,4.9768,650.07,649.98,649.44,649.89,0.064048,0.50223,19.954,23.637,-85.846
2219-09-27T22:00:00Z,4.9926,4.9622,4.9972,4.9812,649.26,650.07,649.35,650.7,-0.03217,0.50223,19.961,23.755,-86.154
2219-09-27T22:10:00Z,4.9675,4.9836,4.984,5.007,649.35,649.8,650.34,651.15,-0.051263,0.5097,19.863,24.334,-85.952
2219-09-27T22:20:00Z,5.0066,5.0059,4.9777,4.9844,649.17,649.62,650.25,649.62,0.010252,0.5097,19.883,24.205,-86.727
2219-09-27T22:30:00Z,5.0019,4.9723,5.001,4.9885,649.71,650.52,650.25,649.89,0.013828,0.5097,19.989,24.474,-86.237
2219-09-27T22:40:00Z,4.9799,4.9734,5.0234,5.0026,649.98,649.8,649.98,649.89,0.055761,0.5097,19.974,24.561,-87.087
2219-09-27T22:50:00Z,4.9781,4.9927,4.9642,4.993,649.89,650.25,650.79,649.53,0.00063517,0.5097,19.889,24.599,-87.857
2219-09-27T23:00:00Z,4.9758,4.9791,4.9642,4.9697,650.34,649.71,649.53,650.16,0.033446,0.5097,19.874,23.841,-88.475
2219-09-27T23:10:00Z,4.9789,4.9868,4.9799,4.9456,648.99,649.62,650.7,650.34,-0.013812,0.47923,19.928,23.689,-88.41
2219-09-27T23:20:00Z,4.9426,5.004,4.9847,5.0179,649.89,650.07,649.35,650.16,-0.09878,0.47923,19.869,23.78,-89.659
2219-09-27T23:30:00Z,4.9386,4.9881,5.0271,4.9671,649.98,649.71,649.53,649.44,0.037729,0.47923,19.899,24.023,-90.367
2219-09-27T23:40:00Z,4.9846,5.0003,4.9746,5.0026,650.07,649.53,650.43,649.89,0.0014375,0.47923,19.842,23.259,-89.827
2219-09-27T23:50:00Z,4.9504,5.007,5.0152,4.9949,650.07,649.8,650.34,649.89,0.045029,0.47923,19.976,23.86,-90.024
2219-09-28T00:00:00Z,5.0251,4.9626,4.9897,4.9762,649.71,649.8,650.61,650.34,0.058878,0.47923,19.986,23.23,-90.792
2219-09-28T00:10:00Z,4.9858,4.9655,5.0114,4.9879,649.8,649.8,649.71,649.8,-0.0053329,0.46416,19.943,23.211,-91.146
2219-09-28T00:20:00Z,4.9903,4.9943,4.9446,4.9835,649.89,649.44,650.52,650.16,-0.010587,0.46416,19.813,24.061,-90.74
2219-09-28T00:30:00Z,4.9615,5.0068,4.9736,4.9609,650.16,649.53,650.79,649.98,-0.012853,0.46416,19.946,23.52,-90.98
2219-09-28T00:40:00Z,4.9876,5.0037,4.9477,5.0263,650.16,650.61,649.71,650.52,-0.046655,0.46416,19.959,23.393,-91.286
2219-09-28T00:50:00Z,5.0163,5.0008,4.9984,5.0366,650.25,649.89,650.07,648.9,0.0060455,0.46416,19.958,22.87,-91.091
2219-09-28T01:00:00Z,4.947,4.9694,5.0137,4.9873,650.52,650.07,649.98,649.44,0.061857,0.46416,20.019,22.527,-91.074
2219-09-28T01:10:00Z,5.0072,4.9755,4.9682,4.9975,650.34,650.07,649.98,650.34,0.10152,0.5153,19.932,22.466,-90.546
2219-09-28T01:20:00Z,5.0018,5.0184,5.0313,4.9829,649.89,649.71,650.52,649.62,0.011975,0.5153,20.063,22.283,-91.251
2219-09-28T01:30:00Z,5.0157,5.0087,4.9886,4.9942,650.34,649.35,650.7,649.62,-0.08105,0.5153,19.95,20.883,-91.218
2219-09-28T01:40:00Z,4.9948,5.0096,5.0147,5.008,649.89,650.07,650.61,649.89,-0.045788,0.5153,20.046,21.144,-92.174
2219-09-28T01:50:00Z,5.0371,5.0059,5.0069,5.0246,649.08,649.53,648.81,649.71,-0.0006212,0.5153,19.999,20.793,-92.804
2219-09-28T02:00:00Z,5.0098,4.998,5.0385,4.9937,649.53,650.07,649.17,650.16,-0.025368,0.5153,19.969,21.026,-92.659
2219-09-28T02:10:00Z,4.9861,4.9707,4.991,5.0169,650.16,650.61,650.16,650.61,-0.0058884,0.51234,19.918,20.899,-91.344
2219-09-28T02:20:00Z,4.9826,5.0281,4.9959,4.9994,650.34,649.26,649.71,649.8,-0.028377,0.51234,19.944,20.976,-92.323
2219-09-28T02:30:00Z,4.9473,4.9678,4.9936,4.99,649.8,649.8,649.89,649.8,-0.029293,0.51234,19.946,20.43,-92.047
2219-09-28T02:40:00Z,5.0164,5.023,5.0395,5.0152,649.71,649.53,649.98,649.8,0.083961,0.51234,20.135,20.286,-90.954
2219-09-28T02:50:00Z,5.015,4.9842,5.0087,4.9685,649.71,650.43,649.71,650.43,0.046259,0.51234,19.94,19.8,-91.414
2219-09-28T03:00:00Z,5.0416,5.0018,4.985,4.9997,649.35,650.16,650.16,650.16,0.027586,0.51234,19.957,19.447,-91.316
2219-09-28T03:10:00Z,5.0018,4.9918,4.985,4.9848,650.16,650.07,649.53,650.34,-0.013894,0.54149,19.991,20.253,-92.539
2219-09-28T03:20:00Z,5.0005,5.0443,5.0024,4.9864,650.07,649.44,649.98,649.98,-0.022158,0.54149,20.031,19.972,-92.215
2219-09-28T03:30:00Z,5.0067,4.9794,5.016,4.9863,650.79,649.98,649.17,649.8,0.0022525,0.54149,20.039,20.111,-91.918
2219-09-28T03:40:00Z,4.9921,4.9911,5.0366,5.0153,649.71,649.98,649.26,649.62,-0.014362,0.54149,20.004,20.44,-93.466
2219-09-28T03:50:00Z,4.9985,5.004,5.0129,5.0249,650.34,650.61,650.61,649.98,-0.032616,0.54149,20.172,20.482,-95.094
2219-09-28T04:00:00Z,4.9959,4.9669,4.9995,5.0115,649.08,650.43,649.89,650.07,-0.013576,0.54149,20.015,20.739,-95.079
2219-09-28T04:10:00Z,4.968,4.9753,4.9687,5.0362,649.89,649.62,650.52,649.62,0.30431,0.55314,20.466,19.938,-95.513
2219-09-28T04:20:00Z,4.9693,4.9814,5.041,4.998,650.16,649.98,649.89,649.62,0.92028,0.55314,21.07,19.502,-94.041
2219-09-28T04:30:00Z,4.9922,4.9708,5.0061,4.9886,649.71,650.25,650.16,649.89,1.4568,0.55314,21.526,19.959,-92.224
2219-09-28T04:40:00Z,5.013,4.9958,5.0058,4.9982,649.35,649.8,650.34,649.71,2.0473,0.55314,22.138,20.243,-92.577
2219-09-28T04:50:00Z,5.0254,4.9719,5.0268,5.0012,649.26,649.89,650.16,649.89,2.5172,0.55314,22.705,20.046,-92.057
2219-09-28T05:00:00Z,4.9496,4.9767,5.008,4.9819,650.07,650.7,650.07,649.71,3.162,0.55314,23.277,19.645,-90.207
2219-09-28T05:10:00Z,5.0232,4.952,4.9954,5.0076,649.89,650.61,649.98,650.34,3.725,0.56141,23.973,20.202,-90.075
2219-09-28T05:20:00Z,5.0014,5.0113,4.9624,5.0142,650.25,649.35,651.06,649.62,4.2685,0.56141,24.402,19.575,-88.729
2219-09-28T05:30:00Z,5.0184,4.9959,5.0452,5.0063,649.71,650.16,650.43,650.07,4.8013,0.56141,24.774,20.196,-88.196
2219-09-28T05:40:00Z,5.0152,5.0212,5.0347,4.9681,650.25,650.7,649.89,650.16,5.3412,0.56141,25.411,20.463,-87.675
2219-09-28T05:50:00Z,4.9914,5.0007,5.0373,5.0263,649.8,650.43,649.53,649.89,5.9483,0.56141,25.977,19.896,-86.449
2219-09-28T06:00:00Z,4.9967,5.0093,5.0016,4.9814,650.34,650.07,650.25,650.07,6.4086,0.56141,26.658,19.888,-84.706
2219-09-28T06:10:00Z,4.9927,5.0135,4.9757,4.9706,649.98,649.8,650.16,649.8,7.0785,0.52752,27.281,20.357,-83.023
2219-09-28T06:20:00Z,4.9809,5.0193,4.9928,4.9544,650.43,649.89,649.62,649.98,7.7048,0.52752,27.868,20.076,-81.192
2219-09-28T06:30:00Z,4.9915,4.9703,4.9848,4.966,650.43,650.25,650.16,651.15,8.2698,0.52752,28.335,19.955,-78.72
2219-09-28T06:40:00Z,4.9795,4.9943,4.9904,4.9853,650.34,650.61,650.34,649.89,8.7803,0.52752,28.923,20.711,-77.037
2219-09-28T06:50:00Z,4.9839,4.9808,4.9876,4.9886,650.34,649.53,649.89,649.62,9.377,0.52752,29.503,20.262,-75.212
2219-09-28T07:00:00Z,4.9856,5.0147,4.9858,5.0123,650.88,650.43,649.62,650.43,9.9267,0.52752,30.015,20.415,-73.286
2219-09-28T07:10:00Z,4.9787,4.9956,4.9628,4.9996,650.7,650.34,649.89,650.52,10.148,0.52698,30.129,20.056,-70.527
2219-09-28T07:20:00Z,5.006,4.9701,5.0378,4.9771,649.98,650.43,649.44,650.07,10.148,0.52698,30.148,21.102,-68.363
2219-09-28T07:30:00Z,4.98,5.0129,5.0142,4.9769,650.43,650.25,649.71,650.07,10.142,0.52698,29.988,20.815,-67.713
2219-09-28T07:40:00Z,4.968,4.9818,4.9561,4.9815,650.7,650.25,650.25,650.43,10.146,0.52698,29.988,20.686,-65.475
2219-09-28T07:50:00Z,4.9816,5.0011,4.9647,5.0074,649.89,649.98,649.89,649.98,10.128,0.52698,30.099,20.201,-64.127
2219-09-28T08:00:00Z,5.0212,4.9657,4.9659,4.9562,650.34,650.43,650.88,649.8,10.096,0.52698,30.128,20.4,-62.146
2219-09-28T08:10:00Z,4.9828,4.9865,4.9788,5.0248,651.06,650.34,650.07,649.8,10.212,0.52453,30.111,21.684,-60.932
2219-09-28T08:20:00Z,4.9831,4.9833,4.9955,4.9352,650.7,650.79,649.98,649.71,10.117,0.52453,30.104,22.322,-60.304
2219-09-28T08:30:00Z,4.9542,4.9803,5.0071,4.9992,650.16,650.07,649.62,650.52,10.103,0.52453,29.978,22.766,-58.844
2219-09-28T08:40:00Z,4.9825,4.9766,4.9879,4.9583,649.8,650.88,649.44,650.61,10.154,0.52453,30.135,22.236,-57.93
2219-09-28T08:50:00Z,4.9541,4.9608,5.0042,4.9637,650.16,650.16,649.98,650.25,10.067,0.52453,30.071,22.691,-57.427
2219-09-28T09:00:00Z,4.9682,4.961,4.9994,4.9755,649.89,650.7,650.34,649.71,10.213,0.52453,30.076,23.26,-56.845
2219-09-28T09:10:00Z,5.0143,4.9714,4.9841,4.9577,649.8,649.98,650.34,649.98,10.23,0.50838,30.08,22.556,-55.938
2219-09-28T09:20:00Z,4.9788,5.0214,4.9842,4.951,649.98,649.89,650.25,650.88,10.234,0.50838,30.175,22.18,-55.919
2219-09-28T09:30:00Z,4.9726,4.9905,4.9871,5.0025,650.34,650.34,650.7,648.9,10.219,0.50838,30.113,22.888,-55.05
2219-09-28T09:40:00Z,4.9938,4.9523,4.9846,4.9708,649.89,651.6,649.35,650.79,10.136,0.50838,30.129,23.077,-53.345
2219-09-28T09:50:00Z,4.9409,4.982,4.9782,5.0036,650.79,650.52,650.43,649.89,10.169,0.50838,30.011,24.042,-52.011
2219-09-28T10:00:00Z,4.9832,4.9857,4.9744,4.9536,650.07,650.16,651.6,650.61,10.186,0.50838,30.1,24.908,-51.288
2219-09-28T10:10:00Z,4.9556,4.9555,4.9893,4.9847,649.62,650.52,650.07,649.62,10.22,0.50159,30.063,25.57,-49.87
2219-09-28T10:20:00Z,4.9757,4.9628,4.9613,4.9828,650.25,650.34,650.97,650.61,10.251,0.50159,30.15,25.721,-48.556
2219-09-28T10:30:00Z,4.9757,4.9527,4.9853,4.9739,649.89,650.52,649.44,649.89,10.302,0.50159,30.119,25.844,-47.197
2219-09-28T10:40:00Z,4.9488,4.9723,4.9906,5.0341,651.24,649.71,649.89,650.07,10.222,0.50159,30.097,25.651,-45.873
2219-09-28T10:50:00Z,4.977,4.978,4.9863,4.9862,650.16,650.07,650.43,649.62,10.221,0.50159,30.123,26.001,-45.177
2219-09-28T11:00:00Z,4.9697,4.9133,4.9494,4.9417,649.71,650.61,650.07,650.7,10.258,0.50159,30.064,24.602,-44.468
2219-09-28T11:10:00Z,5.002,4.9334,4.9651,4.9538,650.52,649.89,650.79,649.98,10.15,0.52072,29.927,24.466,-42.397
2219-09-28T11:20:00Z,4.9634,4.9465,4.963,4.9952,650.52,651.24,650.25,650.25,10.158,0.52072,29.863,24.658,-41.505
2219-09-28T11:30:00Z,4.964,4.968,4.9744,4.9312,649.8,650.07,649.35,650.07,10.179,0.52072,30.054,24.347,-40.186
2219-09-28T11:40:00Z,4.9351,4.9662,4.9724,4.9207,650.79,650.7,650.52,650.97,10.209,0.52072,29.927,24.358,-40.453
2219-09-28T11:50:00Z,4.9511,4.9759,4.9716,4.978,649.71,650.25,650.25,650.43,10.102,0.52072,30.002,24.007,-39.769
2219-09-28T12:00:00Z,4.9477,4.9662,4.9631,4.9834,649.98,649.98,651.15,650.16,10.209,0.52072,29.96,23.812,-40.738
2219-09-28T12:10:00Z,4.9418,4.9352,4.9285,4.9754,650.07,649.62,650.43,649.35,10.141,0.53816,29.88,24.22,-39.133
2219-09-28T12:20:00Z,4.955,4.9593,4.9643,4.9273,649.8,650.07,650.97,650.88,10.076,0.53816,29.899,23.519,-39.529
2219-09-28T12:30:00Z,4.9541,4.9642,4.9216,4.9381,650.25,649.62,650.61,650.43,10.156,0.53816,29.975,24.044,-41.129
2219-09-28T12:40:00Z,4.9254,4.9645,4.9792,4.9837,650.34,650.07,650.16,649.71,10.11,0.53816,30.014,24.137,-41.536
2219-09-28T12:50:00Z,4.9471,4.9082,4.9559,4.9269,650.16,650.7,649.71,651.06,10.093,0.53816,29.885,25.288,-40.376
2219-09-28T13:00:00Z,4.9526,4.9275,4.9363,4.941,649.98,649.71,650.34,649.8,10.076,0.53816,29.818,25.583,-39.961
2219-09-28T13:10:00Z,4.9601,4.9492,4.9398,4.9362,649.8,649.98,649.8,649.44,10.084,0.54255,29.836,25.007,-39.053
2219-09-28T13:20:00Z,4.9663,4.9359,4.944,4.9601,650.79,650.07,650.52,649.8,9.9905,0.54255,29.838,25.177,-38.578
2219-09-28T13:30:00Z,4.9448,4.9428,4.9729,4.9213,650.61,649.62,649.71,650.07,10.213,0.54255,29.837,24.493,-38.022
2219-09-28T13:40:00Z,4.9396,4.9508,4.938,4.9164,650.07,649.71,651.06,650.88,10.011,0.54255,29.842,24.232,-37.679
2219-09-28T13:50:00Z,4.9052,4.9463,4.9884,4.9267,649.62,649.71,650.88,650.25,10.104,0.54255,29.866,24.771,-37.103
2219-09-28T14:00:00Z,4.934,4.9189,4.9485,4.9358,649.89,649.89,649.62,649.35,10.065,0.54255,29.883,24.506,-36.487
2219-09-28T14:10:00Z,4.96,4.9274,4.9824,4.9654,649.8,650.52,650.25,650.52,10.141,0.52803,29.854,24.763,-35.687
2219-09-28T14:20:00Z,4.9371,4.9332,4.9226,4.9626,650.52,649.62,649.62,649.8,10.126,0.52803,29.911,24.56,-35.702
2219-09-28T14:30:00Z,4.9238,4.9275,4.9585,4.9296,650.25,650.7,650.34,650.61,10.2,0.52803,29.947,24.413,-34.964
2219-09-28T14:40:00Z,4.9268,4.9371,4.9544,4.9406,650.43,649.98,650.25,650.52,10.183,0.52803,29.966,24.261,-34.649
2219-09-28T14:50:00Z,4.9641,4.9544,4.9688,4.9177,649.71,649.89,649.89,650.7,10.194,0.52803,29.778,23.698,-34.391
2219-09-28T15:00:00Z,4.926,4.9068,4.9055,4.9376,650.07,649.53,649.26,650.25,10.184,0.52803,29.913,23.886,-33.932
2219-09-28T15:10:00Z,4.9524,4.9435,4.9294,4.9407,648.99,650.88,650.16,650.25,10.108,0.52624,29.892,24.723,-33.659
2219-09-28T15:20:00Z,4.9363,4.9477,4.8917,4.9683,649.98,649.8,650.07,649.62,10.174,0.52624,29.971,24.482,-33.325
2219-09-28T15:30:00Z,4.913,4.9471,4.9148,4.9626,650.34,649.89,650.34,649.71,10.145,0.52624,29.82,25.502,-32.207
2219-09-28T15:40:00Z,4.9399,4.9483,4.9324,4.902,650.43,649.98,649.71,650.43,10.222,0.52624,29.934,25.292,-33.598
2219-09-28T15:50:00Z,4.9124,4.9316,4.8973,4.9321,649.98,649.8,649.98,649.35,10.227,0.52624,30.06,25.505,-33.733
2219-09-28T16:00:00Z,4.9393,4.9241,4.9257,4.9518,649.89,650.97,649.8,650.16,10.194,0.52624,29.924,25.338,-33.585
2219-09-28T16:10:00Z,4.9565,4.9198,4.9022,4.9449,649.17,649.62,651.06,650.07,10.251,0.50345,29.943,25.07,-34.492
2219-09-28T16:20:00Z,4.949,4.9476,4.9007,4.9132,649.71,649.53,650.34,650.52,10.188,0.50345,29.935,24.259,-33.032
2219-09-28T16:30:00Z,4.8968,4.9597,4.9422,4.9235,649.8,650.34,650.16,649.98,10.251,0.50345,29.901,24.303,-32.418
2219-09-28T16:40:00Z,4.9944,4.9366,4.9017,4.9407,650.34,650.34,650.25,649.26,10.138,0.50345,29.825,24.489,-32.944
2219-09-28T16:50:00Z,4.9477,4.8995,4.9312,4.9363,649.8,650.52,650.07,649.44,10.241,0.50345,29.951,25.047,-31.846
2219-09-28T17:00:00Z,4.9032,4.9286,4.966,4.9286,650.61,650.52,650.25,649.62,10.229,0.50345,29.893,24.406,-31.952
2219-09-28T17:10:00Z,4.9291,4.9493,4.9174,4.9067,649.98,649.53,650.52,650.52,10.214,0.50595,29.938,23.86,-31.675
2219-09-28T17:20:00Z,4.9218,4.8998,4.968,4.9332,650.43,650.7,648.9,649.53,10.248,0.50595,29.958,24.067,-32.358
2219-09-28T17:30:00Z,4.9067,4.9014,4.9188,4.894,649.35,649.8,650.25,649.44,10.256,0.50595,30.009,23.955,-31.476
2219-09-28T17:40:00Z,4.8982,4.8914,4.9292,4.8907,650.16,649.98,649.62,650.61,10.314,0.50595,29.926,24.39,-31.667
2219-09-28T17:50:00Z,4.959,4.9396,4.9038,4.9544,650.25,650.97,649.8,650.43,10.274,0.50595,30.033,24.513,-31.655
2219-09-28T18:00:00Z,4.9082,4.9218,4.8932,4.9093,650.07,650.16,650.88,649.71,10.294,0.50595,29.971,24.897,-32.158
2219-09-28T18:10:00Z,4.9146,4.8782,4.9127,4.906,649.35,650.34,649.71,649.62,10.355,0.48868,29.942,25.948,-31.692
2219-09-28T18:20:00Z,4.9612,4.944,4.9509,4.8819,649.53,649.98,649.98,650.61,10.225,0.48868,29.896,25.779,-32.454
2219-09-28T18:30:00Z,4.951,4.9104,4.9171,4.922,649.62,650.16,650.43,650.43,10.176,0.48868,29.876,25.598,-32.63
2219-09-28T18:40:00Z,4.9087,4.9721,4.8811,4.8929,650.7,649.44,650.07,649.44,10.186,0.48868,29.994,26.288,-32.301
2219-09-28T18:50:00Z,4.9266,4.922,4.9096,4.9217,650.79,650.97,650.16,649.26,10.225,0.48868,29.933,26.41,-31.765
2219-09-28T19:00:00Z,4.9057,4.9181,4.9481,4.9293,649.8,649.62,649.53,649.62,10.212,0.48868,29.892,25.997,-32.65
2219-09-28T19:10:00Z,4.9304,4.9175,4.92,4.9101,650.52,650.16,650.25,649.8,10.281,0.50544,29.864,26.221,-33.116
2219-09-28T19:20:00Z,4.9131,4.9392,4.848,4.8685,650.07,650.16,650.7,649.62,10.219,0.50544,29.824,25.676,-33.869
2219-09-28T19:30:00Z,4.9171,4.9291,4.8963,4.9245,651.15,650.43,650.52,649.44,9.8959,0.50544,29.379,25.394,-34.431
2219-09-28T19:40:00Z,4.9347,4.8911,4.9074,4.9266,649.62,651.06,649.98,650.25,9.2794,0.50544,28.737,25.046,-35.316
2219-09-28T19:50:00Z,4.9266,4.8925,4.9444,4.9222,650.16,651.51,649.8,649.71,8.7816,0.50544,28.319,25.427,-36.014
2219-09-28T20:00:00Z,4.9274,4.949,4.9246,4.9438,650.79,649.53,650.25,649.89,8.1163,0.50544,27.667,25.436,-37.42
2219-09-28T20:10:00Z,4.9145,4.9032,4.9166,4.9219,650.61,650.25,649.26,650.34,7.5379,0.53501,27.036,25.105,-37.249
2219-09-28T20:20:00Z,4.9022,4.9572,4.9601,4.9145,650.79,649.62,649.17,650.07,6.9394,0.53501,26.541,25.208,-38.7
2219-09-28T20:30:00Z,4.9401,4.9368,4.9587,4.9309,648.99,649.44,649.53,650.25,6.344,0.53501,25.951,26.185,-39.045
2219-09-28T20:40:00Z,4.9253,4.919,4.9049,4.9491,649.8,650.25,650.34,649.44,5.8026,0.53501,25.355,25.515,-41.09
2219-09-28T20:50:00Z,4.9326,4.9121,4.9383,4.9601,649.44,650.25,649.71,648.45,5.2372,0.53501,24.894,26.154,-43.579
2219-09-28T21:00:00Z,4.9359,4.926,4.9179,4.9254,649.44,650.34,650.34,650.07,4.6756,0.53501,24.349,26.219,-44.739
2219-09-28T21:10:00Z,4.9217,4.9507,4.9159,4.9212,650.07,650.43,649.35,649.35,4.2054,0.56249,23.834,26.228,-46.906
2219-09-28T21:20:00Z,4.9096,4.9495,4.942,4.9241,650.25,649.8,649.98,650.52,3.5454,0.56249,23.151,26.121,-47.968
2219-09-28T21:30:00Z,4.981,4.9448,4.9178,4.9212,649.08,649.44,649.98,648.72,3.0192,0.56249,22.651,25.758,-49.096
2219-09-28T21:40:00Z,4.9432,4.653,4.9178,4.9065,649.44,667.53,649.53,650.16,2.4648,0.56249,21.753,25.801,-51.439
2219-09-28T21:50:00Z,4.9364,4.7169,4.9262,4.9424,649.89,656.73,649.44,649.53,1.8203,0.56249,21.247,25.351,-53.667
2219-09-28T22:00:00Z,4.9078,4.7577,4.9392,4.946,649.71,652.41,648.99,649.35,1.3011,0.56249,20.733,25.717,-54.681
2219-09-28T22:10:00Z,4.9396,4.8207,4.9011,4.9088,650.07,650.61,650.07,648.99,0.7457,0.59294,20.331,25.773,-56.861
2219-09-28T22:20:00Z,4.9503,4.777,4.9355,4.9071,650.34,648.99,650.07,649.98,0.26809,0.59294,19.699,25.197,-58.823
2219-09-28T22:30:00Z,4.912,4.8028,4.9035,4.9308,649.62,650.34,649.98,649.44,0.012135,0.59294,19.63,24.672,-60.753
2219-09-28T22:40:00Z,4.9499,4.7833,4.9181,4.9562,648.81,648.99,650.16,650.25,-0.00052862,0.59294,19.685,23.803,-63.404
2219-09-28T22:50:00Z,4.9514,4.8048,4.9241,4.9488,649.98,649.71,650.34,649.8,0.037178,0.59294,19.614,23.469,-64.692
2219-09-28T23:00:00Z,4.9432,4.8164,4.973,4.938,648.99,649.8,649.26,649.62,-0.052269,0.59294,19.533,23.706,-68.002
2219-09-28T23:10:00Z,4.9811,4.785,4.9477,4.922,649.35,650.34,650.07,649.62,-0.015301,0.57706,19.559,23.304,-70.355
2219-09-28T23:20:00Z,4.96,4.792,4.9577,4.9302,650.07,649.98,649.53,649.53,0.060619,0.57706,19.659,24.089,-71.432
2219-09-28T23:30:00Z,4.9494,4.7943,4.9576,4.9651,649.8,649.98,649.17,649.71,0.041681,0.57706,19.703,23.973,-72.188
2219-09-28T23:40:00Z,4.9102,4.831,4.9133,4.9804,649.8,648.54,650.25,649.35,-0.028713,0.57706,19.701,24.13,-73.304
2219-09-28T23:50:00Z,4.9512,4.7684,4.9612,4.945,649.26,649.53,649.8,650.16,0.052311,0.57706,19.659,23.825,-74.536
2219-09-29T00:00:00Z,4.9634,4.8377,4.9154,4.9493,650.34,649.89,649.98,649.89,0.089687,0.57706,19.618,24.409,-75.967
2219-09-29T00:10:00Z,4.9864,4.8439,4.9669,4.9219,649.08,649.35,649.44,649.53,-0.019863,0.53867,19.725,24.588,-77.054
2219-09-29T00:20:00Z,4.9661,4.7987,4.9682,4.984,650.43,650.16,650.25,649.71,0.093008,0.53867,19.657,24.295,-79.42
2219-09-29T00:30:00Z,4.9053,4.8108,4.9494,4.9328,650.25,649.35,649.89,649.08,0.070054,0.53867,19.759,24.461,-79.892
2219-09-29T00:40:00Z,4.9469,4.8553,4.9451,4.934,649.8,648.9,649.98,650.25,0.067729,0.53867,19.606,26.039,-79.965
2219-09-29T00:50:00Z,4.9623,4.8416,4.9817,4.9592,649.89,650.07,648.54,649.71,0.045472,0.53867,19.716,25.822,-81.988
2219-09-29T01:00:00Z,4.981,4.8063,4.952,4.9867,649.26,650.7,649.35,649.8,-0.052197,0.53867,19.638,25.855,-82.003
2219-09-29T01:10:00Z,4.933,4.8093,4.9657,4.9482,649.44,649.35,650.43,649.44,-0.017008,0.50072,19.727,26.389,-83.976
2219-09-29T01:20:00Z,4.9533,4.8243,4.9439,4.9403,650.07,649.89,649.8,649.35,0.019453,0.50072,19.768,26.356,-86.005
2219-09-29T01:30:00Z,4.9634,4.8273,4.9584,4.9303,649.62,649.35,650.25,649.89,-0.019873,0.50072,19.756,25.768,-85.11
2219-09-29T01:40:00Z,4.9564,4.8491,4.9889,4.9355,651.06,649.62,649.17,649.44,-0.007673,0.50072,19.816,25.727,-85.856
2219-09-29T01:50:00Z,4.9749,4.8206,4.9823,4.987,649.98,650.16,649.53,649.98,0.049518,0.50072,19.716,25.867,-86.165
2219-09-29T02:00:00Z,4.9286,4.8294,4.9741,4.9852,649.62,649.71,649.53,649.53,0.0024225,0.50072,19.82,25.985,-86.251
2219-09-29T02:10:00Z,4.9752,4.8339,4.9867,4.9964,649.17,650.07,649.98,649.89,0.050502,0.48754,19.767,26.629,-85.822
2219-09-29T02:20:00Z,4.9525,4.8292,4.9544,4.9843,649.26,649.44,649.98,649.26,-0.032888,0.48754,19.729,27.147,-87.226
2219-09-29T02:30:00Z,4.9659,4.8331,4.9847,4.9605,649.62,649.35,648.9,649.98,-0.018114,0.48754,19.675,26.959,-87.667
2219-09-29T02:40:00Z,4.982,4.8192,5.0069,4.9906,649.62,649.89,649.26,649.08,-0.036838,0.48754,19.721,26.615,-88.149
2219-09-29T02:50:00Z,4.9741,4.8753,4.9644,4.9694,649.08,649.35,649.26,650.07,0.040578,0.48754,19.806,25.254,-88.985
2219-09-29T03:00:00Z,4.9857,4.8655,4.9872,4.9642,649.08,649.53,649.53,650.88,0.0017367,0.48754,19.793,24.939,-90.101
2219-09-29T03:10:00Z,4.9925,4.8471,4.9701,4.9953,649.62,649.71,649.53,649.71,0.038751,0.48844,19.835,25.39,-89.928
2219-09-29T03:20:00Z,4.9916,4.8891,4.9891,5.011,650.25,650.61,649.8,649.98,-0.064535,0.48844,19.835,25.822,-90.575
2219-09-29T03:30:00Z,4.9984,4.8748,4.9603,4.9761,650.43,649.8,649.89,649.89,0.045115,0.48844,19.755,25.666,-90.59
2219-09-29T03:40:00Z,4.9652,4.8428,4.989,4.9402,650.07,650.61,650.07,650.16,0.068792,0.48844,19.791,25.586,-91.312
2219-09-29T03:50:00Z,4.9762,4.8338,4.9822,5.001,650.25,649.26,649.35,649.89,-0.021225,0.48844,19.844,24.951,-90.816
2219-09-29T04:00:00Z,5.0037,4.8557,4.994,4.962,649.98,649.71,649.44,649.8,0.033312,0.48844,19.776,25.416,-91.854
2219-09-29T04:10:00Z,4.9687,4.8572,4.9918,4.9985,650.52,649.53,649.8,649.53,-0.059234,0.52961,19.764,24.35,-91.152
2219-09-29T04:20:00Z,5.0099,4.8277,4.9586,4.9921,649.53,650.61,650.34,650.07,-0.011851,0.52961,19.731,24.209,-92.456
2219-09-29T04:30:00Z,4.9701,4.8435,5.0049,4.9909,649.35,648.99,649.71,650.7,-0.020025,0.52961,19.89,23.821,-93.141
2219-09-29T04:40:00Z,5.0033,4.8588,4.9677,4.9664,649.8,649.89,650.16,649.89,-0.014739,0.52961,19.891,24.082,-92.836
2219-09-29T04:50:00Z,5.0143,4.8156,4.9727,4.9915,650.25,650.43,649.08,649.8,0.046863,0.52961,19.769,23.955,-92.156
2219-09-29T05:00:00Z,5.0142,4.8335,4.9513,5.0426,650.52,649.71,649.8,649.71,-0.032812,0.52961,19.882,23.258,-91.494
2219-09-29T05:10:00Z,5.0442,4.8971,4.9731,5.009,649.71,649.17,649.8,649.44,-0.0050467,0.53823,19.856,23.042,-92.115
2219-09-29T05:20:00Z,4.9898,4.8432,4.9766,4.9543,650.43,648.81,650.16,650.16,0.0075323,0.53823,19.867,23.393,-91.53
2219-09-29T05:30:00Z,4.9819,4.8786,4.9971,4.9776,650.25,649.8,649.44,649.8,0.05475,0.53823,19.798,23.051,-90.739
2219-09-29T05:40:00Z,5.0249,4.8903,4.9958,4.9901,649.71,649.44,649.08,650.25,-0.013263,0.53823,19.841,22.945,-91.033
2219-09-29T05:50:00Z,4.9917,4.8595,4.9653,5.0061,649.44,649.17,650.16,650.07,-0.017692,0.53823,19.912,22.323,-90.546
2219-09-29T06:00:00Z,5.0053,4.8587,5.0208,4.9901,648.81,650.52,649.26,649.71,0.013298,0.53823,19.812,21.545,-91.666
2219-09-29T06:10:00Z,5.0379,4.8538,4.9914,5.0598,649.53,649.62,650.34,649.8,0.018211,0.53658,19.819,21.752,-91.772
2219-09-29T06:20:00Z,4.9998,4.889,4.9539,4.9557,650.34,650.16,650.16,649.8,-0.020702,0.53658,19.856,21.403,-91.002
2219-09-29T06:30:00Z,4.9938,4.8526,5.045,5.0064,649.71,649.62,649.8,649.8,-0.013693,0.53658,19.893,21.385,-90.983
2219-09-29T06:40:00Z,4.9863,4.8683,5.0372,5.0157,650.43,650.07,648.45,649.71,-0.0036626,0.53658,19.813,21.85,-92.923
2219-09-29T06:50:00Z,4.9651,4.8671,5.0075,4.9766,650.52,650.07,649.62,650.07,-0.046274,0.53658,19.879,22.7,-93.083
2219-09-29T07:00:00Z,4.9981,4.8789,5.0322,5.0461,650.52,649.8,649.98,649.62,-0.026008,0.53658,19.918,22.545,-94.549
2219-09-29T07:10:00Z,4.9908,4.8663,5.0187,5.0459,649.53,650.34,649.8,649.71,0.075296,0.58309,19.835,22.536,-93.15
2219-09-29T07:20:00Z,5.0079,4.8645,5.0226,5.0049,649.89,650.79,649.17,649.71,-0.036109,0.58309,19.889,23.1,-93.14
2219-09-29T07:30:00Z,4.9523,4.8671,5.0097,4.9739,650.52,649.44,649.98,650.16,-0.004961,0.58309,19.812,23.439,-94.015
2219-09-29T07:40:00Z,4.9829,4.8568,4.9913,4.9729,650.43,650.16,649.53,650.7,-0.10529,0.58309,19.875,23.389,-93.996
2219-09-29T07:50:00Z,5.0257,4.8642,5.0011,5.0085,649.44,650.07,650.43,649.8,-0.0277,0.58309,19.874,24.143,-94.929
2219-09-29T08:00:00Z,5.0208,4.8485,5.0119,5.0055,649.71,649.89,649.8,650.16,-0.052215,0.58309,19.951,24.529,-94.759
2219-09-29T08:10:00Z,4.995,4.854,5.0107,5.0107,650.52,651.42,650.07,650.25,0.02733,0.58779,19.77,24.974,-94.364
2219-09-29T08:20:00Z,5.041,4.8797,4.991,4.9767,650.43,648.81,650.16,650.16,0.030681,0.58779,19.808,24.397,-93.927
2219-09-29T08:30:00Z,5.0062,4.8564,4.9829,5.0015,649.44,649.35,650.34,649.62,0.072591,0.58779,20.02,22.899,-92.923
2219-09-29T08:40:00Z,5.0014,4.8491,5.0089,5.0125,649.53,649.98,649.98,650.7,0.021391,0.58779,19.903,23.489,-93.641
2219-09-29T08:50:00Z,5.0098,4.8588,5.0146,4.9864,650.16,649.71,649.98,650.25,-0.034885,0.58779,19.861,22.852,-92.679
2219-09-29T09:00:00Z,4.9832,4.8301,4.9934,5.0029,649.71,650.25,649.89,650.16,-0.034401,0.58779,19.866,23.076,-92.055
2219-09-29T09:10:00Z,4.9991,4.8751,4.994,5.0074,649.44,650.61,649.53,650.07,-0.034002,0.61697,19.957,23.773,-92.116
2219-09-29T09:20:00Z,4.9925,4.8647,5.0255,4.9793,649.98,649.89,649.71,649.89,0.047159,0.61697,19.848,23.49,-91.078
2219-09-29T09:30:00Z,4.9897,4.9028,4.9746,4.9969,649.71,649.44,649.8,649.62,-0.054323,0.61697,19.943,23.487,-90.924
2219-09-29T09:40:00Z,4.9809,4.8474,5.0364,5.026,650.52,650.25,649.8,650.07,-0.0052742,0.61697,19.817,24.436,-91.541
2219-09-29T09:50:00Z,4.9835,4.8797,4.9973,5.0076,650.16,650.25,650.07,650.52,-0.018246,0.61697,19.851,25.257,-92.813
2219-09-29T10:00:00Z,5.0191,4.8387,5.0094,5.0213,650.07,649.98,649.53,650.16,-0.05183,0.61697,20.011,25.447,-91.814
2219-09-29T10:10:00Z,5.0023,4.8675,4.9813,4.9968,650.7,650.52,649.53,649.89,-0.03421,0.61945,19.868,24.881,-91.772
2219-09-29T10:20:00Z,4.9828,4.8868,4.9844,5.0229,650.34,649.62,650.07,649.89,-0.0095328,0.61945,19.899,24.719,-92.071
2219-09-29T10:30:00Z,4.9987,4.853,5.0145,4.9842,649.89,650.79,650.07,649.89,0.050546,0.61945,19.861,24.955,-92.314
2219-09-29T10:40:00Z,4.9954,4.8523,4.9979,4.9979,649.71,650.16,649.08,649.62,-0.0020889,0.61945,19.879,24.189,-91.411
2219-09-29T10:50:00Z,5.024,4.8845,5.0063,4.9818,649.62,650.25,650.25,650.34,0.35945,0.61945,20.426,24.271,-91.271
2219-09-29T11:00:00Z,4.9925,4.876,5.0214,5.0214,650.43,649.62,649.89,650.07,0.94761,0.61945,20.878,24.391,-91.251
2219-09-29T11:10:00Z,5.0063,4.8965,4.9699,5.024,649.89,649.35,650.34,650.25,1.372,0.61965,21.435,24.107,-90.134
2219-09-29T11:20:00Z,4.9873,4.8704,5.0015,5.0188,649.08,650.16,650.34,649.89,1.9773,0.61965,21.996,23.319,-89.148
2219-09-29T11:30:00Z,4.968,4.8857,4.9847,5.0257,649.8,650.43,650.25,649.71,2.6164,0.61965,22.608,23.103,-87.582
2219-09-29T11:40:00Z,4.9857,4.8038,5.0436,4.9973,650.61,649.53,651.06,650.16,3.0043,0.61965,23.125,22.543,-85.615
2219-09-29T11:50:00Z,5.0053,4.9149,4.9824,4.9906,649.71,649.98,649.53,650.34,3.6542,0.61965,23.659,23.046,-85.276
2219-09-29T12:00:00Z,4.9694,4.8646,4.9831,5.0379,650.16,650.34,649.8,650.16,4.1816,0.61965,24.217,22.943,-84.804
2219-09-29T12:10:00Z,5.0007,4.8451,5.0104,5.0114,649.8,649.98,650.16,649.08,4.6898,0.62295,24.653,23.352,-83.363
2219-09-29T12:20:00Z,5.013,4.8425,4.9883,4.9775,649.98,650.16,651.15,649.89,5.3695,0.62295,25.264,23.411,-80.875
2219-09-29T12:30:00Z,5.0006,4.8955,4.9854,4.9763,649.98,649.98,650.34,650.97,5.7854,0.62295,25.876,22.731,-80.456
2219-09-29T12:40:00Z,4.9491,4.8513,5.0004,4.9581,650.25,650.07,649.98,649.98,6.3915,0.62295,26.426,23.712,-79.127
2219-09-29T12:50:00Z,4.9865,4.8173,4.9933,4.9754,650.43,651.24,650.7,650.25,6.9495,0.62295,26.871,24.201,-76.913
2219-09-29T13:00:00Z,5.0279,4.8517,4.9846,5.0089,650.16,650.88,651.24,649.17,7.5076,0.62295,27.491,24.693,-75.325
2219-09-29T13:10:00Z,4.9649,4.85,5.0104,5.0422,649.89,649.98,649.44,649.71,7.9785,0.61644,28.068,25.371,-73.556
2219-09-29T13:20:00Z,5.0289,4.8204,4.9599,4.976,649.62,650.43,650.52,650.16,8.6235,0.61644,28.516,25.438,-72.566
2219-09-29T13:30:00Z,5.0243,4.8592,4.9665,5.0005,650.16,649.98,651.51,650.25,9.2006,0.61644,29.102,25.986,-70.376
2219-09-29T13:40:00Z,4.9851,4.8521,4.9881,4.996,649.89,650.97,649.89,650.43,9.7369,0.61644,29.59,25.383,-68.976
2219-09-29T13:50:00Z,4.9725,4.8509,4.9819,4.9797,650.97,650.07,649.98,650.07,9.842,0.61644,29.64,26.091,-66.574
2219-09-29T14:00:00Z,5.0022,4.8339,4.979,4.9668,649.89,650.07,650.25,650.34,9.8662,0.61644,29.628,25.827,-64.569
2219-09-29T14:10:00Z,4.9663,4.8346,4.9514,5.0007,650.52,650.61,650.97,649.08,9.8132,0.60379,29.672,26.621,-62.954
2219-09-29T14:20:00Z,4.9759,4.8682,4.979,4.9698,650.25,650.16,650.16,650.16,9.8695,0.60379,29.777,26.695,-60.634
2219-09-29T14:30:00Z,4.988,4.833,4.9976,4.9771,650.7,650.79,649.89,649.8,9.9039,0.60379,29.664,26.295,-58.712
2219-09-29T14:40:00Z,4.981,4.8494,4.9952,4.9736,649.71,648.99,650.61,650.61,9.9565,0.60379,29.75,27.098,-57.488
2219-09-29T14:50:00Z,4.9869,4.8514,4.941,4.9606,650.34,650.25,650.25,649.98,9.9756,0.60379,29.784,26.82,-56.831
2219-09-29T15:00:00Z,4.9642,4.8353,4.9806,4.9925,649.98,650.97,650.34,649.98,9.929,0.60379,29.709,27.074,-54.975
2219-09-29T15:10:00Z,4.9871,4.8477,4.9748,4.9951,649.62,649.98,650.7,648.99,9.897,0.59748,29.757,25.442,-53.913
2219-09-29T15:20:00Z,5.0172,4.8242,4.9407,4.9635,650.07,650.88,650.16,650.79,9.9261,0.59748,29.632,25.756,-53.096
2219-09-29T15:30:00Z,4.9428,4.807,4.9498,4.9737,650.7,650.52,650.43,650.97,9.8957,0.59748,29.619,25.798,-52.172
2219-09-29T15:40:00Z,4.9683,4.8448,4.9416,4.9644,651.15,650.16,651.15,650.79,9.862,0.59748,29.541,26.319,-50.94
2219-09-29T15:50:00Z,5.0201,4.8369,4.96,4.9803,649.98,650.34,649.8,649.08,9.8581,0.59748,29.609,26.962,-50.23
2219-09-29T16:00:00Z,4.9455,4.7758,4.9779,4.9455,650.43,650.07,651.06,650.34,9.9032,0.59748,29.653,25.908,-48.797
2219-09-29T16:10:00Z,4.9923,4.7852,4.9868,5.0062,649.35,650.25,649.89,650.43,9.8684,0.59985,29.708,26.616,-47.963
2219-09-29T16:20:00Z,4.9833,4.8341,4.9631,4.9726,649.26,649.8,650.88,650.52,9.9259,0.59985,29.689,26.02,-47.095
2219-09-29T16:30:00Z,4.9728,4.8469,4.989,4.9575,650.34,650.25,649.62,650.07,9.9814,0.59985,29.804,25.945,-45.689
2219-09-29T16:40:00Z,4.9267,4.8201,4.9149,4.9454,649.89,650.34,650.79,649.98,10.01,0.59985,29.679,25.639,-45.953
2219-09-29T16:50:00Z,4.9796,4.8141,4.9871,4.9371,650.43,650.25,650.25,650.52,9.9598,0.59985,29.667,25.382,-44.573
2219-09-29T17:00:00Z,4.9331,4.8025,4.9765,4.9528,651.06,650.25,649.53,650.25,9.8705,0.59985,29.732,25.153,-43.006
2219-09-29T17:10:00Z,4.9363,4.8351,4.9422,4.9901,651.06,650.16,650.88,650.25,9.9816,0.56259,29.689,25.9,-43.025
2219-09-29T17:20:00Z,4.9657,4.8177,4.9685,4.9264,649.89,649.8,649.98,650.25,9.9977,0.56259,29.744,25.788,-42.609
2219-09-29T17:30:00Z,4.9484,4.858,4.9481,4.9527,650.25,650.43,650.61,650.88,10.027,0.56259,29.68,25.586,-42.46
2219-09-29T17:40:00Z,4.9782,4.8067,4.963,4.9442,650.61,650.61,650.07,650.25,9.939,0.56259,29.733,26.158,-40.111
2219-09-29T17:50:00Z,4.9782,4.7672,4.9499,4.959,649.8,651.06,650.25,650.25,10.015,0.56259,29.649,26.793,-40.213
2219-09-29T18:00:00Z,4.935,4.8114,4.9195,4.9285,650.07,650.34,650.34,651.15,9.9399,0.56259,29.662,26.98,-38.524
2219-09-29T18:10:00Z,4.9635,4.8127,4.9591,4.9676,650.07,649.71,649.98,649.62,10.008,0.56237,29.728,26.45,-38.197
2219-09-29T18:20:00Z,4.975,4.8097,4.9247,4.9394,650.16,650.34,650.52,649.62,10.06,0.56237,29.611,26.434,-37.117
2219-09-29T18:30:00Z,4.9508,4.8277,4.972,4.9359,649.89,649.8,650.43,649.98,10.062,0.56237,29.715,26.745,-37.023
2219-09-29T18:40:00Z,4.8894,4.7969,4.9577,4.9336,650.52,649.71,650.34,649.8,10.064,0.56237,29.716,25.027,-35.463
2219-09-29T18:50:00Z,4.9639,4.7936,4.9685,4.9728,650.52,650.52,650.34,649.98,10.066,0.56237,29.728,24.72,-37.242
2219-09-29T19:00:00Z,4.936,4.7984,4.9504,4.9369,649.98,650.34,650.07,650.52,10.019,0.56237,29.68,23.959,-36.078
2219-09-29T19:10:00Z,4.9339,4.7628,4.9372,4.928,650.61,650.34,649.44,650.25,9.9739,0.56898,29.788,23.73,-36.061
2219-09-29T19:20:00Z,4.9462,4.8104,4.9218,4.9344,649.62,649.71,650.25,650.61,10.068,0.56898,29.685,23.373,-35.233
2219-09-29T19:30:00Z,4.912,4.8069,4.9428,4.9417,649.71,650.43,649.62,650.16,10.002,0.56898,29.627,23.612,-34.647
2219-09-29T19:40:00Z,4.9685,4.7847,4.9419,4.9392,649.53,649.8,649.98,650.34,10.12,0.56898,29.663,23.334,-34.105
2219-09-29T19:50:00Z,4.9422,4.7761,4.9542,4.9144,649.62,650.07,649.98,649.8,10.073,0.56898,29.655,23.304,-34.053
2219-09-29T20:00:00Z,4.973,4.808,4.9299,4.9463,649.53,649.53,650.16,650.61,10.039,0.56898,29.713,23.537,-34.163
2219-09-29T20:10:00Z,4.9044,4.7679,4.9564,4.9332,650.34,649.71,649.89,649.98,10.182,0.5205,29.795,23.103,-32.745
2219-09-29T20:20:00Z,4.9107,4.7681,4.9287,4.9375,649.62,650.7,649.35,649.44,10.151,0.5205,29.769,23.308,-32.444
2219-09-29T20:30:00Z,4.9494,4.8171,4.9337,4.9691,650.34,650.25,649.8,650.7,10.149,0.5205,29.751,24.058,-31.458
2219-09-29T20:40:00Z,4.9358,4.802,4.8976,4.9307,650.25,650.34,650.34,649.89,10.105,0.5205,29.818,24.051,-31.617
2219-09-29T20:50:00Z,4.9266,4.7575,4.9137,4.9139,650.61,651.24,650.7,650.52,10.072,0.5205,29.7,24.719,-32.003
2219-09-29T21:00:00Z,4.9464,4.8042,4.938,4.9219,650.43,649.8,649.71,650.43,10.136,0.5205,29.767,24.579,-32.861
2219-09-29T21:10:00Z,4.9579,4.808,4.9431,4.9215,650.25,650.43,649.53,650.97,10.159,0.5502,29.646,24.488,-32.157
2219-09-29T21:20:00Z,4.9311,4.8069,4.9003,4.932,650.34,649.71,650.61,649.71,9.9601,0.5502,29.578,23.509,-31.94
2219-09-29T21:30:00Z,4.9021,4.7952,4.9176,4.926,649.17,650.61,650.79,649.98,9.9656,0.5502,29.584,23.547,-32.207
2219-09-29T21:40:00Z,4.9288,4.7774,4.9819,4.9283,649.8,650.16,649.53,650.16,9.9656,0.5502,29.644,23.179,-31.389
2219-09-29T21:50:00Z,4.894,4.7591,4.9202,4.9473,650.61,650.52,649.8,650.25,9.9849,0.5502,29.611,23.868,-32.794
2219-09-29T22:00:00Z,4.9638,4.7851,4.9046,4.9053,649.8,649.98,650.16,650.07,10.121,0.5502,29.629,23.82,-31.318
2219-09-29T22:10:00Z,4.9275,4.792,4.9315,4.9293,649.53,650.07,650.7,650.43,9.9997,0.54125,29.681,23.551,-31.58
2219-09-29T22:20:00Z,4.9351,4.8045,4.9412,4.9364,649.62,649.98,650.34,650.34,10.052,0.54125,29.567,24.197,-30.658
2219-09-29T22:30:00Z,4.9351,4.8168,4.9354,4.8971,650.07,650.34,649.17,650.43,10.014,0.54125,29.62,24.151,-31.276
2219-09-29T22:40:00Z,4.914,4.7872,4.8706,4.9082,650.25,649.53,650.07,650.52,9.961,0.54125,29.622,24.551,-30.97
2219-09-29T22:50:00Z,4.9087,4.8027,4.8881,4.8952,650.34,649.8,650.34,649.89,10.017,0.54125,29.555,24.775,-30.356
2219-09-29T23:00:00Z,4.9078,4.7884,4.9109,4.9278,649.8,650.34,650.43,650.07,9.9542,0.54125,29.553,24.583,-30.645
2219-09-29T23:10:00Z,4.9109,4.7936,4.9072,4.9388,650.07,649.44,649.44,650.34,9.9747,0.56829,29.56,25.521,-32.038
2219-09-29T23:20:00Z,4.9247,4.765,4.9271,4.8961,650.16,649.89,649.98,650.52,10.007,0.56829,29.631,23.91,-31.834
2219-09-29T23:30:00Z,4.9045,4.8062,4.9155,4.9238,650.16,649.8,650.79,649.8,10.008,0.56829,29.543,23.499,-31.775
2219-09-29T23:40:00Z,4.9042,4.7589,4.9233,4.9205,649.89,650.61,649.8,649.53,10.056,0.56829,29.572,23.168,-32.629
2219-09-29T23:50:00Z,4.9173,4.787,4.9179,4.9018,650.52,650.61,650.79,649.89,9.9564,0.56829,29.462,23.167,-32.116
2219-09-30T00:00:00Z,4.8794,4.7904,4.8944,4.9337,650.7,650.16,649.26,649.98,9.9061,0.56829,29.534,23.487,-30.601
2219-09-30T00:10:00Z,4.9183,4.7815,4.9199,4.9165,650.34,649.89,650.7,649.89,9.9953,0.57593,29.575,24.048,-30.528
2219-09-30T00:20:00Z,4.9322,4.7637,4.9049,4.9496,649.89,649.8,650.25,650.25,9.9293,0.57593,29.49,23.667,-31.081
2219-09-30T00:30:00Z,4.9169,4.771,4.9492,4.9163,650.52,649.89,649.62,649.8,10.027,0.57593,29.44,24.303,-30.94
2219-09-30T00:40:00Z,4.8821,4.808,4.8967,4.9501,651.6,649.44,650.25,650.25,9.905,0.57593,29.511,24.68,-30.639
2219-09-30T00:50:00Z,4.9026,4.786,4.9453,4.9351,650.16,650.25,649.71,650.34,9.9065,0.57593,29.499,24.433,-30.534
2219-09-30T01:00:00Z,4.9181,4.7964,4.892,4.9533,649.62,649.53,650.52,649.53,9.8808,0.57593,29.502,24.169,-30.925
2219-09-30T01:10:00Z,4.949,4.7731,4.9222,4.9229,649.71,650.88,649.71,650.97,10.004,0.57501,29.507,23.6,-31.396
2219-09-30T01:20:00Z,4.9449,4.7733,4.9178,4.9424,650.16,650.25,649.26,649.44,10.017,0.57501,29.635,22.947,-29.96
2219-09-30T01:30:00Z,4.9459,4.8018,4.8863,4.9696,650.16,649.44,650.79,648.9,9.9857,0.57501,29.687,23.5,-29.645
2219-09-30T01:40:00Z,4.8887,4.7514,4.903,4.9128,650.34,650.25,649.89,649.44,10.148,0.57501,29.727,24.293,-28.205
2219-09-30T01:50:00Z,4.9431,4.8052,4.8946,4.9359,650.07,649.62,649.62,650.43,10.117,0.57501,29.651,23.408,-28.679
2219-09-30T02:00:00Z,4.9145,4.7441,4.9107,4.911,650.07,650.61,649.35,649.53,10.103,0.57501,29.671,22.489,-27.423
2219-09-30T02:10:00Z,4.9308,4.7857,4.9226,4.9105,649.44,649.8,649.89,649.98,9.741,0.53098,29.16,23.19,-28.52
2219-09-30T02:20:00Z,4.8732,4.7537,4.9387,4.8934,650.34,650.61,649.71,650.07,9.2499,0.53098,28.611,23.828,-28.885
2219-09-30T02:30:00Z,4.9268,4.7634,4.8992,4.8954,650.7,650.88,649.35,650.61,8.696,0.53098,28.063,23.87,-28.798
2219-09-30T02:40:00Z,4.9251,4.8063,4.9232,4.9571,649.44,650.25,650.34,650.07,8.0943,0.53098,27.495,23.694,-28.476
2219-09-30T02:50:00Z,4.8796,4.791,4.9043,4.8869,649.08,649.62,649.8,650.07,7.5757,0.53098,27.022,23.818,-29.157
2219-09-30T03:00:00Z,4.9467,4.7749,4.9176,4.9117,649.17,650.25,650.52,650.52,7.0473,0.53098,26.381,23.687,-29.426
2219-09-30T03:10:00Z,4.8967,4.8022,4.9226,4.938,650.16,650.07,650.16,649.98,6.4244,0.48865,25.849,22.601,-30.925
2219-09-30T03:20:00Z,4.9198,4.8016,4.9183,4.8946,649.08,649.44,649.8,650.16,5.8729,0.48865,25.277,23.156,-32.484
2219-09-30T03:30:00Z,4.9241,4.8238,4.9346,4.9056,649.62,649.62,650.16,651.06,5.2998,0.48865,24.728,23.275,-32.586
2219-09-30T03:40:00Z,4.902,4.7897,4.9392,4.8977,650.61,650.16,650.07,650.25,4.7442,0.48865,24.048,22.623,-34.673
2219-09-30T03:50:00Z,4.8844,4.8075,4.9121,4.911,650.16,650.25,649.71,649.71,4.0724,0.48865,23.543,23.48,-35.236
2219-09-30T04:00:00Z,4.9361,4.7667,4.9075,4.9439,649.98,650.07,650.25,649.26,3.5262,0.48865,22.967,23.093,-35.725
2219-09-30T04:10:00Z,4.9408,4.7452,4.9165,4.8826,650.16,649.53,649.62,650.07,3.0166,0.51311,22.53,22.998,-37.421
2219-09-30T04:20:00Z,4.9135,4.7651,4.9082,4.9011,650.43,650.43,651.06,649.98,2.4769,0.51311,21.796,23.315,-40.146
2219-09-30T04:30:00Z,4.9204,4.8002,4.8935,4.9212,649.62,649.35,650.34,649.71,1.8924,0.51311,21.345,23.379,-42.461
2219-09-30T04:40:00Z,4.9086,4.7546,4.9017,4.9191,649.98,649.8,650.16,649.35,1.304,0.51311,20.687,22.841,-44.476
2219-09-30T04:50:00Z,4.9521,4.7687,4.9707,4.9202,649.62,650.34,649.53,649.71,0.66652,0.51311,20.193,22.907,-46.412
2219-09-30T05:00:00Z,4.9655,4.7528,4.9048,4.9479,650.16,649.17,650.34,650.79,0.17444,0.51311,19.584,22.714,-48.513
2219-09-30T05:10:00Z,4.9364,4.8016,4.9251,4.9435,650.43,650.25,648.81,649.8,0.03322,0.53982,19.648,22.602,-51.669
2219-09-30T05:20:00Z,4.9184,4.7843,4.9006,4.9566,650.07,649.89,650.16,649.89,0.042032,0.53982,19.593,22.535,-53.783
2219-09-30T05:30:00Z,4.9244,4.7737,4.9457,4.9586,650.07,649.53,649.8,649.08,-0.042207,0.53982,19.536,21.875,-55.027
2219-09-30T05:40:00Z,4.9286,4.7428,4.9331,4.9569,649.71,650.88,649.89,648.99,0.03801,0.53982,19.575,22.563,-58.142
2219-09-30T05:50:00Z,4.9018,4.7809,4.9281,4.9422,650.25,649.08,649.71,649.8,-0.022779,0.53982,19.536,21.741,-59.378
2219-09-30T06:00:00Z,4.9686,4.8007,4.9309,4.9554,648.9,649.53,650.16,649.89,-0.0097785,0.53982,19.638,21.914,-60.466
2219-09-30T06:10:00Z,4.9148,4.7747,4.9317,4.9336,650.25,650.79,649.71,648.81,0.038375,0.52725,19.554,22.417,-62.35
2219-09-30T06:20:00Z,4.9246,4.7729,4.9389,4.8861,649.8,650.52,650.52,649.8,0.036565,0.52725,19.5,22.414,-63.428
2219-09-30T06:30:00Z,4.9646,4.819,4.9384,4.952,650.07,649.08,649.35,649.53,-0.05452,0.52725,19.646,22.184,-65.426
2219-09-30T06:40:00Z,4.957,4.7881,4.9236,4.9323,649.26,649.98,650.52,650.07,0.013963,0.52725,19.622,22.719,-65.768
2219-09-30T06:50:00Z,4.9183,4.7673,4.9368,4.9545,649.26,650.43,649.8,649.35,0.033234,0.52725,19.686,23.317,-66.301
2219-09-30T07:00:00Z,4.9489,4.7959,4.9316,4.952,648.54,649.71,649.44,649.44,0.030252,0.52725,19.619,22.706,-67.296
2219-09-30T07:10:00Z,4.9319,4.828,4.9071,4.9543,650.07,649.62,650.16,649.44,-0.0088498,0.56598,19.688,23.533,-69.117
2219-09-30T07:20:00Z,4.9515,4.8358,4.9349,4.9609,649.35,649.53,648.99,650.16,0.021436,0.56598,19.65,24.149,-70.906
2219-09-30T07:30:00Z,4.9402,4.8195,4.9324,4.9619,650.61,650.07,649.71,648.36,-0.036966,0.56598,19.69,24.496,-71.17
2219-09-30T07:40:00Z,4.9644,4.8188,4.9705,4.9674,648.81,650.34,649.8,650.07,-0.0091354,0.56598,19.642,25.347,-70.487
2219-09-30T07:50:00Z,4.9435,4.8454,4.9451,4.9494,650.34,649.53,650.25,650.43,-0.0047907,0.56598,19.582,25.009,-71.665
2219-09-30T08:00:00Z,4.9291,4.8283,4.9222,4.946,649.89,649.35,648.99,649.71,-0.072634,0.56598,19.583,24.589,-73.187
2219-09-30T08:10:00Z,4.9857,4.8321,4.9353,4.9306,649.17,649.62,650.61,649.89,0.06639,0.60177,19.687,24.111,-72.411
2219-09-30T08:20:00Z,4.9519,4.7816,4.9424,5.0026,650.34,650.34,649.8,649.98,-0.0022667,0.60177,19.636,23.894,-73.986
2219-09-30T08:30:00Z,4.9689,4.8053,4.939,4.9645,649.98,649.35,650.61,649.35,0.022386,0.60177,19.651,24.692,-74.678
2219-09-30T08:40:00Z,4.968,4.8175,4.9581,4.9419,648.9,649.89,649.89,649.53,0.023004,0.60177,19.629,24.35,-75.18
2219-09-30T08:50:00Z,4.9937,4.8494,4.9569,4.9712,649.44,649.17,650.25,649.44,0.00024563,0.60177,19.751,23.507,-75.555
2219-09-30T09:00:00Z,4.9458,4.8576,4.9839,4.9596,650.43,649.8,649.62,650.43,0.013793,0.60177,19.677,23.965,-75.73
2219-09-30T09:10:00Z,4.9432,4.8216,4.939,4.9586,650.07,649.44,649.26,650.25,-0.01121,0.65522,19.638,24.389,-76.108
2219-09-30T09:20:00Z,4.9515,4.8365,4.9833,4.9674,649.89,649.89,648.9,649.35,0.0095395,0.65522,19.732,24.407,-76.516
2219-09-30T09:30:00Z,4.9538,4.8596,4.9607,4.9724,650.16,649.26,650.07,650.34,0.070201,0.65522,19.726,24.713,-76.571
2219-09-30T09:40:00Z,4.9457,4.8258,4.9363,4.9792,649.89,650.52,650.52,650.16,0.050934,0.65522,19.661,24.913,-76.763
2219-09-30T09:50:00Z,4.9099,4.8485,4.9601,4.9591,650.34,649.08,649.17,649.89,0.020742,0.65522,19.737,25.024,-78.06
2219-09-30T10:00:00Z,4.944,4.7975,4.9547,4.9384,649.98,649.98,649.44,650.7,-0.023238,0.65522,19.682,24.594,-78.131
2219-09-30T10:10:00Z,4.9725,4.794,4.9584,5.0147,650.16,649.98,650.07,649.17,0.066347,0.64485,19.767,25.83,-79.768
2219-09-30T10:20:00Z,4.9857,4.8739,4.937,4.9484,649.98,649.44,650.52,649.71,-0.046221,0.64485,19.698,26.03,-79.308
2219-09-30T10:30:00Z,4.9427,4.8367,4.9588,4.9621,650.16,649.8,649.98,649.08,0.029514,0.64485,19.754,25.304,-80.514
2219-09-30T10:40:00Z,4.9669,4.8253,4.9406,4.9348,649.62,650.25,650.25,650.25,0.010879,0.64485,19.748,24.775,-80.111
2219-09-30T10:50:00Z,4.9303,4.8443,4.9859,4.9556,649.71,650.16,650.88,650.07,0.0025621,0.64485,19.752,23.891,-79.704
2219-09-30T11:00:00Z,4.9811,4.83,4.9685,5.0059,649.71,649.53,650.52,649.35,0.045846,0.64485,19.764,23.486,-78.612
2219-09-30T11:10:00Z,4.964,4.8086,4.9734,4.9949,649.35,650.52,649.62,649.17,0.015678,0.64349,19.801,23.81,-79.232
2219-09-30T11:20:00Z,4.975,4.8549,4.9945,4.925,649.98,650.34,649.26,649.71,-0.0069589,0.64349,19.749,23.297,-79.203
2219-09-30T11:30:00Z,4.9864,4.8494,4.9643,4.9436,650.61,649.98,649.98,649.44,0.029806,0.64349,19.742,22.893,-79.413
2219-09-30T11:40:00Z,4.9942,4.8661,4.9979,4.9903,649.71,649.98,649.8,650.16,0.069332,0.64349,19.785,24.071,-80.453
2219-09-30T11:50:00Z,4.9389,4.8547,4.9703,4.9912,649.44,649.62,649.62,650.34,-0.036571,0.64349,19.809,23.135,-80.556
2219-09-30T12:00:00Z,4.9635,4.8308,4.9689,4.9823,650.16,649.62,649.53,649.35,-0.027155,0.64349,19.766,23.254,-81.095
2219-09-30T12:10:00Z,4.9594,4.8459,4.9953,4.9481,649.8,649.98,649.35,650.25,0.048639,0.64756,19.915,23.801,-82.56
2219-09-30T12:20:00Z,4.9977,4.847,4.9927,5.0098,649.35,649.35,649.53,649.53,0.036736,0.64756,19.823,23.735,-81.615
2219-09-30T12:30:00Z,4.9546,4.8511,4.9613,4.9752,650.43,650.16,649.98,649.8,0.029719,0.64756,19.807,23.909,-81.081
2219-09-30T12:40:00Z,4.9696,4.8132,4.9933,4.9649,650.43,650.52,650.07,650.16,0.072388,0.64756,19.685,24.313,-81.011
2219-09-30T12:50:00Z,4.9901,4.842,4.9826,4.9467,650.07,649.89,649.71,650.25,0.055543,0.64756,19.676,23.952,-81.177
2219-09-30T13:00:00Z,4.958,4.8481,4.97,4.9661,649.44,650.7,649.8,649.71,0.050119,0.64756,19.765,24.852,-81.805
2219-09-30T13:10:00Z,4.9752,4.855,4.9828,4.9924,649.71,650.43,649.08,649.71,0.035502,0.66936,19.749,23.724,-81.431
2219-09-30T13:20:00Z,4.9678,4.8302,4.983,4.959,649.98,649.98,649.53,650.43,-0.042844,0.66936,19.777,23.562,-81.863
2219-09-30T13:30:00Z,4.9977,4.8558,4.9734,4.9881,649.71,649.62,650.34,649.17,-0.03523,0.66936,19.772,23.117,-83.825
2219-09-30T13:40:00Z,4.9752,4.8504,5.0052,4.9851,649.71,649.26,649.71,650.43,0.0038466,0.66936,19.79,23.083,-82.979
2219-09-30T13:50:00Z,5.0132,4.8696,5.023,4.9881,649.53,648.81,649.98,649.8,0.026205,0.66936,19.826,23.786,-83.365
2219-09-30T14:00:00Z,4.9918,4.8436,4.9647,4.9916,649.62,649.8,650.97,649.98,-0.019449,0.66936,19.814,23.883,-83.674
2219-09-30T14:10:00Z,4.9699,4.8428,4.9841,5.0056,649.71,649.8,649.44,649.26,0.039743,0.67747,19.833,24.047,-83.8
2219-09-30T14:20:00Z,4.9758,4.8251,4.9888,4.9799,650.16,650.43,649.98,649.89,0.021596,0.67747,19.787,23.904,-82.868
2219-09-30T14:30:00Z,4.9954,4.8381,4.9593,4.9424,649.08,650.25,649.98,650.07,0.039336,0.67747,19.79,24.386,-82.433
2219-09-30T14:40:00Z,4.9808,4.8184,4.9843,4.9674,649.62,649.62,649.98,651.06,0.0011481,0.67747,19.868,24.557,-84.13
2219-09-30T14:50:00Z,4.99,4.8389,4.9741,4.9845,650.7,649.89,649.8,649.08,-0.0011606,0.67747,19.787,24.596,-83.289
2219-09-30T15:00:00Z,5.0031,4.8506,5.033,5.0015,650.16,649.98,648.63,649.8,0.013083,0.67747,19.905,24.891,-83.867
2219-09-30T15:10:00Z,5.0107,4.8349,5.0034,4.9387,649.98,649.53,648.9,649.8,0.056294,0.69431,19.889,25.924,-84.567
2219-09-30T15:20:00Z,4.9924,4.8581,5.0093,4.9874,650.97,649.71,649.62,649.62,-0.018428,0.69431,19.814,25.644,-85.153
2219-09-30T15:30:00Z,4.9353,4.8548,5.033,4.9585,649.89,649.53,648.27,649.62,-0.028847,0.69431,19.929,24.544,-85.369
2219-09-30T15:40:00Z,5.0143,4.8806,4.9676,4.9866,649.8,648.9,650.07,649.8,-0.0057017,0.69431,19.873,24.143,-83.416
2219-09-30T15:50:00Z,5.0073,4.8404,4.9722,5.021,650.16,650.61,650.34,648.99,-0.01521,0.69431,19.833,24.1,-83.691
2219-09-30T16:00:00Z,4.9728,4.8446,4.9792,4.9523,650.7,649.62,649.98,650.07,-0.037537,0.69431,19.874,24.083,-83.22
2219-09-30T16:10:00Z,4.9905,4.84,4.9893,4.9903,649.98,650.07,650.34,649.62,0.024322,0.69679,19.845,23.875,-83.268
2219-09-30T16:20:00Z,5.0251,4.8557,5.0394,5.0028,649.98,650.43,649.44,649.26,0.025081,0.69679,19.8,23.48,-82.841
2219-09-30T16:30:00Z,4.992,4.8427,4.9924,5.0155,649.8,649.44,649.53,649.71,0.028588,0.69679,19.811,23.648,-84.105
2219-09-30T16:40:00Z,4.9878,4.8396,5.0019,4.9907,649.08,650.34,649.8,650.52,-0.067524,0.69679,19.87,23.433,-83.414
2219-09-30T16:50:00Z,4.9712,4.8724,4.9969,4.9783,650.7,650.25,649.98,649.98,0.10346,0.69679,19.894,23.685,-83.458
2219-09-30T17:00:00Z,4.9741,4.8449,5.0038,4.9544,649.8,649.98,649.98,649.8,0.03103,0.69679,19.916,22.811,-84.465
2219-09-30T17:10:00Z,4.9642,4.8732,4.9698,4.9954,651.15,649.62,649.8,649.8,-0.016679,0.67971,19.879,23.362,-83.609
2219-09-30T17:20:00Z,4.9883,4.8727,4.9798,4.9353,649.35,648.9,650.61,650.97,0.0039295,0.67971,19.847,23.501,-83.905
2219-09-30T17:30:00Z,4.9942,4.872,4.9971,4.9335,650.61,649.35,649.89,650.43,0.38525,0.67971,20.28,23.444,-82.685
2219-09-30T17:40:00Z,4.9836,4.8524,4.9778,4.9816,650.43,649.26,649.98,650.16,0.91491,0.67971,20.715,23.856,-83.711
2219-09-30T17:50:00Z,4.9925,4.8628,4.9938,4.9867,650.16,649.8,649.8,649.98,1.4585,0.67971,21.417,24.799,-82.853
2219-09-30T18:00:00Z,5.0341,4.8365,4.9583,5.0214,649.8,649.8,650.43,649.8,1.9991,0.67971,21.919,24.356,-81.425
2219-09-30T18:10:00Z,4.9937,4.8731,4.9761,5.008,650.61,650.07,650.61,649.89,2.4936,0.66671,22.45,24.162,-81.762
2219-09-30T18:20:00Z,4.992,4.8395,4.9639,4.9881,650.07,650.25,650.25,650.25,3.0039,0.66671,22.936,24.711,-80.594
2219-09-30T18:30:00Z,5.0153,4.8563,5.0146,4.9714,649.26,650.25,650.25,650.43,3.4837,0.66671,23.52,25.147,-80.603
2219-09-30T18:40:00Z,4.9947,4.8372,5.0289,4.9643,649.8,650.34,649.26,650.16,4.1254,0.66671,24.056,25.066,-78.982
2219-09-30T18:50:00Z,4.9937,4.8665,4.9907,4.9922,649.44,649.35,650.79,649.71,4.6281,0.66671,24.575,25.444,-77.351
2219-09-30T19:00:00Z,4.9832,4.8375,4.9966,5.0136,650.07,650.52,651.06,650.07,5.1395,0.66671,25.077,25.988,-75.864
2219-09-30T19:10:00Z,5.0343,4.8326,4.977,4.9973,650.34,650.16,650.16,649.44,5.6445,0.71948,25.571,26.462,-73.01
2219-09-30T19:20:00Z,4.9638,4.8518,4.9844,4.9718,649.98,649.53,650.79,649.71,6.1992,0.71948,26.172,25.855,-72.149
2219-09-30T19:30:00Z,4.9786,4.8917,4.9801,4.9984,650.34,649.08,650.25,650.43,6.6576,0.71948,26.568,26.972,-70.962
2219-09-30T19:40:00Z,5.0073,4.8493,4.9645,4.9878,649.8,650.16,649.62,650.52,7.2249,0.71948,27.143,26.986,-68.654
2219-09-30T19:50:00Z,4.9748,4.8566,4.9807,4.9953,649.89,649.8,649.62,649.89,7.7039,0.71948,27.578,26.675,-67.023
2219-09-30T20:00:00Z,4.9935,4.8596,4.9919,4.969,650.34,650.34,650.16,650.07,8.1805,0.71948,28.163,27.208,-64.548
2219-09-30T20:10:00Z,4.9928,4.8249,4.9788,4.9475,649.8,650.88,650.07,651.42,8.7883,0.74621,28.649,26.897,-62.296
2219-09-30T20:20:00Z,4.9919,4.8895,4.992,4.957,650.43,649.17,649.53,649.71,9.3099,0.74621,29.18,26.794,-60.083
2219-09-30T20:30:00Z,4.9993,4.8886,4.9505,4.9848,649.62,649.71,649.53,650.25,9.498,0.74621,29.419,26.389,-58.839
2219-09-30T20:40:00Z,4.9762,4.8566,4.9641,4.9674,650.16,649.98,650.7,650.25,9.5732,0.74621,29.279,26.889,-58.332
2219-09-30T20:50:00Z,4.9929,4.8335,4.9881,4.9995,649.44,649.89,650.43,649.26,9.5205,0.74621,29.326,26.559,-56.015
2219-09-30T21:00:00Z,4.9662,4.8112,4.9875,4.9371,649.98,650.79,650.07,650.16,9.4262,0.74621,29.234,26.479,-54.834
2219-09-30T21:10:00Z,4.9757,4.8319,4.9985,4.9794,650.07,650.88,650.34,650.34,9.4433,0.76074,29.225,27.02,-53.224
2219-09-30T21:20:00Z,5.0026,4.8725,4.9464,4.9728,649.53,649.62,649.89,649.98,9.4535,0.76074,29.218,26.786,-50.788
2219-09-30T21:30:00Z,4.9773,4.8066,4.9539,4.9809,649.71,650.61,649.98,650.16,9.3918,0.76074,29.127,27.548,-49.241
2219-09-30T21:40:00Z,5.0148,4.8492,4.9689,4.9646,650.7,651.15,649.98,650.7,9.3888,0.76074,29.208,27.764,-47.578
2219-09-30T21:50:00Z,4.9386,4.8493,4.9479,4.9695,650.43,649.26,650.61,649.98,9.384,0.76074,29.073,28.041,-46.582
2219-09-30T22:00:00Z,4.9653,4.8111,4.9461,4.9931,650.25,650.43,650.43,650.25,9.3669,0.76074,29.038,28.022,-46.909
2219-09-30T22:10:00Z,4.9668,4.8383,4.909,4.9832,649.98,649.62,650.07,650.79,9.4804,0.75138,29.108,28.041,-44.994
2219-09-30T22:20:00Z,4.9182,4.8132,4.9919,4.9613,650.43,650.43,650.16,650.07,9.4152,0.75138,29.153,27.029,-43.027
2219-09-30T22:30:00Z,4.9358,4.8316,4.9601,4.9561,650.07,649.26,650.79,650.43,9.3747,0.75138,29.115,26.316,-42.236
2219-09-30T22:40:00Z,4.9607,4.8042,4.979,4.9817,651.24,650.52,650.34,650.61,9.4173,0.75138,29.093,25.496,-42.042
2219-09-30T22:50:00Z,4.9353,4.8158,4.9599,4.9452,650.52,649.62,650.16,650.79,9.4706,0.75138,29.166,25.873,-39.595
2219-09-30T23:00:00Z,4.942,4.8043,4.9507,4.9228,649.44,650.7,650.16,650.34,9.5411,0.75138,29.213,25.2,-38.599
2219-09-30T23:10:00Z,4.9422,4.8112,4.9608,4.9539,650.52,649.8,649.8,650.61,9.4304,0.72237,29.204,24.663,-37.769
2219-09-30T23:20:00Z,4.9735,4.7978,4.9643,4.9484,650.16,650.34,649.8,650.16,9.6012,0.72237,29.248,24.637,-36.349
2219-09-30T23:30:00Z,4.9353,4.8142,4.9559,4.9522,650.43,649.89,650.25,649.8,9.6264,0.72237,29.294,24.902,-36.71
2219-09-30T23:40:00Z,4.9654,4.79,4.9558,4.9623,650.34,650.79,649.8,650.7,9.5558,0.72237,29.231,24.238,-37.044
2219-09-30T23:50:00Z,4.9902,4.7761,4.9538,4.9268,650.16,650.52,650.7,649.53,9.6383,0.72237,29.305,24.529,-37.103
2219-10-01T00:00:00Z,4.9918,4.8268,4.9705,4.9669,650.34,649.8,649.71,650.25,9.5725,0.72237,29.248,23.968,-36.339
2219-10-01T00:10:00Z,4.9264,4.7951,4.9527,4.9517,650.52,649.53,650.25,650.25,9.611,0.70231,29.249,24.137,-35.094
2219-10-01T00:20:00Z,4.9684,4.7921,4.926,4.9155,649.8,650.88,649.08,650.52,9.6562,0.70231,29.285,23.781,-33.39
2219-10-01T00:30:00Z,4.9432,4.8055,4.9477,4.9396,650.16,651.06,650.43,650.34,9.7508,0.70231,29.41,23.176,-33.417
2219-10-01T00:40:00Z,4.9415,4.7899,4.9294,4.9127,650.07,649.8,650.88,650.43,9.6477,0.70231,29.323,22.499,-32.965
2219-10-01T00:50:00Z,4.9299,4.7939,4.9631,4.9579,650.25,649.62,650.34,650.7,9.6744,0.70231,29.315,23.161,-31.408
2219-10-01T01:00:00Z,4.938,4.7721,4.9136,4.9565,650.43,649.98,650.16,650.52,9.6644,0.70231,29.305,22.674,-31.086
2219-10-01T01:10:00Z,4.8826,4.8179,4.9355,4.9131,651.24,650.43,649.62,650.25,9.5755,0.69505,29.232,23.255,-29.745
2219-10-01T01:20:00Z,4.9303,4.8084,4.9583,4.9235,649.26,650.88,650.43,651.33,9.5581,0.69505,29.261,23.186,-29.832
2219-10-01T01:30:00Z,4.9728,4.7901,4.928,4.9578,649.98,649.98,649.71,650.25,9.647,0.69505,29.255,23.107,-30.176
2219-10-01T01:40:00Z,4.9153,4.7867,4.9195,4.9193,649.98,650.43,650.61,650.07,9.7809,0.69505,29.192,22.784,-29.901
2219-10-01T01:50:00Z,4.9572,4.8271,4.9368,4.942,649.71,650.61,649.44,649.89,9.6036,0.69505,29.279,22.139,-29.681
2219-10-01T02:00:00Z,4.8989,4.7911,4.923,4.905,649.53,649.8,650.07,649.8,9.5478,0.69505,29.168,21.817,-30.108
2219-10-01T02:10:00Z,4.9393,4.8035,4.9681,4.9328,649.53,650.43,649.89,650.43,9.5356,0.7232,29.112,22.435,-29.917
2219-10-01T02:20:00Z,4.922,4.8038,4.9146,4.9527,649.44,650.61,650.34,649.26,9.5023,0.7232,29.04,22.421,-29.865
2219-10-01T02:30:00Z,4.9401,4.7928,4.9271,4.9124,650.25,650.52,649.8,650.79,9.4712,0.7232,29.111,21.911,-30.471
2219-10-01T02:40:00Z,4.9418,4.7474,4.9246,4.9413,650.16,650.43,649.26,649.89,9.505,0.7232,29.081,22.466,-30.581
2219-10-01T02:50:00Z,4.9725,4.7898,4.9508,4.9388,649.71,650.52,649.17,649.89,9.4637,0.7232,29.054,22.244,-30.161
2219-10-01T03:00:00Z,4.9133,4.7805,4.9262,4.9135,650.7,650.25,650.79,650.97,9.4913,0.7232,28.988,21.615,-29.182
2219-10-01T03:10:00Z,4.9389,4.787,4.9415,4.9172,649.89,650.25,649.89,650.16,9.5895,0.70737,29.132,21.282,-28.886
2219-10-01T03:20:00Z,4.9504,4.7927,4.9388,4.9428,650.16,649.71,649.44,650.07,9.6112,0.70737,29.255,21.393,-30.247
2219-10-01T03:30:00Z,4.9381,4.7755,4.9021,4.9197,650.07,650.34,649.08,649.53,9.6181,0.70737,29.058,22.063,-31.078
2219-10-01T03:40:00Z,4.9271,4.8058,4.9355,4.8772,650.61,648.63,650.16,650.34,9.5574,0.70737,29.102,21.545,-30.446
2219-10-01T03:50:00Z,4.902,4.8333,4.8953,4.9479,649.71,650.25,650.43,650.07,9.5615,0.70737,29.075,22.233,-29.337
2219-10-01T04:00:00Z,4.9264,4.8174,4.9357,4.9268,649.71,650.52,649.17,649.98,9.5128,0.70737,29.148,22.755,-30.096
2219-10-01T04:10:00Z,4.9122,4.7784,4.8824,4.9179,650.07,649.89,650.43,649.17,9.513,0.71208,29.084,22.593,-30.099
2219-10-01T04:20:00Z,4.9157,4.7592,4.9635,4.9282,649.98,650.16,649.71,650.07,9.5949,0.71208,29.12,22.123,-29.016
2219-10-01T04:30:00Z,4.9241,4.7688,4.8931,4.9368,650.52,651.42,650.34,650.16,9.5372,0.71208,29.122,21.568,-28.478
2219-10-01T04:40:00Z,4.9327,4.7868,4.9344,4.9575,649.89,649.26,649.8,649.44,9.5921,0.71208,29.145,22.511,-27.931
2219-10-01T04:50:00Z,4.9097,4.7681,4.9457,4.936,649.71,650.79,649.89,649.62,9.6564,0.71208,29.206,22.545,-26.97
2219-10-01T05:00:00Z,4.8917,4.7541,4.9078,4.9378,649.44,650.7,650.25,650.25,9.6471,0.71208,29.071,22.252,-27.656
2219-10-01T05:10:00Z,4.9237,4.8009,4.9024,4.882,649.98,650.7,649.8,650.25,9.6348,0.67906,29.193,22.53,-27.712
2219-10-01T05:20:00Z,4.9137,4.7759,4.9395,4.953,650.07,650.7,649.98,650.43,9.6441,0.67906,29.244,22.266,-28.523
2219-10-01T05:30:00Z,4.9021,4.7631,4.8874,4.943,650.07,649.98,651.06,649.44,9.7344,0.67906,29.234,22.485,-28.53
2219-10-01T05:40:00Z,4.8928,4.7625,4.9356,4.934,649.98,649.44,649.08,650.07,9.6726,0.67906,29.223,23.477,-27.392
2219-10-01T05:50:00Z,4.9236,4.7743,4.8711,4.8976,649.8,649.62,649.53,650.52,9.664,0.67906,29.213,24.404,-28.222
2219-10-01T06:00:00Z,4.8951,4.7835,4.897,4.8787,650.61,649.89,650.34,649.98,9.8312,0.67906,29.32,25.052,-28.334
2219-10-01T06:10:00Z,4.9015,4.7781,4.8925,4.88,649.44,650.16,650.7,650.16,9.7825,0.64168,29.292,25.041,-27.883
2219-10-01T06:20:00Z,4.8944,4.7702,4.9053,4.96,650.7,649.98,649.98,649.26,9.8223,0.64168,29.259,24.639,-28.551
2219-10-01T06:30:00Z,4.9245,4.7996,4.8971,4.9159,650.61,650.25,649.71,649.62,9.7423,0.64168,29.341,23.526,-28.759
2219-10-01T06:40:00Z,4.9148,4.8223,4.8891,4.907,650.79,650.07,650.34,650.61,9.739,0.64168,29.173,23.42,-28.226
2219-10-01T06:50:00Z,4.9234,4.7794,4.9352,4.9282,649.98,650.16,649.89,649.62,9.6598,0.64168,29.337,23.405,-28.985
2219-10-01T07:00:00Z,4.9356,4.8138,4.8988,4.9073,649.17,648.99,650.61,650.25,9.6684,0.64168,29.223,22.973,-29.277
2219-10-01T07:10:00Z,4.9106,4.8055,4.9348,4.8864,650.7,649.35,649.62,649.8,9.7143,0.68335,29.182,22.161,-30.204
2219-10-01T07:20:00Z,4.955,4.7269,4.8665,4.9125,650.43,650.16,650.25,650.07,9.6158,0.68335,29.169,22.796,-29.965
2219-10-01T07:30:00Z,4.9224,4.7914,4.8829,4.9064,650.34,649.26,650.07,650.43,9.5357,0.68335,29.034,22.62,-30.225
2219-10-01T07:40:00Z,4.9442,4.7948,4.9054,4.8993,650.16,650.79,649.26,650.34,9.4096,0.68335,29.02,22.999,-30.186
2219-10-01T07:50:00Z,4.9209,4.8044,4.9195,4.9149,649.44,650.25,649.8,649.53,9.5347,0.68335,29.054,23.324,-30.675
2219-10-01T08:00:00Z,4.9046,4.7821,4.9447,4.8972,650.43,650.52,649.17,649.98,9.5397,0.68335,28.938,23.376,-30.491
2219-10-01T08:10:00Z,4.892,4.8298,4.9265,4.9118,649.98,649.53,649.71,650.25,9.4399,0.73856,28.991,23.16,-30.436
2219-10-01T08:20:00Z,4.93,4.7783,4.9248,4.8827,649.89,650.34,649.71,650.25,9.4603,0.73856,29,25.207,-31.021
2219-10-01T08:30:00Z,4.8978,4.803,4.9351,4.9297,649.71,649.44,651.06,649.26,9.3936,0.73856,28.926,26.045,-30.516
2219-10-01T08:40:00Z,4.9311,4.7856,4.9015,4.9059,650.61,649.71,649.8,649.8,9.433,0.73856,28.964,26.092,-30.686
2219-10-01T08:50:00Z,4.9005,4.7978,4.8746,4.899,649.8,649.71,650.88,648.81,8.9311,0.73856,28.357,25.47,-31.247
2219-10-01T09:00:00Z,4.918,4.783,4.9429,4.8957,650.16,650.34,649.44,650.61,8.5375,0.73856,27.892,24.566,-30.641
2219-10-01T09:10:00Z,4.9077,4.7777,4.9039,4.9051,649.98,649.8,649.71,649.53,8.0285,0.75031,27.47,24.342,-31.2
2219-10-01T09:20:00Z,4.889,4.7286,4.9089,4.9156,650.88,649.98,649.44,649.53,7.4905,0.75031,26.83,24.33,-30.958
2219-10-01T09:30:00Z,4.9223,4.7557,4.9107,4.9242,649.44,650.07,650.61,649.26,7.0336,0.75031,26.445,24.643,-31.092
2219-10-01T09:40:00Z,4.8857,4.8151,4.9052,4.9255,650.7,650.16,649.26,649.26,6.4565,0.75031,25.856,25.597,-30.986
2219-10-01T09:50:00Z,4.931,4.7888,4.9246,4.9195,649.17,650.16,650.07,649.89,5.9839,0.75031,25.302,25.669,-33.4
2219-10-01T10:00:00Z,4.9272,4.7783,4.9053,4.908,650.97,650.25,650.52,650.43,5.438,0.75031,24.735,25.764,-34.621
2219-10-01T10:10:00Z,4.928,4.7458,4.9251,4.9475,649.53,649.8,649.62,650.34,4.937,0.72774,24.248,25.383,-35.988
2219-10-01T10:20:00Z,4.8877,4.7657,4.9099,4.9235,650.34,650.43,650.25,649.62,4.4225,0.72774,23.73,26.049,-38.157
2219-10-01T10:30:00Z,4.9226,4.7937,4.935,4.9318,649.71,649.89,650.25,650.07,3.8334,0.72774,23.243,25.554,-39.529
2219-10-01T10:40:00Z,4.8932,4.7987,4.921,4.9352,649.17,649.8,650.16,649.44,3.3251,0.72774,22.782,25.772,-41.087
2219-10-01T10:50:00Z,4.9367,4.7908,4.8894,4.8975,649.89,649.71,650.43,650.34,2.7416,0.72774,22.074,25.946,-42.771
2219-10-01T11:00:00Z,4.8741,4.7652,4.9028,4.9556,649.8,649.98,649.71,650.25,2.2279,0.72774,21.615,25.994,-44.427
2219-10-01T11:10:00Z,4.9395,4.7904,4.9446,4.9235,649.62,649.89,648.99,649.08,1.7398,0.72609,21.25,25.044,-46.269
2219-10-01T11:20:00Z,4.9154,4.7575,4.9362,4.891,649.89,650.16,650.07,649.71,1.1608,0.72609,20.634,24.522,-47.563
2219-10-01T11:30:00Z,4.9537,4.7805,4.8975,4.9247,650.07,649.17,649.98,649.62,0.73796,0.72609,20.121,23.972,-50.265
2219-10-01T11:40:00Z,4.9189,4.8,4.9296,4.9273,649.62,648.9,650.25,649.89,0.19425,0.72609,19.564,22.776,-52.204
2219-10-01T11:50:00Z,4.8987,4.7875,4.9442,4.9406,650.16,649.44,649.35,649.62,-0.032852,0.72609,19.542,23.822,-54.494
2219-10-01T12:00:00Z,4.8887,4.8111,4.9266,4.9038,649.35,650.16,650.07,650.07,-0.0012526,0.72609,19.512,23.184,-56.611
2219-10-01T12:10:00Z,4.9651,4.8255,4.9317,4.9311,649.35,649.89,649.8,650.43,-0.025099,0.73338,19.549,23.826,-58.978
2219-10-01T12:20:00Z,4.9317,4.7809,4.9113,4.9003,649.35,649.35,649.98,650.07,0.048415,0.73338,19.56,24.123,-59.849
2219-10-01T12:30:00Z,4.9214,4.8182,4.8853,4.9403,649.62,648.99,650.43,649.26,-0.046068,0.73338,19.668,24.727,-62.597
2219-10-01T12:40:00Z,4.9187,4.7823,4.9502,4.9203,649.53,649.98,649.8,649.8,0.018377,0.73338,19.529,24.486,-64.34
2219-10-01T12:50:00Z,4.9015,4.7693,4.9479,4.9201,649.44,649.08,649.71,650.07,-0.017611,0.73338,19.567,24.14,-63.995
2219-10-01T13:00:00Z,4.9613,4.8066,4.9306,4.9324,649.26,649.71,649.89,650.07,0.053943,0.73338,19.68,24.388,-65.769
2219-10-01T13:10:00Z,4.9285,4.7962,4.9699,4.9206,650.16,649.98,650.79,650.43,-0.060377,0.72954,19.554,23.854,-67.178
2219-10-01T13:20:00Z,4.9357,4.8234,4.9427,4.9318,649.8,649.8,649.26,649.53,-0.0058838,0.72954,19.629,23.659,-69.087
2219-10-01T13:30:00Z,4.9288,4.7899,4.9304,4.9742,649.44,650.43,649.62,649.26,0.056134,0.72954,19.608,22.936,-69.248
2219-10-01T13:40:00Z,4.9522,4.7949,4.9638,4.9621,649.08,650.7,649.53,650.34,0.062747,0.72954,19.648,23.477,-70.405
2219-10-01T13:50:00Z,4.907,4.8659,4.9662,4.9519,650.07,649.98,649.26,650.25,-0.010357,0.72954,19.611,24.051,-72.087
2219-10-01T14:00:00Z,4.9505,4.777,4.8974,4.928,650.43,650.52,650.52,649.26,-0.030353,0.72954,19.662,23.754,-74.149
2219-10-01T14:10:00Z,4.9524,4.8309,4.9534,4.9888,649.89,650.16,649.26,650.25,0.031244,0.72306,19.586,24.173,-76.194
2219-10-01T14:20:00Z,4.9788,4.8115,4.9622,4.9768,649.71,648.63,650.16,649.44,-0.006281,0.72306,19.69,24.175,-78.278
2219-10-01T14:30:00Z,4.9642,4.827,4.9765,4.9769,649.26,649.98,649.26,649.98,-0.048562,0.72306,19.635,24.811,-78.582
2219-10-01T14:40:00Z,4.9344,4.8063,4.9857,4.9577,649.71,649.17,650.16,649.89,-0.099548,0.72306,19.64,25.303,-80.454
2219-10-01T14:50:00Z,4.961,4.819,4.9412,4.9543,649.71,650.07,649.62,650.16,0.0012693,0.72306,19.617,24.937,-81.693
2219-10-01T15:00:00Z,4.9912,4.8035,4.984,4.9604,649.08,649.8,650.43,649.53,0.059809,0.72306,19.71,25.166,-82.857
2219-10-01T15:10:00Z,4.9252,4.807,4.9833,4.923,649.89,649.62,649.26,649.26,-0.016456,0.70853,19.751,25.414,-84.417
2219-10-01T15:20:00Z,4.9461,4.8395,4.9531,4.9564,649.17,649.71,649.8,650.52,-0.02328,0.70853,19.666,24.502,-83.792
2219-10-01T15:30:00Z,4.9488,4.8146,4.9752,4.9681,650.43,648.81,648.9,650.16,0.015524,0.70853,19.722,24.508,-85.333
2219-10-01T15:40:00Z,4.9494,4.8431,4.9605,4.9673,649.71,649.53,649.71,650.52,0.027119,0.70853,19.705,23.406,-84.525
2219-10-01T15:50:00Z,4.9583,4.8378,4.9702,5.0003,650.16,649.98,649.53,648.54,0.019616,0.70853,19.672,23.978,-84.477
2219-10-01T16:00:00Z,4.966,4.8201,4.9804,4.9904,649.35,650.34,650.34,650.25,0.0061554,0.70853,19.599,24.022,-85.415
2219-10-01T16:10:00Z,4.9726,4.8405,4.9532,4.9426,648.81,650.25,650.61,649.62,-0.086159,0.7131,19.659,24.583,-85.803
2219-10-01T16:20:00Z,4.9957,4.8402,4.9958,4.9807,649.35,649.71,650.43,649.8,-0.097082,0.7131,19.767,24.221,-86.671
2219-10-01T16:30:00Z,4.96,4.8124,4.9673,4.9602,648.81,649.44,649.98,650.16,-0.029815,0.7131,19.785,24.219,-87.623
2219-10-01T16:40:00Z,4.9561,4.8513,4.9657,4.9669,650.16,649.17,649.62,649.89,0.037507,0.7131,19.753,24.975,-89.515
2219-10-01T16:50:00Z,4.9546,4.8264,4.973,4.9314,649.53,649.8,649.89,650.07,0.052829,0.7131,19.765,25.188,-89.013
2219-10-01T17:00:00Z,4.9885,4.872,4.9785,4.9861,649.71,649.44,649.44,648.9,0.014458,0.7131,19.766,25.088,-88.859
2219-10-01T17:10:00Z,4.9261,4.8327,4.9679,4.9928,649.98,649.53,650.07,649.17,-0.018952,0.67241,19.848,25.736,-89.37
2219-10-01T17:20:00Z,4.9696,4.8497,4.9643,4.994,650.43,649.71,649.71,649.26,-0.00711,0.67241,19.674,25.569,-89.124
2219-10-01T17:30:00Z,4.9928,4.8821,4.9774,4.9843,649.62,649.44,650.43,649.35,-0.0090981,0.67241,19.805,24.84,-89.902
2219-10-01T17:40:00Z,4.9522,4.8402,4.9574,5.0187,650.16,650.61,650.34,648.81,0.033758,0.67241,19.772,25.153,-89.073
2219-10-01T17:50:00Z,4.9451,4.865,5.0072,4.9882,650.07,649.44,649.26,650.16,0.0040562,0.67241,19.763,24.824,-90.338
2219-10-01T18:00:00Z,5.0125,4.8341,5.0298,5.0149,650.43,650.07,648.81,650.07,0.048635,0.67241,19.86,25.681,-89.507
2219-10-01T18:10:00Z,5.0079,4.8565,5.0257,5.0156,648.72,649.53,650.25,649.71,0.03981,0.66472,19.84,24.933,-90.015
2219-10-01T18:20:00Z,4.9861,4.826,5.0174,4.9896,649.8,649.44,649.8,650.43,-0.012489,0.66472,19.753,25.47,-89.089
2219-10-01T18:30:00Z,4.9463,4.8211,4.9942,5.0067,650.43,650.07,648.9,649.8,-0.020414,0.66472,19.756,26.11,-90.017
2219-10-01T18:40:00Z,4.9497,4.83,5.0093,4.9702,650.16,649.98,649.71,649.35,-0.010071,0.66472,19.679,25.186,-90.069
2219-10-01T18:50:00Z,4.9836,4.8822,5.0266,4.9889,649.53,650.43,649.35,650.61,-0.030158,0.66472,19.738,25.399,-90.247
2219-10-01T19:00:00Z,4.9727,4.8785,5.0036,5.0193,650.25,650.52,649.8,650.16,-0.019179,0.66472,19.937,25.345,-90.583
2219-10-01T19:10:00Z,4.9881,4.853,4.9981,4.9712,649.98,649.8,651.06,649.35,-0.059444,0.69263,19.759,25.062,-90.933
2219-10-01T19:20:00Z,4.9818,4.8259,5.0093,4.9855,649.35,650.61,649.17,650.34,-0.083108,0.69263,19.815,24.857,-91.364
2219-10-01T19:30:00Z,4.9976,4.8771,4.9946,4.999,650.52,649.08,649.53,649.17,0.041983,0.69263,19.924,25.795,-91.216
2219-10-01T19:40:00Z,4.9936,4.8355,4.9887,4.9907,649.89,649.98,648.99,650.07,-0.050221,0.69263,19.856,26.348,-90.327
2219-10-01T19:50:00Z,5.0197,4.8662,4.9933,4.9738,649.44,649.71,649.89,650.34,-0.047212,0.69263,19.902,26.705,-91.271
2219-10-01T20:00:00Z,4.9646,4.8301,4.9966,4.9713,650.25,649.44,649.35,649.35,-0.062852,0.69263,19.944,26.488,-90.651
2219-10-01T20:10:00Z,4.9622,4.8631,5.0374,4.929,650.34,650.34,649.44,650.25,0.054705,0.70922,19.796,25.946,-91.377
2219-10-01T20:20:00Z,5.0016,4.8429,4.9784,5.0142,649.8,649.71,650.07,649.89,0.011479,0.70922,19.839,25.356,-90.767
2219-10-01T20:30:00Z,4.9487,4.861,5.0156,5.0094,650.07,650.16,650.34,649.8,0.009049,0.70922,19.833,26.178,-91.34
2219-10-01T20:40:00Z,4.9789,4.8683,4.9775,5.0034,649.89,650.43,649.71,650.34,0.018987,0.70922,19.838,26.009,-91.03
2219-10-01T20:50:00Z,5.0253,4.8734,4.999,5.0376,649.53,649.89,649.71,649.71,0.10548,0.70922,19.85,25.775,-91.273
2219-10-01T21:00:00Z,5.0002,4.8852,5.0216,4.9845,649.98,649.17,650.07,649.44,0.010215,0.70922,19.884,26.217,-91.846
2219-10-01T21:10:00Z,4.9845,4.8122,4.9643,5.0073,649.8,650.43,650.25,650.07,-0.00060357,0.7111,19.907,26.481,-91.547
2219-10-01T21:20:00Z,4.9636,4.8486,5.0316,5.006,649.71,650.07,650.34,649.44,-0.0519,0.7111,19.893,26.614,-91.211
2219-10-01T21:30:00Z,5.0044,4.8463,5.0055,5.0063,649.53,650.07,649.35,649.44,0.029522,0.7111,19.909,26.311,-90.681
2219-10-01T21:40:00Z,4.9883,4.8631,5.0417,4.9888,650.07,650.25,649.71,649.89,-0.070106,0.7111,19.832,25.339,-90.573
2219-10-01T21:50:00Z,4.9742,4.8855,5.0113,4.9826,650.97,649.89,649.71,650.16,-0.019401,0.7111,19.753,24.996,-90.859
2219-10-01T22:00:00Z,4.993,4.8899,4.9978,4.9914,650.43,649.62,649.35,650.34,0.030796,0.7111,19.829,24.139,-90.056
2219-10-01T22:10:00Z,5.0036,4.9064,5.0203,4.978,650.88,649.89,649.44,649.98,-0.037012,0.7361,19.93,23.403,-88.696
2219-10-01T22:20:00Z,5.0113,4.8507,5.0034,5.0325,650.07,650.07,650.16,649.35,-0.040329,0.7361,19.876,23.038,-87.798
2219-10-01T22:30:00Z,5.0178,4.8778,5.0079,4.9953,650.52,648.99,650.16,650.43,-0.050872,0.7361,19.877,23.2,-87.319
2219-10-01T22:40:00Z,4.9788,4.856,5.0283,5.0219,650.34,650.07,649.62,649.17,0.010707,0.7361,19.834,22.64,-86.623
2219-10-01T22:50:00Z,5.0029,4.8611,4.9837,5.034,649.98,649.71,650.61,649.62,-0.027319,0.7361,19.889,22.467,-85.709
2219-10-01T23:00:00Z,5.0322,4.8661,4.9908,5.0183,649.35,649.44,649.89,648.99,-0.00082456,0.7361,19.934,22.774,-86.918
2219-10-01T23:10:00Z,4.9789,4.8535,5.0082,5.0162,649.8,650.25,651.15,650.43,0.070398,0.72702,19.832,23.078,-86.131
2219-10-01T23:20:00Z,5.001,4.8585,5.0029,5.0104,649.17,649.89,649.71,650.7,-0.073162,0.72702,19.862,23.407,-86.245
2219-10-01T23:30:00Z,4.983,4.8551,4.9892,4.9841,650.34,649.17,649.89,650.52,-0.027487,0.72702,19.809,23.29,-86.313
2219-10-01T23:40:00Z,4.9806,4.8838,4.9924,5.0106,650.34,649.53,649.44,649.71,0.02385,0.72702,19.807,24.577,-86.141
2219-10-01T23:50:00Z,4.9978,4.8553,4.9869,4.9696,649.44,650.43,649.98,649.62,-0.021865,0.72702,19.859,24.217,-86.75
2219-10-02T00:00:00Z,4.9889,4.8828,4.9932,4.9533,649.53,650.34,649.8,650.52,-0.015812,0.72702,19.892,24.063,-86.995
2219-10-02T00:10:00Z,4.9634,4.8244,4.9765,4.9631,650.07,649.89,649.98,650.34,0.46559,0.69211,20.385,23.755,-87.192
2219-10-02T00:20:00Z,5.0315,4.8653,4.9732,4.9872,649.44,650.88,649.89,649.98,0.97108,0.69211,20.952,24.477,-85.945
2219-10-02T00:30:00Z,5.0057,4.8352,4.9744,5.0226,649.17,650.7,649.53,650.43,1.4577,0.69211,21.488,24.631,-84.515
2219-10-02T00:40:00Z,5.0035,4.858,4.9772,4.9937,649.89,649.8,649.62,650.7,2.0261,0.69211,22.063,24.109,-83.513
2219-10-02T00:50:00Z,5.0052,4.8623,4.9943,4.9512,650.25,649.89,649.8,650.61,2.6103,0.69211,22.483,23.883,-82.266
2219-10-02T01:00:00Z,4.9748,4.8537,4.9867,5.0098,650.88,650.25,649.8,649.53,3.1869,0.69211,23.06,23.174,-81.201
2219-10-02T01:10:00Z,5.0096,4.8513,4.9809,5.0077,649.17,651.15,650.43,650.07,3.6698,0.63244,23.66,21.872,-81.865
2219-10-02T01:20:00Z,5.0497,4.8727,4.9758,5.013,649.53,649.71,650.07,649.53,4.2337,0.63244,24.229,22.303,-80.44
2219-10-02T01:30:00Z,4.9912,4.8716,5.0015,4.9988,649.89,650.52,649.71,650.25,4.7369,0.63244,24.704,22.411,-79.642
2219-10-02T01:40:00Z,4.9871,4.801,4.9921,4.9938,650.25,649.8,650.16,650.52,5.2924,0.63244,25.231,22.772,-78.398
2219-10-02T01:50:00Z,4.9659,4.8971,4.9973,5.0148,650.43,649.98,649.53,649.71,5.7835,0.63244,25.722,22.278,-76.484
2219-10-02T02:00:00Z,4.9924,4.8879,5.006,4.9922,649.98,649.8,650.7,649.98,6.4486,0.63244,26.335,22.176,-74.109
2219-10-02T02:10:00Z,4.9619,4.8666,4.9858,4.9841,650.61,649.08,649.98,650.7,6.9249,0.61438,26.854,20.989,-71.628
2219-10-02T02:20:00Z,4.9859,4.8729,4.9962,4.957,650.43,649.35,650.34,649.89,7.488,0.61438,27.457,20.506,-69.337
2219-10-02T02:30:00Z,5.0019,4.8623,4.985,4.9836,650.43,650.07,650.79,649.98,8.0387,0.61438,28.004,21.904,-68.384
2219-10-02T02:40:00Z,5.0031,4.8717,4.9717,4.9807,649.44,650.34,650.34,650.16,8.6472,0.61438,28.537,21.875,-65.705
2219-10-02T02:50:00Z,5.0148,4.8984,4.9455,4.9232,649.71,649.08,650.25,650.07,9.2029,0.61438,29.115,22.03,-64.9
2219-10-02T03:00:00Z,4.9919,4.8444,4.9541,5.0132,650.16,650.07,650.16,649.08,9.7032,0.61438,29.621,22.167,-62.934
2219-10-02T03:10:00Z,4.9809,4.8472,5.0168,4.9779,649.8,650.16,649.53,649.8,9.833,0.6036,29.736,22.095,-60.011
2219-10-02T03:20:00Z,4.9706,4.8724,4.9646,4.9756,649.89,651.06,650.25,650.34,9.9887,0.6036,29.685,22.441,-58.322
2219-10-02T03:30:00Z,5.0236,4.8797,5.0054,4.984,650.7,650.16,650.61,649.71,10.009,0.6036,29.693,21.549,-56.446
2219-10-02T03:40:00Z,4.9983,4.8258,4.9987,4.9802,650.61,650.79,650.7,649.71,9.9195,0.6036,29.73,22.002,-55.494
2219-10-02T03:50:00Z,4.9863,4.8736,4.9988,4.9898,650.34,649.62,649.98,651.42,9.8606,0.6036,29.685,21.497,-52.889
2219-10-02T04:00:00Z,4.9529,4.8178,4.9774,4.9964,650.25,649.44,650.43,650.25,10.047,0.6036,29.705,20.998,-50.391
2219-10-02T04:10:00Z,4.9825,4.8418,4.974,4.9604,650.43,650.88,650.43,649.62,9.9795,0.58517,29.661,21.182,-49.128
2219-10-02T04:20:00Z,4.9828,4.8219,4.993,4.9481,649.8,650.61,649.62,650.88,10.004,0.58517,29.685,21.053,-48.486
2219-10-02T04:30:00Z,4.9739,4.8671,4.9671,4.9803,650.52,649.44,650.34,650.07,9.9776,0.58517,29.676,21.343,-46.721
2219-10-02T04:40:00Z,4.9646,4.8044,4.971,4.9453,650.25,650.7,650.25,649.89,10.06,0.58517,29.705,21.684,-45.814
2219-10-02T04:50:00Z,4.9759,4.8363,4.9386,5.0009,649.89,650.25,650.52,649.53,10.061,0.58517,29.81,22.784,-44.098
2219-10-02T05:00:00Z,4.9108,4.8515,4.9822,4.9925,651.15,650.52,650.61,649.62,10.013,0.58517,29.737,22.956,-43.29
2219-10-02T05:10:00Z,4.9786,4.8091,4.9555,4.9949,650.16,651.06,650.16,649.98,10.01,0.55644,29.826,22.842,-42.26
2219-10-02T05:20:00Z,4.9319,4.835,4.9322,4.973,649.17,650.25,650.25,650.88,10.027,0.55644,29.652,23.999,-40.756
2219-10-02T05:30:00Z,4.9391,4.8299,4.9422,4.9071,650.07,650.79,650.43,651.33,10.091,0.55644,29.73,23.744,-39.991
2219-10-02T05:40:00Z,4.9311,4.8492,4.9769,4.9279,649.8,649.71,649.26,649.98,10.026,0.55644,29.739,23.106,-40.516
2219-10-02T05:50:00Z,4.9627,4.8071,4.9618,4.9183,650.34,650.16,650.7,650.52,10.059,0.55644,29.658,23.744,-38.94
2219-10-02T06:00:00Z,4.9506,4.8105,4.9697,4.8973,649.71,649.8,650.16,649.98,10.051,0.55644,29.793,23.962,-38.754
2219-10-02T06:10:00Z,4.9547,4.8213,4.9546,4.9304,650.07,649.8,650.07,650.34,9.9785,0.554,29.738,24.863,-37.559
2219-10-02T06:20:00Z,4.954,4.7967,4.9432,4.9428,650.88,651.15,650.88,650.43,10.009,0.554,29.674,24.951,-37.402
2219-10-02T06:30:00Z,4.9532,4.8392,4.9716,4.9316,650.52,649.98,650.88,650.88,9.9217,0.554,29.65,24.573,-36.863
2219-10-02T06:40:00Z,4.9136,4.8062,4.9673,4.9434,650.25,649.98,650.7,650.88,9.9,0.554,29.645,24.619,-36.783
2219-10-02T06:50:00Z,4.9242,4.854,4.9778,4.9566,650.52,650.25,649.35,650.34,9.9469,0.554,29.604,24.469,-34.233
2219-10-02T07:00:00Z,4.9513,4.8264,4.9258,4.9501,650.07,650.43,650.43,649.8,10.064,0.554,29.645,23.666,-33.933
2219-10-02T07:10:00Z,4.9151,4.7838,4.919,5.003,650.7,650.25,650.25,649.71,9.9248,0.56639,29.635,22.377,-32.855
2219-10-02T07:20:00Z,4.966,4.7879,4.8994,4.9175,649.8,651.06,650.43,650.25,10.057,0.56639,29.696,23.491,-31.623
2219-10-02T07:30:00Z,4.9265,4.8097,4.925,4.9183,649.71,650.16,650.52,650.07,9.9875,0.56639,29.673,23.075,-31.18
2219-10-02T07:40:00Z,4.9233,4.7843,4.9406,4.936,650.34,650.79,649.8,650.07,9.9247,0.56639,29.571,23.133,-30.285
2219-10-02T07:50:00Z,4.934,4.809,4.9179,4.9759,650.52,650.97,650.7,650.52,9.884,0.56639,29.474,23.508,-29.094
2219-10-02T08:00:00Z,4.9074,4.802,4.9145,4.9348,649.89,650.07,649.44,649.71,9.9032,0.56639,29.506,23.273,-29.072
2219-10-02T08:10:00Z,4.9441,4.7654,4.93,4.9165,649.8,650.79,649.44,649.71,9.88,0.59625,29.565,22.998,-28.728
2219-10-02T08:20:00Z,4.9325,4.7875,4.9377,4.8927,649.98,650.16,649.71,650.52,9.9208,0.59625,29.5,23.437,-28.279
2219-10-02T08:30:00Z,4.9171,4.7549,4.9241,4.9583,650.25,650.79,649.8,650.25,9.8719,0.59625,29.545,23.851,-28.104
2219-10-02T08:40:00Z,4.9248,4.7712,4.9176,4.9497,650.61,650.97,650.16,650.25,9.9229,0.59625,29.509,23.19,-27.739
2219-10-02T08:50:00Z,4.9351,4.8046,4.9176,4.9301,650.7,649.98,650.43,650.25,9.9584,0.59625,29.476,24.167,-26.978
2219-10-02T09:00:00Z,4.9043,4.8186,4.9153,4.9357,649.98,650.34,650.7,649.89,9.9644,0.59625,29.521,24.216,-26.795
2219-10-02T09:10:00Z,4.9211,4.8096,4.9348,4.9433,650.43,649.89,649.89,650.34,9.9095,0.60201,29.42,25.09,-26.86
2219-10-02T09:20:00Z,4.9198,4.7953,4.9507,4.9319,650.43,650.25,650.16,649.8,9.8228,0.60201,29.418,24.926,-27.065
2219-10-02T09:30:00Z,4.9409,4.8084,4.9752,4.9583,649.71,649.98,648.81,650.43,9.8773,0.60201,29.423,24.518,-27.269
2219-10-02T09:40:00Z,4.9242,4.7935,4.9338,4.9389,650.34,650.07,650.43,650.43,9.8787,0.60201,29.415,24.552,-27.087
2219-10-02T09:50:00Z,4.9198,4.7625,4.8622,4.9195,649.89,650.07,650.43,649.8,9.9268,0.60201,29.401,24.36,-26.724
2219-10-02T10:00:00Z,4.9187,4.7994,4.9018,4.9138,650.52,649.17,650.61,650.34,9.849,0.60201,29.395,23.269,-25.634
2219-10-02T10:10:00Z,4.8929,4.811,4.9162,4.9252,649.8,649.89,650.07,650.43,9.8909,0.60414,29.47,22.895,-27.363
2219-10-02T10:20:00Z,4.8971,4.8053,4.9257,4.9295,650.25,650.34,650.07,649.8,9.9371,0.60414,29.466,24.022,-27.028
2219-10-02T10:30:00Z,4.933,4.7751,4.9248,4.9467,649.53,650.07,649.62,650.25,10.021,0.60414,29.552,23.751,-27.197
2219-10-02T10:40:00Z,4.9237,4.8145,4.9329,4.9236,650.7,649.89,649.62,649.17,9.9543,0.60414,29.628,24.21,-26.632
2219-10-02T10:50:00Z,4.8983,4.8073,4.9374,4.9451,650.16,649.8,649.89,649.44,9.9984,0.60414,29.526,23.946,-25.154
2219-10-02T11:00:00Z,4.9488,4.7743,4.9379,4.9227,650.16,649.71,649.62,649.71,10.111,0.60414,29.641,23.513,-25.413
2219-10-02T11:10:00Z,4.9097,4.7727,4.8733,4.9373,649.53,650.43,650.7,650.07,10.035,0.56384,29.559,24.535,-24.454
2219-10-02T11:20:00Z,4.9174,4.7784,4.8716,4.9114,650.97,649.98,651.33,650.7,9.9983,0.56384,29.463,24.156,-24.633
2219-10-02T11:30:00Z,4.9262,4.746,4.9135,4.8859,649.8,650.43,650.25,650.07,10.001,0.56384,29.443,24.731,-23.969
2219-10-02T11:40:00Z,4.9338,4.7998,4.8843,4.9422,649.8,648.45,649.53,649.35,10.027,0.56384,29.617,24.896,-23.838
2219-10-02T11:50:00Z,4.9178,4.7782,4.9379,4.929,649.53,649.98,649.89,649.8,9.9712,0.56384,29.475,25.567,-23.901
2219-10-02T12:00:00Z,4.9456,4.7717,4.8978,4.9302,650.25,649.98,650.07,650.16,9.9383,0.56384,29.37,25.241,-23.891
2219-10-02T12:10:00Z,4.9234,4.8005,4.9575,4.9006,649.71,650.7,650.61,650.25,10.047,0.57488,29.533,25.636,-25.123
2219-10-02T12:20:00Z,4.9149,4.7966,4.9102,4.9069,649.44,650.25,650.52,650.16,9.9068,0.57488,29.535,25.212,-25.082
2219-10-02T12:30:00Z,4.9007,4.762,4.9276,4.9054,650.25,650.16,649.44,649.89,9.9126,0.57488,29.388,25.245,-25.02
2219-10-02T12:40:00Z,4.9433,4.8161,4.8904,4.9174,650.25,650.52,649.98,650.43,9.9351,0.57488,29.365,23.861,-26.643
2219-10-02T12:50:00Z,4.8965,4.8155,4.9143,4.9167,649.98,650.16,650.79,650.25,10.023,0.57488,29.426,23.448,-26.996
2219-10-02T13:00:00Z,4.932,4.8047,4.8851,4.9147,649.8,650.07,649.26,650.25,9.9692,0.57488,29.536,23.366,-26.81
2219-10-02T13:10:00Z,4.9224,4.7687,4.8892,4.9186,650.61,649.08,650.88,649.98,9.8323,0.60145,29.407,22.909,-27.55
2219-10-02T13:20:00Z,4.9276,4.7913,4.9282,4.9131,649.71,650.52,650.7,650.16,9.8591,0.60145,29.367,23.924,-26.851
2219-10-02T13:30:00Z,4.9277,4.7812,4.9166,4.8775,650.07,650.43,650.43,650.43,9.8489,0.60145,29.339,23.777,-26.848
2219-10-02T13:40:00Z,4.9178,4.8262,4.9099,4.9266,649.89,650.07,650.88,650.16,9.8554,0.60145,29.336,23.872,-27.676
2219-10-02T13:50:00Z,4.8871,4.7783,4.8847,4.9303,650.16,649.98,650.07,649.17,9.8485,0.60145,29.459,23.829,-28.89
2219-10-02T14:00:00Z,4.9208,4.7892,4.9203,4.9097,650.16,649.53,649.71,649.53,9.8578,0.60145,29.416,24.538,-28.263
2219-10-02T14:10:00Z,4.8932,4.772,4.9114,4.9189,650.07,650.34,650.07,650.07,9.7865,0.61354,29.361,25.375,-29.165
2219-10-02T14:20:00Z,4.9316,4.7442,4.9318,4.8849,650.34,649.8,650.07,649.62,9.8603,0.61354,29.453,24.987,-29.274
2219-10-02T14:30:00Z,4.877,4.7628,4.9353,4.9167,650.61,650.7,649.17,649.89,9.8581,0.61354,29.441,25.319,-29.343
2219-10-02T14:40:00Z,4.8848,4.7569,4.9137,4.9068,650.34,650.16,650.25,650.34,9.8914,0.61354,29.421,25.572,-30.272
2219-10-02T14:50:00Z,4.9201,4.7638,4.9309,4.9067,649.98,649.89,648.99,650.52,9.9379,0.61354,29.446,24.649,-31.808
2219-10-02T15:00:00Z,4.9549,4.7845,4.8713,4.9051,649.35,649.98,650.52,649.44,9.89,0.61354,29.42,24.94,-32.731
2219-10-02T15:10:00Z,4.9127,4.7307,4.8988,4.9188,649.8,649.98,650.43,649.8,9.9539,0.60138,29.436,25.759,-31.503
2219-10-02T15:20:00Z,4.9058,4.7688,4.8883,4.8571,650.07,649.8,650.16,650.52,10.025,0.60138,29.506,26.04,-32.215
2219-10-02T15:30:00Z,4.9166,4.7685,4.8876,4.9059,649.98,650.34,650.43,649.53,9.5285,0.60138,28.955,26.237,-32.079
2219-10-02T15:40:00Z,4.9059,4.7593,4.9072,4.8917,650.43,650.43,650.7,650.34,8.9527,0.60138,28.285,26.009,-32.167
2219-10-02T15:50:00Z,4.9498,4.7661,4.8844,4.9169,649.62,650.34,649.71,650.07,8.3814,0.60138,27.706,25.738,-32.424
2219-10-02T16:00:00Z,4.9176,4.7887,4.8988,4.9122,649.98,650.52,649.71,650.7,7.8502,0.60138,27.22,25.675,-32.86
2219-10-02T16:10:00Z,4.9178,4.7946,4.886,4.8973,648.9,650.43,650.16,649.8,7.263,0.58935,26.644,25.036,-33.456
2219-10-02T16:20:00Z,4.8944,4.7837,4.8933,4.8639,649.8,649.44,649.71,650.43,6.6787,0.58935,26.211,24.939,-33.599
2219-10-02T16:30:00Z,4.9195,4.785,4.9348,4.9642,649.98,650.25,650.7,649.53,6.1345,0.58935,25.58,24.705,-33.233
2219-10-02T16:40:00Z,4.9123,4.7897,4.9262,4.8672,649.53,650.07,649.44,649.35,5.6587,0.58935,25.013,24.341,-35.347
2219-10-02T16:50:00Z,4.8888,4.7397,4.8748,4.9084,649.44,650.34,650.07,649.26,5.0382,0.58935,24.402,23.905,-35.85
2219-10-02T17:00:00Z,4.9181,4.801,4.8979,4.9329,649.71,649.62,650.97,649.8,4.5095,0.58935,23.921,24.939,-36.387
2219-10-02T17:10:00Z,4.8534,4.7693,4.9233,4.9375,649.98,649.8,650.25,650.07,4.0201,0.62094,23.37,25.295,-38.698
2219-10-02T17:20:00Z,4.9466,4.7926,4.8821,4.9286,649.53,649.35,649.71,649.53,3.4542,0.62094,22.793,25.019,-39.824
2219-10-02T17:30:00Z,4.9271,4.7756,4.9226,4.9046,649.62,649.89,650.43,650.52,2.8355,0.62094,22.262,24.529,-41.327
2219-10-02T17:40:00Z,4.914,4.8045,4.9164,4.9194,650.07,649.35,650.52,649.89,2.3101,0.62094,21.681,24.395,-43.98
2219-10-02T17:50:00Z,4.8777,4.7942,4.898,4.9,650.7,649.8,649.53,650.52,1.7548,0.62094,21.17,24.355,-46.203
2219-10-02T18:00:00Z,4.8969,4.8044,4.8994,4.8577,650.61,649.98,649.71,650.07,1.2539,0.62094,20.602,24.005,-47.677
2219-10-02T18:10:00Z,4.9235,4.794,4.8909,4.9574,649.8,649.89,650.43,649.17,0.71976,0.62568,20.111,23.998,-49.534
2219-10-02T18:20:00Z,4.899,4.8,4.9279,4.9425,650.25,649.08,649.44,648.99,0.10126,0.62568,19.642,24.279,-53.05
2219-10-02T18:30:00Z,4.9186,4.7699,4.9244,4.9454,649.89,650.07,650.25,649.89,-0.0656,0.62568,19.579,24.363,-54.656
2219-10-02T18:40:00Z,4.9294,4.7603,4.9201,4.9438,649.98,649.17,649.98,648.54,-0.014249,0.62568,19.62,24.057,-57.66
2219-10-02T18:50:00Z,4.9176,4.7767,4.9101,4.9003,649.89,650.07,650.16,650.52,-0.012688,0.62568,19.58,24.236,-59.56
2219-10-02T19:00:00Z,4.9388,4.7373,4.9404,4.9336,650.16,649.71,650.34,649.53,0.018997,0.62568,19.49,24.321,-60.726
2219-10-02T19:10:00Z,4.9253,4.8222,4.9573,4.9241,649.62,649.71,649.98,649.71,0.0017093,0.64595,19.545,24.04,-62.322
2219-10-02T19:20:00Z,4.9114,4.7915,4.9179,4.8977,650.07,649.89,649.26,649.8,-0.030846,0.64595,19.524,24.067,-63.86
2219-10-02T19:30:00Z,4.9503,4.8116,4.9344,4.9327,649.44,649.08,649.44,650.16,-0.038276,0.64595,19.554,24.227,-65.095
2219-10-02T19:40:00Z,4.9115,4.7942,4.9404,4.8994,649.71,649.26,650.43,650.34,0.060304,0.64595,19.663,23.42,-65.869
2219-10-02T19:50:00Z,4.936,4.8544,4.9541,4.9261,649.98,649.44,649.62,649.35,-0.016729,0.64595,19.582,23.581,-68.761
2219-10-02T20:00:00Z,4.9308,4.7783,4.9137,4.9435,650.07,649.8,650.97,649.53,-0.021761,0.64595,19.614,23.023,-70.247
2219-10-02T20:10:00Z,4.9415,4.8097,4.9458,4.9368,650.16,649.8,649.44,650.07,0.0011149,0.62194,19.686,22.786,-71.479
2219-10-02T20:20:00Z,4.9397,4.823,4.9836,4.9653,648.9,649.62,650.07,649.89,-0.047189,0.62194,19.734,22.826,-72.618
2219-10-02T20:30:00Z,4.9321,4.8025,4.9475,4.9848,649.35,649.35,649.26,649.53,-0.012817,0.62194,19.648,22.392,-73.752
2219-10-02T20:40:00Z,4.9494,4.7986,4.9549,4.9334,649.71,649.08,649.71,649.08,-0.0067624,0.62194,19.768,21.548,-74.983
2219-10-02T20:50:00Z,4.9529,4.8095,4.9761,4.9237,649.17,649.62,649.44,649.53,0.0024169,0.62194,19.68,22.602,-76.143
2219-10-02T21:00:00Z,4.9728,4.7867,4.967,4.9104,649.8,649.53,649.44,649.89,-0.010043,0.62194,19.745,22.523,-77.817
2219-10-02T21:10:00Z,4.9769,4.834,4.9517,4.9401,649.62,649.44,650.07,650.34,0.047713,0.60734,19.707,22.836,-78.97
2219-10-02T21:20:00Z,4.9498,4.7949,4.9658,4.9269,648.99,650.16,649.53,649.98,0.042613,0.60734,19.698,22.944,-80.004
2219-10-02T21:30:00Z,4.9628,4.8353,4.9393,4.9151,649.35,649.44,650.16,649.98,-0.054381,0.60734,19.637,24.493,-79.106
2219-10-02T21:40:00Z,4.9768,4.8444,4.9733,4.8987,648.99,649.8,649.8,650.25,0.078244,0.60734,19.724,24.655,-80.959
2219-10-02T21:50:00Z,4.955,4.8102,4.9497,4.9795,650.07,650.16,649.62,649.71,-0.026762,0.60734,19.704,24.044,-81.704
2219-10-02T22:00:00Z,4.9769,4.8716,4.983,4.9465,650.07,649.71,649.53,649.62,-0.031361,0.60734,19.705,23.995,-83.826
2219-10-02T22:10:00Z,4.9918,4.8282,4.9818,4.9224,649.08,650.07,650.16,650.52,-0.058823,0.66575,19.722,23.916,-84.444
2219-10-02T22:20:00Z,4.9947,4.8128,4.9652,5.0073,649.62,650.16,649.44,649.35,0.0079603,0.66575,19.945,24.004,-85.754
2219-10-02T22:30:00Z,4.9589,4.8026,4.9524,4.9525,650.34,650.07,649.44,650.7,-0.0085827,0.66575,19.72,24.061,-87.088
2219-10-02T22:40:00Z,4.9988,4.8502,4.9751,4.9657,650.61,649.62,649.89,649.53,0.0017597,0.66575,19.671,24.302,-86.763
2219-10-02T22:50:00Z,4.9637,4.8327,4.9334,4.9902,649.71,649.8,650.34,649.53,0.027661,0.66575,19.743,24.402,-87.793
2219-10-02T23:00:00Z,4.9743,4.8501,4.922,4.9304,649.98,650.34,649.44,649.98,-0.026475,0.66575,19.776,23.406,-88.267
2219-10-02T23:10:00Z,4.9693,4.8535,4.9981,5.0334,649.89,650.07,649.62,648.18,-0.033971,0.6687,19.802,23.257,-88.829
2219-10-02T23:20:00Z,4.9699,4.7942,4.9542,4.9521,649.62,649.98,650.52,648.99,0.087379,0.6687,19.832,23.635,-88.624
2219-10-02T23:30:00Z,4.975,4.8783,4.9893,5.002,649.71,650.34,650.88,649.44,-0.044105,0.6687,19.837,23.524,-88.881
2219-10-02T23:40:00Z,4.963,4.8479,4.9973,5.0203,649.89,648.81,648.54,650.07,0.040577,0.6687,19.8,23.836,-90.473
2219-10-02T23:50:00Z,4.9939,4.8252,4.9845,4.9792,649.98,650.34,650.43,649.71,-0.02804,0.6687,19.772,24.04,-91.167
2219-10-03T00:00:00Z,4.9794,4.8302,4.9691,4.939,648.99,649.8,650.43,649.17,0.038567,0.6687,19.78,23.302,-92.607
2219-10-03T00:10:00Z,4.983,4.8219,4.9796,4.9856,649.89,649.71,650.7,649.62,0.032051,0.65939,19.774,23.686,-93.422
2219-10-03T00:20:00Z,4.9739,4.8355,5.0072,4.9648,649.08,649.98,649.62,649.89,-0.0073145,0.65939,19.8,23.452,-94.461
2219-10-03T00:30:00Z,4.9726,4.882,5.0128,4.9978,649.53,649.8,649.62,649.44,-0.015965,0.65939,19.842,22.651,-94.366
2219-10-03T00:40:00Z,4.9522,4.8581,4.9799,4.9609,649.71,649.44,649.62,650.52,-0.020284,0.65939,19.856,22.52,-94.35
2219-10-03T00:50:00Z,4.9844,4.8339,4.9998,5.0228,649.44,649.8,650.52,649.35,-0.026539,0.65939,19.842,22.302,-94.213
2219-10-03T01:00:00Z,4.9761,4.9001,4.9956,4.9995,650.43,650.07,649.44,649.53,0.036341,0.65939,19.845,22.172,-93.93
2219-10-03T01:10:00Z,4.9943,4.8652,4.9682,5.0153,649.08,649.98,649.98,649.44,-0.0037538,0.66701,19.82,21.818,-94.756
2219-10-03T01:20:00Z,4.9626,4.8759,4.9842,4.9205,651.06,650.34,649.8,649.8,-0.020483,0.66701,19.883,22.569,-94.32
2219-10-03T01:30:00Z,4.9952,4.8825,5.0202,4.9852,649.53,649.62,649.44,649.35,-0.038574,0.66701,19.802,21.774,-94.682
2219-10-03T01:40:00Z,5.018,4.8707,5.0316,4.9972,649.35,650.34,649.44,649.8,0.025757,0.66701,19.785,22.221,-94.034
2219-10-03T01:50:00Z,4.9586,4.8562,5.0119,4.9921,649.98,649.8,650.07,649.98,0.0082065,0.66701,19.758,22.062,-94.768
2219-10-03T02:00:00Z,4.9994,4.8752,5.027,5.0044,649.44,649.71,649.89,649.53,-0.007148,0.66701,19.881,22.002,-96.462
2219-10-03T02:10:00Z,5.0296,4.8773,4.9761,5.0282,649.98,649.08,649.26,649.71,0.014152,0.6368,19.773,22.627,-96.082
2219-10-03T02:20:00Z,5.0172,4.8768,5.016,5.0444,651.15,649.35,649.8,649.89,0.055533,0.6368,19.772,23.362,-95.898
2219-10-03T02:30:00Z,5.0115,4.8511,4.973,4.9909,649.26,650.07,649.98,649.98,0.026597,0.6368,19.86,23.744,-95.771
2219-10-03T02:40:00Z,5.0185,4.8306,5.0008,4.9985,650.07,650.07,650.25,649.71,-0.01564,0.6368,19.763,24.291,-96.038
2219-10-03T02:50:00Z,5.0511,4.8951,4.9969,5.0038,649.26,649.8,650.25,650.52,-0.020204,0.6368,19.835,24.697,-96.283
2219-10-03T03:00:00Z,4.9807,4.8394,5.0189,4.9996,649.17,650.61,649.71,649.17,0.02935,0.6368,19.972,25.269,-95.388
2219-10-03T03:10:00Z,4.9769,4.8653,5.0033,4.9875,650.16,649.89,649.98,649.44,-0.019071,0.65434,19.931,25.308,-95.944
2219-10-03T03:20:00Z,4.9779,4.8757,5.0124,5.04,649.53,649.53,650.43,649.44,0.019057,0.65434,19.865,25.694,-96.906
2219-10-03T03:30:00Z,5.0043,4.8502,5.0042,5.0315,650.25,649.71,650.97,649.26,-0.0131,0.65434,19.855,25.208,-97.157
2219-10-03T03:40:00Z,5.0067,4.8701,5.022,4.9777,649.89,649.89,650.52,649.62,-0.023945,0.65434,19.749,25.169,-97.962
2219-10-03T03:50:00Z,5.0063,4.8678,5.0038,4.981,649.8,650.88,649.44,650.16,-0.020226,0.65434,19.899,24.943,-97.37
2219-10-03T04:00:00Z,5.0142,4.876,5.0208,5.0362,649.98,650.07,649.89,649.71,0.037337,0.65434,19.945,24.259,-97.153
2219-10-03T04:10:00Z,5.0172,4.8335,5.0037,5.0129,649.62,650.34,649.71,650.43,0.03936,0.68478,19.928,23.935,-97.215
2219-10-03T04:20:00Z,4.9835,4.8614,5.0021,5.0279,650.07,650.25,649.89,650.43,0.0065399,0.68478,19.803,24.395,-97.346
2219-10-03T04:30:00Z,5.0169,4.8891,4.9581,4.9745,649.89,648.99,650.34,650.79,-0.02263,0.68478,19.877,25.145,-98.621
2219-10-03T04:40:00Z,5.0505,4.8406,4.9952,5.0312,649.17,649.44,650.52,649.98,-0.030215,0.68478,19.855,25.336,-98.032
2219-10-03T04:50:00Z,5.0073,4.8919,4.9844,4.9999,650.07,649.89,650.16,650.16,0.028527,0.68478,19.779,25.376,-97.884
2219-10-03T05:00:00Z,4.9924,4.864,5.0326,5.0332,650.25,650.16,649.89,649.89,0.015811,0.68478,19.855,26.317,-97.369
2219-10-03T05:10:00Z,5.0091,4.8709,5.0013,5.0292,650.25,649.53,649.53,649.44,-0.023005,0.70047,19.935,25.26,-96.645
2219-10-03T05:20:00Z,4.9664,4.8344,4.9927,5.0183,650.07,650.34,650.34,649.8,-0.017852,0.70047,19.902,25.498,-95.492
2219-10-03T05:30:00Z,4.9751,4.8922,5.0379,4.9934,649.44,649.98,649.17,650.7,0.07192,0.70047,19.881,24.773,-95.323
2219-10-03T05:40:00Z,4.9796,4.8531,5.0698,5.0175,649.98,650.25,649.53,649.89,0.03835,0.70047,19.928,24.932,-95.898
2219-10-03T05:50:00Z,5.0008,4.8783,5.0321,5.0227,650.25,650.25,650.34,649.62,0.085353,0.70047,19.974,24.286,-96.477
2219-10-03T06:00:00Z,4.9987,4.8877,4.9878,5.0077,649.71,649.71,649.53,651.24,-0.0016682,0.70047,19.827,24.538,-95.634
2219-10-03T06:10:00Z,5.0345,4.8894,5.0163,4.9939,650.34,649.08,649.26,649.8,-0.020661,0.6719,19.816,24.095,-95.689
2219-10-03T06:20:00Z,5.0231,4.9278,4.9963,5.027,650.25,650.43,649.71,649.89,-0.097139,0.6719,19.932,23.89,-95.564
2219-10-03T06:30:00Z,5.0101,4.8458,5.0019,5.0013,649.53,649.44,649.8,650.88,0.057501,0.6719,19.849,23.763,-95.888
2219-10-03T06:40:00Z,4.9852,4.8513,5.0199,5.0058,650.79,649.44,650.16,650.16,-0.0079718,0.6719,19.838,23.434,-95.479
2219-10-03T06:50:00Z,5.0419,4.8878,4.9905,5.012,649.17,649.8,650.52,649.26,0.4339,0.6719,20.49,23.248,-95.075
2219-10-03T07:00:00Z,5.0152,4.8607,4.9959,4.987,649.53,650.52,648.99,649.17,0.9271,0.6719,21.001,23.307,-94.846
2219-10-03T07:10:00Z,5.0071,4.905,5.0018,5.0113,650.25,650.16,649.71,649.71,1.4935,0.67085,21.503,22.827,-92.951
2219-10-03T07:20:00Z,4.9886,4.8664,5.016,5.0182,650.79,650.61,649.8,649.26,2.0826,0.67085,22.014,23.176,-92.201
2219-10-03T07:30:00Z,5.0077,4.8734,5.023,5.0374,650.34,649.8,650.16,648.63,2.5829,0.67085,22.559,22.314,-91.656
2219-10-03T07:40:00Z,5.0031,4.8804,5.014,4.9967,649.44,650.34,649.98,649.98,3.1558,0.67085,23.098,21.782,-91.648
2219-10-03T07:50:00Z,5.0214,4.8545,5.0087,5.0068,649.8,649.53,649.8,650.88,3.7113,0.67085,23.643,22.303,-90.044
2219-10-03T08:00:00Z,4.991,4.8633,5.0137,4.9914,650.61,650.25,649.8,649.98,4.1913,0.67085,24.194,21.799,-87.937
2219-10-03T08:10:00Z,5.0074,4.8854,4.9882,4.9913,650.7,649.98,650.43,650.43,4.7255,0.66372,24.709,22.329,-86.426
2219-10-03T08:20:00Z,4.9974,4.8679,5.0011,4.9692,649.8,648.81,649.98,650.7,5.2601,0.66372,25.243,21.979,-85.318
2219-10-03T08:30:00Z,5.0204,4.8774,4.9906,5.0155,650.25,650.16,650.52,650.25,5.7963,0.66372,25.773,21.97,-83.897
2219-10-03T08:40:00Z,4.9912,4.8343,4.9957,4.996,649.89,650.7,650.16,649.62,6.2593,0.66372,26.257,22.001,-82.311
2219-10-03T08:50:00Z,4.998,4.8842,5.0147,5.0075,650.07,650.79,649.71,649.17,6.9146,0.66372,26.911,22.081,-79.449
2219-10-03T09:00:00Z,5.0436,4.8691,4.9876,5.0056,650.25,649.71,649.8,650.7,7.473,0.66372,27.451,23.714,-78.039
2219-10-03T09:10:00Z,4.9848,4.8756,4.9976,4.9662,650.25,649.98,650.07,650.7,7.983,0.66486,27.893,22.979,-76.188
2219-10-03T09:20:00Z,4.9916,4.8879,5.045,5.0426,649.62,650.16,649.89,650.25,8.5663,0.66486,28.466,23.365,-72.559
2219-10-03T09:30:00Z,5.018,4.8728,4.9943,4.993,650.52,650.52,650.52,650.43,9.1066,0.66486,29.026,23.303,-71.497
2219-10-03T09:40:00Z,4.9633,4.8578,5.0175,4.9868,650.79,650.34,649.89,650.25,9.5414,0.66486,29.544,23.326,-68.348
2219-10-03T09:50:00Z,4.9763,4.8554,5.0315,5.0121,650.34,650.34,650.07,650.07,9.7878,0.66486,29.534,22.961,-66.104
2219-10-03T10:00:00Z,4.9903,4.8433,4.999,4.9894,649.62,650.61,650.25,650.07,9.741,0.66486,29.622,23.754,-64.868
2219-10-03T10:10:00Z,5.0231,4.8377,5.0098,4.9817,650.25,650.7,649.89,650.07,9.6785,0.67012,29.424,24.066,-63.735
2219-10-03T10:20:00Z,5.0134,4.858,4.9987,4.9807,649.89,650.16,650.7,649.53,9.6898,0.67012,29.494,23.686,-62.49
2219-10-03T10:30:00Z,4.9992,4.799,4.9776,4.9591,650.52,651.69,650.25,650.25,9.6216,0.67012,29.436,22.989,-59.464
2219-10-03T10:40:00Z,4.9762,4.8605,4.9784,4.9851,650.16,650.07,649.98,649.98,9.7555,0.67012,29.561,23.433,-58.798
2219-10-03T10:50:00Z,4.9857,4.8397,4.9549,4.9841,650.16,650.61,649.89,650.25,9.7243,0.67012,29.49,23.809,-59.127
2219-10-03T11:00:00Z,4.9763,4.8496,5.0257,4.9883,648.81,650.25,649.8,650.16,9.6995,0.67012,29.539,24.102,-58.204
2219-10-03T11:10:00Z,4.973,4.8732,4.9479,5.0078,649.71,650.25,650.34,649.53,9.698,0.65063,29.548,24.41,-57.031
2219-10-03T11:20:00Z,4.9528,4.8306,4.9919,5.0514,649.62,650.16,649.8,649.53,9.7603,0.65063,29.466,24.351,-55.51
2219-10-03T11:30:00Z,4.9996,4.8388,4.9763,4.9695,650.7,650.43,650.25,650.25,9.6721,0.65063,29.588,24.574,-52.415
2219-10-03T11:40:00Z,4.9793,4.843,4.9998,4.991,650.52,649.71,650.52,649.35,9.7541,0.65063,29.548,25.175,-50.887
2219-10-03T11:50:00Z,4.9722,4.8379,4.9672,4.9425,649.53,650.79,649.71,650.7,9.7348,0.65063,29.554,25.286,-50.447
2219-10-03T12:00:00Z,4.9752,4.7877,4.951,4.9605,650.52,650.43,650.43,650.79,9.7825,0.65063,29.54,24.302,-49.235
2219-10-03T12:10:00Z,4.988,4.8223,4.998,4.9733,650.52,650.25,649.8,650.34,9.7897,0.64539,29.548,24.149,-48.144
2219-10-03T12:20:00Z,5.0159,4.8465,5.0191,5.0031,649.98,650.07,650.07,649.71,9.7643,0.64539,29.668,24.099,-47.052
2219-10-03T12:30:00Z,4.949,4.8135,4.9612,4.9715,650.43,650.34,649.71,649.62,9.7519,0.64539,29.444,23.42,-45.898
2219-10-03T12:40:00Z,4.934,4.8386,4.9544,4.9624,650.97,650.7,650.61,650.16,9.7474,0.64539,29.527,23.656,-43.482
2219-10-03T12:50:00Z,4.9872,4.861,4.9335,4.9687,650.34,650.43,650.61,649.98,9.858,0.64539,29.595,23.504,-42.857
2219-10-03T13:00:00Z,4.9425,4.8376,4.9775,4.9705,650.97,650.97,650.16,650.52,9.8298,0.64539,29.473,23.904,-41.965
2219-10-03T13:10:00Z,4.9781,4.8053,4.9446,4.9434,650.16,650.07,649.89,650.61,9.7834,0.62249,29.469,23.739,-42.216
2219-10-03T13:20:00Z,4.9976,4.8361,4.9582,4.976,649.98,649.8,650.88,649.98,9.8265,0.62249,29.566,23.79,-41.282
2219-10-03T13:30:00Z,4.9432,4.8301,4.9687,4.955,650.79,649.71,650.07,650.43,9.8801,0.62249,29.474,23.943,-40.013
2219-10-03T13:40:00Z,4.9688,4.8154,4.9976,4.9131,649.62,650.43,650.34,650.79,9.8587,0.62249,29.491,24.827,-39.968
2219-10-03T13:50:00Z,4.9715,4.8243,4.9646,4.9593,649.8,650.34,650.34,650.7,9.7579,0.62249,29.533,24.489,-38.955
2219-10-03T14:00:00Z,4.9378,4.8148,4.9613,4.9344,649.98,650.34,650.61,650.07,9.7397,0.62249,29.367,24.479,-38.129
2219-10-03T14:10:00Z,4.9668,4.8304,4.9363,4.947,650.07,649.89,650.43,650.7,9.8679,0.62819,29.495,24.412,-37.204
2219-10-03T14:20:00Z,4.9624,4.7988,4.9172,4.9192,649.62,649.89,649.62,650.52,9.8224,0.62819,29.444,24.386,-36.39
2219-10-03T14:30:00Z,4.9725,4.8237,4.9214,4.9668,649.53,650.52,650.88,650.07,9.7399,0.62819,29.403,23.039,-36.202
2219-10-03T14:40:00Z,4.9374,4.8231,4.9344,4.9702,649.89,649.8,650.43,650.16,9.7144,0.62819,29.34,23.062,-34.603
2219-10-03T14:50:00Z,4.9349,4.8211,4.9412,4.9685,650.25,649.8,649.98,649.71,9.6592,0.62819,29.366,23.591,-35.777
2219-10-03T15:00:00Z,4.8924,4.7909,4.9269,4.9314,650.07,649.89,650.25,649.98,9.7324,0.62819,29.302,23.299,-34.962
2219-10-03T15:10:00Z,4.916,4.8413,4.9348,4.9586,650.61,650.16,650.43,650.88,9.7539,0.64572,29.42,23.428,-34.346
2219-10-03T15:20:00Z,4.9305,4.7952,4.9283,4.9244,649.89,650.43,651.06,650.7,9.8145,0.64572,29.458,23.165,-33.375
2219-10-03T15:30:00Z,4.9396,4.8065,4.9501,4.9692,650.79,649.98,649.89,649.71,9.8904,0.64572,29.437,23.117,-31.877
2219-10-03T15:40:00Z,4.9343,4.8217,4.991,4.9166,650.34,650.61,649.35,650.97,9.7791,0.64572,29.369,22.889,-32.357
2219-10-03T15:50:00Z,4.9518,4.7937,4.9375,4.931,650.79,649.8,649.71,650.88,9.8651,0.64572,29.327,23.168,-32.557
2219-10-03T16:00:00Z,4.9362,4.7864,4.9561,4.9259,649.71,650.79,649.62,650.16,9.8978,0.64572,29.478,22.733,-32.403
2219-10-03T16:10:00Z,4.9302,4.7866,4.9121,4.9425,650.43,650.43,651.06,649.44,9.7986,0.62605,29.348,23.584,-32.419
2219-10-03T16:20:00Z,4.9228,4.7976,4.9517,4.9216,650.07,650.25,650.07,649.8,9.8123,0.62605,29.368,23.154,-32.718
2219-10-03T16:30:00Z,4.9086,4.7882,4.9477,4.9822,650.7,650.07,650.07,649.89,9.8366,0.62605,29.439,23.675,-31.805
2219-10-03T16:40:00Z,4.9277,4.8186,4.916,4.8989,650.52,650.25,650.52,651.15,9.8859,0.62605,29.357,23.805,-31.775
2219-10-03T16:50:00Z,4.893,4.7698,4.9256,4.9619,650.61,650.07,650.52,649.89,9.7771,0.62605,29.358,24.561,-31.235
2219-10-03T17:00:00Z,4.9197,4.7784,4.952,4.9322,650.25,650.52,649.35,650.7,9.7592,0.62605,29.415,24.891,-31.977
2219-10-03T17:10:00Z,4.9285,4.7916,4.951,4.9494,650.34,649.98,649.53,649.89,9.9725,0.6074,29.487,24.754,-30.529
2219-10-03T17:20:00Z,4.9474,4.8193,4.9358,4.9467,649.8,649.62,649.71,649.8,9.9237,0.6074,29.563,24.04,-30.206
2219-10-03T17:30:00Z,4.8871,4.8193,4.933,4.9286,651.15,649.62,649.71,650.43,9.8597,0.6074,29.508,24.14,-30.518
2219-10-03T17:40:00Z,4.9321,4.8001,4.9143,4.9252,650.61,650.43,650.07,650.52,10.027,0.6074,29.47,23.834,-31.078
2219-10-03T17:50:00Z,4.9273,4.7661,4.9153,4.931,650.16,650.16,649.71,650.25,9.9353,0.6074,29.552,23.281,-29.511
2219-10-03T18:00:00Z,4.9193,4.7949,4.9433,4.9265,649.8,650.25,650.43,649.89,9.8691,0.6074,29.559,23.513,-29.433
2219-10-03T18:10:00Z,4.9252,4.7747,4.9218,4.9272,649.53,650.16,650.07,649.62,9.8939,0.58972,29.431,23.831,-29.872
2219-10-03T18:20:00Z,4.9239,4.7815,4.9585,4.9222,649.8,649.98,650.25,650.16,9.9818,0.58972,29.546,24.557,-29.433
2219-10-03T18:30:00Z,4.9375,4.8125,4.9033,4.9387,650.61,650.16,649.89,649.8,9.9068,0.58972,29.427,23.924,-27.171
2219-10-03T18:40:00Z,4.9107,4.7437,4.9422,4.9054,649.89,650.25,649.35,650.34,9.994,0.58972,29.591,24.311,-27.896
2219-10-03T18:50:00Z,4.9207,4.7731,4.9277,4.9166,649.71,650.07,650.34,649.98,9.8666,0.58972,29.506,24.673,-27.255
2219-10-03T19:00:00Z,4.9468,4.7999,4.916,4.9173,650.07,649.71,650.43,649.89,10.047,0.58972,29.489,24.439,-26.977
2219-10-03T19:10:00Z,4.9725,4.7838,4.9404,4.9228,649.89,650.34,650.16,650.61,9.8856,0.6004,29.415,24.956,-26.603
2219-10-03T19:20:00Z,4.901,4.7727,4.9236,4.8957,650.52,649.62,650.16,650.7,9.9834,0.6004,29.466,24.965,-26.185
2219-10-03T19:30:00Z,4.9409,4.7733,4.9357,4.923,649.98,649.89,649.17,650.25,9.9808,0.6004,29.499,25.187,-25.682
2219-10-03T19:40:00Z,4.8797,4.7587,4.8961,4.9465,650.43,649.71,650.52,649.89,9.902,0.6004,29.441,24.766,-26.05
2219-10-03T19:50:00Z,4.9351,4.7635,4.9236,4.928,649.89,649.53,649.71,650.52,9.9787,0.6004,29.479,24.82,-26.324
2219-10-03T20:00:00Z,4.8875,4.7796,4.8872,4.9243,650.07,650.52,649.8,650.34,10.007,0.6004,29.487,25.125,-26.309
2219-10-03T20:10:00Z,4.9046,4.7593,4.9492,4.9131,650.7,650.61,650.16,649.98,9.9388,0.58342,29.487,24.306,-26.111
2219-10-03T20:20:00Z,4.9226,4.809,4.9071,4.9046,650.07,649.53,650.07,650.34,10.021,0.58342,29.519,23.966,-25.246
2219-10-03T20:30:00Z,4.8794,4.7899,4.9184,4.9054,650.25,650.52,650.25,650.43,10.049,0.58342,29.577,25.062,-25.161
2219-10-03T20:40:00Z,4.9162,4.7802,4.9328,4.9236,650.79,649.71,650.43,649.98,9.9624,0.58342,29.553,24.837,-25.842
2219-10-03T20:50:00Z,4.906,4.807,4.9322,4.8825,650.43,649.17,650.25,650.43,9.9305,0.58342,29.426,24.703,-26.333
2219-10-03T21:00:00Z,4.9239,4.771,4.8968,4.8934,649.8,648.81,650.07,649.89,10.027,0.58342,29.444,24.232,-25.924
2219-10-03T21:10:00Z,4.9095,4.7837,4.942,4.9295,649.62,649.98,649.53,649.08,9.8396,0.62084,29.349,24.41,-26.397
2219-10-03T21:20:00Z,4.8922,4.7635,4.9307,4.8948,650.52,650.52,649.89,650.52,9.7963,0.62084,29.363,25.34,-25.974
2219-10-03T21:30:00Z,4.9249,4.8006,4.937,4.8927,650.34,650.34,649.53,649.89,9.869,0.62084,29.387,25.287,-26.449
2219-10-03T21:40:00Z,4.8962,4.7503,4.9132,4.8883,650.25,650.07,650.07,649.98,9.8892,0.62084,29.474,25.225,-26.011
2219-10-03T21:50:00Z,4.9056,4.7753,4.9457,4.924,649.71,650.25,649.71,649.98,9.8106,0.62084,29.497,25.705,-24.024
2219-10-03T22:00:00Z,4.9535,4.8338,4.9429,4.973,649.53,649.8,649.98,649.8,9.8757,0.62084,29.368,25.044,-24.536
2219-10-03T22:10:00Z,4.9226,4.7898,4.9042,4.9152,650.07,648.9,649.71,649.44,9.4432,0.60512,28.85,25.537,-23.873
2219-10-03T22:20:00Z,4.9164,4.7861,4.9214,4.9152,649.89,649.53,650.7,649.89,8.9694,0.60512,28.285,25.631,-24.215
2219-10-03T22:30:00Z,4.8485,4.7688,4.897,4.8853,650.43,650.07,650.07,650.25,8.3386,0.60512,27.753,26.028,-24.472
2219-10-03T22:40:00Z,4.9135,4.7717,4.8938,4.9303,650.43,649.98,650.25,649.89,7.8332,0.60512,27.23,26.197,-25.299
2219-10-03T22:50:00Z,4.8932,4.7836,4.927,4.9302,650.52,650.25,649.71,649.62,7.3741,0.60512,26.618,26.347,-26.027
2219-10-03T23:00:00Z,4.9119,4.7717,4.8821,4.9303,650.61,650.43,650.07,649.62,6.7445,0.60512,26.143,25.524,-27.066
2219-10-03T23:10:00Z,4.9344,4.7861,4.8933,4.8807,650.07,649.35,650.52,650.43,6.2306,0.57442,25.629,25.775,-27.25
2219-10-03T23:20:00Z,4.908,4.7775,4.9015,4.9325,650.52,649.98,650.16,649.98,5.6864,0.57442,24.92,25.767,-28.784
2219-10-03T23:30:00Z,4.9113,4.7921,4.9029,4.9085,649.8,649.89,650.43,649.71,5.0196,0.57442,24.424,25.233,-30.258
2219-10-03T23:40:00Z,4.8999,4.7791,4.903,4.9098,650.16,650.43,649.71,649.89,4.5274,0.57442,23.913,25.248,-30.274
2219-10-03T23:50:00Z,4.91,4.7593,4.8774,4.9026,650.07,649.8,650.16,650.52,3.9516,0.57442,23.414,26.089,-32.336
2219-10-04T00:00:00Z,4.9437,4.7814,4.9469,4.8984,649.62,650.07,649.8,650.7,3.5029,0.57442,22.83,26.103,-34.148
2219-10-04T00:10:00Z,4.927,4.7488,4.9417,4.9174,649.62,649.8,649.89,650.25,2.8525,0.56688,22.325,25.571,-36.457
2219-10-04T00:20:00Z,4.8891,4.7924,4.9294,4.9057,649.35,650.07,649.98,650.16,2.285,0.56688,21.754,24.872,-37.365
2219-10-04T00:30:00Z,4.9142,4.7601,4.9175,4.9172,649.62,648.99,650.07,650.25,1.7403,0.56688,21.235,25.181,-40.267
2219-10-04T00:40:00Z,4.8914,4.7928,4.9225,4.9163,650.25,649.35,649.44,649.89,1.2696,0.56688,20.735,24.421,-42.139
2219-10-04T00:50:00Z,4.8696,4.7601,4.9232,4.9036,650.34,649.71,649.71,649.26,0.67908,0.56688,20.147,23.851,-44.242
2219-10-04T01:00:00Z,4.9164,4.7389,4.9566,4.8946,650.25,650.52,649.44,650.16,0.078756,0.56688,19.585,23.912,-46.144
2219-10-04T01:10:00Z,4.9181,4.7606,4.9417,4.9806,650.34,649.98,649.44,650.34,-0.067215,0.55212,19.578,23.256,-47.907
2219-10-04T01:20:00Z,4.9569,4.7776,4.9377,4.928,648.27,650.16,650.43,649.26,0.015867,0.55212,19.543,22.619,-50.764
2219-10-04T01:30:00Z,4.9415,4.7997,4.963,4.9158,649.89,649.8,649.35,649.62,-0.052145,0.55212,19.584,22.57,-52.64
2219-10-04T01:40:00Z,4.8994,4.8233,4.8912,4.9231,650.16,649.62,649.89,649.53,-0.022582,0.55212,19.585,22.684,-55.23
2219-10-04T01:50:00Z,4.936,4.7981,4.9249,4.9417,649.26,649.8,649.62,649.44,0.043815,0.55212,19.584,21.339,-55.029
2219-10-04T02:00:00Z,4.942,4.7951,4.9249,4.9024,649.53,649.53,650.07,649.89,0.017192,0.55212,19.551,20.486,-56.611
2219-10-04T02:10:00Z,4.9396,4.8123,4.9529,4.9517,649.17,649.53,649.44,648.81,0.022493,0.54476,19.642,20.739,-59.22
2219-10-04T02:20:00Z,4.9231,4.8132,4.8964,4.9324,650.88,649.8,649.98,649.53,0.030993,0.54476,19.51,20.881,-59.872
2219-10-04T02:30:00Z,4.9142,4.7969,4.9162,4.933,650.07,650.25,649.62,648.99,0.039234,0.54476,19.556,20.683,-61.742
2219-10-04T02:40:00Z,4.9193,4.7665,4.9043,4.9217,649.8,649.8,650.43,650.25,0.018158,0.54476,19.488,21.13,-64.496
2219-10-04T02:50:00Z,4.9392,4.8095,4.9436,4.948,649.26,649.44,648.9,649.26,-0.0069395,0.54476,19.569,20.858,-64.532
2219-10-04T03:00:00Z,4.9589,4.7896,4.9119,4.9292,648.99,650.43,649.8,650.07,-0.068741,0.54476,19.626,21.336,-64.705
2219-10-04T03:10:00Z,4.9378,4.8392,4.9282,4.9615,649.8,649.17,650.07,650.25,0.006822,0.53293,19.589,21.56,-65.048
2219-10-04T03:20:00Z,4.9105,4.8315,4.971,4.9668,649.53,648.9,649.17,649.44,-0.00023427,0.53293,19.658,20.797,-65.971
2219-10-04T03:30:00Z,4.9723,4.7961,4.9433,4.9315,649.8,650.34,648.54,649.71,-0.051832,0.53293,19.576,20.889,-66.765
2219-10-04T03:40:00Z,4.9396,4.7757,4.9563,4.9023,649.08,649.26,649.62,649.44,-0.021925,0.53293,19.669,21.147,-67.513
2219-10-04T03:50:00Z,4.9118,4.8087,4.966,4.9257,649.8,649.62,649.53,650.07,0.084634,0.53293,19.613,20.31,-68.357
2219-10-04T04:00:00Z,4.9462,4.837,4.9587,4.934,649.71,649.71,648.9,649.98,-0.023978,0.53293,19.644,20.309,-69.996
2219-10-04T04:10:00Z,4.9454,4.8169,4.9527,4.9165,650.16,649.71,649.26,649.98,-0.026537,0.53279,19.689,21.054,-70.516
2219-10-04T04:20:00Z,4.9329,4.8288,4.9397,4.9491,649.53,649.62,649.8,649.62,-0.018431,0.53279,19.693,21.592,-71.227
2219-10-04T04:30:00Z,4.95,4.8153,4.94,4.9346,649.53,649.53,649.98,649.8,-0.012472,0.53279,19.652,21.841,-73.267
2219-10-04T04:40:00Z,4.9302,4.8168,4.9605,5.0174,649.89,649.8,649.71,648.9,-0.030818,0.53279,19.66,22.136,-74.621
2219-10-04T04:50:00Z,4.9838,4.8201,4.9356,4.9803,649.26,649.71,649.71,649.8,-0.0030295,0.53279,19.654,22.436,-75.298
2219-10-04T05:00:00Z,4.9802,4.8086,4.9464,5.0027,648.81,649.08,649.89,649.71,0.018536,0.53279,19.696,22.941,-75.969
2219-10-04T05:10:00Z,4.9727,4.8298,4.9127,4.9371,649.62,649.62,650.16,650.16,0.018838,0.5287,19.663,23.647,-75.794
2219-10-04T05:20:00Z,5.0107,4.839,4.9333,4.9537,649.53,649.17,650.25,650.43,-0.047512,0.5287,19.746,24.132,-76.535
2219-10-04T05:30:00Z,4.9333,4.8545,4.961,4.9485,650.16,649.53,649.26,649.26,-0.011491,0.5287,19.745,23.934,-76.856
2219-10-04T05:40:00Z,5.0152,4.7927,4.9885,4.97,649.62,649.8,650.25,648.99,-0.041427,0.5287,19.771,23.687,-76.56
2219-10-04T05:50:00Z,4.9688,4.8556,4.9585,4.9685,649.17,649.62,650.43,649.71,0.023129,0.5287,19.677,23.607,-78.217
2219-10-04T06:00:00Z,4.947,4.806,4.9786,4.968,650.61,649.53,649.53,650.43,-0.017359,0.5287,19.668,24.904,-78.928
2219-10-04T06:10:00Z,4.961,4.8124,4.9596,4.9557,650.07,650.52,649.89,649.98,0.0023154,0.53071,19.672,24.754,-80.09
2219-10-04T06:20:00Z,4.966,4.8485,4.9644,4.972,650.07,649.71,649.8,650.16,-0.062341,0.53071,19.819,24.252,-80.837
2219-10-04T06:30:00Z,4.9322,4.8057,4.9746,4.9605,649.53,650.25,649.8,649.62,-0.0055121,0.53071,19.709,25.039,-79.773
2219-10-04T06:40:00Z,4.956,4.8263,4.9603,4.9608,649.53,650.25,649.8,650.25,0.0092457,0.53071,19.752,25.033,-79.299
2219-10-04T06:50:00Z,4.9305,4.8049,4.9717,4.9684,650.61,650.07,649.8,650.07,-0.0070727,0.53071,19.704,25.771,-80.134
2219-10-04T07:00:00Z,4.9568,4.8291,4.9496,4.9894,650.52,650.25,649.98,649.98,0.032833,0.53071,19.777,25.603,-79.875
2219-10-04T07:10:00Z,4.9811,4.8556,4.9718,4.9871,649.8,649.62,649.98,649.89,0.016724,0.57826,19.717,25.694,-79.383
2219-10-04T07:20:00Z,4.9826,4.875,4.948,4.965,650.16,649.98,649.8,649.98,0.018934,0.57826,19.765,25.13,-78.838
2219-10-04T07:30:00Z,4.945,4.8418,4.9576,4.971,649.35,650.52,649.35,649.53,0.014169,0.57826,19.695,24.339,-79.399
2219-10-04T07:40:00Z,4.9417,4.857,4.9812,4.9192,650.07,650.43,650.43,650.7,0.022503,0.57826,19.735,23.244,-79.32
2219-10-04T07:50:00Z,4.9708,4.8532,5.003,4.9679,649.98,650.07,648.99,649.89,-0.027875,0.57826,19.636,23.507,-80.439
2219-10-04T08:00:00Z,4.971,4.8393,4.9804,4.9856,649.44,650.16,649.89,650.7,0.06189,0.57826,19.738,23.67,-80.224
2219-10-04T08:10:00Z,4.9734,4.7996,4.9891,4.9798,649.35,649.98,649.8,649.8,-0.008533,0.5464,19.832,24.199,-81.516
2219-10-04T08:20:00Z,4.9785,4.8393,4.9848,4.9376,649.62,649.53,649.17,650.16,0.014354,0.5464,19.817,24.199,-81.415
2219-10-04T08:30:00Z,4.9782,4.8674,4.9664,4.9689,650.34,649.35,650.34,650.16,0.01751,0.5464,19.748,23.461,-81.933
2219-10-04T08:40:00Z,4.9489,4.8094,4.9642,4.9484,650.34,649.98,650.07,649.53,-0.0021867,0.5464,19.77,24.11,-81.323
2219-10-04T08:50:00Z,4.9557,4.8494,4.9795,4.9703,650.61,649.89,649.71,650.43,0.051075,0.5464,19.742,24.957,-81.387
2219-10-04T09:00:00Z,5.0259,4.8466,4.9915,4.9552,649.26,650.07,649.44,650.52,0.0054254,0.5464,19.738,24.403,-81.878
2219-10-04T09:10:00Z,4.9804,4.8529,4.993,4.9751,650.34,649.62,650.16,650.43,-0.045086,0.55975,19.736,24.671,-81.68
2219-10-04T09:20:00Z,4.9948,4.8196,4.9959,4.9966,649.26,649.98,649.98,650.34,-0.013941,0.55975,19.866,25.288,-81.03
2219-10-04T09:30:00Z,4.9563,4.8498,4.969,4.9877,650.88,650.88,650.25,650.16,0.011849,0.55975,19.762,25.952,-81.327
2219-10-04T09:40:00Z,4.9581,4.8319,4.982,4.9922,649.62,650.16,650.34,650.16,-0.075925,0.55975,19.744,25.718,-80.892
2219-10-04T09:50:00Z,4.956,4.8433,4.9687,5.0128,650.07,650.16,649.8,650.07,-0.016094,0.55975,19.848,24.643,-80.085
2219-10-04T10:00:00Z,4.9617,4.8182,4.9947,4.9919,650.07,650.16,649.8,649.35,0.045443,0.55975,19.767,24.512,-80.755
2219-10-04T10:10:00Z,4.9926,4.9028,4.9825,4.9843,649.89,650.07,649.8,649.08,0.03639,0.5781,19.864,23.91,-82.084
2219-10-04T10:20:00Z,4.9832,4.7878,4.9636,4.9356,649.89,650.34,650.25,650.25,0.03977,0.5781,19.755,23.63,-82.055
2219-10-04T10:30:00Z,4.9592,4.8394,4.9832,4.9898,649.26,650.16,649.89,650.25,0.015793,0.5781,19.709,23.647,-81.935
2219-10-04T10:40:00Z,4.9758,4.8372,4.9858,4.9701,649.89,649.98,649.98,650.25,0.0051967,0.5781,19.799,24.471,-82.154
2219-10-04T10:50:00Z,5.0196,4.8503,4.9616,5.046,649.98,650.25,649.98,649.98,0.00398,0.5781,19.765,23.735,-82.068
2219-10-04T11:00:00Z,4.997,4.859,4.9856,5.021,649.8,649.98,649.8,648.9,-0.0021053,0.5781,19.835,24.44,-83.585
2219-10-04T11:10:00Z,5.0128,4.8541,5.0133,4.9701,649.8,649.44,649.8,649.53,0.0067689,0.57645,19.889,23.678,-83.325
2219-10-04T11:20:00Z,5.0187,4.8623,5.0114,5.0021,649.71,650.16,649.89,650.52,-0.0158,0.57645,19.76,24.113,-84.444
2219-10-04T11:30:00Z,4.9503,4.8355,4.9877,5.0199,650.97,649.89,649.35,649.89,-0.054828,0.57645,19.855,23.893,-83.859
2219-10-04T11:40:00Z,4.9624,4.8151,4.9673,5.0051,649.71,649.89,650.52,649.98,0.082111,0.57645,19.73,24.425,-84.91
2219-10-04T11:50:00Z,4.986,4.8474,4.9907,4.9702,649.98,650.16,649.89,651.06,-0.0084403,0.57645,19.845,25.392,-85.001
2219-10-04T12:00:00Z,4.9959,4.8693,4.9892,4.965,650.25,649.62,649.17,649.8,0.022881,0.57645,19.885,24.948,-85.409
2219-10-04T12:10:00Z,5.0424,4.8314,5.0504,4.9712,649.98,649.62,649.71,649.26,0.036756,0.51295,19.802,24.3,-85.244
2219-10-04T12:20:00Z,4.9927,4.8659,5.0176,4.9973,650.16,649.71,649.08,650.16,-0.040382,0.51295,19.845,24.072,-85.926
2219-10-04T12:30:00Z,4.9773,4.8578,4.9794,4.9806,649.8,649.98,650.61,649.17,0.046722,0.51295,19.918,23.304,-85.699
2219-10-04T12:40:00Z,4.9945,4.8428,4.9705,4.9874,650.52,650.52,649.62,649.53,-0.02523,0.51295,19.796,23.497,-86.102
2219-10-04T12:50:00Z,5.0313,4.848,4.972,4.9975,648.81,650.16,650.52,650.07,0.042211,0.51295,19.815,23.843,-85.934
2219-10-04T13:00:00Z,4.9812,4.9032,5.0056,5.0042,649.53,649.62,650.07,649.62,0.073128,0.51295,19.813,23.772,-85.291
2219-10-04T13:10:00Z,4.9777,4.8608,4.9745,4.9985,649.98,649.35,650.34,649.8,0.057594,0.52361,19.762,23.534,-85.131
2219-10-04T13:20:00Z,5.0345,4.9079,5.0225,4.9125,649.89,650.61,649.44,650.7,-0.033867,0.52361,19.905,23.845,-85.65
2219-10-04T13:30:00Z,4.9717,4.851,4.9943,4.9831,649.8,649.8,649.89,649.35,0.50581,0.52361,20.375,24.419,-85.575
2219-10-04T13:40:00Z,4.9848,4.8581,5.0097,4.9802,649.89,649.17,649.89,649.8,1.0418,0.52361,20.969,23.812,-85.15
2219-10-04T13:50:00Z,4.9977,4.8624,4.9761,5.0033,649.98,649.89,648.81,650.07,1.5959,0.52361,21.584,23.939,-83.611
2219-10-04T14:00:00Z,4.9728,4.8536,4.9995,4.9801,649.62,649.71,649.98,650.34,2.2275,0.52361,22.174,24.026,-82.655
2219-10-04T14:10:00Z,4.9708,4.8929,5.0078,5.0076,649.98,649.17,649.71,649.71,2.7413,0.47829,22.798,23.995,-82.573
2219-10-04T14:20:00Z,4.9695,4.8403,5.0141,5.0082,649.98,649.71,649.53,649.71,3.2786,0.47829,23.333,22.96,-82.68
2219-10-04T14:30:00Z,4.9556,4.8601,4.9913,5.0055,650.07,651.15,649.44,650.07,3.927,0.47829,23.823,21.696,-81.502
2219-10-04T14:40:00Z,4.9889,4.8291,5.0223,5.0032,650.07,650.07,649.89,650.07,4.5351,0.47829,24.329,21.25,-79.006
2219-10-04T14:50:00Z,5.0124,4.8259,4.9887,4.9713,649.98,649.62,649.98,650.07,5.0181,0.47829,25.001,21.967,-77.943
2219-10-04T15:00:00Z,5.0186,4.8677,4.9758,4.9463,649.08,650.88,649.62,649.8,5.7021,0.47829,25.567,21.991,-76.399
2219-10-04T15:10:00Z,4.9958,4.8479,4.9845,4.9822,649.89,650.34,649.44,649.98,6.2053,0.43152,26.372,22.894,-74.034
2219-10-04T15:20:00Z,4.985,4.8499,5.0444,4.9886,650.43,650.16,648.9,650.16,6.836,0.43152,26.794,23.768,-73.021
2219-10-04T15:30:00Z,4.9757,4.8795,4.9831,4.9915,650.07,650.25,650.07,650.52,7.3535,0.43152,27.382,23.744,-71.604
2219-10-04T15:40:00Z,4.9839,4.855,4.9836,5.0054,650.61,650.43,651.42,649.62,7.976,0.43152,27.966,23.664,-69.97
2219-10-04T15:50:00Z,4.9948,4.8949,4.9757,4.9682,649.17,650.16,650.07,649.62,8.59,0.43152,28.542,23.863,-67.163
2219-10-04T16:00:00Z,4.996,4.8564,4.9652,4.9878,649.44,649.89,650.34,650.16,9.2018,0.43152,29.145,24.353,-64.701
2219-10-04T16:10:00Z,4.9863,4.8455,4.9669,5.0175,649.98,650.07,650.88,650.34,9.7241,0.45092,29.691,25.513,-62.081
2219-10-04T16:20:00Z,4.9976,4.8406,4.9673,5.008,649.89,650.25,651.06,649.71,10.326,0.45092,30.269,25.286,-60.331
2219-10-04T16:30:00Z,4.9848,4.7819,5.0061,4.981,649.62,650.7,649.53,649.8,10.452,0.45092,30.293,25.429,-58.438
2219-10-04T16:40:00Z,5.0121,4.8364,4.9817,4.9472,649.62,650.43,649.71,650.88,10.478,0.45092,30.169,24.665,-56.288
2219-10-04T16:50:00Z,4.9972,4.8337,4.9728,4.9419,650.07,649.71,650.7,650.7,10.449,0.45092,30.193,25.044,-53.653
2219-10-04T17:00:00Z,4.9234,4.8494,4.9384,4.9593,650.88,650.34,650.88,650.61,10.409,0.45092,30.1,25.46,-50.905
2219-10-04T17:10:00Z,4.9532,4.8408,4.9704,4.9534,650.07,650.07,649.8,650.34,10.423,0.44579,30.216,25.503,-48.339
2219-10-04T17:20:00Z,4.9384,4.8153,4.9922,4.9712,650.97,650.88,650.07,649.44,10.456,0.44579,30.197,24.716,-48.841
2219-10-04T17:30:00Z,4.9395,4.8288,4.9903,4.9486,650.43,649.98,650.43,650.79,10.439,0.44579,30.144,24.425,-47.096
2219-10-04T17:40:00Z,4.9137,4.7802,4.9427,4.9629,650.7,650.61,649.89,650.61,10.399,0.44579,30.17,25.405,-44.848
2219-10-04T17:50:00Z,4.9463,4.8131,4.9648,4.9708,650.79,649.8,650.34,650.07,10.404,0.44579,30.019,25.228,-43.914
2219-10-04T18:00:00Z,5.0325,4.7968,4.9654,4.9715,649.8,650.79,650.25,650.79,10.422,0.44579,30.19,25.667,-42.679
2219-10-04T18:10:00Z,4.9359,4.8301,4.967,4.948,650.52,648.99,650.16,650.43,10.418,0.43929,30.067,25.974,-41.916
2219-10-04T18:20:00Z,4.9494,4.8342,4.9646,4.9295,649.89,650.07,649.8,650.34,10.455,0.43929,30.255,26.819,-41.48
2219-10-04T18:30:00Z,4.9414,4.8385,4.9635,4.9257,650.52,650.34,650.34,650.52,10.362,0.43929,30.146,26.355,-39.893
2219-10-04T18:40:00Z,4.9536,4.8225,4.9307,4.964,650.79,650.07,649.35,650.25,10.506,0.43929,30.155,26.884,-38.837
2219-10-04T18:50:00Z,4.9322,4.7927,4.9742,4.958,650.07,650.07,650.07,649.71,10.542,0.43929,30.148,26.602,-36.976
2219-10-04T19:00:00Z,4.9393,4.8248,4.9397,4.9527,649.89,649.89,650.7,650.52,10.484,0.43929,30.221,26.665,-36.42
2219-10-04T19:10:00Z,4.976,4.7777,4.9609,4.9524,650.07,651.06,650.52,650.07,10.472,0.4097,30.29,27.448,-34.281
2219-10-04T19:20:00Z,4.9542,4.8189,4.9468,5.0046,650.43,650.34,650.7,650.25,10.502,0.4097,30.241,27.191,-32.274
2219-10-04T19:30:00Z,4.9906,4.8235,4.8874,4.9678,650.34,649.62,650.25,649.62,10.529,0.4097,30.115,26.867,-32.025
2219-10-04T19:40:00Z,5.0043,4.8467,4.9711,4.9341,650.07,649.62,649.98,650.88,10.539,0.4097,30.14,27.075,-31.355
2219-10-04T19:50:00Z,4.9666,4.7961,4.9369,4.9194,650.61,651.33,650.25,649.98,10.529,0.4097,30.095,26.185,-29.345
2219-10-04T20:00:00Z,4.9237,4.819,4.9332,4.9319,650.97,649.62,650.43,650.34,10.378,0.4097,30.103,26.02,-30.527
2219-10-04T20:10:00Z,4.9756,4.7917,4.9021,4.9658,649.89,650.34,650.25,650.07,10.392,0.44003,30.052,26.906,-29.81
2219-10-04T20:20:00Z,4.9688,4.8051,4.9324,4.9579,650.34,650.16,650.88,649.71,10.354,0.44003,30.091,26.965,-28.573
2219-10-04T20:30:00Z,4.9516,4.8031,4.9552,4.9475,649.89,650.88,649.8,649.89,10.384,0.44003,29.973,27.737,-26.658
2219-10-04T20:40:00Z,4.9121,4.7891,4.9234,4.9455,651.51,650.52,650.7,649.98,10.32,0.44003,29.937,27.748,-26.523
2219-10-04T20:50:00Z,4.9102,4.7716,4.9105,4.9267,650.52,650.07,650.16,649.44,10.41,0.44003,29.843,27.335,-26.488
2219-10-04T21:00:00Z,4.9437,4.7988,4.928,4.9213,649.8,649.71,649.89,649.62,10.384,0.44003,29.971,27.064,-27.032
2219-10-04T21:10:00Z,4.921,4.8025,4.9388,4.9588,650.34,650.16,650.43,650.16,10.393,0.44545,29.959,26.624,-26.226
2219-10-04T21:20:00Z,4.926,4.8032,4.9393,4.9247,649.89,650.7,650.97,650.79,10.464,0.44545,29.885,26.195,-27.086
2219-10-04T21:30:00Z,4.9378,4.7733,4.936,4.9233,650.61,650.07,649.98,649.89,10.426,0.44545,29.956,26.34,-27.093
2219-10-04T21:40:00Z,4.9282,4.8091,4.9417,4.9168,649.35,650.25,649.44,650.25,10.487,0.44545,30.023,26.632,-27.574
2219-10-04T21:50:00Z,4.9246,4.7705,4.9156,4.9174,650.43,650.16,650.79,650.25,10.464,0.44545,29.894,25.284,-26.383
2219-10-04T22:00:00Z,4.9226,4.7608,4.8929,4.9193,650.97,650.88,649.89,649.62,10.394,0.44545,29.993,25.481,-26.607
2219-10-04T22:10:00Z,4.8937,4.7763,4.9431,4.9217,650.34,649.71,650.07,650.52,10.509,0.42334,30.005,25.496,-26.138
2219-10-04T22:20:00Z,4.9203,4.7676,4.9531,4.9267,650.16,651.15,649.62,650.34,10.502,0.42334,30.067,25.489,-25.425
2219-10-04T22:30:00Z,4.9273,4.8171,4.9105,4.9676,650.34,649.89,650.43,650.7,10.452,0.42334,29.918,24.46,-25.62
2219-10-04T22:40:00Z,4.8969,4.7903,4.9229,4.9049,649.98,650.52,649.44,648.9,10.43,0.42334,30.128,24.8,-25.15
2219-10-04T22:50:00Z,4.9362,4.7846,4.9702,4.8969,650.25,649.98,649.17,650.25,10.473,0.42334,30.027,25.37,-24.297
2219-10-04T23:00:00Z,4.8793,4.8024,4.9337,4.9298,650.79,649.62,649.8,649.8,10.476,0.42334,30.019,25.1,-24.471
2219-10-04T23:10:00Z,4.9341,4.7957,4.9187,4.8856,650.25,650.25,650.34,649.8,10.594,0.38497,30.151,24.303,-24.151
2219-10-04T23:20:00Z,4.9428,4.7673,4.9299,4.883,649.8,649.89,650.16,650.16,10.607,0.38497,30.191,23.609,-23.183
2219-10-04T23:30:00Z,4.9086,4.8009,4.9431,4.8902,650.79,649.53,649.71,651.15,10.566,0.38497,29.929,23.556,-23.088
2219-10-04T23:40:00Z,4.9497,4.7802,4.9416,4.9344,649.35,650.34,650.16,650.16,10.616,0.38497,30.064,23.717,-23.902
2219-10-04T23:50:00Z,4.9294,4.8058,4.9246,4.8882,650.16,649.71,650.34,650.52,10.572,0.38497,30.078,24.628,-23.425
2219-10-05T00:00:00Z,4.8973,4.7623,4.9105,4.9014,650.25,649.98,650.16,649.62,10.597,0.38497,30.202,24.445,-23.335
2219-10-05T00:10:00Z,4.9462,4.7771,4.9091,4.9421,649.53,649.98,650.79,650.25,10.751,0.35638,30.176,24.138,-23.638
2219-10-05T00:20:00Z,4.9286,4.7562,4.929,4.9352,649.89,650.7,649.53,650.07,10.698,0.35638,30.241,24.694,-23.567
2219-10-05T00:30:00Z,4.9052,4.784,4.8928,4.916,650.07,650.25,650.16,650.34,10.762,0.35638,30.2,24.816,-23.705
2219-10-05T00:40:00Z,4.9243,4.7702,4.9061,4.8769,649.17,650.88,650.43,649.17,10.793,0.35638,30.295,25.448,-23.559
2219-10-05T00:50:00Z,4.931,4.7913,4.9245,4.8949,650.25,649.89,649.8,649.35,10.829,0.35638,30.312,25.147,-24.386
2219-10-05T01:00:00Z,4.8773,4.7777,4.9467,4.9237,650.16,649.62,650.61,650.79,10.823,0.35638,30.261,24.502,-24.539
2219-10-05T01:10:00Z,4.9199,4.749,4.9234,4.9247,650.25,650.79,650.88,650.25,10.79,0.33444,30.278,24.118,-25.359
2219-10-05T01:20:00Z,4.9041,4.7502,4.9255,4.9109,650.07,650.25,649.71,649.71,10.796,0.33444,30.376,24.054,-24.102
2219-10-05T01:30:00Z,4.9065,4.7775,4.9297,4.9574,649.53,650.34,650.16,650.43,10.725,0.33444,30.321,23.997,-24.173
2219-10-05T01:40:00Z,4.9256,4.775,4.903,4.9003,650.43,650.16,650.16,649.71,10.754,0.33444,30.321,23.566,-24.353
2219-10-05T01:50:00Z,4.8808,4.7559,4.9141,4.9266,649.89,651.15,650.25,649.62,10.797,0.33444,30.28,24.06,-24.14
2219-10-05T02:00:00Z,4.9185,4.7693,4.9205,4.885,649.98,649.98,649.89,649.98,10.782,0.33444,30.287,24.931,-23.285
2219-10-05T02:10:00Z,4.8536,4.7722,4.8858,4.9075,650.88,649.35,649.89,649.98,10.733,0.35472,30.26,24.298,-23.652
2219-10-05T02:20:00Z,4.9568,4.7692,4.8721,4.9075,650.7,650.07,650.79,650.52,10.753,0.35472,30.224,23.132,-22.999
2219-10-05T02:30:00Z,4.916,4.7732,4.919,4.9261,649.71,650.34,650.34,650.43,10.783,0.35472,30.202,23.239,-22.964
2219-10-05T02:40:00Z,4.8848,4.764,4.9415,4.9023,649.98,649.89,649.62,650.61,10.77,0.35472,30.246,23.5,-22.984
2219-10-05T02:50:00Z,4.9221,4.8097,4.9376,4.9032,649.62,649.71,649.89,649.89,10.733,0.35472,30.288,23.063,-23.185
2219-10-05T03:00:00Z,4.8962,4.7985,4.9174,4.871,650.61,649.71,649.89,650.25,10.771,0.35472,30.197,23.254,-23.39
2219-10-05T03:10:00Z,4.9092,4.8201,4.9228,4.9091,649.98,648.99,649.53,649.98,10.769,0.34636,30.27,23.353,-24.105
2219-10-05T03:20:00Z,4.8971,4.7941,4.9385,4.9031,649.98,649.89,649.71,649.53,10.762,0.34636,30.272,23.234,-24.024
2219-10-05T03:30:00Z,4.9095,4.7495,4.9143,4.901,649.89,650.7,650.79,650.16,10.724,0.34636,30.142,22.778,-23.062
2219-10-05T03:40:00Z,4.9202,4.7559,4.8817,4.9177,649.8,650.7,649.89,650.07,10.742,0.34636,30.293,23.014,-22.27
2219-10-05T03:50:00Z,4.8925,4.7348,4.8922,4.9193,650.16,649.98,650.79,650.52,10.781,0.34636,30.27,22.731,-22.352
2219-10-05T04:00:00Z,4.905,4.7416,4.8902,4.9139,649.71,650.43,649.08,650.25,10.901,0.34636,30.368,22.62,-22.88
2219-10-05T04:10:00Z,4.9014,4.7698,4.9061,4.9007,650.07,649.71,650.43,649.62,10.824,0.32329,30.376,21.317,-21.074
2219-10-05T04:20:00Z,4.9325,4.763,4.9127,4.912,649.44,649.62,650.25,650.61,10.844,0.32329,30.269,21.265,-21.831
2219-10-05T04:30:00Z,4.8628,4.7363,4.9098,4.8846,650.7,650.52,650.16,650.43,10.908,0.32329,30.325,20.779,-21.188
2219-10-05T04:40:00Z,4.9393,4.7704,4.9216,4.895,649.71,649.8,650.43,649.98,10.807,0.32329,30.304,21.063,-22.327
2219-10-05T04:50:00Z,4.8817,4.7727,4.92,4.8794,650.52,649.89,650.88,649.44,10.275,0.32329,29.603,21.864,-22.127
2219-10-05T05:00:00Z,4.8835,4.7706,4.9364,4.8984,649.53,650.07,649.98,649.62,9.7047,0.32329,29.116,21.157,-23.057
2219-10-05T05:10:00Z,4.8632,4.79,4.9225,4.8773,650.34,649.8,649.8,650.61,9.1078,0.33014,28.476,21.945,-23.238
2219-10-05T05:20:00Z,4.8935,4.7839,4.9043,4.8972,650.07,649.98,649.62,649.53,8.4887,0.33014,27.847,21.686,-24.036
2219-10-05T05:30:00Z,4.9405,4.7825,4.894,4.8722,649.62,649.62,649.89,650.79,7.863,0.33014,27.264,20.726,-26.575
2219-10-05T05:40:00Z,4.9182,4.7539,4.8897,4.8563,649.89,649.71,650.16,650.52,7.2371,0.33014,26.622,21.36,-26.118
2219-10-05T05:50:00Z,4.8761,4.7929,4.9088,4.8876,650.34,650.25,649.89,650.25,6.7813,0.33014,25.951,20.878,-26.754
2219-10-05T06:00:00Z,4.922,4.7697,4.8998,4.8998,650.16,649.62,649.26,648.99,6.0895,0.33014,25.4,21.575,-27.644
2219-10-05T06:10:00Z,4.9197,4.7749,4.9077,4.8731,650.52,649.35,648.63,650.52,5.5725,0.30903,24.824,21.665,-29.184
2219-10-05T06:20:00Z,4.8537,4.7804,4.9031,4.9014,650.16,650.61,649.98,649.62,4.8748,0.30903,24.198,20.864,-30.442
2219-10-05T06:30:00Z,4.9226,4.7426,4.9126,4.9211,649.62,650.16,650.16,650.07,4.2806,0.30903,23.629,21.379,-31.482
2219-10-05T06:40:00Z,4.8989,4.7581,4.9071,4.8892,649.62,649.62,650.25,649.44,3.7508,0.30903,23.011,21.937,-33.677
2219-10-05T06:50:00Z,4.8922,4.7974,4.8925,4.8982,650.7,649.98,649.89,649.89,3.0536,0.30903,22.492,22.897,-35.427
2219-10-05T07:00:00Z,4.8867,4.7682,4.9727,4.8817,650.43,649.8,649.35,649.71,2.45,0.30903,21.933,23.164,-36.614
2219-10-05T07:10:00Z,4.929,4.7462,4.9313,4.8687,649.8,649.8,649.53,650.16,1.8762,0.34861,21.181,22.803,-37.422
2219-10-05T07:20:00Z,4.9175,4.7759,4.9077,4.9161,649.17,649.71,648.9,649.89,1.2987,0.34861,20.72,22.882,-38.884
2219-10-05T07:30:00Z,4.9527,4.8181,4.9079,4.9499,650.16,649.26,650.7,649.53,0.64929,0.34861,19.995,22.514,-40.666
2219-10-05T07:40:00Z,4.9035,4.7549,4.8944,4.8722,649.62,649.89,649.71,650.25,0.10744,0.34861,19.51,22.178,-41.116
2219-10-05T07:50:00Z,4.9213,4.754,4.9071,4.9035,649.53,650.43,650.52,649.44,-0.013563,0.34861,19.548,22.223,-44.089
2219-10-05T08:00:00Z,4.9082,4.7996,4.9029,4.9031,650.16,649.17,649.98,650.16,0.0042417,0.34861,19.501,22.431,-45.291
2219-10-05T08:10:00Z,4.9154,4.779,4.9264,4.904,650.07,649.08,649.53,650.25,0.023308,0.36771,19.424,22.824,-45.582
2219-10-05T08:20:00Z,4.9298,4.7926,4.9223,4.9133,649.71,650.34,649.8,650.16,-0.0023352,0.36771,19.529,23.863,-47.605
2219-10-05T08:30:00Z,4.9532,4.7752,4.9361,4.8884,649.53,650.07,650.88,649.71,-0.083098,0.36771,19.516,23.982,-50.617
2219-10-05T08:40:00Z,4.8932,4.7713,4.9433,4.8951,649.8,649.44,649.8,650.25,0.017317,0.36771,19.489,24.089,-52.392
2219-10-05T08:50:00Z,4.9119,4.806,4.906,4.9522,650.43,649.62,649.71,650.07,0.0053371,0.36771,19.48,23.781,-54.247
2219-10-05T09:00:00Z,4.9416,4.8242,4.8921,4.9225,650.07,649.35,650.79,649.8,0.058785,0.36771,19.51,23.064,-55.655
2219-10-05T09:10:00Z,4.9117,4.7797,4.9314,4.926,649.98,650.16,649.08,649.53,0.049471,0.3387,19.535,23.17,-56.664
2219-10-05T09:20:00Z,4.948,4.7839,4.9358,4.93,649.89,649.71,649.98,649.8,-0.093875,0.3387,19.523,23.569,-57.802
2219-10-05T09:30:00Z,4.8846,4.8312,4.9261,4.9101,650.07,649.17,648.9,649.71,0.0099548,0.3387,19.546,24.799,-59.238
2219-10-05T09:40:00Z,4.9254,4.8045,4.9318,4.9297,649.17,649.35,649.44,650.43,-0.035877,0.3387,19.557,24.277,-59.532
2219-10-05T09:50:00Z,4.9213,4.8018,4.8777,4.9545,649.89,649.44,650.43,649.8,-0.0093422,0.3387,19.55,23.854,-60.698
2219-10-05T10:00:00Z,4.9548,4.7988,4.9218,4.8927,650.07,650.43,650.7,650.16,-0.026727,0.3387,19.582,23.458,-61.89
2219-10-05T10:10:00Z,4.9447,4.8116,4.9909,4.9481,649.62,648.81,649.98,649.89,0.074424,0.34674,19.593,23.253,-62.748
2219-10-05T10:20:00Z,4.9485,4.821,4.9348,4.9668,649.71,649.44,649.62,649.8,0.013755,0.34674,19.643,23.8,-63.503
2219-10-05T10:30:00Z,4.9212,4.797,4.9456,4.9602,649.89,649.98,649.26,649.08,0.016087,0.34674,19.625,23.877,-64.4
2219-10-05T10:40:00Z,4.9861,4.802,4.9097,4.9669,649.17,649.35,649.53,649.8,0.033519,0.34674,19.58,24.032,-65.242
2219-10-05T10:50:00Z,4.9126,4.8041,4.9677,4.9791,649.98,650.07,649.98,649.08,-0.080084,0.34674,19.588,24.446,-66.532
2219-10-05T11:00:00Z,4.9268,4.827,4.9225,4.9443,650.88,649.17,650.52,649.89,-0.070899,0.34674,19.623,24.653,-66.928
2219-10-05T11:10:00Z,4.9678,4.7728,4.9641,4.9557,650.16,650.52,649.98,649.98,0.045494,0.33966,19.617,24.7,-67.762
2219-10-05T11:20:00Z,4.9156,4.7982,4.947,4.999,649.71,649.89,649.53,649.8,-0.089266,0.33966,19.64,23.695,-69.381
2219-10-05T11:30:00Z,4.9445,4.8009,5.016,4.9647,650.25,649.71,649.17,648.99,-0.006028,0.33966,19.766,22.63,-69.595
2219-10-05T11:40:00Z,4.9524,4.7902,4.9666,4.9305,650.25,650.07,649.53,650.25,-0.049609,0.33966,19.663,22.942,-71.77
2219-10-05T11:50:00Z,4.9178,4.8144,4.9573,4.9707,649.35,649.53,649.89,649.89,-0.033986,0.33966,19.636,23.353,-70.925
2219-10-05T12:00:00Z,4.9532,4.8582,4.9485,4.949,649.26,649.8,649.62,649.44,0.028723,0.33966,19.697,23.512,-72.178
2219-10-05T12:10:00Z,4.9843,4.8333,4.9579,4.9495,649.53,650.16,649.44,650.34,0.021486,0.33138,19.581,23.149,-71.219
2219-10-05T12:20:00Z,4.9579,4.8143,4.9696,4.9313,649.62,649.71,649.35,650.25,-0.070722,0.33138,19.658,23.514,-71.686
2219-10-05T12:30:00Z,4.9952,4.8109,4.9243,4.9523,649.53,649.53,649.62,650.43,-0.015673,0.33138,19.732,23.332,-72.588
2219-10-05T12:40:00Z,4.9548,4.8401,4.9808,4.9683,649.62,649.8,650.34,649.71,-0.0090286,0.33138,19.728,23.711,-72.795
2219-10-05T12:50:00Z,4.9612,4.8153,4.9523,4.973,649.53,649.89,649.71,649.44,0.07364,0.33138,19.616,24.424,-72.932
2219-10-05T13:00:00Z,4.9685,4.8088,4.9747,4.9345,650.16,650.52,649.62,649.71,0.0023481,0.33138,19.609,24.283,-73.951
2219-10-05T13:10:00Z,4.9532,4.8209,4.9261,4.9666,649.8,650.07,649.08,648.63,0.065747,0.33986,19.729,25.469,-74.505
2219-10-05T13:20:00Z,4.9736,4.8139,4.9296,4.9743,649.71,650.97,650.43,650.34,-0.051168,0.33986,19.633,26.139,-74.447
2219-10-05T13:30:00Z,4.9445,4.8394,4.9769,4.9303,648.72,649.98,648.99,650.16,-0.046565,0.33986,19.716,25.392,-75.373
2219-10-05T13:40:00Z,4.9373,4.8388,4.9788,4.9494,649.71,649.53,649.35,649.89,0.063948,0.33986,19.659,24.71,-75.359
2219-10-05T13:50:00Z,4.9327,4.8322,4.9976,4.9242,650.07,650.43,649.44,649.8,0.058343,0.33986,19.643,25.023,-76.452
2219-10-05T14:00:00Z,4.9954,4.8394,4.9583,4.9908,649.8,649.44,649.53,650.07,-0.064338,0.33986,19.774,25.274,-77.05
2219-10-05T14:10:00Z,4.9498,4.8453,4.972,4.9494,650.97,648.9,649.44,649.35,0.016129,0.33326,19.757,25.369,-76.217
2219-10-05T14:20:00Z,4.9868,4.8373,4.9628,4.9684,651.06,649.35,649.89,650.43,0.063565,0.33326,19.726,26.039,-77.318
2219-10-05T14:30:00Z,4.9517,4.8405,4.909,4.972,649.98,649.17,649.44,649.17,-0.023714,0.33326,19.912,26.752,-77.516
2219-10-05T14:40:00Z,4.9459,4.8111,4.9679,4.9539,649.62,649.98,649.98,650.16,-0.06445,0.33326,19.772,26.679,-78.149
2219-10-05T14:50:00Z,4.9528,4.8263,4.9594,4.9722,649.8,649.53,649.89,649.44,-0.075774,0.33326,19.719,26.224,-78.219
2219-10-05T15:00:00Z,4.9727,4.8536,4.9955,4.9569,649.8,649.8,650.7,649.62,-0.028164,0.33326,19.703,25.758,-78.206
2219-10-05T15:10:00Z,4.9521,4.8408,4.9776,4.978,650.25,650.34,650.7,649.71,-0.0032996,0.30203,19.659,25.268,-79.092
2219-10-05T15:20:00Z,5.0076,4.8567,4.9384,4.9583,650.61,650.43,649.26,649.35,0.049144,0.30203,19.761,25.362,-78.302
2219-10-05T15:30:00Z,4.9527,4.8272,4.9516,4.9948,650.25,650.61,650.16,649.98,0.012357,0.30203,19.707,25.202,-77.623
2219-10-05T15:40:00Z,4.9571,4.8315,4.9856,4.9857,649.8,650.79,649.08,650.07,-0.10528,0.30203,19.898,25.197,-78.477
2219-10-05T15:50:00Z,5.0014,4.8591,4.9846,4.9742,649.26,649.98,649.62,649.71,0.016466,0.30203,19.774,25.664,-78.739
2219-10-05T16:00:00Z,4.9888,4.8832,4.9707,4.9898,649.35,649.8,649.89,649.44,0.032274,0.30203,19.801,26.521,-79.714
2219-10-05T16:10:00Z,4.953,4.8381,4.9531,4.9376,650.7,650.7,649.8,649.44,0.0084792,0.25681,19.672,26.139,-79.415
2219-10-05T16:20:00Z,4.9875,4.8197,5.0023,4.9916,650.34,650.07,649.35,649.35,-0.033857,0.25681,19.813,26.348,-78.36
2219-10-05T16:30:00Z,4.958,4.8481,4.9901,5.0037,649.98,649.62,649.89,650.34,0.039,0.25681,19.79,25.961,-79.208
2219-10-05T16:40:00Z,4.9511,4.8343,4.9869,4.9971,649.98,650.34,649.53,649.71,0.042528,0.25681,19.839,26.279,-78.593
2219-10-05T16:50:00Z,4.9454,4.8327,4.9386,4.9537,649.89,650.16,650.88,649.8,-0.042764,0.25681,19.743,26.159,-79.029
2219-10-05T17:00:00Z,5.0034,4.8214,4.9857,4.9968,649.35,650.34,650.16,649.71,0.033599,0.25681,19.771,25.885,-78.694
2219-10-05T17:10:00Z,4.9582,4.8353,4.9672,5.0163,649.53,650.52,650.16,649.53,-0.066957,0.21441,19.828,25.854,-77.967
2219-10-05T17:20:00Z,4.9844,4.8803,4.9566,4.9695,649.89,649.62,650.25,649.8,-0.051018,0.21441,19.843,24.767,-79.281
2219-10-05T17:30:00Z,4.987,4.8647,4.9515,4.9317,649.8,649.17,649.98,650.61,0.03812,0.21441,19.813,25.319,-78.715
2219-10-05T17:40:00Z,4.9864,4.8228,4.9418,5.0161,650.52,650.88,649.89,649.62,0.077983,0.21441,19.849,24.184,-79.25
2219-10-05T17:50:00Z,5.0086,4.8599,4.9494,4.9809,650.07,649.62,649.53,649.62,-0.001119,0.21441,19.798,24.153,-79.353
2219-10-05T18:00:00Z,5.0111,4.8394,4.9854,4.9795,648.63,649.89,650.34,650.25,0.052728,0.21441,19.732,25.134,-80.248
2219-10-05T18:10:00Z,5.0005,4.8257,5.0211,4.998,650.07,650.7,649.08,649.44,0.017349,0.25175,19.812,24.648,-80.132
2219-10-05T18:20:00Z,4.986,4.8361,4.99,4.9577,650.16,649.98,650.16,650.16,0.067102,0.25175,19.723,24.337,-78.937
2219-10-05T18:30:00Z,4.9744,4.8019,4.9738,5.0124,649.08,649.71,649.26,649.98,0.022151,0.25175,19.846,23.619,-79.575
2219-10-05T18:40:00Z,5.0114,4.8276,4.9822,5.0008,649.35,650.34,649.89,649.26,0.025119,0.25175,19.773,24.273,-78.967
2219-10-05T18:50:00Z,4.9767,4.8483,4.9784,4.9926,649.44,649.89,649.8,649.89,0.0051628,0.25175,19.8,23.998,-79.378
2219-10-05T19:00:00Z,4.9675,4.8006,4.9965,4.9712,649.71,650.34,649.8,650.16,-0.030076,0.25175,19.839,24.061,-79.786
2219-10-05T19:10:00Z,4.9979,4.8648,4.9792,4.9953,650.34,649.71,649.8,649.89,-0.089609,0.23293,19.787,24.069,-78.173
2219-10-05T19:20:00Z,4.9642,4.8725,4.9839,4.9936,649.62,649.44,649.71,649.35,-0.0027915,0.23293,19.872,24.332,-79.47
2219-10-05T19:30:00Z,4.9728,4.8141,4.9958,4.9805,649.44,649.98,649.98,650.16,0.022749,0.23293,19.775,24.519,-79.518
2219-10-05T19:40:00Z,4.9863,4.8305,4.9869,4.9437,649.26,649.8,649.71,650.25,0.062447,0.23293,19.74,25.048,-79.308
2219-10-05T19:50:00Z,4.9968,4.8254,4.9764,4.9728,649.8,650.16,650.61,650.43,0.044271,0.23293,19.798,24.175,-78.476
2219-10-05T20:00:00Z,5.0003,4.8758,5.0074,4.9741,649.71,649.8,649.62,650.34,-0.020449,0.23293,19.827,24.72,-78.718
2219-10-05T20:10:00Z,4.9609,4.8731,4.9571,5.0179,650.25,649.98,649.98,649.62,0.55825,0.23226,20.494,24.848,-77.144
2219-10-05T20:20:00Z,4.9412,4.8369,4.9715,4.9823,649.89,649.98,650.34,650.16,1.2246,0.23226,21.058,24.448,-78.02
2219-10-05T20:30:00Z,4.9925,4.8589,4.9913,4.976,648.99,649.89,649.44,650.52,1.753,0.23226,21.693,25.594,-76.685
2219-10-05T20:40:00Z,5.0411,4.8226,4.9608,4.9827,649.35,649.98,649.44,649.53,2.403,0.23226,22.326,25.31,-76.235
2219-10-05T20:50:00Z,4.9774,4.8399,4.9634,4.9672,649.98,650.16,650.79,650.25,2.9874,0.23226,22.885,25.629,-75.515
2219-10-05T21:00:00Z,4.9826,4.8361,4.9932,4.9686,649.89,649.89,649.53,650.25,3.5725,0.23226,23.587,25.021,-75.842
2219-10-05T21:10:00Z,5.0098,4.9116,4.9553,4.9979,649.62,650.07,650.07,650.07,4.2265,0.24152,24.17,25.062,-73.865
2219-10-05T21:20:00Z,4.9948,4.8239,5.0137,4.9774,650.52,649.98,650.25,649.71,4.8755,0.24152,24.696,26.119,-73.384
2219-10-05T21:30:00Z,4.9749,4.8805,5.0015,4.9688,650.52,650.16,649.98,650.43,5.395,0.24152,25.425,26.159,-71.064
2219-10-05T21:40:00Z,4.963,4.8255,4.9752,4.9551,649.71,649.08,649.89,650.07,6.1446,0.24152,26.076,26.082,-69.622
2219-10-05T21:50:00Z,4.9891,4.8169,4.9986,4.9437,649.53,649.98,650.16,649.62,6.7397,0.24152,26.697,26.953,-68.695
2219-10-05T22:00:00Z,4.9522,4.8496,4.9675,4.9727,649.89,649.08,650.07,649.98,7.312,0.24152,27.219,27.334,-66.796
2219-10-05T22:10:00Z,4.978,4.8546,4.9698,4.9738,649.62,650.07,649.89,650.43,7.9742,0.22948,27.953,26.607,-64.981
2219-10-05T22:20:00Z,4.9515,4.877,4.9996,4.9443,649.8,649.8,650.07,649.98,8.6101,0.22948,28.459,26.862,-62.872
2219-10-05T22:30:00Z,4.9612,4.8563,4.9472,4.9768,650.07,650.07,650.07,650.34,9.1792,0.22948,29.115,26.909,-60.503
2219-10-05T22:40:00Z,4.9455,4.9032,4.9746,4.9504,650.88,650.16,649.62,649.8,9.9892,0.22948,29.893,27.119,-57.61
2219-10-05T22:50:00Z,5.0155,4.8251,4.9707,4.95,649.53,649.53,649.98,650.7,10.453,0.22948,30.319,27.724,-55.853
2219-10-05T23:00:00Z,4.9612,4.8479,4.9585,4.9537,650.07,649.98,650.16,649.89,11.179,0.22948,30.973,27.292,-52.431
2219-10-05T23:10:00Z,4.9666,4.8149,4.9973,4.9444,650.61,650.61,649.44,649.98,11.195,0.19947,30.955,27.107,-49.981
2219-10-05T23:20:00Z,4.9854,4.8297,4.9618,4.9285,649.8,650.43,649.98,650.88,11.251,0.19947,30.977,27.072,-48.213
2219-10-05T23:30:00Z,4.9968,4.8215,4.9563,5.0136,650.43,650.25,649.71,649.8,11.225,0.19947,30.956,27.117,-45.994
2219-10-05T23:40:00Z,4.9476,4.8179,4.9585,4.9367,649.98,650.07,649.98,649.62,11.175,0.19947,31.026,26.607,-44.845
2219-10-05T23:50:00Z,4.9656,4.844,4.9683,4.9447,649.98,649.62,650.07,650.79,11.253,0.19947,30.981,25.925,-42.638
2219-10-06T00:00:00Z,4.9367,4.7987,4.957,4.9477,650.07,649.98,650.52,649.53,11.159,0.19947,30.932,26.888,-40.855
2219-10-06T00:10:00Z,4.947,4.8359,4.9796,4.991,649.71,650.16,650.43,649.8,11.237,0.19349,30.998,25.667,-39.667
2219-10-06T00:20:00Z,4.9671,4.7874,4.928,4.9414,650.16,651.15,650.43,650.61,11.273,0.19349,30.905,26.146,-37.938
2219-10-06T00:30:00Z,4.9624,4.8299,4.9497,4.9768,650.61,650.07,650.61,650.25,11.242,0.19349,30.87,26.456,-37.277
2219-10-06T00:40:00Z,4.9602,4.8312,4.9582,4.9528,649.98,649.98,650.79,650.07,11.338,0.19349,30.945,26.552,-36.126
2219-10-06T00:50:00Z,4.9517,4.8047,4.9484,4.961,649.98,650.43,649.62,650.16,11.254,0.19349,30.867,27.441,-33.883
2219-10-06T01:00:00Z,4.9252,4.7933,4.8996,4.9281,650.52,650.97,650.34,650.79,11.276,0.19349,30.907,27.589,-31.952
2219-10-06T01:10:00Z,4.9561,4.8162,4.9326,4.9437,649.8,650.25,650.79,651.42,11.276,0.20604,30.813,27.586,-30.055
2219-10-06T01:20:00Z,4.9223,4.7712,4.9796,4.9164,650.7,650.52,649.89,649.8,11.225,0.20604,30.888,28.004,-29.37
2219-10-06T01:30:00Z,4.9568,4.8282,4.9478,4.9646,650.16,650.43,650.16,650.43,11.18,0.20604,30.841,27.798,-28.6
2219-10-06T01:40:00Z,4.9507,4.7751,4.9976,4.9431,650.25,650.25,650.16,650.34,11.174,0.20604,30.797,26.837,-27.163
2219-10-06T01:50:00Z,4.9206,4.8087,4.961,4.9297,650.7,650.88,649.53,650.16,11.172,0.20604,30.713,27.231,-25.765
2219-10-06T02:00:00Z,4.8861,4.7696,4.9046,4.9478,650.79,650.7,651.15,649.62,11.193,0.20604,30.707,26.65,-25.216
2219-10-06T02:10:00Z,4.9178,4.7674,4.9403,4.9678,650.25,650.79,650.25,650.43,11.132,0.24429,30.695,26.818,-25.019
2219-10-06T02:20:00Z,4.9299,4.8081,4.9413,4.9318,650.25,650.07,650.25,650.61,11.14,0.24429,30.786,26.027,-23.761
2219-10-06T02:30:00Z,4.9542,4.8009,4.9165,4.9581,650.34,650.88,650.52,650.34,11.124,0.24429,30.52,26.387,-22.669
2219-10-06T02:40:00Z,4.9484,4.8137,4.9148,4.9508,650.16,649.71,650.07,649.71,11.031,0.24429,30.614,27.09,-22.692
2219-10-06T02:50:00Z,4.9566,4.7951,4.9237,4.9051,649.62,649.98,650.88,650.61,11.068,0.24429,30.566,26.562,-22.204
2219-10-06T03:00:00Z,4.9343,4.7884,4.8938,4.9255,649.98,649.98,650.34,651.33,11.122,0.24429,30.641,25.588,-20.759
2219-10-06T03:10:00Z,4.9117,4.7802,4.9114,4.9111,650.88,649.98,649.98,651.42,11,0.25996,30.513,26.513,-20.154
2219-10-06T03:20:00Z,4.9087,4.7672,4.9299,4.9042,650.52,650.25,650.16,650.43,11.077,0.25996,30.597,27.264,-19.375
2219-10-06T03:30:00Z,4.9093,4.7784,4.9026,4.955,650.79,650.25,650.25,649.62,11.12,0.25996,30.645,26.934,-19.521
2219-10-06T03:40:00Z,4.9015,4.7672,4.9407,4.9126,650.61,650.16,649.62,650.61,11.003,0.25996,30.621,26.992,-17.858
2219-10-06T03:50:00Z,4.933,4.7836,4.9148,4.9529,650.25,651.24,649.98,649.89,11.012,0.25996,30.56,27.884,-17.735
2219-10-06T04:00:00Z,4.9332,4.813,4.9544,4.9736,649.8,649.89,650.61,649.8,10.927,0.25996,30.501,27.004,-16.368
2219-10-06T04:10:00Z,4.9306,4.7542,4.9183,4.9512,649.98,649.8,649.98,650.34,10.827,0.29624,30.469,26.994,-17.117
2219-10-06T04:20:00Z,4.9302,4.7575,4.9003,4.9054,650.16,650.43,649.44,650.43,10.852,0.29624,30.373,27.507,-16.563
2219-10-06T04:30:00Z,4.8799,4.7752,4.9516,4.9035,650.16,649.98,649.26,650.61,10.951,0.29624,30.338,26.84,-14.338
2219-10-06T04:40:00Z,4.9257,4.7615,4.9357,4.8859,650.16,650.25,649.8,650.79,10.784,0.29624,30.343,26.176,-13.494
2219-10-06T04:50:00Z,4.8787,4.7769,4.9225,4.9329,650.43,650.25,649.53,650.16,10.819,0.29624,30.374,26.275,-14.571
2219-10-06T05:00:00Z,4.9014,4.755,4.8915,4.8797,649.62,650.25,649.8,650.16,10.666,0.29624,30.11,26.284,-14.3
2219-10-06T05:10:00Z,4.896,4.7972,4.9053,4.8787,649.8,649.62,649.89,649.98,10.698,0.34401,30.225,26.491,-12.547
2219-10-06T05:20:00Z,4.8775,4.8174,4.877,4.8872,650.34,650.34,649.8,650.16,10.775,0.34401,30.261,25.72,-12.272
2219-10-06T05:30:00Z,4.9107,4.7449,4.8963,4.8716,650.43,651.24,650.79,649.8,10.712,0.34401,30.169,26.051,-12.285
2219-10-06T05:40:00Z,4.8927,4.7647,4.9004,4.8879,649.98,650.16,649.71,650.43,10.759,0.34401,30.164,25.651,-12.19
2219-10-06T05:50:00Z,4.9061,4.7671,4.8942,4.8989,649.89,650.25,649.89,649.89,10.723,0.34401,30.277,25.062,-12.952
2219-10-06T06:00:00Z,4.9151,4.754,4.9068,4.9048,650.79,650.7,650.25,650.16,10.645,0.34401,30.076,25.732,-12.966
2219-10-06T06:10:00Z,4.8759,4.7676,4.8814,4.9326,650.16,650.79,649.8,649.53,10.642,0.38236,30.052,26.235,-13.539
2219-10-06T06:20:00Z,4.8978,4.7911,4.9158,4.8796,650.43,649.71,650.16,650.52,10.563,0.38236,29.924,26.496,-13.06
2219-10-06T06:30:00Z,4.9392,4.7803,4.8955,4.9259,649.53,649.26,650.43,650.52,10.554,0.38236,29.986,25.912,-13.548
2219-10-06T06:40:00Z,4.943,4.7533,4.9112,4.8982,649.62,650.88,650.61,649.62,10.626,0.38236,30.028,25.299,-13.626
2219-10-06T06:50:00Z,4.8782,4.7449,4.897,4.8774,649.98,650.07,649.98,650.16,10.554,0.38236,30.055,25.085,-13.125
2219-10-06T07:00:00Z,4.8713,4.7822,4.8707,4.8975,650.43,650.79,650.61,651.06,10.585,0.38236,29.991,23.573,-12.361
2219-10-06T07:10:00Z,4.9001,4.7706,4.8725,4.9095,649.35,650.52,650.34,649.71,10.587,0.38351,30.123,24.255,-13.231
2219-10-06T07:20:00Z,4.8705,4.7443,4.8854,4.9154,650.61,650.7,650.61,649.71,10.576,0.38351,29.947,23.384,-13.157
2219-10-06T07:30:00Z,4.8757,4.7633,4.9095,4.9271,650.43,649.98,650.25,648.99,10.53,0.38351,30.073,22.737,-12.041
2219-10-06T07:40:00Z,4.893,4.7728,4.892,4.921,650.16,649.98,650.52,650.34,10.614,0.38351,30.099,23.62,-11.366
2219-10-06T07:50:00Z,4.8602,4.7792,4.9186,4.8825,649.71,650.07,649.8,650.25,10.692,0.38351,30.124,23.413,-11.223
2219-10-06T08:00:00Z,4.8781,4.7537,4.8844,4.8906,649.98,650.88,650.61,650.25,10.733,0.38351,30.028,22.052,-11.335
2219-10-06T08:10:00Z,4.8939,4.7507,4.88,4.8591,650.43,650.16,649.62,649.8,10.621,0.38914,30.055,21.571,-10.584
2219-10-06T08:20:00Z,4.8721,4.7497,4.9014,4.9012,650.07,650.16,649.35,649.98,10.636,0.38914,30.074,21.832,-11.032
2219-10-06T08:30:00Z,4.9043,4.768,4.857,4.9006,649.71,650.25,649.98,650.16,10.655,0.38914,30.095,22.457,-10.537
2219-10-06T08:40:00Z,4.8967,4.739,4.8901,4.8611,649.89,650.16,650.52,650.79,10.604,0.38914,29.948,22.977,-10.622
2219-10-06T08:50:00Z,4.8759,4.7694,4.8547,4.8817,650.07,649.44,650.34,650.25,10.611,0.38914,29.949,23.198,-10.615
2219-10-06T09:00:00Z,4.8975,4.7304,4.9026,4.9105,650.7,650.34,650.07,649.44,10.665,0.38914,30.064,22.505,-9.7248
2219-10-06T09:10:00Z,4.8735,4.7435,4.8798,4.8956,650.7,650.16,650.16,649.8,10.609,0.38937,29.984,22.949,-9.822
2219-10-06T09:20:00Z,4.8835,4.7657,4.9346,4.8635,650.61,649.17,650.25,650.07,10.617,0.38937,30.147,23.007,-9.6934
2219-10-06T09:30:00Z,4.8782,4.7825,4.9116,4.8874,649.98,648.9,650.34,650.43,10.607,0.38937,30.092,23.53,-9.675
2219-10-06T09:40:00Z,4.895,4.7554,4.87,4.8871,650.61,649.62,650.25,650.34,10.607,0.38937,29.955,23.636,-10.057
2219-10-06T09:50:00Z,4.8806,4.7614,4.8555,4.8946,650.34,650.61,650.7,650.43,10.645,0.38937,30.032,23.169,-10.536
2219-10-06T10:00:00Z,4.8715,4.7555,4.901,4.8624,650.16,649.89,650.34,649.8,10.56,0.38937,30.024,23.692,-11.208
2219-10-06T10:10:00Z,4.8881,4.7395,4.8834,4.8945,650.34,650.52,649.44,649.89,10.604,0.39307,29.963,23.426,-11.224
2219-10-06T10:20:00Z,4.8564,4.7422,4.9259,4.9093,649.71,650.61,650.16,650.16,10.545,0.39307,29.93,23.048,-10.996
2219-10-06T10:30:00Z,4.8908,4.7636,4.8992,4.8728,650.97,650.07,650.16,649.62,10.552,0.39307,30.028,22.465,-9.8554
2219-10-06T10:40:00Z,4.8881,4.79,4.8817,4.8952,649.53,649.26,649.89,650.34,10.571,0.39307,29.959,23.263,-10.189
2219-10-06T10:50:00Z,4.8952,4.759,4.8647,4.8903,650.43,650.43,650.52,649.71,10.579,0.39307,29.954,22.185,-9.8984
2219-10-06T11:00:00Z,4.8983,4.7645,4.8852,4.8886,650.25,649.89,649.8,649.98,10.568,0.39307,29.968,21.994,-10.059
2219-10-06T11:10:00Z,4.8982,4.7251,4.8734,4.8783,650.25,650.25,649.53,649.53,10.57,0.39226,30.018,21.956,-9.3684
2219-10-06T11:20:00Z,4.8967,4.7753,4.9051,4.8832,649.98,650.07,650.07,649.8,10.576,0.39226,29.93,22.288,-9.7308
2219-10-06T11:30:00Z,4.8762,4.6898,4.8894,4.8797,650.7,650.43,650.43,650.34,9.9802,0.39226,29.29,22.484,-9.3953
2219-10-06T11:40:00Z,4.9058,4.7325,4.8692,4.9373,650.25,650.07,649.89,649.71,9.4402,0.39226,28.569,22.472,-10.223
2219-10-06T11:50:00Z,4.8891,4.7618,4.8849,4.901,650.16,650.52,649.53,650.16,8.7893,0.39226,28.109,22.562,-10.161
2219-10-06T12:00:00Z,4.9052,4.7332,4.8839,4.8864,649.98,650.52,649.8,649.8,8.2683,0.39226,27.567,22.211,-10.971
2219-10-06T12:10:00Z,4.8756,4.7504,4.8744,4.8744,649.89,649.71,649.44,649.8,7.6538,0.44567,26.896,23.296,-11.567
2219-10-06T12:20:00Z,4.8569,4.7511,4.8892,4.9137,650.16,649.44,650.16,648.81,7.0931,0.44567,26.317,23.064,-13.733
2219-10-06T12:30:00Z,4.91,4.7467,4.8854,4.9205,649.89,650.25,649.71,650.52,6.4385,0.44567,25.621,22.7,-14.509
2219-10-06T12:40:00Z,4.8679,4.7374,4.9052,4.9407,650.25,650.61,649.44,649.8,5.8959,0.44567,25.061,21.617,-14.492
2219-10-06T12:50:00Z,4.8662,4.7724,4.8907,4.8658,649.26,649.71,650.43,649.8,5.2672,0.44567,24.569,22.294,-15.815
2219-10-06T13:00:00Z,4.8846,4.7425,4.8845,4.8575,649.62,649.8,649.89,649.8,4.7155,0.44567,24.056,22.404,-17.658
2219-10-06T13:10:00Z,4.8975,4.7431,4.9108,4.906,649.08,649.98,649.62,650.34,4.1345,0.41799,23.445,22.124,-20.207
2219-10-06T13:20:00Z,4.9113,4.775,4.8598,4.8816,649.62,649.08,650.07,649.98,3.6217,0.41799,22.785,22.404,-20.97
2219-10-06T13:30:00Z,4.8726,4.7454,4.8753,4.8494,650.07,649.98,650.16,650.97,2.9893,0.41799,22.291,22.383,-22.5
2219-10-06T13:40:00Z,4.8617,4.7612,4.8775,4.8962,650.25,649.98,649.62,649.44,2.4376,0.41799,21.733,22.922,-25.065
2219-10-06T13:50:00Z,4.8897,4.7582,4.91,4.9468,649.17,649.17,649.62,649.08,1.8526,0.41799,21.004,22.892,-26.854
2219-10-06T14:00:00Z,4.8921,4.7567,4.8833,4.9175,649.89,650.79,650.16,649.62,1.1953,0.41799,20.49,23.225,-29.586
2219-10-06T14:10:00Z,4.8896,4.7363,4.8965,4.9142,650.52,649.98,650.16,650.07,0.64151,0.43025,19.896,23.79,-30.623
2219-10-06T14:20:00Z,4.8841,4.7298,4.8628,4.8427,649.53,651.06,650.25,650.34,0.064219,0.43025,19.363,23.019,-34.232
2219-10-06T14:30:00Z,4.9,4.7687,4.8826,4.9009,649.26,649.8,649.71,650.16,-0.047565,0.43025,19.472,23.005,-37.126
2219-10-06T14:40:00Z,4.8869,4.7741,4.8719,4.9037,650.34,648.9,649.35,649.62,-0.07879,0.43025,19.451,22.892,-38.628
2219-10-06T14:50:00Z,4.8756,4.7921,4.9348,4.8537,650.16,649.89,649.44,650.34,0.036318,0.43025,19.539,22.024,-40.131
2219-10-06T15:00:00Z,4.8678,4.7759,4.8951,4.8933,650.16,650.25,649.53,650.79,0.0070388,0.43025,19.405,22.215,-42.102
2219-10-06T15:10:00Z,4.8952,4.7485,4.9253,4.8917,649.98,649.89,649.44,649.89,-0.054595,0.4171,19.455,22.587,-43.196
2219-10-06T15:20:00Z,4.8898,4.7809,4.8781,4.9026,648.9,649.98,650.61,649.71,-0.00032506,0.4171,19.405,21.712,-44.828
2219-10-06T15:30:00Z,4.8978,4.7715,4.902,4.9515,650.43,649.44,649.71,649.08,-0.079012,0.4171,19.579,21.933,-47.007
2219-10-06T15:40:00Z,4.8937,4.7619,4.8988,4.8793,649.17,650.43,649.8,649.17,-0.024844,0.4171,19.435,22.441,-47.935
2219-10-06T15:50:00Z,4.9023,4.7379,4.906,4.9129,649.71,650.34,649.62,649.35,-0.0055461,0.4171,19.549,22.983,-49.412
2219-10-06T16:00:00Z,4.9414,4.7574,4.941,4.8999,649.8,649.62,649.17,649.8,-0.021949,0.4171,19.514,22.88,-50.422
2219-10-06T16:10:00Z,4.8934,4.7608,4.9345,4.9075,649.8,649.53,649.71,649.8,0.0089705,0.38612,19.566,23.58,-51.751
2219-10-06T16:20:00Z,4.9316,4.7972,4.9274,4.9433,649.89,649.26,650.52,649.89,-0.087413,0.38612,19.594,23.923,-53.623
2219-10-06T16:30:00Z,4.8959,4.7999,4.9061,4.8979,650.88,649.71,648.9,649.17,-0.035294,0.38612,19.555,23.203,-54.783
2219-10-06T16:40:00Z,4.9043,4.7721,4.9328,4.9103,650.07,649.35,648.99,649.8,-0.074418,0.38612,19.511,23.898,-55.476
2219-10-06T16:50:00Z,4.9467,4.8096,4.9225,4.9457,649.35,650.07,649.89,650.16,-0.041364,0.38612,19.465,24.213,-57.548
2219-10-06T17:00:00Z,4.9138,4.7623,4.9241,4.9279,650.07,650.43,650.34,648.99,-0.034284,0.38612,19.562,24.48,-58.705
2219-10-06T17:10:00Z,4.9237,4.796,4.9626,4.9132,649.89,649.53,649.44,649.17,0.056459,0.38775,19.558,25.048,-59.962
2219-10-06T17:20:00Z,4.917,4.7889,4.9545,4.9455,649.62,649.44,650.07,650.25,-0.032315,0.38775,19.537,24.904,-60.735
2219-10-06T17:30:00Z,4.9182,4.7712,4.9281,4.9523,650.07,649.98,650.34,649.8,-0.0011067,0.38775,19.594,24.914,-60.289
2219-10-06T17:40:00Z,4.9384,4.8023,4.9368,4.9659,649.71,649.98,649.35,649.08,-0.069341,0.38775,19.613,24.671,-61.762
2219-10-06T17:50:00Z,4.9316,4.8405,4.9527,4.9065,649.71,649.26,650.16,649.35,-0.014607,0.38775,19.567,24.942,-62.565
2219-10-06T18:00:00Z,4.9378,4.8082,4.9072,4.9198,649.62,649.44,649.89,649.26,0.025536,0.38775,19.665,24.894,-63.619
2219-10-06T18:10:00Z,4.917,4.8001,4.9435,4.9693,650.52,649.44,649.53,649.53,0.03899,0.40729,19.676,26.092,-65.219
2219-10-06T18:20:00Z,4.9746,4.8162,4.9322,4.9087,649.17,649.17,649.71,651.06,-0.039095,0.40729,19.613,25.578,-65.893
2219-10-06T18:30:00Z,4.9315,4.8044,4.9443,4.9373,650.07,649.62,649.62,649.89,0.012839,0.40729,19.637,25.844,-67.555
2219-10-06T18:40:00Z,4.9313,4.7935,5.0065,4.9292,649.44,649.35,649.98,650.34,-0.0072279,0.40729,19.594,25.962,-67.68
2219-10-06T18:50:00Z,4.9383,4.8093,4.9544,4.9107,649.62,650.07,648.99,649.53,0.022523,0.40729,19.535,24.478,-68.24
2219-10-06T19:00:00Z,4.9162,4.7847,4.9656,4.9324,649.98,650.16,649.26,649.53,0.045409,0.40729,19.616,24.103,-68.343
2219-10-06T19:10:00Z,4.9704,4.8077,4.9721,4.9029,650.61,649.89,649.53,650.34,-0.032242,0.38234,19.699,24.121,-68.55
2219-10-06T19:20:00Z,4.9279,4.8005,4.9225,4.9327,649.98,649.89,650.61,649.98,0.0012372,0.38234,19.614,24.232,-69.776
2219-10-06T19:30:00Z,4.9596,4.8307,4.9764,4.9239,650.34,649.8,649.08,649.62,-0.018181,0.38234,19.636,24.048,-69.68
2219-10-06T19:40:00Z,4.9442,4.845,4.936,4.9663,649.98,649.53,649.62,649.8,0.0008051,0.38234,19.596,24.826,-69.955
2219-10-06T19:50:00Z,4.9501,4.8095,4.915,4.9618,650.43,650.25,649.98,649.08,-0.054153,0.38234,19.653,24.409,-70.415
2219-10-06T20:00:00Z,4.9455,4.8236,4.9475,4.9329,650.07,649.71,649.98,649.62,-0.027314,0.38234,19.71,24.238,-70.819
2219-10-06T20:10:00Z,4.9516,4.8591,4.9549,4.9387,650.07,649.26,649.71,649.17,-0.023181,0.35702,19.672,24.519,-70.82
2219-10-06T20:20:00Z,4.9673,4.8435,4.9597,4.9298,649.26,649.35,649.17,649.89,0.057613,0.35702,19.707,24.567,-71.749
2219-10-06T20:30:00Z,4.9709,4.7713,4.972,4.9691,650.79,649.8,649.8,649.08,0.032066,0.35702,19.68,24.717,-72.012
2219-10-06T20:40:00Z,4.9551,4.7977,4.8893,4.9898,649.26,650.07,650.07,649.62,0.00067528,0.35702,19.672,24.938,-71.997
2219-10-06T20:50:00Z,4.9379,4.8116,4.9349,4.9401,650.52,649.98,649.98,650.16,0.039712,0.35702,19.64,25.278,-73.956
2219-10-06T21:00:00Z,4.9563,4.8178,4.9788,4.9491,650.16,649.44,649.17,649.53,0.031643,0.35702,19.711,25.581,-73.587
2219-10-06T21:10:00Z,4.9467,4.8584,4.9274,4.9713,649.71,649.35,649.8,649.62,0.022146,0.37097,19.8,25.86,-74.295
2219-10-06T21:20:00Z,4.9746,4.8515,4.9487,4.9563,650.25,649.35,648.9,648.99,0.024657,0.37097,19.723,26.722,-74.414
2219-10-06T21:30:00Z,4.9781,4.8292,4.9357,4.9364,650.25,650.34,650.16,650.25,-0.026308,0.37097,19.537,26.449,-74.47
2219-10-06T21:40:00Z,4.984,4.7921,4.9668,4.9523,650.16,650.25,649.98,649.89,0.092056,0.37097,19.738,26.525,-75.063
2219-10-06T21:50:00Z,5.0012,4.8323,4.9588,4.99,649.44,650.43,648.9,649.98,-0.03118,0.37097,19.67,26.171,-73.931
2219-10-06T22:00:00Z,4.9194,4.8572,4.942,4.951,649.8,649.71,649.98,650.52,0.036796,0.37097,19.764,26.315,-73.896
2219-10-06T22:10:00Z,4.944,4.8303,4.9542,4.998,649.98,649.98,650.34,649.44,0.015044,0.41204,19.714,26.213,-74.745
2219-10-06T22:20:00Z,4.9762,4.8123,4.9366,4.9797,649.44,650.61,649.71,651.15,0.060714,0.41204,19.694,25.868,-75.737
2219-10-06T22:30:00Z,4.9762,4.8254,4.9738,4.9376,649.62,649.44,649.71,649.8,-0.015325,0.41204,19.774,25.987,-75.136
2219-10-06T22:40:00Z,4.9697,4.8404,4.9405,5.0127,650.25,650.25,650.43,649.62,-0.065674,0.41204,19.708,27.587,-75.203
2219-10-06T22:50:00Z,4.9842,4.8705,4.9731,4.9967,650.79,649.89,650.07,649.53,-0.072136,0.41204,19.752,27.561,-76.062
2219-10-06T23:00:00Z,4.9621,4.8415,4.937,4.957,649.98,650.25,650.07,649.8,-0.020789,0.41204,19.682,27.414,-75.733
2219-10-06T23:10:00Z,4.9441,4.8539,4.9887,4.9985,650.34,650.07,649.62,649.8,0.0065595,0.45648,19.747,26.88,-76.516
2219-10-06T23:20:00Z,4.9704,4.8489,4.9407,4.9846,648.99,649.17,650.07,650.07,-0.027116,0.45648,19.692,26.954,-75.954
2219-10-06T23:30:00Z,4.9579,4.8422,4.9722,4.9528,650.34,649.71,649.71,650.52,-0.0024628,0.45648,19.753,26.111,-75.719
2219-10-06T23:40:00Z,4.9068,4.8075,4.9793,4.9872,650.25,649.53,649.98,650.16,0.0055992,0.45648,19.729,26.207,-76.891
2219-10-06T23:50:00Z,4.9343,4.8197,4.9568,4.9784,649.8,650.16,650.16,650.34,-0.00037552,0.45648,19.67,25.709,-77.849
2219-10-07T00:00:00Z,4.9722,4.7984,4.9832,4.9651,650.16,649.89,648.99,650.34,-0.00056443,0.45648,19.732,25.478,-77.721
2219-10-07T00:10:00Z,4.9609,4.8309,4.9856,4.9653,649.44,649.71,650.25,649.8,0.00065602,0.48425,19.734,25.231,-78.531
2219-10-07T00:20:00Z,4.9596,4.8245,4.9655,4.9798,649.26,649.71,649.8,649.89,-0.028804,0.48425,19.631,24.645,-79.078
2219-10-07T00:30:00Z,4.9634,4.8579,5.0309,4.9613,649.89,649.98,649.62,649.98,-0.020213,0.48425,19.726,24.641,-79.881
2219-10-07T00:40:00Z,4.9344,4.8738,4.996,4.9764,649.08,649.35,650.07,649.89,-0.059131,0.48425,19.692,24.627,-79.697
2219-10-07T00:50:00Z,4.9433,4.8463,4.9929,5.0023,651.06,649.53,649.62,649.71,0.037817,0.48425,19.831,23.761,-79.083
2219-10-07T01:00:00Z,4.9715,4.8572,4.966,4.9652,649.89,649.62,650.07,649.98,-0.012367,0.48425,19.696,23.693,-80.9
2219-10-07T01:10:00Z,4.9763,4.8138,4.9704,4.949,649.89,649.89,649.8,649.71,-0.039245,0.52113,19.771,23.443,-80.353
2219-10-07T01:20:00Z,4.9605,4.834,5.0077,4.9733,650.07,649.89,649.44,649.53,0.016083,0.52113,19.771,23.595,-80.512
2219-10-07T01:30:00Z,5.0284,4.8234,4.9827,5.0118,649.53,650.07,649.71,650.16,-0.030996,0.52113,19.795,23.735,-81.225
2219-10-07T01:40:00Z,4.9874,4.8226,4.9491,4.9628,649.89,649.53,649.98,650.52,-0.0080991,0.52113,19.813,24.479,-80.197
2219-10-07T01:50:00Z,5.0075,4.8742,4.9789,4.9352,650.52,649.8,650.25,650.34,-0.019531,0.52113,19.781,24.97,-79.614
2219-10-07T02:00:00Z,4.9566,4.8639,4.9712,4.9585,650.25,649.71,649.98,650.79,-0.013554,0.52113,19.83,24.616,-80.648
2219-10-07T02:10:00Z,5.0225,4.8111,4.9813,5.025,649.17,649.62,650.16,648.99,-0.045524,0.5086,19.829,23.94,-79.427
2219-10-07T02:20:00Z,5.0057,4.847,4.9547,4.9746,649.53,649.89,649.98,650.16,0.046667,0.5086,19.845,24.336,-79.807
2219-10-07T02:30:00Z,4.9466,4.8379,4.963,4.9959,649.89,650.07,650.34,650.07,-0.0096265,0.5086,19.742,24.053,-80.209
2219-10-07T02:40:00Z,4.9748,4.8488,4.9585,4.9879,650.07,650.16,649.98,650.25,0.070193,0.5086,19.843,23.598,-79.928
2219-10-07T02:50:00Z,4.9725,4.863,4.9913,4.9812,649.8,650.52,649.71,650.16,0.48393,0.5086,20.436,23.509,-80.077
2219-10-07T03:00:00Z,4.9688,4.8358,4.9678,4.9914,649.8,650.07,649.44,650.25,1.0667,0.5086,21.031,22.894,-81.193
2219-10-07T03:10:00Z,4.979,4.8852,4.968,4.9746,649.08,650.52,649.71,649.8,1.6532,0.4904,21.641,23.589,-80.594
2219-10-07T03:20:00Z,4.9969,4.8476,5.0109,4.962,650.34,650.16,650.61,650.52,2.237,0.4904,22.195,22.866,-79.743
2219-10-07T03:30:00Z,5.0098,4.8626,4.9869,4.9569,650.25,649.08,650.25,649.98,2.7927,0.4904,22.647,21.826,-79.391
2219-10-07T03:40:00Z,4.967,4.8782,4.9845,4.9928,649.8,649.71,650.61,649.89,3.3389,0.4904,23.297,22.397,-78.83
2219-10-07T03:50:00Z,4.9829,4.8684,4.9824,4.9548,649.35,649.71,650.61,650.7,3.9029,0.4904,23.77,21.575,-79.187
2219-10-07T04:00:00Z,4.9676,4.8202,5.0305,4.9805,650.88,649.89,649.62,649.89,4.4968,0.4904,24.336,21.377,-77.591
2219-10-07T04:10:00Z,4.9713,4.867,4.9879,4.9739,649.53,649.89,649.44,649.89,5.0425,0.51067,25.114,21.427,-76.755
2219-10-07T04:20:00Z,4.987,4.9243,4.9542,4.9554,649.53,649.44,650.16,650.79,5.64,0.51067,25.495,21.34,-75.689
2219-10-07T04:30:00Z,4.9799,4.8143,4.9946,4.9999,649.08,650.16,650.34,650.61,6.1532,0.51067,26.074,21.56,-74.253
2219-10-07T04:40:00Z,4.9893,4.8429,4.9836,5.0036,649.44,649.71,649.08,649.89,6.6937,0.51067,26.561,21.613,-73.015
2219-10-07T04:50:00Z,4.9616,4.8297,4.9506,4.9814,649.8,649.62,650.43,650.25,7.3631,0.51067,27.139,21.406,-69.389
2219-10-07T05:00:00Z,5.0205,4.8315,4.9871,4.9797,649.44,649.44,650.88,649.71,7.8001,0.51067,27.761,20.585,-67.91
2219-10-07T05:10:00Z,4.978,4.8516,4.9706,4.9872,649.62,650.16,649.98,649.62,8.4367,0.51805,28.27,21.092,-66.064
2219-10-07T05:20:00Z,4.9635,4.8314,4.9849,4.969,650.7,649.53,649.44,650.7,9.0083,0.51805,28.943,22.673,-64.699
2219-10-07T05:30:00Z,4.9792,4.853,4.981,4.9897,649.53,650.25,650.7,649.71,9.6257,0.51805,29.556,22.036,-61.959
2219-10-07T05:40:00Z,4.985,4.8131,4.9723,5.0119,649.89,650.52,650.07,649.44,10.172,0.51805,29.942,22.275,-59.721
2219-10-07T05:50:00Z,4.9442,4.8483,4.9428,4.9653,650.7,649.8,650.61,649.8,10.226,0.51805,29.918,22.967,-57.493
2219-10-07T06:00:00Z,4.9749,4.8454,5.0025,4.9365,649.8,649.98,650.16,650.07,10.045,0.51805,29.965,24.739,-57.018
2219-10-07T06:10:00Z,4.9955,4.8403,4.9928,4.9707,649.89,649.62,650.43,650.34,10.212,0.4997,29.902,24.126,-55.477
2219-10-07T06:20:00Z,5.014,4.829,4.9891,4.9535,649.89,651.06,649.8,650.16,10.252,0.4997,29.989,23.488,-52.958
2219-10-07T06:30:00Z,4.9525,4.8316,4.9911,4.9674,649.89,650.34,650.61,649.89,10.218,0.4997,30.046,22.308,-51.397
2219-10-07T06:40:00Z,4.9606,4.8102,4.9973,4.9552,650.97,650.25,650.16,650.34,10.266,0.4997,29.97,22.513,-49.171
2219-10-07T06:50:00Z,4.9545,4.8375,4.9596,5.0031,650.52,649.44,650.61,649.17,10.283,0.4997,29.889,22.642,-45.74
2219-10-07T07:00:00Z,4.948,4.7983,4.9704,4.9492,650.43,650.43,649.89,650.79,10.267,0.4997,29.907,21.729,-45.301
2219-10-07T07:10:00Z,4.962,4.7966,4.9388,4.9854,650.88,650.07,649.98,649.8,10.2,0.48444,29.948,22.301,-44.671
2219-10-07T07:20:00Z,4.9775,4.8213,4.9578,4.9623,649.71,649.98,649.8,649.89,10.33,0.48444,30.069,22.47,-43.124
2219-10-07T07:30:00Z,4.9825,4.8478,4.9479,4.974,649.89,650.52,650.7,650.43,10.218,0.48444,29.858,23.018,-42.895
2219-10-07T07:40:00Z,4.9702,4.8338,5.0002,4.9235,650.61,649.8,649.98,649.89,10.279,0.48444,30.046,24.453,-42.069
2219-10-07T07:50:00Z,4.933,4.8638,4.9833,4.9062,650.52,649.98,650.16,651.33,10.316,0.48444,29.912,24.291,-40.367
2219-10-07T08:00:00Z,4.9775,4.8399,4.9477,4.9626,649.98,649.53,650.07,649.89,10.288,0.48444,29.863,24.175,-40.746
2219-10-07T08:10:00Z,4.9713,4.7958,4.9654,4.9826,649.62,649.98,650.34,650.52,10.297,0.48636,30.001,24.357,-38.555
2219-10-07T08:20:00Z,4.9541,4.8071,4.9209,4.9823,650.07,650.34,650.88,650.97,10.282,0.48636,29.843,24.279,-37.777
2219-10-07T08:30:00Z,4.9366,4.8225,4.9586,4.9236,649.98,650.25,649.53,649.89,10.315,0.48636,29.984,24.299,-36.72
2219-10-07T08:40:00Z,4.9315,4.8079,4.9919,4.9572,649.98,650.88,650.07,649.98,10.255,0.48636,29.904,24.001,-36.854
2219-10-07T08:50:00Z,4.9434,4.7842,4.9284,4.9432,649.8,650.61,650.34,651.33,10.258,0.48636,29.964,22.835,-35.635
2219-10-07T09:00:00Z,4.9487,4.8322,4.9658,4.9211,650.25,650.07,649.98,650.7,10.367,0.48636,29.942,23.432,-33.998
2219-10-07T09:10:00Z,4.932,4.8054,4.916,4.938,650.79,650.79,650.43,649.98,10.361,0.4758,29.912,23.673,-33.053
2219-10-07T09:20:00Z,4.974,4.8065,4.9176,4.943,649.71,649.98,651.24,650.34,10.372,0.4758,30.019,22.721,-32.782
2219-10-07T09:30:00Z,4.9127,4.781,4.9249,4.9752,650.52,649.98,650.43,650.07,10.361,0.4758,29.952,23.58,-32.103
2219-10-07T09:40:00Z,4.9601,4.7947,4.9261,4.9243,649.98,650.79,649.89,649.71,10.423,0.4758,29.96,23.903,-32.065
2219-10-07T09:50:00Z,4.9269,4.8133,4.9409,4.8999,650.61,649.8,650.7,649.8,10.429,0.4758,29.928,24.182,-31.201
2219-10-07T10:00:00Z,4.9167,4.807,4.8926,4.9629,649.62,650.79,650.43,649.89,10.342,0.4758,29.978,23.896,-29.709
2219-10-07T10:10:00Z,4.898,4.801,4.942,4.9987,650.61,649.89,650.34,650.16,10.431,0.44892,29.932,24.643,-29.21
2219-10-07T10:20:00Z,4.9381,4.7884,4.9435,4.9427,649.98,650.07,649.89,650.43,10.395,0.44892,29.96,25.156,-27.183
2219-10-07T10:30:00Z,4.9552,4.7775,4.9877,4.9511,650.25,650.97,649.53,650.61,10.33,0.44892,30.014,25.5,-27.035
2219-10-07T10:40:00Z,4.9309,4.8192,4.9296,4.941,650.52,649.89,650.25,649.44,10.39,0.44892,29.904,26.076,-25.633
2219-10-07T10:50:00Z,4.9419,4.7971,4.9268,4.9354,650.07,650.34,649.71,650.43,10.333,0.44892,29.887,25.36,-25.861
2219-10-07T11:00:00Z,4.9067,4.8172,4.9486,4.9175,650.97,649.53,650.07,650.52,10.397,0.44892,29.93,24.809,-25.788
2219-10-07T11:10:00Z,4.926,4.7857,4.8903,4.9462,649.62,649.35,651.33,650.52,10.317,0.45025,30.012,25.003,-25.616
2219-10-07T11:20:00Z,4.9325,4.8055,4.9192,4.9065,650.16,651.06,650.43,651.15,10.346,0.45025,29.914,24.308,-24.453
2219-10-07T11:30:00Z,4.9252,4.82,4.9173,4.9647,650.25,650.34,649.71,650.07,10.325,0.45025,29.873,23.139,-25.946
2219-10-07T11:40:00Z,4.9564,4.8112,4.9239,4.9189,649.71,649.8,649.98,650.43,10.366,0.45025,29.951,23.905,-25.164
2219-10-07T11:50:00Z,4.9222,4.7897,4.9002,4.8915,650.7,650.07,649.89,650.25,10.375,0.45025,29.869,24.384,-24.37
2219-10-07T12:00:00Z,4.9155,4.7746,4.9047,4.9279,650.43,649.8,650.43,650.52,10.223,0.45025,29.897,24.27,-24.282
2219-10-07T12:10:00Z,4.9083,4.8076,4.9067,4.9091,650.25,649.26,650.52,649.89,10.347,0.46833,29.807,24.865,-23.771
2219-10-07T12:20:00Z,4.9187,4.8101,4.9569,4.9017,650.61,649.26,650.07,649.35,10.339,0.46833,29.841,25.161,-23.327
2219-10-07T12:30:00Z,4.9092,4.8032,4.9069,4.923,650.7,649.71,650.34,649.62,10.379,0.46833,29.853,25.774,-23.807
2219-10-07T12:40:00Z,4.9278,4.7726,4.9296,4.9229,649.71,650.34,649.89,650.52,10.385,0.46833,29.87,25.309,-23.574
2219-10-07T12:50:00Z,4.9058,4.7606,4.8898,4.9099,649.89,649.71,650.52,650.07,10.403,0.46833,29.912,25.051,-24.104
2219-10-07T13:00:00Z,4.9155,4.7823,4.9048,4.9005,650.52,650.16,650.34,651.15,10.368,0.46833,29.925,24.49,-23.464
2219-10-07T13:10:00Z,4.8895,4.7973,4.9356,4.919,651.06,650.16,650.07,650.61,10.514,0.43215,29.898,24.062,-24.302
2219-10-07T13:20:00Z,4.9179,4.7898,4.9204,4.9096,650.34,649.8,650.34,650.79,10.518,0.43215,29.987,24.149,-23.828
2219-10-07T13:30:00Z,4.9064,4.793,4.9359,4.9217,649.35,650.61,650.16,650.25,10.522,0.43215,30.016,23.699,-24.026
2219-10-07T13:40:00Z,4.8851,4.7884,4.9234,4.8969,650.16,649.98,649.35,649.26,10.508,0.43215,30.015,23.426,-24.651
2219-10-07T13:50:00Z,4.9059,4.7924,4.8878,4.9753,649.44,650.61,650.79,648.72,10.487,0.43215,29.99,24.397,-25.312
2219-10-07T14:00:00Z,4.9238,4.7622,4.8939,4.9025,649.44,650.16,650.97,650.52,10.493,0.43215,30.011,24.542,-25.429
2219-10-07T14:10:00Z,4.9373,4.7516,4.9017,4.8794,649.62,649.35,649.71,650.97,10.525,0.42449,30.02,25.198,-24.176
2219-10-07T14:20:00Z,4.9013,4.7616,4.889,4.8821,650.34,649.98,649.35,650.25,10.466,0.42449,29.973,24.577,-23.925
2219-10-07T14:30:00Z,4.8907,4.7785,4.9084,4.9186,649.89,649.89,650.61,649.89,10.462,0.42449,29.931,24.825,-24.486
2219-10-07T14:40:00Z,4.8571,4.786,4.9209,4.8959,649.98,650.25,650.25,650.61,10.552,0.42449,30.091,24.209,-24.107
2219-10-07T14:50:00Z,4.8886,4.7675,4.8913,4.9186,650.25,650.25,649.8,650.25,10.441,0.42449,30.035,23.543,-24.057
2219-10-07T15:00:00Z,4.8633,4.8039,4.9128,4.9025,650.61,649.98,650.43,649.98,10.538,0.42449,29.946,23.405,-23.628
2219-10-07T15:10:00Z,4.9068,4.7459,4.9275,4.8947,649.98,650.88,649.17,649.53,10.443,0.42252,29.972,24.556,-24.884
2219-10-07T15:20:00Z,4.902,4.75,4.8873,4.8683,649.53,649.17,650.43,649.53,10.499,0.42252,29.968,24.646,-24.043
2219-10-07T15:30:00Z,4.933,4.7336,4.9098,4.9241,649.62,650.34,649.71,650.16,10.482,0.42252,29.936,24.482,-24.361
2219-10-07T15:40:00Z,4.912,4.7707,4.9113,4.9129,649.71,650.34,650.52,649.89,10.451,0.42252,29.927,25.029,-24.369
2219-10-07T15:50:00Z,4.8761,4.7436,4.8873,4.8827,650.34,651.42,650.79,649.53,10.454,0.42252,29.94,24.192,-23.545
2219-10-07T16:00:00Z,4.9108,4.7916,4.8603,4.9164,649.8,649.53,650.34,649.8,10.526,0.42252,29.964,24.574,-22.704
2219-10-07T16:10:00Z,4.9298,4.7699,4.8912,4.9041,650.61,649.08,649.89,650.25,10.496,0.40397,29.983,25.814,-23.319
2219-10-07T16:20:00Z,4.8954,4.7854,4.8867,4.9469,650.07,649.89,649.8,649.62,10.595,0.40397,30.02,25.332,-23.28
2219-10-07T16:30:00Z,4.9003,4.7957,4.9032,4.9001,649.98,650.07,649.98,650.16,10.488,0.40397,29.944,25.529,-23.265
2219-10-07T16:40:00Z,4.9139,4.77,4.8859,4.8754,649.98,650.79,649.71,650.07,10.558,0.40397,29.944,25.051,-22.487
2219-10-07T16:50:00Z,4.9067,4.7748,4.9114,4.8895,650.25,650.34,649.8,649.17,10.708,0.40397,30.081,23.683,-23.292
2219-10-07T17:00:00Z,4.8798,4.7462,4.8883,4.9008,649.35,650.61,650.43,649.89,10.545,0.40397,30.113,24.145,-23.17
2219-10-07T17:10:00Z,4.9028,4.7616,4.9161,4.907,649.35,649.71,650.52,649.71,10.629,0.37784,30.108,24.568,-23.168
2219-10-07T17:20:00Z,4.9132,4.7631,4.9275,4.8504,649.62,650.34,650.52,650.34,10.622,0.37784,30.1,24.017,-23.886
2219-10-07T17:30:00Z,4.8867,4.7649,4.8482,4.8842,650.43,650.61,650.16,649.8,10.574,0.37784,30.077,23.277,-23.419
2219-10-07T17:40:00Z,4.92,4.7423,4.897,4.8942,650.16,649.44,650.43,649.98,10.505,0.37784,30.027,23.317,-22.978
2219-10-07T17:50:00Z,4.8937,4.7658,4.9152,4.8878,650.7,650.16,650.25,650.34,10.6,0.37784,30.019,22.873,-24.726
2219-10-07T18:00:00Z,4.91,4.7664,4.9321,4.932,650.52,651.06,649.89,650.16,10.509,0.37784,29.913,23.079,-24.116
2219-10-07T18:10:00Z,4.9252,4.7516,4.8865,4.9125,650.25,650.34,650.25,649.89,10.009,0.40242,29.306,23.368,-24.345
2219-10-07T18:20:00Z,4.8859,4.7835,4.9095,4.9156,650.34,650.07,650.34,650.43,9.4652,0.40242,28.781,23.04,-24.169
2219-10-07T18:30:00Z,4.907,4.7938,4.877,4.8827,649.26,650.07,650.61,649.89,8.779,0.40242,28.334,23.413,-24.693
2219-10-07T18:40:00Z,4.9211,4.7904,4.8898,4.9343,649.35,650.07,650.61,649.89,8.3291,0.40242,27.683,23.119,-25.856
2219-10-07T18:50:00Z,4.9085,4.7723,4.9023,4.9109,649.17,650.34,649.08,650.34,7.7364,0.40242,27.138,23.014,-27.592
2219-10-07T19:00:00Z,4.8933,4.7858,4.8874,4.8808,649.89,650.16,650.43,650.25,7.1259,0.40242,26.376,22.856,-27.76
2219-10-07T19:10:00Z,4.9237,4.7505,4.9021,4.92,649.62,650.34,650.25,650.43,6.5063,0.3991,25.796,23.679,-28.703
2219-10-07T19:20:00Z,4.9183,4.7347,4.8927,4.9245,649.89,650.34,649.98,649.8,5.9419,0.3991,25.215,23.72,-30.984
2219-10-07T19:30:00Z,4.9102,4.764,4.8899,4.9109,649.53,649.62,649.8,650.52,5.3968,0.3991,24.683,23.855,-34.415
2219-10-07T19:40:00Z,4.8724,4.7804,4.8858,4.9496,650.43,649.8,650.34,649.35,4.6383,0.3991,24.066,23.743,-35.575
2219-10-07T19:50:00Z,4.9216,4.7899,4.9078,4.9049,648.63,650.79,649.17,650.16,4.1577,0.3991,23.509,23.649,-37.369
2219-10-07T20:00:00Z,4.8869,4.7522,4.9083,4.9469,651.51,649.62,649.53,650.16,3.5844,0.3991,22.956,23.706,-39.767
2219-10-07T20:10:00Z,4.8812,4.7711,4.91,4.9258,649.89,649.44,649.62,650.34,3.0076,0.39947,22.294,23.569,-40.539
2219-10-07T20:20:00Z,4.9149,4.7582,4.9093,4.9162,649.8,650.07,649.8,649.08,2.4092,0.39947,21.72,22.99,-41.217
2219-10-07T20:30:00Z,4.8915,4.7939,4.9335,4.9181,650.43,650.34,649.62,649.62,1.7729,0.39947,21.153,22.683,-41.178
2219-10-07T20:40:00Z,4.9161,4.7777,4.8998,4.919,648.99,650.34,649.89,649.89,1.1676,0.39947,20.568,23.088,-43.86
2219-10-07T20:50:00Z,4.9187,4.7978,4.9422,4.9497,649.89,649.17,649.26,649.35,0.66755,0.39947,20.027,22.522,-45.965
2219-10-07T21:00:00Z,4.93,4.76,4.9387,4.8987,649.8,650.25,649.98,649.62,0.057393,0.39947,19.451,22.722,-47.393
2219-10-07T21:10:00Z,4.8991,4.7747,4.9208,4.9123,649.71,649.26,649.53,649.53,-0.02935,0.39713,19.537,22.647,-51.837
2219-10-07T21:20:00Z,4.9281,4.7864,4.9192,4.9089,649.44,649.8,650.25,649.8,0.029344,0.39713,19.584,22.355,-52.475
2219-10-07T21:30:00Z,4.9183,4.8051,4.9578,4.9012,649.53,650.25,649.62,649.98,0.011663,0.39713,19.499,22.442,-55.064
2219-10-07T21:40:00Z,4.9464,4.772,4.9166,4.9223,649.8,650.52,650.07,650.43,0.071964,0.39713,19.523,22.866,-57.274
2219-10-07T21:50:00Z,4.8953,4.7751,4.9299,4.9362,650.34,649.62,650.16,649.35,0.012309,0.39713,19.644,23.356,-58.906
2219-10-07T22:00:00Z,4.9329,4.7837,4.932,4.9296,649.53,649.53,649.53,649.98,-0.02549,0.39713,19.579,23.504,-60.409
2219-10-07T22:10:00Z,4.9129,4.7638,4.9187,4.9171,649.98,649.08,649.62,650.34,0.066051,0.41595,19.547,22.959,-61.14
2219-10-07T22:20:00Z,4.9396,4.7741,4.9547,4.9282,650.52,650.16,649.8,648.81,0.023782,0.41595,19.608,22.562,-62.558
2219-10-07T22:30:00Z,4.9382,4.7573,4.9299,4.9233,649.53,650.16,649.8,649.53,-0.03627,0.41595,19.699,23.129,-64.405
2219-10-07T22:40:00Z,4.9449,4.8146,4.8877,4.954,649.44,649.98,649.53,649.44,-0.029995,0.41595,19.602,23.631,-65.434
2219-10-07T22:50:00Z,4.9416,4.8216,4.931,4.9235,649.53,649.62,649.35,649.08,0.07404,0.41595,19.614,22.816,-66.41
2219-10-07T23:00:00Z,4.9347,4.8168,4.943,4.9144,650.43,649.08,649.44,649.8,-0.014254,0.41595,19.582,22.928,-67.078
2219-10-07T23:10:00Z,4.9249,4.8019,4.9739,4.9106,650.16,649.53,649.35,649.98,-0.083369,0.40352,19.684,23.064,-67.567
2219-10-07T23:20:00Z,4.9391,4.8164,4.9289,4.9624,650.07,649.53,649.35,649.98,-0.022625,0.40352,19.67,23.199,-69.109
2219-10-07T23:30:00Z,4.9299,4.8234,4.947,4.9361,650.88,650.07,650.16,649.44,-0.029829,0.40352,19.648,22.118,-69.661
2219-10-07T23:40:00Z,4.9354,4.8159,4.9591,4.971,650.43,649.17,649.8,648.54,0.0055234,0.40352,19.643,21.565,-69.84
2219-10-07T23:50:00Z,4.9671,4.8012,4.9456,4.9508,649.53,649.8,650.52,650.25,0.024023,0.40352,19.631,22.033,-70.196
2219-10-08T00:00:00Z,4.9324,4.8495,4.9506,4.9299,649.62,650.07,649.53,649.53,0.00080025,0.40352,19.73,20.921,-70.529
2219-10-08T00:10:00Z,4.9364,4.8049,4.9573,4.9336,649.71,650.7,650.07,650.43,-0.050508,0.3955,19.611,20.91,-70.684
2219-10-08T00:20:00Z,4.9277,4.8023,4.9905,4.9422,649.98,650.07,649.62,650.07,0.020849,0.3955,19.686,20.658,-71.867
2219-10-08T00:30:00Z,4.9161,4.8268,4.8921,4.9421,649.8,649.8,649.44,649.62,-0.029398,0.3955,19.664,20.759,-72.038
2219-10-08T00:40:00Z,4.9418,4.8333,4.9557,4.9413,650.16,648.9,650.34,649.98,0.053098,0.3955,19.606,20.934,-73.487
2219-10-08T00:50:00Z,5.0024,4.8328,4.9693,4.9551,648.99,650.7,649.89,649.62,0.052022,0.3955,19.68,21.074,-75.451
2219-10-08T01:00:00Z,4.9685,4.8108,4.953,4.9595,649.35,650.97,651.06,649.26,0.0049035,0.3955,19.669,20.735,-76.356
2219-10-08T01:10:00Z,4.9417,4.8068,4.9711,4.9644,649.35,649.71,649.62,649.8,-0.00046699,0.42768,19.605,22.203,-75.872
2219-10-08T01:20:00Z,4.9336,4.8297,4.9361,4.9442,649.89,649.8,650.7,649.8,0.07161,0.42768,19.624,23.055,-75.491
2219-10-08T01:30:00Z,4.9778,4.8287,4.9548,4.9497,649.26,649.89,650.43,649.44,0.027983,0.42768,19.658,23.24,-76.355
2219-10-08T01:40:00Z,4.9531,4.8609,4.9824,4.941,649.89,650.07,649.89,650.52,0.011701,0.42768,19.71,22.615,-76.495
2219-10-08T01:50:00Z,4.9431,4.7879,4.9924,4.9415,650.25,650.25,648.9,651.06,0.038439,0.42768,19.73,22.569,-77.756
2219-10-08T02:00:00Z,4.9068,4.8454,4.9724,4.9344,649.8,649.8,648.72,649.89,0.02273,0.42768,19.796,22.129,-77.605
2219-10-08T02:10:00Z,4.9672,4.8257,4.9539,4.9256,650.16,649.08,649.62,649.71,0.0050867,0.42423,19.732,22.604,-78.173
2219-10-08T02:20:00Z,4.9478,4.856,4.9628,4.9892,650.52,650.43,649.98,648.99,-0.026221,0.42423,19.634,22.591,-79.554
2219-10-08T02:30:00Z,4.9717,4.8556,4.983,4.9747,649.98,649.62,650.16,649.89,-0.047915,0.42423,19.8,22.778,-79.19
2219-10-08T02:40:00Z,4.9578,4.8269,4.9614,4.9767,649.98,649.71,650.61,649.71,0.033554,0.42423,19.694,22.546,-78.864
2219-10-08T02:50:00Z,4.9681,4.8036,4.934,4.9499,649.44,649.62,650.25,650.07,0.032694,0.42423,19.684,22.484,-79.495
2219-10-08T03:00:00Z,4.9466,4.8595,4.948,4.9561,649.35,649.89,650.16,649.62,-0.034295,0.42423,19.651,22.539,-80.39
2219-10-08T03:10:00Z,4.9703,4.8528,5.0169,4.9498,649.62,649.98,649.53,649.71,-0.067767,0.51291,19.814,21.976,-80.306
2219-10-08T03:20:00Z,4.9474,4.8285,4.974,4.9987,649.71,650.52,649.44,649.53,-0.054766,0.51291,19.842,22.22,-81.746
2219-10-08T03:30:00Z,4.9705,4.8388,4.9616,4.9426,649.53,649.71,650.16,650.97,0.056162,0.51291,19.778,22.074,-81.269
2219-10-08T03:40:00Z,4.989,4.904,4.9976,4.9771,649.8,649.98,649.8,649.71,-0.0076714,0.51291,19.68,21.634,-81.168
2219-10-08T03:50:00Z,4.9657,4.7981,4.9314,4.9813,649.08,650.79,650.34,649.71,-0.029106,0.51291,19.698,21.775,-81.905
2219-10-08T04:00:00Z,4.9821,4.8598,4.9805,4.9753,650.34,648.99,649.71,650.7,-0.038068,0.51291,19.776,22.045,-81.587
2219-10-08T04:10:00Z,5.0009,4.8248,4.965,4.9732,649.8,649.8,650.34,650.43,0.043175,0.55338,19.831,21.396,-81.857
2219-10-08T04:20:00Z,5.0047,4.8397,4.9602,4.9695,649.26,649.89,650.07,650.97,0.074926,0.55338,19.81,20.41,-82.696
2219-10-08T04:30:00Z,4.9964,4.8135,5.0042,4.9947,649.71,649.89,649.89,649.35,0.020787,0.55338,19.745,21.515,-83.357
2219-10-08T04:40:00Z,4.9752,4.8474,5.0155,4.9348,649.8,649.62,649.35,650.88,0.013302,0.55338,19.841,21.572,-82.243
2219-10-08T04:50:00Z,4.9737,4.8318,4.9747,4.9926,648.81,649.62,649.89,649.98,0.0096172,0.55338,19.737,21.654,-83.29
2219-10-08T05:00:00Z,4.9697,4.8136,4.9921,4.9768,649.71,650.25,649.98,650.25,0.0014877,0.55338,19.73,22.526,-81.887
2219-10-08T05:10:00Z,5.0048,4.8236,4.9892,4.9643,649.98,650.43,649.44,649.8,-0.033769,0.56829,19.775,22.021,-83.248
2219-10-08T05:20:00Z,4.9864,4.8618,4.9758,5.0204,650.16,649.17,649.26,650.52,-0.012856,0.56829,19.68,22.346,-83.44
2219-10-08T05:30:00Z,4.9933,4.88,4.9834,4.9756,650.25,649.35,649.44,649.71,-0.033932,0.56829,19.818,21.91,-83.497
2219-10-08T05:40:00Z,5.0014,4.8143,4.9955,5.0049,649.44,650.43,649.53,649.62,0.04108,0.56829,19.812,21.429,-83.927
2219-10-08T05:50:00Z,4.9853,4.8283,5.0002,4.9903,650.07,650.34,648.63,650.34,0.0099681,0.56829,19.804,21.478,-84.527
2219-10-08T06:00:00Z,4.9931,4.8354,4.957,5.0115,650.34,649.44,650.52,649.8,-0.027382,0.56829,19.715,20.797,-83.743
2219-10-08T06:10:00Z,4.9723,4.8948,4.9881,4.9706,650.43,650.43,649.62,650.07,0.057421,0.55198,19.826,21.4,-83.801
2219-10-08T06:20:00Z,4.9177,4.8731,4.9514,5.0033,650.7,649.89,650.7,649.44,-0.014858,0.55198,19.827,21.228,-85.131
2219-10-08T06:30:00Z,4.9934,4.8509,4.9938,4.9691,649.62,650.43,649.8,649.35,0.041678,0.55198,19.75,21.314,-83.515
2219-10-08T06:40:00Z,4.9995,4.8476,4.9685,4.9723,650.07,650.34,650.07,649.8,-0.046821,0.55198,19.815,20.835,-84.721
2219-10-08T06:50:00Z,4.9659,4.8245,4.9885,4.9836,649.8,650.52,649.89,649.62,0.024333,0.55198,19.84,20.802,-84.911
2219-10-08T07:00:00Z,4.9948,4.865,4.9515,4.9898,649.17,650.16,650.07,649.26,0.0018701,0.55198,19.883,20.969,-86.514
2219-10-08T07:10:00Z,4.988,4.8327,5.0151,4.9647,649.98,649.71,649.62,649.62,-0.017297,0.5178,19.727,21.638,-86.35
2219-10-08T07:20:00Z,4.9947,4.8599,4.9733,4.9928,649.71,649.98,650.43,649.98,0.040128,0.5178,19.834,21.876,-87.014
2219-10-08T07:30:00Z,4.9848,4.8345,4.9686,5.0338,649.89,650.34,649.8,649.26,0.0086605,0.5178,19.769,22.294,-87.484
2219-10-08T07:40:00Z,4.9974,4.8269,5,5.0171,650.16,650.07,650.79,649.71,0.0055578,0.5178,19.739,21.422,-86.383
2219-10-08T07:50:00Z,4.9733,4.8783,4.954,5.0063,650.7,650.07,650.61,649.89,0.013871,0.5178,19.842,22.033,-88.567
2219-10-08T08:00:00Z,4.9637,4.8137,4.9594,4.9944,650.16,650.61,649.71,649.35,-0.073782,0.5178,19.829,21.808,-88.88
2219-10-08T08:10:00Z,4.9782,4.8595,4.9797,4.9915,649.53,649.8,649.26,649.44,-0.026818,0.55553,19.813,22.685,-89.414
2219-10-08T08:20:00Z,4.9968,4.835,5.0285,4.9668,650.52,650.07,648.9,649.89,0.09838,0.55553,19.854,23.932,-89.163
2219-10-08T08:30:00Z,4.9849,4.8488,4.9898,5.0016,650.16,649.8,650.25,649.53,-0.045869,0.55553,19.852,23.445,-89.443
2219-10-08T08:40:00Z,5.0138,4.8921,5.0361,5.017,649.62,649.62,649.8,649.71,-0.014457,0.55553,19.818,23.989,-88.597
2219-10-08T08:50:00Z,5.0134,4.8745,4.9409,4.9945,650.16,649.98,649.26,649.26,-0.0043147,0.55553,19.758,23.765,-89.069
2219-10-08T09:00:00Z,4.9838,4.8448,4.958,4.9761,649.71,650.07,650.7,650.07,-0.04391,0.55553,19.809,23.461,-89.778
2219-10-08T09:10:00Z,4.9951,4.8573,4.9792,4.9771,650.07,649.44,649.53,650.16,0.0041347,0.52953,19.831,22.963,-89.221
2219-10-08T09:20:00Z,4.9705,4.8478,4.9766,5.019,650.43,650.79,648.99,649.98,0.02641,0.52953,19.94,23.116,-90.46
2219-10-08T09:30:00Z,4.9621,4.8504,4.9741,4.9858,649.44,650.52,650.43,650.61,0.51763,0.52953,20.475,23.17,-89.894
2219-10-08T09:40:00Z,4.9786,4.8439,4.9699,5.0017,649.89,650.88,650.43,649.71,1.1586,0.52953,21.118,23.76,-89.828
2219-10-08T09:50:00Z,5.0193,4.8762,4.9829,4.9872,649.8,649.17,651.24,650.16,1.5925,0.52953,21.621,24.396,-89.119
2219-10-08T10:00:00Z,4.9863,4.8903,4.956,5.004,650.07,649.44,650.79,650.79,2.2115,0.52953,22.287,23.823,-87.683
2219-10-08T10:10:00Z,4.9617,4.8772,4.9758,4.9932,650.52,650.16,649.71,650.25,2.8105,0.50179,22.736,23.588,-87.203
2219-10-08T10:20:00Z,4.9443,4.8626,4.9963,4.997,649.71,650.43,650.16,649.98,3.3454,0.50179,23.303,23.473,-86.202
2219-10-08T10:30:00Z,5.0167,4.8527,5.001,4.9834,649.17,650.43,649.35,649.62,3.9809,0.50179,23.975,23.945,-85.613
2219-10-08T10:40:00Z,4.9575,4.8342,5.0019,5.0002,651.06,650.25,649.53,649.8,4.524,0.50179,24.424,24.125,-83.644
2219-10-08T10:50:00Z,5.0137,4.8669,4.9944,4.984,649.8,650.16,650.43,649.71,5.0617,0.50179,25.022,23.938,-81.644
2219-10-08T11:00:00Z,5.0009,4.8508,4.9682,4.9918,650.61,649.89,649.8,650.52,5.6748,0.50179,25.648,23.057,-80.81
2219-10-08T11:10:00Z,4.965,4.8406,4.972,4.9722,651.33,650.88,650.16,651.24,6.278,0.47836,26.13,23.262,-79.138
2219-10-08T11:20:00Z,4.9719,4.8404,5.02,4.9906,650.25,649.98,650.07,650.79,6.7772,0.47836,26.725,23.018,-77.389
2219-10-08T11:30:00Z,4.9769,4.8569,4.9927,4.9993,650.43,649.53,650.07,650.7,7.3048,0.47836,27.264,22.852,-76.108
2219-10-08T11:40:00Z,4.995,4.8923,4.9876,4.9812,650.07,650.07,649.98,650.43,7.8344,0.47836,27.861,22.71,-75.759
2219-10-08T11:50:00Z,4.9881,4.7879,5.0057,4.967,649.98,650.79,649.71,650.34,8.5289,0.47836,28.439,23.395,-73.111
2219-10-08T12:00:00Z,4.9985,4.8483,4.9893,4.9685,649.89,649.8,649.35,649.98,9.0211,0.47836,29.032,23.172,-70.711
2219-10-08T12:10:00Z,4.9771,4.8437,4.9431,4.9943,650.16,649.98,650.52,650.43,9.5548,0.50494,29.608,23.296,-68.929
2219-10-08T12:20:00Z,4.9736,4.8434,4.9806,4.9573,650.43,650.34,649.44,650.07,10.148,0.50494,30.003,22.947,-66.347
2219-10-08T12:30:00Z,5.0071,4.8576,4.9927,5.0104,650.16,649.71,650.7,649.8,10.252,0.50494,30.024,23.285,-64.563
2219-10-08T12:40:00Z,4.9765,4.8804,4.9899,4.9971,649.98,650.25,649.44,649.71,10.112,0.50494,29.896,23.517,-62.254
2219-10-08T12:50:00Z,4.9892,4.8613,5.0138,4.9625,650.16,650.07,649.53,650.61,10.054,0.50494,29.866,23.106,-59.966
2219-10-08T13:00:00Z,4.9576,4.8719,4.9778,4.9725,650.88,649.35,649.62,649.89,10.009,0.50494,29.804,23.285,-58.424
2219-10-08T13:10:00Z,4.9754,4.8568,4.9704,4.9756,650.43,650.43,650.25,650.25,9.8719,0.58994,29.701,23.667,-56.985
2219-10-08T13:20:00Z,4.9975,4.8317,4.9926,4.9591,649.8,649.44,650.34,649.62,10.037,0.58994,29.775,22.427,-55.748
2219-10-08T13:30:00Z,4.9818,4.8416,4.963,4.9726,649.62,650.07,650.52,649.17,9.8932,0.58994,29.675,22.557,-54.381
2219-10-08T13:40:00Z,5.0118,4.8448,4.9704,4.9599,649.53,649.8,650.52,649.89,9.8976,0.58994,29.643,22.914,-54.574
2219-10-08T13:50:00Z,4.9696,4.8033,4.9542,4.994,649.8,650.43,650.43,650.34,9.9386,0.58994,29.678,22.521,-53.272
2219-10-08T14:00:00Z,4.9862,4.8283,4.9497,4.973,650.07,649.26,650.7,650.34,9.9169,0.58994,29.739,22.474,-51.892
2219-10-08T14:10:00Z,4.9909,4.8217,4.944,5.0105,650.43,649.89,650.25,650.25,9.8884,0.60526,29.599,22.009,-50.388
2219-10-08T14:20:00Z,4.989,4.8417,4.9704,4.9857,650.25,649.98,649.62,649.8,9.8549,0.60526,29.647,22.48,-49.061
2219-10-08T14:30:00Z,4.9933,4.8465,4.9929,4.9565,649.53,649.62,651.06,650.07,9.848,0.60526,29.606,22.995,-48.74
2219-10-08T14:40:00Z,4.9483,4.8325,4.9308,4.9879,650.52,650.34,651.15,649.62,9.8517,0.60526,29.655,22.071,-48.099
2219-10-08T14:50:00Z,4.9407,4.8409,4.952,5.0057,650.88,649.8,649.89,650.88,9.8477,0.60526,29.496,21.333,-47.319
2219-10-08T15:00:00Z,4.932,4.8297,4.9353,4.9778,650.16,649.53,651.06,650.79,9.7917,0.60526,29.495,21.382,-47.788
2219-10-08T15:10:00Z,4.9801,4.8121,4.9693,4.9595,650.16,649.89,649.8,650.16,9.8652,0.61168,29.577,20.712,-47.478
2219-10-08T15:20:00Z,4.9475,4.815,4.958,4.968,650.16,650.25,650.7,650.43,9.849,0.61168,29.506,20.531,-46.675
2219-10-08T15:30:00Z,4.9477,4.8208,4.9797,4.953,650.07,650.25,650.25,649.62,9.8183,0.61168,29.614,20.49,-45.006
2219-10-08T15:40:00Z,4.9235,4.8285,4.9452,4.9758,650.43,649.44,650.43,649.71,9.8394,0.61168,29.617,20.618,-46.094
2219-10-08T15:50:00Z,4.9805,4.799,4.954,4.9068,649.44,650.34,650.7,649.8,9.7259,0.61168,29.371,19.681,-44.301
2219-10-08T16:00:00Z,4.9466,4.8154,4.9597,4.9583,650.52,650.61,650.52,650.07,9.7639,0.61168,29.394,19.82,-42.872
2219-10-08T16:10:00Z,4.9508,4.8359,4.9382,4.9573,650.16,649.62,650.52,650.25,9.722,0.65542,29.419,20.509,-41.572
2219-10-08T16:20:00Z,4.9394,4.8169,4.9555,4.963,650.79,650.88,650.43,649.8,9.726,0.65542,29.353,20.641,-40.327
2219-10-08T16:30:00Z,4.9534,4.8295,4.947,4.955,649.71,649.08,650.34,650.25,9.7419,0.65542,29.433,21.717,-40.605
2219-10-08T16:40:00Z,4.9358,4.8499,4.9097,4.9662,649.98,649.62,650.79,649.89,9.7814,0.65542,29.464,22.006,-40.983
2219-10-08T16:50:00Z,4.9419,4.7946,4.9355,4.942,650.52,649.44,651.51,649.89,9.8782,0.65542,29.455,22.042,-40.975
2219-10-08T17:00:00Z,4.9116,4.7712,4.9429,4.9598,650.79,649.8,650.7,649.26,9.8333,0.65542,29.561,22.962,-40.893
2219-10-08T17:10:00Z,4.9315,4.7816,4.9676,4.9453,649.89,650.16,650.07,650.16,9.791,0.64102,29.523,23.119,-40.271
2219-10-08T17:20:00Z,4.9419,4.8169,4.9378,4.9249,651.06,649.89,649.98,650.25,9.7925,0.64102,29.434,23.185,-40.144
2219-10-08T17:30:00Z,4.9464,4.7966,4.9521,4.9146,650.61,650.7,650.25,650.25,9.8612,0.64102,29.465,23.805,-39.534
2219-10-08T17:40:00Z,4.9457,4.7942,4.9619,4.9113,650.07,650.79,650.97,649.98,9.8475,0.64102,29.482,23.529,-38.793
2219-10-08T17:50:00Z,4.934,4.8476,4.9334,4.9491,650.07,649.98,650.7,649.89,9.8712,0.64102,29.527,24.076,-38.704
2219-10-08T18:00:00Z,4.9448,4.794,4.9249,4.9048,650.34,650.79,649.89,650.52,9.8816,0.64102,29.458,23.403,-38.164
2219-10-08T18:10:00Z,4.9536,4.8255,4.9435,4.9382,648.72,649.98,649.71,650.7,9.8872,0.61374,29.498,23.359,-36.872
2219-10-08T18:20:00Z,4.9306,4.8038,4.9183,4.9653,650.07,650.16,650.07,650.16,9.7884,0.61374,29.451,24.157,-36.471
2219-10-08T18:30:00Z,4.9657,4.7913,4.9274,4.9682,650.43,650.61,649.89,649.8,9.863,0.61374,29.496,23.187,-35.62
2219-10-08T18:40:00Z,4.9377,4.8165,4.9678,4.9137,649.53,650.34,649.62,650.97,9.8831,0.61374,29.433,22.819,-35.228
2219-10-08T18:50:00Z,4.9193,4.7851,4.9102,4.9432,650.34,650.7,649.8,649.8,9.9547,0.61374,29.593,23.382,-33.783
2219-10-08T19:00:00Z,4.9415,4.7905,4.9228,4.9488,650.97,650.16,650.25,649.35,9.9841,0.61374,29.502,23.611,-34.203
2219-10-08T19:10:00Z,4.9197,4.8058,4.9136,4.9835,650.52,650.25,650.61,650.34,9.9227,0.58808,29.615,23.131,-33.238
2219-10-08T19:20:00Z,4.9282,4.8081,4.9616,4.932,649.08,650.34,649.17,650.16,9.9436,0.58808,29.738,22.977,-33.096
2219-10-08T19:30:00Z,4.9104,4.8119,4.9439,4.9397,650.7,649.89,649.89,650.16,10.01,0.58808,29.541,23.373,-33.187
2219-10-08T19:40:00Z,4.937,4.7571,4.953,4.9269,649.89,650.07,650.16,650.52,9.8853,0.58808,29.512,22.718,-33.624
2219-10-08T19:50:00Z,4.9434,4.792,4.9343,4.9158,649.53,649.8,650.16,650.16,10.057,0.58808,29.531,23.123,-32.781
2219-10-08T20:00:00Z,4.9183,4.7949,4.932,4.9379,650.61,650.07,649.8,649.98,9.9048,0.58808,29.549,23.258,-33.593
2219-10-08T20:10:00Z,4.927,4.7967,4.9529,4.8957,649.8,650.61,649.26,649.71,9.9718,0.57642,29.474,23.057,-32.82
2219-10-08T20:20:00Z,4.9876,4.7978,4.9009,4.9198,649.62,649.53,649.89,649.71,9.9618,0.57642,29.572,22.874,-31.371
2219-10-08T20:30:00Z,4.9502,4.7687,4.8899,4.9232,649.26,650.34,651.15,649.44,9.9589,0.57642,29.583,23.713,-32.906
2219-10-08T20:40:00Z,4.9201,4.8133,4.9032,4.8749,650.07,650.43,649.8,650.25,9.9806,0.57642,29.561,24.498,-32.246
2219-10-08T20:50:00Z,4.9525,4.7601,4.9197,4.885,649.44,650.7,649.89,650.25,9.9901,0.57642,29.474,24.741,-31.731
2219-10-08T21:00:00Z,4.9241,4.8135,4.9244,4.9378,649.89,650.25,649.98,650.16,9.8758,0.57642,29.406,24.556,-31.079
2219-10-08T21:10:00Z,4.9333,4.7377,4.931,4.8794,649.44,650.7,650.34,651.15,9.8543,0.61799,29.339,24.294,-30.817
2219-10-08T21:20:00Z,4.8966,4.7905,4.9227,4.9272,650.07,650.88,649.44,649.89,9.8158,0.61799,29.456,23.797,-30.12
2219-10-08T21:30:00Z,4.9473,4.7967,4.9474,4.9684,650.07,650.07,650.43,648.99,9.8047,0.61799,29.436,24.228,-30.513
2219-10-08T21:40:00Z,4.9039,4.7911,4.9333,4.9303,650.16,650.16,650.88,649.98,9.8214,0.61799,29.371,25.263,-30.519
2219-10-08T21:50:00Z,4.9228,4.791,4.8983,4.8951,650.16,649.26,650.43,650.52,9.7249,0.61799,29.362,25.128,-30.554
2219-10-08T22:00:00Z,4.9483,4.7688,4.9596,4.9169,649.71,649.35,650.79,649.89,9.8689,0.61799,29.468,24.671,-30.574
2219-10-08T22:10:00Z,4.8903,4.8037,4.9516,4.8981,650.43,649.8,649.08,649.44,9.838,0.63355,29.403,25.132,-29.856
2219-10-08T22:20:00Z,4.8838,4.7677,4.9539,4.9305,650.07,649.62,650.16,649.89,9.8526,0.63355,29.328,25.58,-29.712
2219-10-08T22:30:00Z,4.898,4.8272,4.9378,4.909,650.07,649.89,649.44,649.53,9.7374,0.63355,29.265,25.313,-29.304
2219-10-08T22:40:00Z,4.9401,4.7213,4.9156,4.9069,650.52,650.25,650.34,650.43,9.7038,0.63355,29.212,25.188,-28.154
2219-10-08T22:50:00Z,4.9378,4.802,4.9408,4.9245,649.71,649.62,650.25,649.98,9.7022,0.63355,29.227,25.682,-29.744
2219-10-08T23:00:00Z,4.9363,4.7941,4.9354,4.8892,650.88,650.34,649.98,649.53,9.7458,0.63355,29.355,25.433,-28.807
2219-10-08T23:10:00Z,4.9117,4.7548,4.908,4.9111,650.34,650.43,650.16,649.89,9.726,0.66987,29.277,25.594,-29.018
2219-10-08T23:20:00Z,4.9146,4.7658,4.8687,4.9121,649.8,650.07,649.62,650.07,9.6749,0.66987,29.257,24.475,-29.352
2219-10-08T23:30:00Z,4.9245,4.7715,4.9437,4.9426,649.08,650.25,649.89,649.98,9.6698,0.66987,29.236,24.567,-28.737
2219-10-08T23:40:00Z,4.8979,4.7699,4.9355,4.9301,650.34,650.43,650.16,649.8,9.7422,0.66987,29.138,24.964,-28.432
2219-10-08T23:50:00Z,4.885,4.7366,4.8988,4.9272,649.44,650.16,649.89,650.52,9.6337,0.66987,29.243,24.67,-29.159
2219-10-09T00:00:00Z,4.9373,4.7375,4.8954,4.9399,649.98,650.34,650.07,649.8,9.6537,0.66987,29.285,25.09,-28.405
2219-10-09T00:10:00Z,4.9203,4.8269,4.909,4.9174,650.07,650.07,649.71,650.16,9.5787,0.68106,29.198,25.184,-28.312
2219-10-09T00:20:00Z,4.909,4.7965,4.9214,4.9633,650.07,649.08,650.34,649.53,9.6968,0.68106,29.139,25.256,-28.725
2219-10-09T00:30:00Z,4.9354,4.7637,4.9111,4.9056,649.89,649.89,650.43,649.8,9.685,0.68106,29.157,23.824,-27.706
2219-10-09T00:40:00Z,4.9005,4.7772,4.9134,4.8688,649.53,650.61,649.89,650.07,9.6217,0.68106,28.999,24.067,-27.912
2219-10-09T00:50:00Z,4.9389,4.7533,4.9102,4.9174,649.8,650.7,650.34,649.98,9.1192,0.68106,28.48,23.632,-28.843
2219-10-09T01:00:00Z,4.9214,4.7433,4.9342,4.9119,649.62,651.06,649.89,650.07,8.5478,0.68106,27.971,23.98,-28.331
2219-10-09T01:10:00Z,4.9268,4.7912,4.9106,4.9035,649.53,649.71,649.26,650.25,8.0903,0.69531,27.486,24.392,-29.185
2219-10-09T01:20:00Z,4.8695,4.7795,4.8844,4.9018,649.98,649.62,649.35,649.8,7.4768,0.69531,26.94,23.969,-29.675
2219-10-09T01:30:00Z,4.859,4.7538,4.9361,4.8901,650.25,650.07,649.62,650.43,6.9359,0.69531,26.381,23.728,-29.446
2219-10-09T01:40:00Z,4.8711,4.7921,4.9051,4.9138,650.97,650.97,649.98,649.98,6.3795,0.69531,25.818,23.797,-30.588
2219-10-09T01:50:00Z,4.9135,4.8335,4.9156,4.9099,649.98,648.81,650.43,650.61,5.9074,0.69531,25.3,24.827,-31.788
2219-10-09T02:00:00Z,4.899,4.7652,4.9014,4.9324,649.53,650.52,649.71,649.26,5.4208,0.69531,24.792,25.262,-32.602
2219-10-09T02:10:00Z,4.9101,4.774,4.9314,4.9526,650.43,649.71,649.8,650.07,4.8194,0.69119,24.226,25.991,-33.509
2219-10-09T02:20:00Z,4.9118,4.793,4.9147,4.8878,649.44,649.71,649.8,649.35,4.2989,0.69119,23.662,26.177,-35.016
2219-10-09T02:30:00Z,4.9457,4.7932,4.9293,4.9456,649.53,650.34,649.98,650.07,3.7316,0.69119,23.102,26.74,-37.157
2219-10-09T02:40:00Z,4.925,4.7865,4.9028,4.8952,649.35,649.44,649.44,649.71,3.2467,0.69119,22.556,26.235,-38.778
2219-10-09T02:50:00Z,4.8773,4.7648,4.9044,4.8917,649.8,649.71,650.16,650.43,2.674,0.69119,22.016,26.364,-40.605
2219-10-09T03:00:00Z,4.8962,4.7443,4.9047,4.8969,649.8,649.8,650.34,649.53,2.112,0.69119,21.519,27.505,-42.854
2219-10-09T03:10:00Z,4.9191,4.7558,4.9131,4.9009,649.71,649.71,649.35,649.71,1.6071,0.75799,21.035,27.695,-44.289
2219-10-09T03:20:00Z,4.9464,4.7891,4.8922,4.955,650.25,649.17,650.52,649.62,0.99537,0.75799,20.441,27.646,-45.649
2219-10-09T03:30:00Z,4.9015,4.8136,4.9079,4.9164,650.61,649.35,649.98,649.71,0.52047,0.75799,19.981,27.233,-47.216
2219-10-09T03:40:00Z,4.918,4.7969,4.9435,4.9534,650.25,650.7,649.89,649.62,-0.017442,0.75799,19.466,27.172,-49.627
2219-10-09T03:50:00Z,4.9108,4.7862,4.94,4.9396,650.43,650.25,649.35,650.34,0.048353,0.75799,19.635,26.518,-52.232
2219-10-09T04:00:00Z,4.9167,4.7781,4.9314,4.923,649.8,649.98,649.17,650.07,0.0035601,0.75799,19.626,27.876,-54.23
2219-10-09T04:10:00Z,4.9,4.7766,4.9415,4.8849,649.89,649.8,649.8,649.44,0.0074985,0.76743,19.615,27.678,-55.546
2219-10-09T04:20:00Z,4.8944,4.7954,4.9083,4.8939,649.98,650.07,649.44,649.62,0.043134,0.76743,19.554,27.45,-59.052
2219-10-09T04:30:00Z,4.9405,4.8062,4.9369,4.9274,649.8,649.17,649.53,650.7,-0.0068547,0.76743,19.595,27.11,-61.355
2219-10-09T04:40:00Z,4.9476,4.7893,4.9277,4.9513,649.44,649.62,649.98,649.8,-0.010796,0.76743,19.566,27.184,-61.232
2219-10-09T04:50:00Z,4.9359,4.7914,4.9391,4.9104,649.89,649.98,649.62,650.52,0.038685,0.76743,19.562,27.599,-62.677
2219-10-09T05:00:00Z,4.9098,4.8091,4.9306,4.9336,649.89,649.71,649.35,649.71,0.011463,0.76743,19.591,28.532,-64.198
2219-10-09T05:10:00Z,4.9419,4.7699,4.9263,4.9476,648.63,649.89,650.07,649.62,0.010211,0.7228,19.563,26.893,-64.602
2219-10-09T05:20:00Z,4.936,4.8013,4.9583,4.94,649.35,649.8,649.89,650.16,-0.028062,0.7228,19.483,27.207,-66.754
2219-10-09T05:30:00Z,4.929,4.8405,4.9445,4.964,649.35,650.61,648.9,649.44,0.025668,0.7228,19.637,28.098,-67.284
2219-10-09T05:40:00Z,4.911,4.8148,4.9734,4.9664,649.98,649.17,649.8,649.53,0.025039,0.7228,19.606,27.338,-68.085
2219-10-09T05:50:00Z,4.9451,4.8028,4.9638,4.9553,650.16,649.71,648.81,650.07,-0.037033,0.7228,19.631,26.512,-70.561
2219-10-09T06:00:00Z,4.9313,4.7687,4.9463,4.959,650.16,649.89,649.98,649.8,0.059822,0.7228,19.618,26.451,-70.231
2219-10-09T06:10:00Z,4.9455,4.8115,4.9971,4.9369,648.99,648.45,648.99,649.53,-0.034254,0.77533,19.683,26.856,-71.636
2219-10-09T06:20:00Z,4.9561,4.8221,4.9522,4.9325,649.08,649.53,649.71,650.16,-0.051693,0.77533,19.715,26.173,-71.473
2219-10-09T06:30:00Z,4.9606,4.8075,4.9316,4.9115,649.98,649.71,649.62,649.26,-0.034878,0.77533,19.625,26.127,-72.842
2219-10-09T06:40:00Z,4.9601,4.8413,4.9315,4.9768,649.62,650.16,649.98,649.17,-0.018607,0.77533,19.704,26.831,-74.128
2219-10-09T06:50:00Z,4.9348,4.8251,4.9585,4.9556,649.44,649.89,649.98,649.53,0.017762,0.77533,19.625,26.525,-74.261
2219-10-09T07:00:00Z,4.9293,4.8423,4.9832,4.9426,649.44,649.62,649.8,650.52,-0.062445,0.77533,19.661,26.771,-75.192
2219-10-09T07:10:00Z,4.9947,4.8793,4.9832,4.9485,650.25,649.71,649.44,649.71,0.010108,0.81843,19.733,26.01,-75.401
2219-10-09T07:20:00Z,4.9406,4.8193,4.9878,5.0018,650.07,649.44,649.44,649.53,0.042564,0.81843,19.744,25.122,-75.462
2219-10-09T07:30:00Z,4.9343,4.8144,4.957,4.9526,649.44,649.71,650.25,649.35,-0.0070242,0.81843,19.687,24.719,-75.93
2219-10-09T07:40:00Z,4.9468,4.8636,4.9128,4.9649,649.89,649.8,650.88,649.71,0.0030382,0.81843,19.7,25.393,-76.25
2219-10-09T07:50:00Z,4.9732,4.8396,4.9731,4.9844,648.54,649.53,650.07,649.89,0.076316,0.81843,19.756,25.655,-77.78
2219-10-09T08:00:00Z,4.9522,4.8055,4.9525,4.9346,649.35,650.07,649.71,649.71,0.037864,0.81843,19.718,25.967,-78.295
2219-10-09T08:10:00Z,4.9378,4.8095,4.9439,4.9576,649.62,650.25,649.89,649.71,0.021041,0.82629,19.638,25.3,-78.643
2219-10-09T08:20:00Z,4.9404,4.7894,4.9571,4.9618,649.62,650.07,650.43,648.9,0.030705,0.82629,19.658,25.469,-78.659
2219-10-09T08:30:00Z,4.9636,4.8193,5.0037,4.9686,649.26,649.53,649.08,649.8,0.085097,0.82629,19.727,24.988,-79.625
2219-10-09T08:40:00Z,4.9764,4.8278,4.9193,4.9763,649.71,648.9,649.98,649.26,0.092605,0.82629,19.836,25.463,-79.122
2219-10-09T08:50:00Z,4.9731,4.8382,4.901,5.0147,649.89,649.98,650.16,649.98,-0.089527,0.82629,19.669,25.027,-79.499
2219-10-09T09:00:00Z,4.954,4.8283,4.9602,4.9463,649.71,649.71,649.53,650.07,0.031664,0.82629,19.77,23.955,-79.559
2219-10-09T09:10:00Z,4.9603,4.8428,4.9616,4.9462,650.07,649.62,649.08,650.52,0.011566,0.81144,19.823,23.599,-80.451
2219-10-09T09:20:00Z,4.9899,4.8163,4.9907,4.9515,649.98,649.89,650.25,650.34,0.03253,0.81144,19.668,23.07,-79.353
2219-10-09T09:30:00Z,4.9725,4.8324,4.9549,4.9717,649.8,649.71,650.07,649.35,0.019991,0.81144,19.818,23.159,-79.586
2219-10-09T09:40:00Z,4.9644,4.7934,4.9733,4.9663,650.25,649.98,650.16,649.8,0.047452,0.81144,19.734,23.805,-79.663
2219-10-09T09:50:00Z,4.9903,4.7785,4.9847,4.9492,649.53,650.7,649.26,649.8,0.058906,0.81144,19.784,23.153,-79.887
2219-10-09T10:00:00Z,4.9813,4.8555,5.017,4.9674,650.07,649.35,649.8,649.35,-0.00034711,0.81144,19.745,22.893,-79.54
2219-10-09T10:10:00Z,4.9956,4.8478,4.9628,4.9377,650.7,649.89,649.98,649.98,-0.020428,0.80383,19.755,23.37,-80.003
2219-10-09T10:20:00Z,4.9745,4.8434,4.9619,4.9775,649.71,650.16,649.71,649.8,-0.017833,0.80383,19.77,24.041,-80.105
2219-10-09T10:30:00Z,4.962,4.8195,4.9497,4.9439,649.89,650.25,650.16,649.89,0.055578,0.80383,19.586,23.636,-80.798
2219-10-09T10:40:00Z,4.9166,4.8315,4.9879,5.0003,649.98,649.8,650.7,649.89,0.056444,0.80383,19.791,24.157,-82.002
2219-10-09T10:50:00Z,4.9987,4.8672,4.9817,4.9817,649.71,649.35,650.43,650.07,-0.026895,0.80383,19.773,24.093,-82.136
2219-10-09T11:00:00Z,4.9686,4.8636,4.9693,4.9831,649.71,649.71,649.53,649.89,0.0039043,0.80383,19.762,24.374,-81.946
2219-10-09T11:10:00Z,5.0199,4.8711,4.9813,4.9556,649.35,649.62,650.43,649.89,0.024859,0.86455,19.754,24.227,-81.425
2219-10-09T11:20:00Z,4.9965,4.869,4.9616,4.9652,650.34,649.71,649.62,649.8,0.00774,0.86455,19.832,24.565,-82.352
2219-10-09T11:30:00Z,4.9721,4.8147,4.992,4.9587,650.52,650.52,649.71,649.62,0.041819,0.86455,19.743,24.899,-81.971
2219-10-09T11:40:00Z,4.9785,4.8595,5.0058,4.987,649.71,649.26,649.35,649.98,-0.029138,0.86455,19.839,25.384,-82.733
2219-10-09T11:50:00Z,4.9754,4.8187,4.9941,4.9475,650.16,650.61,649.89,650.43,-0.035634,0.86455,19.74,25.908,-83.18
2219-10-09T12:00:00Z,5.013,4.8794,4.9708,4.9798,650.34,650.34,650.25,650.52,0.018388,0.86455,19.719,25.951,-84.226
2219-10-09T12:10:00Z,5.0004,4.8602,4.9802,5.0018,650.61,649.89,650.34,649.35,-0.11921,0.86618,19.737,25.812,-83.659
2219-10-09T12:20:00Z,4.9895,4.814,4.9614,4.9586,650.25,649.35,650.25,649.53,-0.0033694,0.86618,19.811,24.757,-84.309
2219-10-09T12:30:00Z,4.9839,4.875,4.9836,4.9561,650.16,649.89,650.16,649.53,-0.043957,0.86618,19.798,25.287,-83.805
2219-10-09T12:40:00Z,4.9713,4.8347,5,4.9552,649.89,650.25,649.71,650.07,0.034384,0.86618,19.91,25.023,-84.44
2219-10-09T12:50:00Z,4.9921,4.8944,4.9641,4.9619,649.98,649.53,650.16,650.16,-0.0036113,0.86618,19.848,24.274,-83.729
2219-10-09T13:00:00Z,4.9921,4.8586,4.996,4.9632,650.43,649.62,649.53,650.34,0.0083343,0.86618,19.859,24.31,-83.298
2219-10-09T13:10:00Z,5.0012,4.8639,4.9867,4.9931,649.98,649.17,649.98,650.34,0.013157,0.90276,19.781,23.861,-83.807
2219-10-09T13:20:00Z,4.9811,4.8405,4.9843,4.9924,650.25,649.98,649.89,649.62,0.012375,0.90276,19.915,23.667,-84.445
2219-10-09T13:30:00Z,4.9842,4.8595,4.9584,5.0094,649.89,649.71,650.34,648.63,0.020672,0.90276,19.818,23.534,-85.915
2219-10-09T13:40:00Z,4.9494,4.8089,4.9433,5.0057,650.52,649.89,650.34,649.71,-0.037183,0.90276,19.782,23.356,-85.979
2219-10-09T13:50:00Z,4.9969,4.8257,5.0037,4.9893,650.16,650.16,650.7,649.8,-0.054912,0.90276,19.8,22.585,-86.109
2219-10-09T14:00:00Z,4.9838,4.8328,4.9716,5.0144,650.52,650.16,649.62,649.35,0.055646,0.90276,19.847,23.143,-87.055
2219-10-09T14:10:00Z,4.9691,4.8429,4.9889,4.996,649.26,648.9,649.98,650.16,-0.077286,0.89248,19.868,23.181,-86.794
2219-10-09T14:20:00Z,4.9817,4.8773,4.9563,4.9581,650.25,649.98,648.81,650.52,0.031472,0.89248,19.799,23.49,-88.131
2219-10-09T14:30:00Z,4.9993,4.8151,4.9721,4.9469,649.08,649.98,650.52,650.7,0.018532,0.89248,19.767,23.37,-87.154
2219-10-09T14:40:00Z,5.0043,4.8519,4.9999,4.9641,649.71,649.71,649.98,649.62,0.019168,0.89248,19.789,23.204,-87.267
2219-10-09T14:50:00Z,5.0232,4.9139,4.94,4.9938,649.89,649.62,649.89,649.35,-0.017911,0.89248,19.801,22.311,-87.834
2219-10-09T15:00:00Z,4.9871,4.8605,5.0207,4.9733,649.62,649.35,649.08,650.61,0.049238,0.89248,19.86,23.068,-87.774
2219-10-09T15:10:00Z,4.9727,4.8257,5.008,5.013,650.25,650.97,649.8,649.8,0.0070571,0.88753,19.807,22.859,-88.047
2219-10-09T15:20:00Z,5.0178,4.8392,5.027,4.985,649.89,649.44,650.52,650.43,-0.063921,0.88753,19.849,23.734,-88.385
2219-10-09T15:30:00Z,5.0283,4.8441,4.991,4.9712,649.89,649.8,650.25,649.89,-0.012788,0.88753,19.882,23.046,-88.375
2219-10-09T15:40:00Z,4.9925,4.8242,5.019,4.9831,650.25,649.89,649.53,649.71,0.048105,0.88753,19.853,23.214,-87.873
2219-10-09T15:50:00Z,5.0202,4.844,4.9878,4.9727,650.25,649.8,650.16,650.25,0.0071492,0.88753,19.829,23.551,-88.172
2219-10-09T16:00:00Z,4.9977,4.8563,5.0017,4.9981,650.25,649.26,649.26,649.8,-0.026553,0.88753,20.019,23.062,-87.706
2219-10-09T16:10:00Z,4.9769,4.8421,4.9998,4.9856,649.89,650.43,649.8,650.16,0.50297,0.88866,20.417,22.898,-87.629
2219-10-09T16:20:00Z,4.9445,4.8281,4.9996,4.9624,650.25,650.07,649.71,650.16,1.0112,0.88866,20.874,22.616,-88.013
2219-10-09T16:30:00Z,5.003,4.8614,4.9808,5.0146,650.43,648.81,650.16,650.07,1.4719,0.88866,21.432,23.152,-87.207
2219-10-09T16:40:00Z,4.9589,4.817,4.9899,4.9893,650.52,649.53,649.8,649.35,2.0574,0.88866,21.935,23.011,-87.131
2219-10-09T16:50:00Z,4.961,4.8499,5.0128,4.9905,650.25,650.88,649.8,649.62,2.5211,0.88866,22.41,22.908,-87.546
2219-10-09T17:00:00Z,4.9791,4.8284,5.0123,4.983,649.53,649.71,650.07,649.44,3.0372,0.88866,22.939,22.707,-85.332
2219-10-09T17:10:00Z,5.0236,4.8266,4.9677,4.9912,649.8,650.34,650.07,649.98,3.5142,0.858,23.46,23.108,-83.945
2219-10-09T17:20:00Z,4.999,4.8586,5.0335,5.0021,650.34,649.98,649.35,650.16,4.0712,0.858,24.117,23.322,-84.257
2219-10-09T17:30:00Z,4.9748,4.878,5.0064,5.0052,650.25,649.89,649.53,649.53,4.5807,0.858,24.529,23.039,-83.16
2219-10-09T17:40:00Z,4.9785,4.8665,5.022,4.9445,650.7,649.98,649.71,651.24,5.1304,0.858,25.036,23.111,-80.618
2219-10-09T17:50:00Z,5.0015,4.8546,4.9946,5.0122,650.16,649.44,649.53,650.34,5.6149,0.858,25.523,23.547,-79.581
2219-10-09T18:00:00Z,5.0157,4.8781,4.9749,4.9817,650.25,650.52,651.06,650.61,6.1143,0.858,25.978,23.409,-78.635
2219-10-09T18:10:00Z,4.9497,4.8226,5.0242,4.9934,650.34,649.89,650.34,649.98,6.5763,0.83773,26.615,22.86,-76.823
2219-10-09T18:20:00Z,4.9511,4.8737,5.0109,4.9656,650.16,650.16,649.8,650.43,7.1706,0.83773,27.098,22.914,-74.983
2219-10-09T18:30:00Z,4.9893,4.8634,4.9927,4.9828,650.25,649.62,650.25,650.7,7.565,0.83773,27.538,23.129,-72.007
2219-10-09T18:40:00Z,4.9968,4.8594,4.991,5.0315,650.07,651.15,650.16,649.53,8.1889,0.83773,28.009,23.825,-68.981
2219-10-09T18:50:00Z,4.9881,4.8109,4.9902,5.0115,649.62,650.34,650.25,648.9,8.6628,0.83773,28.575,24.22,-66.758
2219-10-09T19:00:00Z,4.9727,4.8433,4.9774,4.9804,650.16,650.25,650.97,649.8,9.1668,0.83773,28.977,23.52,-66.168
2219-10-09T19:10:00Z,4.9581,4.8421,4.9744,5.0046,650.79,650.34,650.07,650.07,9.1636,0.82656,29.021,23.039,-64.318
2219-10-09T19:20:00Z,4.9889,4.8632,4.9694,4.9871,650.43,649.98,649.8,650.25,9.1908,0.82656,28.956,23.236,-62.814
2219-10-09T19:30:00Z,4.9636,4.8398,4.9754,5.0163,650.88,650.7,649.8,649.98,9.2303,0.82656,28.897,24.369,-61.028
2219-10-09T19:40:00Z,5.0195,4.8336,5.0398,4.9785,650.07,649.62,650.7,650.16,9.1682,0.82656,28.972,24.975,-60.578
2219-10-09T19:50:00Z,4.9725,4.84,4.9863,5.0024,650.16,649.98,650.43,649.71,9.1863,0.82656,28.891,24.654,-59.959
2219-10-09T20:00:00Z,5.0009,4.8585,5.0016,5.0228,650.07,650.61,649.89,650.52,9.2655,0.82656,29.034,23.861,-58.595
2219-10-09T20:10:00Z,4.9497,4.8504,4.9682,4.9582,649.71,649.8,649.89,650.25,9.2302,0.83129,28.928,23.915,-57.493
2219-10-09T20:20:00Z,4.9926,4.8577,4.9619,4.9631,649.53,649.17,650.61,650.16,9.2661,0.83129,28.995,24.084,-56.998
2219-10-09T20:30:00Z,4.9847,4.8199,4.9785,4.9904,650.07,650.07,650.7,649.89,9.2237,0.83129,28.925,24.28,-55.355
2219-10-09T20:40:00Z,4.9553,4.8153,4.9631,4.9754,650.25,649.8,650.88,650.34,9.3481,0.83129,29.007,24.031,-53.391
2219-10-09T20:50:00Z,4.9574,4.8351,4.9846,4.9451,650.07,650.61,650.43,650.43,9.3203,0.83129,29.117,24.543,-53.29
2219-10-09T21:00:00Z,4.9594,4.8064,4.9524,4.9943,650.07,650.52,650.16,649.44,9.3519,0.83129,29.107,24.497,-51.469
2219-10-09T21:10:00Z,4.9727,4.8447,4.9668,4.9566,649.89,649.8,650.07,649.71,9.3411,0.78402,29.05,23.847,-50.51
2219-10-09T21:20:00Z,4.9646,4.8363,4.9814,4.9645,650.7,650.88,649.71,650.16,9.3334,0.78402,29.089,23.482,-49.286
2219-10-09T21:30:00Z,5.0021,4.838,4.9731,4.9652,649.71,649.62,650.16,649.44,9.2949,0.78402,29.027,23.701,-48.65
2219-10-09T21:40:00Z,4.9761,4.8412,4.9483,4.9868,650.25,649.53,650.7,649.62,9.28,0.78402,29.116,23.5,-48.059
2219-10-09T21:50:00Z,5.0063,4.8572,4.9867,4.9924,650.16,650.07,649.62,650.07,9.3164,0.78402,28.973,22.795,-47.367
2219-10-09T22:00:00Z,4.9532,4.8292,4.9591,4.9776,649.71,650.16,649.8,649.35,9.2989,0.78402,29.082,23.579,-45.599
2219-10-09T22:10:00Z,4.9641,4.8186,4.924,4.9467,649.53,650.7,650.43,650.7,9.3831,0.79185,29.046,23.604,-45.077
2219-10-09T22:20:00Z,4.9682,4.8377,4.9457,4.9535,650.07,651.06,650.16,650.7,9.3506,0.79185,28.94,24.037,-44.153
2219-10-09T22:30:00Z,4.969,4.7824,4.9809,4.9359,650.43,650.07,649.53,650.43,9.3264,0.79185,29.063,24.518,-43.513
2219-10-09T22:40:00Z,4.9238,4.8451,4.9542,4.9333,650.97,649.71,650.16,650.97,9.3256,0.79185,29.041,24.474,-42.456
2219-10-09T22:50:00Z,4.9504,4.8163,4.9173,4.956,649.89,651.15,650.97,650.43,9.2945,0.79185,29.06,24.782,-42.25
2219-10-09T23:00:00Z,4.9474,4.7917,4.9272,4.9405,649.71,650.52,649.8,650.07,9.3379,0.79185,29.123,24.695,-40.663
2219-10-09T23:10:00Z,4.9417,4.85,4.9609,4.9351,649.71,649.89,650.07,650.43,9.3345,0.78157,28.967,24.187,-39.564
2219-10-09T23:20:00Z,4.9248,4.8156,4.9326,4.9507,650.7,650.16,650.34,650.16,9.3979,0.78157,29.069,24.351,-39.557
2219-10-09T23:30:00Z,4.9586,4.7624,4.9606,4.9643,649.62,650.25,649.26,649.98,9.3863,0.78157,29.096,23.899,-38.557
2219-10-09T23:40:00Z,4.9827,4.8305,4.9571,4.9435,650.43,649.62,649.71,650.52,9.3776,0.78157,29.091,23.422,-38.031
2219-10-09T23:50:00Z,4.9362,4.7869,4.9527,4.9557,650.07,650.25,650.16,650.43,9.3783,0.78157,29.051,23.238,-37.234
2219-10-10T00:00:00Z,4.9727,4.8063,4.8987,4.9301,649.8,649.62,649.53,650.43,9.4416,0.78157,29.066,23.823,-36.795
2219-10-10T00:10:00Z,4.9539,4.8085,4.9298,4.9233,650.25,649.89,649.98,649.98,9.3777,0.771,29.027,23.022,-37.592
2219-10-10T00:20:00Z,4.9659,4.8041,4.9059,4.9046,649.98,650.7,650.52,650.7,9.4227,0.771,28.953,23.505,-38.064
2219-10-10T00:30:00Z,4.9035,4.785,4.9527,4.9399,649.44,650.43,650.07,650.07,9.4199,0.771,29.044,23.814,-38.117
2219-10-10T00:40:00Z,4.9742,4.7851,4.953,4.9289,649.53,650.52,649.98,649.35,9.3475,0.771,28.995,23.613,-37.836
2219-10-10T00:50:00Z,4.9078,4.8464,4.9267,4.9377,650.07,650.61,650.79,650.34,9.4551,0.771,29.004,24.18,-36.762
2219-10-10T01:00:00Z,4.9186,4.7937,4.9778,4.9368,650.07,650.16,649.89,649.71,9.4424,0.771,29.037,24.969,-36.997
2219-10-10T01:10:00Z,4.9382,4.8159,4.9254,4.8794,650.25,650.16,650.52,650.52,9.3482,0.78757,28.9,24.671,-37.42
2219-10-10T01:20:00Z,4.8818,4.8286,4.9429,4.9392,650.07,650.43,650.52,649.71,9.309,0.78757,28.935,23.652,-37.125
2219-10-10T01:30:00Z,4.8818,4.7823,4.9178,4.9143,650.7,650.43,650.16,650.16,9.3279,0.78757,28.894,23.809,-36.587
2219-10-10T01:40:00Z,4.9532,4.8414,4.8937,4.928,650.34,649.62,650.25,650.61,9.4263,0.78757,29.053,24.344,-36.224
2219-10-10T01:50:00Z,4.9063,4.7757,4.9541,4.9251,650.79,650.25,650.52,649.89,9.4081,0.78757,28.92,24.293,-36.427
2219-10-10T02:00:00Z,4.9355,4.786,4.9778,4.9317,650.7,650.07,649.8,650.07,9.417,0.78757,28.969,24.024,-35.804
2219-10-10T02:10:00Z,4.9502,4.8131,4.9231,4.9595,649.08,650.52,649.89,649.44,9.4823,0.74412,29.1,24.452,-36.907
2219-10-10T02:20:00Z,4.939,4.7824,4.9048,4.9463,649.71,650.52,650.07,650.7,9.4259,0.74412,29.037,24.531,-36.033
2219-10-10T02:30:00Z,4.9185,4.805,4.894,4.9303,650.52,649.44,650.97,650.79,9.4459,0.74412,28.994,24.287,-35.944
2219-10-10T02:40:00Z,4.9488,4.7895,4.9176,4.8821,649.8,649.98,651.15,650.79,9.4496,0.74412,29.043,24.083,-36.804
2219-10-10T02:50:00Z,4.9221,4.7695,4.9182,4.9386,650.34,649.98,650.34,650.34,9.5384,0.74412,29.004,23.811,-36.445
2219-10-10T03:00:00Z,4.9356,4.7869,4.9467,4.954,649.98,649.89,648.9,650.25,9.3643,0.74412,29.022,22.822,-35.965
2219-10-10T03:10:00Z,4.9324,4.7884,4.9183,4.9408,650.43,649.71,650.16,649.08,9.4266,0.75133,29.022,22.915,-34.974
2219-10-10T03:20:00Z,4.9019,4.7853,4.9048,4.9166,649.35,650.16,650.34,649.89,9.4023,0.75133,29.146,22.986,-35.527
2219-10-10T03:30:00Z,4.9318,4.7785,4.9114,4.9157,649.62,649.44,651.33,650.61,9.5538,0.75133,29.121,23.118,-33.826
2219-10-10T03:40:00Z,4.9018,4.7666,4.9049,4.9285,649.35,649.89,649.53,650.16,9.4654,0.75133,29.155,23.784,-33.69
2219-10-10T03:50:00Z,4.9356,4.7903,4.9192,4.9186,649.62,650.88,650.25,649.8,9.54,0.75133,29.179,24.114,-33.7
2219-10-10T04:00:00Z,4.8992,4.7752,4.9327,4.9458,650.16,650.61,649.35,649.53,9.5091,0.75133,29.136,24.222,-32.906
2219-10-10T04:10:00Z,4.9283,4.7827,4.9525,4.9332,650.16,650.79,649.62,649.8,9.5658,0.70303,29.191,25.036,-32.936
2219-10-10T04:20:00Z,4.9325,4.7514,4.9554,4.8753,648.99,649.71,649.89,650.25,9.5456,0.70303,29.079,25.292,-34.038
2219-10-10T04:30:00Z,4.9251,4.7874,4.8993,4.9643,649.26,650.7,650.97,650.07,9.5753,0.70303,29.041,25.314,-34.658
2219-10-10T04:40:00Z,4.9172,4.7938,4.9269,4.9505,650.61,650.16,649.26,650.43,9.4727,0.70303,29.073,25.026,-34.12
2219-10-10T04:50:00Z,4.9439,4.7373,4.9529,4.9378,649.89,650.52,650.34,649.71,9.4046,0.70303,28.975,24.491,-33.224
2219-10-10T05:00:00Z,4.8928,4.8065,4.9391,4.942,650.43,649.71,650.43,649.08,9.4106,0.70303,28.976,24.037,-32.514
2219-10-10T05:10:00Z,4.8787,4.753,4.8966,4.913,649.98,650.97,650.34,650.43,9.4258,0.75997,28.926,23.697,-32.32
2219-10-10T05:20:00Z,4.9461,4.7889,4.9093,4.9235,649.62,650.43,650.34,651.33,9.3734,0.75997,28.911,23.282,-32.231
2219-10-10T05:30:00Z,4.9055,4.7828,4.9207,4.9209,650.97,650.25,650.52,649.98,9.347,0.75997,28.997,23.059,-30.167
2219-10-10T05:40:00Z,4.9088,4.8179,4.9238,4.9088,650.43,649.71,649.71,649.71,9.4216,0.75997,28.955,23.409,-30.225
2219-10-10T05:50:00Z,4.89,4.7863,4.9055,4.902,649.44,650.79,650.07,650.7,9.4449,0.75997,28.976,23.094,-29.7
2219-10-10T06:00:00Z,4.9478,4.7756,4.9385,4.9025,650.61,650.07,650.52,650.43,9.4269,0.75997,29.013,23.474,-29.132
2219-10-10T06:10:00Z,4.9086,4.7864,4.9052,4.9428,650.25,650.25,649.44,650.52,9.4644,0.7197,28.89,22.965,-27.843
2219-10-10T06:20:00Z,4.9436,4.7838,4.8837,4.9322,650.25,650.16,650.61,649.62,9.523,0.7197,29.156,22.951,-29.201
2219-10-10T06:30:00Z,4.9245,4.7847,4.8791,4.892,649.44,650.25,650.61,650.25,9.5437,0.7197,29.069,22.744,-28.769
2219-10-10T06:40:00Z,4.8867,4.7899,4.9251,4.9272,650.79,650.07,649.8,650.16,9.5816,0.7197,29.119,21.967,-28.093
2219-10-10T06:50:00Z,4.9547,4.7773,4.9094,4.8912,649.8,650.61,650.88,650.79,9.5203,0.7197,28.912,22.362,-27.514
2219-10-10T07:00:00Z,4.8893,4.7625,4.9366,4.9558,650.52,650.25,649.98,650.16,9.5065,0.7197,29.044,23.165,-27.737
2219-10-10T07:10:00Z,4.9205,4.7906,4.9001,4.9159,649.8,650.34,650.25,649.98,9.4932,0.72856,29.03,23.712,-28.607
2219-10-10T07:20:00Z,4.9333,4.7837,4.92,4.918,650.16,649.98,650.07,650.07,9.3388,0.72856,28.768,24.056,-29.198
2219-10-10T07:30:00Z,4.9134,4.761,4.9214,4.9191,649.8,649.89,650.25,650.79,8.9386,0.72856,28.375,24.325,-29.194
2219-10-10T07:40:00Z,4.9126,4.7503,4.9402,4.9373,650.7,651.33,650.07,649.71,8.3993,0.72856,27.779,24.113,-29.613
2219-10-10T07:50:00Z,4.924,4.7869,4.8995,4.9041,649.17,650.25,650.07,648.81,7.8318,0.72856,27.315,24.629,-28.244
2219-10-10T08:00:00Z,4.9166,4.7999,4.913,4.9341,650.52,650.34,650.52,650.7,7.268,0.72856,26.633,24.535,-29.5
2219-10-10T08:10:00Z,4.9044,4.7465,4.9351,4.9103,650.97,650.07,648.27,649.53,6.8442,0.74041,26.134,24.214,-30.61
2219-10-10T08:20:00Z,4.8937,4.8147,4.9091,4.9364,649.89,650.07,650.7,650.43,6.3139,0.74041,25.647,23.589,-31.655
2219-10-10T08:30:00Z,4.9095,4.7683,4.882,4.8818,650.34,650.7,650.34,649.53,5.7049,0.74041,25.101,23.204,-33.611
2219-10-10T08:40:00Z,4.9041,4.6958,4.9291,4.9307,649.62,650.34,649.71,649.89,5.154,0.74041,24.554,23.546,-34.076
2219-10-10T08:50:00Z,4.9346,4.7899,4.9156,4.9631,649.8,649.8,649.53,649.89,4.6674,0.74041,24.072,24.962,-35.221
2219-10-10T09:00:00Z,4.9111,4.7838,4.8841,4.906,649.89,649.44,649.98,650.16,4.2149,0.74041,23.627,24.935,-37.29
2219-10-10T09:10:00Z,4.9015,4.7549,4.9348,4.9014,649.71,649.98,649.8,649.71,3.6521,0.75024,23.063,24.036,-38.32
2219-10-10T09:20:00Z,4.8804,4.7519,4.8969,4.911,649.44,649.98,650.7,649.98,3.081,0.75024,22.56,24.195,-39.475
2219-10-10T09:30:00Z,4.8955,4.8089,4.9548,4.9138,650.43,649.98,649.98,650.16,2.636,0.75024,21.978,23.86,-40.629
2219-10-10T09:40:00Z,4.897,4.8063,4.9078,4.9571,650.79,650.25,649.8,650.34,2.0907,0.75024,21.526,23.706,-42.019
2219-10-10T09:50:00Z,4.8863,4.7659,4.9204,4.9282,650.34,650.16,650.52,649.8,1.5911,0.75024,21.032,23.757,-43.673
2219-10-10T10:00:00Z,4.8926,4.8051,4.9088,4.8934,650.07,649.26,649.53,649.89,1.0983,0.75024,20.471,23.436,-46.144
2219-10-10T10:10:00Z,4.9233,4.7958,4.9152,4.9494,650.07,649.89,650.43,650.07,0.51419,0.73774,19.966,22.719,-47.912
2219-10-10T10:20:00Z,4.9179,4.7529,4.9496,4.9333,649.62,650.34,649.08,649.62,0.093694,0.73774,19.525,21.811,-49.976
2219-10-10T10:30:00Z,4.9082,4.7812,4.9216,4.9488,650.34,649.62,650.34,649.89,-0.022723,0.73774,19.52,21.494,-52.48
2219-10-10T10:40:00Z,4.9217,4.8055,4.9717,4.9476,650.16,649.62,649.35,650.16,0.021998,0.73774,19.498,22.041,-53.114
2219-10-10T10:50:00Z,4.966,4.7703,4.8778,4.8942,649.44,650.43,650.52,650.25,0.035812,0.73774,19.572,21.952,-56.062
2219-10-10T11:00:00Z,4.8888,4.7777,4.8985,4.931,650.34,649.17,650.52,649.62,-0.023477,0.73774,19.54,21.338,-58.037
2219-10-10T11:10:00Z,4.9147,4.7933,4.8984,4.9334,649.44,649.44,650.52,649.8,-0.00087746,0.73802,19.527,21.261,-58.693
2219-10-10T11:20:00Z,4.9514,4.8242,4.9156,4.9753,650.52,649.26,650.34,649.53,-0.036774,0.73802,19.498,21.578,-59.585
2219-10-10T11:30:00Z,4.9535,4.7744,4.9332,4.937,649.62,650.07,649.71,649.62,-0.015155,0.73802,19.461,22.096,-61.121
2219-10-10T11:40:00Z,4.9284,4.8417,4.9409,4.9012,649.53,650.16,649.62,650.34,-0.064738,0.73802,19.539,22.379,-61.483
2219-10-10T11:50:00Z,4.9398,4.813,4.9179,4.8998,649.98,648.54,650.07,650.25,-0.038137,0.73802,19.653,22.373,-62.948
2219-10-10T12:00:00Z,4.9014,4.8098,4.9246,4.9195,649.71,649.17,650.16,650.16,0.011909,0.73802,19.657,22.077,-64.577
2219-10-10T12:10:00Z,4.9476,4.8076,4.9426,4.9547,649.53,649.26,649.62,649.71,0.0046487,0.76229,19.608,22.461,-66.64
2219-10-10T12:20:00Z,4.9337,4.8052,4.9516,4.9755,649.89,650.25,649.98,649.62,-0.03871,0.76229,19.668,23.474,-68.834
2219-10-10T12:30:00Z,4.8879,4.8032,4.936,4.8946,650.07,649.44,649.62,650.43,0.0325,0.76229,19.582,22.776,-69.23
2219-10-10T12:40:00Z,4.9573,4.8421,4.9638,4.9181,649.08,649.44,649.8,649.35,-0.012011,0.76229,19.665,22.861,-71.197
2219-10-10T12:50:00Z,4.9554,4.8299,4.9469,4.9273,649.53,649.08,650.25,649.8,-0.0079704,0.76229,19.64,22.899,-71.46
2219-10-10T13:00:00Z,4.9462,4.779,4.9623,4.9369,649.89,650.52,649.44,650.34,-0.012548,0.76229,19.711,22.299,-72.643
2219-10-10T13:10:00Z,4.9344,4.8014,4.9188,4.9263,648.81,650.34,651.15,649.98,0.046014,0.78146,19.636,23.331,-72.837
2219-10-10T13:20:00Z,4.9512,4.799,4.9369,4.9505,650.52,649.44,649.71,650.52,-0.024834,0.78146,19.67,23.584,-73.494
