time,FT-401,FT-402,TT-403,TT-404,AT-403,WT-405,WT-406,JI-410
2219-09-26T13:40:00Z,20.085,1114,900.6,295.92,95,13.422,12.271,68.459
2219-09-26T13:50:00Z,19.695,1088,898.32,293.04,95,13.662,12.24,68.981
2219-09-26T14:00:00Z,19.95,1095,898.44,300.42,95,13.401,12.634,69.168
2219-09-26T14:10:00Z,20.145,1100,898.92,297.9,95,13.32,12.463,67.229
2219-09-26T14:20:00Z,20.055,1109,899.4,295.02,95,13.398,12.647,69.442
2219-09-26T14:30:00Z,20.1,1099,899.16,297.18,95,13.43,12.443,68.173
2219-09-26T14:40:00Z,20.16,1090,900.72,299.52,95,13.623,12.459,67.154
2219-09-26T14:50:00Z,19.86,1108,900.48,299.22,95,13.738,12.21,72.891
2219-09-26T15:00:00Z,20.055,1105,900.72,301.08,95,13.308,12.584,68.947
2219-09-26T15:10:00Z,20.04,1091,899.52,302.64,95,13.507,12.309,68.001
2219-09-26T15:20:00Z,19.935,1082,900,299.22,95,13.692,12.634,64.538
2219-09-26T15:30:00Z,19.725,1070,901.56,299.82,95,13.621,12.402,65.081
2219-09-26T15:40:00Z,19.815,1088,899.52,303.48,95,13.672,12.002,62.75
2219-09-26T15:50:00Z,20.055,1104,900.96,305.16,95,13.499,12.531,67.744
2219-09-26T16:00:00Z,20.07,1091,901.08,304.44,95,13.733,12.567,67.91
2219-09-26T16:10:00Z,20.07,1106,901.8,306.48,95,13.481,12.142,69.217
2219-09-26T16:20:00Z,19.965,1089,900.6,308.52,95,13.222,12.654,67.666
2219-09-26T16:30:00Z,20.16,1091,901.8,304.68,95,13.617,12.554,68.499
2219-09-26T16:40:00Z,19.89,1089,900.24,300.9,95,13.581,12.679,65.545
2219-09-26T16:50:00Z,19.92,1116,899.4,298.02,95,13.269,12.395,68.415
2219-09-26T17:00:00Z,20.295,1113,900.36,303.84,95.5,13.249,12.355,68.448
2219-09-26T17:10:00Z,20.01,1121,899.76,301.14,95.5,13.683,12.277,72.23
2219-09-26T17:20:00Z,20.175,1099,900.12,303.78,95.5,13.439,12.305,68.817
2219-09-26T17:30:00Z,19.995,1093,899.76,300.18,95.5,13.253,12.924,66.912
2219-09-26T17:40:00Z,19.965,1093,900.24,304.32,95.5,13.428,12.31,65.14
2219-09-26T17:50:00Z,20.085,1111,898.8,296.94,95.5,13.587,12.629,68.827
2219-09-26T18:00:00Z,20.235,1100,899.16,300.54,95.5,13.485,13.051,70.246
2219-09-26T18:10:00Z,20.205,1127,899.04,296.1,95.5,13.596,12.132,68.841
2219-09-26T18:20:00Z,20.175,1075,899.04,298.5,95.5,13.52,12.146,67.972
2219-09-26T18:30:00Z,20.28,1095,900.12,301.74,95.5,13.83,12.453,67.699
2219-09-26T18:40:00Z,19.965,1095,899.28,304.44,95.5,13.42,12.763,70.167
2219-09-26T18:50:00Z,20.1,1121,900.96,301.02,95.5,13.527,12.56,67.983
2219-09-26T19:00:00Z,20.025,1096,899.88,295.62,95.5,13.558,12.417,69.035
2219-09-26T19:10:00Z,19.92,1122,900.36,297.36,95.5,13.334,12.222,68.971
2219-09-26T19:20:00Z,19.605,1094,899.76,293.16,95.5,13.515,12.416,67.271
2219-09-26T19:30:00Z,20.025,1095,898.8,289.68,95.5,13.458,12.36,67.612
2219-09-26T19:40:00Z,19.935,1082,898.56,297.48,95.5,13.355,12.512,67.108
2219-09-26T19:50:00Z,20.025,1111,900,299.88,95.5,13.511,12.289,70.716
2219-09-26T20:00:00Z,19.83,1087,900.12,299.04,95.5,13.782,12.796,66.51
2219-09-26T20:10:00Z,20.115,1100,900.48,303,95.5,13.691,12.166,67.224
2219-09-26T20:20:00Z,20.055,1110,901.2,299.04,95.5,13.471,12.488,65.318
2219-09-26T20:30:00Z,19.5,1065,899.76,300.96,95.5,13.613,12.586,62.852
2219-09-26T20:40:00Z,19.905,1110,899.88,301.68,95.5,13.499,12.583,67.48
2219-09-26T20:50:00Z,20.34,1105,900.84,296.64,95.5,13.405,12.5,69.932
2219-09-26T21:00:00Z,19.95,1104,900.6,297.66,95,13.421,12.492,69.561
2219-09-26T21:10:00Z,19.725,1113,899.52,298.14,95,13.624,12.231,69.939
2219-09-26T21:20:00Z,20.055,1099,900.36,305.64,95,13.779,11.974,69.895
2219-09-26T21:30:00Z,19.935,1106,900.48,301.98,95,13.521,12.721,73.129
2219-09-26T21:40:00Z,20.01,1112,900.24,300.18,95,13.653,12.389,75.035
2219-09-26T21:50:00Z,20.04,1100,900.12,300.96,95,13.446,12.21,72.478
2219-09-26T22:00:00Z,20.265,1096,899.04,296.82,95,13.7,11.93,69.833
2219-09-26T22:10:00Z,20.01,1096,898.92,290.88,95,13.579,12.252,65.36
2219-09-26T22:20:00Z,20.34,1103,900.24,295.8,95,13.513,12.631,70.399
2219-09-26T22:30:00Z,20.22,1094,900,299.46,95,13.701,12.363,72.488
2219-09-26T22:40:00Z,19.815,1113,901.68,298.56,95,13.738,12.135,67.51
2219-09-26T22:50:00Z,19.98,1127,899.28,289.38,95,13.395,12.755,69.791
2219-09-26T23:00:00Z,19.89,1131,899.16,289.68,95,13.311,12.506,68.174
2219-09-26T23:10:00Z,20.1,1113,898.56,294.06,95,13.664,12.274,68.105
2219-09-26T23:20:00Z,20.085,1115,900.72,296.64,95,13.329,12.859,68.941
2219-09-26T23:30:00Z,20.1,1124,900.48,296.4,95,13.545,12.496,69.875
2219-09-26T23:40:00Z,19.905,1080,899.64,294.36,95,13.468,12.225,70.264
2219-09-26T23:50:00Z,20.04,1077,899.88,291.66,95,13.494,12.679,66.41
2219-09-27T00:00:00Z,20.16,1086,898.92,286.02,95,13.46,12.742,63.807
2219-09-27T00:10:00Z,20.025,1085,899.52,280.68,95,13.617,12.493,68.03
2219-09-27T00:20:00Z,19.965,1115,897.48,271.92,95,13.544,12.459,70.069
2219-09-27T00:30:00Z,20.055,1130,896.76,268.68,95,13.502,12.73,71.033
2219-09-27T00:40:00Z,19.92,1103,896.28,268.62,95,13.586,11.984,70.82
2219-09-27T00:50:00Z,20.01,1117,897.36,273.9,95,13.665,11.961,71.417
2219-09-27T01:00:00Z,20.085,1097,898.68,273.78,94.5,13.674,12.427,66.289
2219-09-27T01:10:00Z,20.04,1125,900.6,269.28,94.5,13.653,12.639,68.052
2219-09-27T01:20:00Z,20.22,1091,898.2,268.08,94.5,13.405,12.559,68.166
2219-09-27T01:30:00Z,20.145,1099,899.16,268.44,94.5,13.652,12.321,69.899
2219-09-27T01:40:00Z,19.755,1084,899.04,267.42,94.5,13.703,12.09,69.942
2219-09-27T01:50:00Z,19.785,1095,899.28,272.58,94.5,13.577,12.126,70.667
2219-09-27T02:00:00Z,20.01,1105,900.36,270.42,94.5,13.693,11.993,73.136
2219-09-27T02:10:00Z,20.28,1081,899.88,267.84,94.5,13.646,12.384,69.983
2219-09-27T02:20:00Z,19.8,1102,900.96,276.12,94.5,13.364,12.407,70.866
2219-09-27T02:30:00Z,20.01,1101,901.08,271.62,94.5,13.573,11.876,66.563
2219-09-27T02:40:00Z,19.98,1105,899.88,272.34,94.5,13.578,12.533,63.15
2219-09-27T02:50:00Z,19.83,1085,899.4,272.76,94.5,13.768,12.674,63.866
2219-09-27T03:00:00Z,19.83,1088,899.64,272.94,94.5,13.367,12.5,68.662
2219-09-27T03:10:00Z,19.8,1095,899.88,274.02,94.5,13.64,12.574,69.876
2219-09-27T03:20:00Z,19.425,1079,899.76,270.54,94.5,13.511,12.342,70.501
2219-09-27T03:30:00Z,19.875,1085,899.04,268.68,94.5,13.611,12.519,69.027
2219-09-27T03:40:00Z,19.965,1127,899.04,269.4,94.5,13.781,12.871,72.313
2219-09-27T03:50:00Z,20.19,1110,900,271.68,94.5,13.202,12.127,67.787
2219-09-27T04:00:00Z,20.055,1091,900.24,275.64,94.5,13.54,12.045,68.937
2219-09-27T04:10:00Z,19.95,1121,902.16,279.66,94.5,13.598,12.292,68.985
2219-09-27T04:20:00Z,19.935,1083,902.16,282.96,94.5,13.506,12.671,73.019
2219-09-27T04:30:00Z,19.89,1118,900.6,281.1,94.5,13.696,12.448,72.53
2219-09-27T04:40:00Z,20.19,1127,900.84,282.48,94.5,13.487,12.46,72.533
2219-09-27T04:50:00Z,19.56,1137,900.96,283.98,94.5,13.454,12.002,71.691
2219-09-27T05:00:00Z,19.995,1087,901.32,286.8,96,13.615,12.543,69.465
2219-09-27T05:10:00Z,19.725,1091,901.32,286.02,96,13.78,12.481,66.438
2219-09-27T05:20:00Z,20.13,1120,900.72,284.94,96,13.721,12.315,64.762
2219-09-27T05:30:00Z,19.875,1108,900.96,286.68,96,13.653,12.562,67.519
2219-09-27T05:40:00Z,19.965,1088,898.92,280.8,96,13.536,12.375,67.126
2219-09-27T05:50:00Z,19.845,1083,900,283.62,96,13.383,12.751,67.723
2219-09-27T06:00:00Z,19.995,1130,900.36,283.38,96,13.676,12.459,67.124
2219-09-27T06:10:00Z,19.74,1115,899.88,284.82,96,13.609,12.53,68.538
2219-09-27T06:20:00Z,19.845,1110,899.28,279.3,96,13.739,12.58,65.939
2219-09-27T06:30:00Z,20.1,1078,899.52,278.04,96,13.473,12.219,63.56
2219-09-27T06:40:00Z,19.98,1062,900.24,284.64,96,13.74,12.75,67.423
2219-09-27T06:50:00Z,19.86,1110,900.36,285.84,96,13.487,12.449,62.849
2219-09-27T07:00:00Z,19.935,1101,900.84,289.92,96,13.338,12.497,63.42
2219-09-27T07:10:00Z,19.995,1087,901.32,287.16,96,13.536,12.367,62.556
2219-09-27T07:20:00Z,20.04,1049,900.84,287.22,96,13.692,12.408,61.708
2219-09-27T07:30:00Z,19.98,1091,901.2,288.84,96,13.538,12.206,65.214
2219-09-27T07:40:00Z,20.19,1090,900.36,286.68,96,13.342,12.478,64.495
2219-09-27T07:50:00Z,20.025,1114,899.64,285.18,96,13.571,12.426,67.38
2219-09-27T08:00:00Z,20.025,1093,899.52,284.58,96,13.36,12.357,62.665
2219-09-27T08:10:00Z,19.95,1094,898.56,286.02,96,13.388,12.457,66.247
2219-09-27T08:20:00Z,19.98,1099,900.36,284.22,96,13.843,12.355,66.683
2219-09-27T08:30:00Z,19.995,1097,899.4,286.14,96,13.543,12.91,69.82
2219-09-27T08:40:00Z,20.115,1111,899.28,292.5,96,13.561,12.114,65.764
2219-09-27T08:50:00Z,20.04,1102,900.24,291.48,96,13.631,12.622,66.985
2219-09-27T09:00:00Z,19.95,1111,901.08,292.56,94.5,13.158,12.494,64.591
2219-09-27T09:10:00Z,20.055,1097,900.84,294.78,94.5,13.484,12.129,65
2219-09-27T09:20:00Z,19.575,1107,901.2,295.14,94.5,13.438,12.184,64.451
2219-09-27T09:30:00Z,20.01,1093,900.36,290.34,94.5,13.743,12.354,67.42
2219-09-27T09:40:00Z,20.07,1125,898.8,291.84,94.5,13.805,12.406,69.446
2219-09-27T09:50:00Z,20.1,1112,899.76,293.04,94.5,13.436,12.137,71.418
2219-09-27T10:00:00Z,20.04,1083,900.84,295.32,94.5,13.806,12.876,70.287
2219-09-27T10:10:00Z,19.83,1120,900.72,296.28,94.5,13.35,12.515,67.694
2219-09-27T10:20:00Z,19.815,1106,900,297.18,94.5,13.637,12.677,68.642
2219-09-27T10:30:00Z,20.055,1114,901.2,299.34,94.5,13.611,12.29,65.59
2219-09-27T10:40:00Z,19.845,1083,901.56,295.14,94.5,13.455,12.385,63.984
2219-09-27T10:50:00Z,19.995,1089,900.48,294.78,94.5,13.526,12.488,69.291
2219-09-27T11:00:00Z,20.1,1102,899.52,295.2,94.5,13.554,12.179,70.885
2219-09-27T11:10:00Z,20.115,1098,900.24,297.24,94.5,13.63,12.356,67.292
2219-09-27T11:20:00Z,20.295,1078,899.64,294.36,94.5,13.593,12.636,66.88
2219-09-27T11:30:00Z,19.86,1095,899.16,290.28,94.5,13.647,12.482,70.903
2219-09-27T11:40:00Z,19.95,1115,900.36,294.36,94.5,13.247,12.774,69.299
2219-09-27T11:50:00Z,20.175,1092,898.92,291.9,94.5,13.526,12.256,67.882
2219-09-27T12:00:00Z,19.98,1086,900.24,290.64,94.5,13.707,12.377,64.21
2219-09-27T12:10:00Z,19.935,1078,899.64,294.42,94.5,13.533,12.422,64.964
2219-09-27T12:20:00Z,20.07,1079,900.84,296.58,94.5,13.564,12.214,65.996
2219-09-27T12:30:00Z,20.01,1085,900.48,293.22,94.5,13.784,12.531,65.044
2219-09-27T12:40:00Z,19.95,1094,899.88,289.74,94.5,13.42,12.556,71.673
2219-09-27T12:50:00Z,19.995,1072,898.56,287.76,94.5,13.454,12.815,69.265
2219-09-27T13:00:00Z,20.13,1119,899.4,295.26,94.5,13.729,12.668,71.477
2219-09-27T13:10:00Z,19.95,1084,901.08,298.38,94.5,13.59,12.379,72.508
2219-09-27T13:20:00Z,20.145,1119,900.6,299.1,94.5,13.434,12.431,70.242
2219-09-27T13:30:00Z,19.965,1095,902.04,298.38,94.5,13.669,12.232,68.412
2219-09-27T13:40:00Z,20.28,1068,901.68,301.26,94.5,13.479,12.483,67.558
2219-09-27T13:50:00Z,19.92,1113,901.2,297.12,94.5,13.461,12.286,70.452
2219-09-27T14:00:00Z,19.875,1096,900.36,299.04,94.5,13.471,12.134,70.634
2219-09-27T14:10:00Z,19.98,1077,900,297.3,94.5,13.728,12.041,69.224
2219-09-27T14:20:00Z,20.04,1108,898.44,293.88,94.5,13.668,12.448,70.097
2219-09-27T14:30:00Z,20.235,1075,897.96,289.2,94.5,13.433,12.49,65.787
2219-09-27T14:40:00Z,20.145,1116,898.44,284.94,94.5,13.361,12.354,68.622
2219-09-27T14:50:00Z,19.86,1073,900,290.28,94.5,13.565,12.669,69.314
2219-09-27T15:00:00Z,19.905,1126,899.04,288.54,94.5,13.524,12.4,71.201
2219-09-27T15:10:00Z,19.89,1116,899.16,289.62,94.5,13.396,12.382,70.801
2219-09-27T15:20:00Z,20.115,1099,900.36,290.7,94.5,13.577,11.98,67.117
2219-09-27T15:30:00Z,19.89,1107,900.96,293.34,94.5,13.697,12.66,66.117
2219-09-27T15:40:00Z,20.325,1105,899.88,291.48,94.5,13.731,12.253,68.364
2219-09-27T15:50:00Z,20.07,1111,899.76,297.36,94.5,13.479,12.064,65.427
2219-09-27T16:00:00Z,19.86,1073,900.84,297.12,94.5,13.751,12.533,67.694
2219-09-27T16:10:00Z,19.98,1072,899.76,298.68,94.5,13.403,12.381,67.968
2219-09-27T16:20:00Z,19.935,1103,900.72,302.46,94.5,13.449,12.479,65.823
2219-09-27T16:30:00Z,20.265,1115,901.92,304.08,94.5,13.505,12.604,67.789
2219-09-27T16:40:00Z,20.205,1084,900.84,299.16,94.5,13.353,12.457,65.44
2219-09-27T16:50:00Z,20.1,1101,900.48,300.3,94.5,13.602,12.662,69.749
2219-09-27T17:00:00Z,20.22,1100,900.24,306.36,95,13.49,12.113,69.824
2219-09-27T17:10:00Z,20.19,1097,900.36,307.8,95,13.45,12.635,68.805
2219-09-27T17:20:00Z,20.1,1090,899.88,303.54,95,13.287,12.485,68.418
2219-09-27T17:30:00Z,19.98,1085,900.84,304.08,95,13.349,12.647,71.374
2219-09-27T17:40:00Z,20.205,1108,900.6,300.6,95,13.208,12.513,70.233
2219-09-27T17:50:00Z,20.04,1109,900.48,307.26,95,13.495,12.412,70.881
2219-09-27T18:00:00Z,20.055,1115,900.72,308.04,95,13.641,12.756,71.586
2219-09-27T18:10:00Z,20.22,1088,900.48,308.82,95,13.282,12.247,70.93
2219-09-27T18:20:00Z,19.965,1091,900.36,310.5,95,13.617,12.208,68.243
2219-09-27T18:30:00Z,20.13,1095,900,304.32,95,13.595,12.388,69.996
2219-09-27T18:40:00Z,20.1,1106,900.36,300.18,95,13.426,12.266,69.662
2219-09-27T18:50:00Z,20.355,1090,898.8,300.3,95,13.514,12.175,67.926
2219-09-27T19:00:00Z,20.19,1116,897.84,295.62,95,13.679,12.013,63.5
2219-09-27T19:10:00Z,20.205,1105,898.32,294.54,95,13.362,12.24,68.226
2219-09-27T19:20:00Z,19.965,1099,899.16,296.52,95,13.657,12.542,67.601
2219-09-27T19:30:00Z,19.995,1085,899.28,296.58,95,13.781,12.251,64.693
2219-09-27T19:40:00Z,20.25,1105,899.88,297.84,95,13.752,12.253,65.977
2219-09-27T19:50:00Z,19.92,1085,900.36,302.04,95,13.547,12.405,65.348
2219-09-27T20:00:00Z,20.01,1116,900.96,307.14,95,13.652,12.399,68.552
2219-09-27T20:10:00Z,19.98,1127,901.44,307.14,95,13.247,12.431,69.451
2219-09-27T20:20:00Z,19.845,1123,900.24,302.4,95,13.536,12.581,70.678
2219-09-27T20:30:00Z,20.16,1091,900.12,305.94,95,13.356,12.402,71.689
2219-09-27T20:40:00Z,19.95,1065,900.96,307.38,95,13.642,12.346,70.882
2219-09-27T20:50:00Z,20.085,1121,900.12,303.66,95,13.402,12.441,75.052
2219-09-27T21:00:00Z,19.995,1113,899.64,304.68,94.5,13.708,12.38,73.337
2219-09-27T21:10:00Z,20.295,1082,899.4,303.96,94.5,13.74,12.414,69.053
2219-09-27T21:20:00Z,20.115,1081,899.64,299.94,94.5,13.72,12.236,70.67
2219-09-27T21:30:00Z,19.92,1101,900.24,299.58,94.5,13.862,12.546,70.635
2219-09-27T21:40:00Z,20.1,1098,898.92,300.96,94.5,13.395,12.627,68.454
2219-09-27T21:50:00Z,20.04,1126,899.52,305.94,94.5,13.332,12.683,67.358
2219-09-27T22:00:00Z,20.22,1120,901.08,308.1,94.5,13.355,12.368,66.045
2219-09-27T22:10:00Z,20.01,1089,901.2,308.04,94.5,13.709,12.733,68.117
2219-09-27T22:20:00Z,20.19,1118,900.24,310.08,94.5,13.506,12.661,69.252
2219-09-27T22:30:00Z,20.19,1101,901.56,312.42,94.5,13.315,12.889,66.026
2219-09-27T22:40:00Z,20.1,1097,900.48,313.68,94.5,13.494,12.209,64.896
2219-09-27T22:50:00Z,20.085,1096,900.12,310.32,94.5,13.556,12.163,65.822
2219-09-27T23:00:00Z,19.83,1118,901.56,310.44,94.5,13.59,12.505,67.02
2219-09-27T23:10:00Z,20.01,1115,899.16,308.82,94.5,13.572,12.235,65.947
2219-09-27T23:20:00Z,20.13,1119,899.04,310.32,94.5,13.634,12.612,64.511
2219-09-27T23:30:00Z,20.4,1073,900.36,306.3,94.5,13.958,12.011,69.02
2219-09-27T23:40:00Z,19.86,1089,898.8,305.82,94.5,13.206,12.341,68.79
2219-09-27T23:50:00Z,19.815,1094,898.68,306.3,94.5,13.649,12.519,70.889
2219-09-28T00:00:00Z,19.83,1107,899.64,309.24,94.5,13.392,12.845,70.906
2219-09-28T00:10:00Z,20.085,1141,900.6,307.62,94.5,13.716,12.572,68.18
2219-09-28T00:20:00Z,20.16,1112,899.88,304.26,94.5,13.443,12.693,70.303
2219-09-28T00:30:00Z,19.77,1086,899.16,299.04,94.5,13.405,12.209,69.967
2219-09-28T00:40:00Z,19.965,1092,898.44,298.5,94.5,13.834,12.544,71.446
2219-09-28T00:50:00Z,20.205,1094,898.08,298.02,94.5,13.531,12.749,70.114
2219-09-28T01:00:00Z,19.98,1112,899.4,296.28,94.5,13.705,12.742,71.769
2219-09-28T01:10:00Z,20.07,1103,897.48,296.52,94.5,13.326,12.542,70.282
2219-09-28T01:20:00Z,19.86,1093,900.12,298.02,94.5,13.482,12.548,70.866
2219-09-28T01:30:00Z,19.995,1082,900.12,302.46,94.5,13.931,12.757,69.613
2219-09-28T01:40:00Z,20.055,1099,900.12,305.46,94.5,13.442,12.298,70.225
2219-09-28T01:50:00Z,19.905,1149,901.92,306.96,94.5,13.643,12.476,71.264
2219-09-28T02:00:00Z,20.115,1129,901.56,309.9,94.5,13.853,12.706,71.173
2219-09-28T02:10:00Z,19.59,1104,902.04,309.6,94.5,13.532,12.819,67.281
2219-09-28T02:20:00Z,20.085,1075,900.72,309.96,94.5,13.547,12.256,69.286
2219-09-28T02:30:00Z,19.995,1107,899.64,308.22,94.5,13.627,12.976,69.721
2219-09-28T02:40:00Z,20.055,1131,901.32,311.76,94.5,13.504,12.68,70.052
2219-09-28T02:50:00Z,19.98,1113,901.32,314.28,94.5,13.517,12.536,70.213
2219-09-28T03:00:00Z,20.16,1095,899.52,313.02,94.5,13.922,12.828,72.11
2219-09-28T03:10:00Z,19.995,1104,900.12,310.5,94.5,13.348,12.574,68.305
2219-09-28T03:20:00Z,19.92,1091,899.52,307.26,94.5,13.355,12.597,68.956
2219-09-28T03:30:00Z,20.07,1092,899.52,305.58,94.5,13.598,12.598,70.332
2219-09-28T03:40:00Z,20.115,1094,900.24,303.54,94.5,13.449,12.146,69.856
2219-09-28T03:50:00Z,20.1,1129,898.56,300.66,94.5,13.558,12.671,68.778
2219-09-28T04:00:00Z,19.995,1124,898.56,300.06,94.5,13.375,12.053,69.749
2219-09-28T04:10:00Z,20.25,1129,899.16,299.58,94.5,13.415,12.324,68.855
2219-09-28T04:20:00Z,19.74,1118,899.4,293.7,94.5,13.54,12.333,69.748
2219-09-28T04:30:00Z,20.1,1111,897.96,292.5,94.5,13.565,12.689,70.618
2219-09-28T04:40:00Z,19.875,1113,899.64,297.6,94.5,13.542,12.281,72.689
2219-09-28T04:50:00Z,19.65,1092,899.28,301.32,94.5,13.16,12.324,69.687
2219-09-28T05:00:00Z,20.055,1087,899.64,303.48,95,13.399,12.194,66.55
2219-09-28T05:10:00Z,20.385,1103,901.32,298.74,95,13.393,12.597,66.307
2219-09-28T05:20:00Z,19.92,1082,900.84,300.24,95,13.589,12.229,65.892
2219-09-28T05:30:00Z,20.175,1111,900.36,298.74,95,13.657,12.545,66.336
2219-09-28T05:40:00Z,19.8,1102,899.76,292.74,95,13.478,12.594,66.94
2219-09-28T05:50:00Z,19.77,1111,899.04,295.32,95,13.548,12.123,69.628
2219-09-28T06:00:00Z,20.085,1081,898.56,299.28,95,13.696,12.487,68.777
2219-09-28T06:10:00Z,20.1,1088,900.48,299.76,95,13.364,12.599,69.316
2219-09-28T06:20:00Z,19.77,1093,900,299.34,95,13.594,12.599,70.842
2219-09-28T06:30:00Z,20.01,1092,899.76,296.4,95,13.594,12.423,69.134
2219-09-28T06:40:00Z,20.16,1107,900.72,300.18,95,13.531,12.368,67.434
2219-09-28T06:50:00Z,19.935,1110,899.64,300.6,95,13.423,12.591,67.353
2219-09-28T07:00:00Z,20.205,1090,900.72,305.88,95,13.568,12.589,72.082
2219-09-28T07:10:00Z,19.86,1077,900.12,301.86,95,13.42,11.9,68.78
2219-09-28T07:20:00Z,19.98,1077,899.52,299.94,95,13.703,12.448,66.331
2219-09-28T07:30:00Z,20.085,1080,900.36,297.96,95,13.473,12.015,71.553
2219-09-28T07:40:00Z,19.92,1123,898.8,291,95,13.468,12.285,71.82
2219-09-28T07:50:00Z,19.995,1117,898.32,292.92,95,13.53,12.301,71.961
2219-09-28T08:00:00Z,19.845,1083,897.84,292.98,95,13.452,12.237,72.042
2219-09-28T08:10:00Z,19.71,1087,900,294.66,95,13.701,12.677,69.824
2219-09-28T08:20:00Z,20.175,1091,900,297.48,95,13.494,12.258,69.157
2219-09-28T08:30:00Z,20.19,1110,900.84,302.28,95,13.503,12.498,65.537
2219-09-28T08:40:00Z,19.86,1098,900.6,305.28,95,13.491,12.819,69.072
2219-09-28T08:50:00Z,20.085,1111,901.8,306.48,95,13.138,12.569,68.875
2219-09-28T09:00:00Z,19.98,1098,901.2,305.22,94.5,13.696,12.973,67.076
2219-09-28T09:10:00Z,20.055,1080,900.96,301.68,94.5,13.609,12.604,69.18
2219-09-28T09:20:00Z,20.055,1091,900.24,303,94.5,13.57,12.448,69.504
2219-09-28T09:30:00Z,20.01,1107,900.24,302.4,94.5,13.538,12.532,69.701
2219-09-28T09:40:00Z,19.905,1081,900.36,294.3,94.5,13.731,12.403,72.298
2219-09-28T09:50:00Z,20.13,1090,897.84,292.38,94.5,13.663,12.312,67.847
2219-09-28T10:00:00Z,19.965,1089,898.68,290.82,94.5,13.399,12.543,69.067
2219-09-28T10:10:00Z,19.815,1101,899.4,290.88,94.5,13.915,12.09,69.841
2219-09-28T10:20:00Z,19.935,1101,899.04,294.9,94.5,13.646,12.3,69.243
2219-09-28T10:30:00Z,20.13,1107,899.4,291.18,94.5,13.58,12.386,66.661
2219-09-28T10:40:00Z,20.1,1075,898.44,288.06,94.5,13.192,12.462,62.613
2219-09-28T10:50:00Z,19.98,1101,899.88,288.72,94.5,13.525,12.557,67.653
2219-09-28T11:00:00Z,19.92,1089,899.64,287.82,94.5,13.495,12.573,66.659
2219-09-28T11:10:00Z,20.355,1085,899.4,286.44,94.5,13.445,12.98,64.003
2219-09-28T11:20:00Z,20.145,1065,899.64,292.62,94.5,13.798,12.489,67.256
2219-09-28T11:30:00Z,19.98,1089,899.16,289.08,94.5,13.405,12.619,65.937
2219-09-28T11:40:00Z,19.68,1093,900.36,286.32,94.5,13.359,12.737,66.343
2219-09-28T11:50:00Z,20.04,1116,899.04,290.64,94.5,13.536,12.705,67.345
2219-09-28T12:00:00Z,19.965,1093,899.88,290.52,94.5,13.68,12.429,67.614
2219-09-28T12:10:00Z,19.98,1095,899.76,290.76,94.5,13.549,12.496,67.864
2219-09-28T12:20:00Z,19.8,1092,900.84,290.28,94.5,13.469,12.53,69.43
2219-09-28T12:30:00Z,19.8,1106,899.76,286.8,94.5,13.362,12.331,68.44
2219-09-28T12:40:00Z,20.01,1109,900.36,293.04,94.5,13.51,12.434,69.513
2219-09-28T12:50:00Z,19.95,1114,899.64,290.76,94.5,13.517,12.435,70.679
2219-09-28T13:00:00Z,20.04,1095,899.76,290.1,94.5,13.735,12.411,66.511
2219-09-28T13:10:00Z,20.055,1106,900.96,289.8,94.5,13.851,11.983,70.995
2219-09-28T13:20:00Z,20.07,1104,900.12,290.94,94.5,13.372,12.682,70.264
2219-09-28T13:30:00Z,20.25,1110,899.76,296.04,94.5,13.549,12.501,68.275
2219-09-28T13:40:00Z,19.875,1096,901.68,296.46,94.5,13.425,12.309,70.199
2219-09-28T13:50:00Z,19.68,1103,901.44,298.74,94.5,13.443,12.199,72.388
2219-09-28T14:00:00Z,19.785,1107,901.68,302.4,94.5,13.754,12.359,66.933
2219-09-28T14:10:00Z,19.92,1083,902.4,308.58,94.5,13.311,12.422,67.245
2219-09-28T14:20:00Z,19.995,1114,902.16,307.2,94.5,13.653,12.332,66.732
2219-09-28T14:30:00Z,20.205,1088,900.6,306.42,94.5,13.89,13.074,65.375
2219-09-28T14:40:00Z,20.205,1118,901.32,304.68,94.5,13.575,12.721,65.482
2219-09-28T14:50:00Z,19.875,1101,900.24,302.4,94.5,13.535,12.456,68.711
2219-09-28T15:00:00Z,20.235,1121,899.76,302.76,94.5,13.603,12.387,69.706
2219-09-28T15:10:00Z,20.07,1087,899.64,297.18,94.5,13.282,12.702,71.509
2219-09-28T15:20:00Z,19.98,1122,898.8,292.26,94.5,13.643,12.585,69.608
2219-09-28T15:30:00Z,20.1,1073,897.6,293.1,94.5,13.418,12.1,61.009
2219-09-28T15:40:00Z,19.95,1094,898.92,295.32,94.5,13.561,12.717,64.674
2219-09-28T15:50:00Z,20.28,1107,899.64,300,94.5,13.54,12.395,68.73
2219-09-28T16:00:00Z,19.89,1101,900.48,290.64,94.5,13.563,12.761,67.92
2219-09-28T16:10:00Z,20.265,1080,898.08,286.62,94.5,13.548,12.231,69.136
2219-09-28T16:20:00Z,19.89,1111,898.56,285.96,94.5,13.611,12.263,71.621
2219-09-28T16:30:00Z,20.16,1092,898.2,283.56,94.5,13.814,12.575,68.23
2219-09-28T16:40:00Z,19.755,1087,899.4,284.52,94.5,13.472,12.29,65.841
2219-09-28T16:50:00Z,19.845,1112,899.52,283.8,94.5,13.709,12.211,66.613
2219-09-28T17:00:00Z,20.085,1116,899.64,289.8,95.5,13.469,12.411,66.545
2219-09-28T17:10:00Z,19.965,1096,900,285.84,95.5,13.625,12.428,69.615
2219-09-28T17:20:00Z,20.1,1086,900.96,285.42,95.5,13.406,12.317,66.254
2219-09-28T17:30:00Z,20.085,1100,900.36,288,95.5,13.507,12.326,68.474
2219-09-28T17:40:00Z,19.77,1089,899.88,282.84,95.5,13.502,12.742,65.158
2219-09-28T17:50:00Z,20.19,1073,899.76,285.06,95.5,13.482,12.469,70.413
2219-09-28T18:00:00Z,20.04,1094,898.68,287.4,95.5,13.261,12.117,71.229
2219-09-28T18:10:00Z,19.98,1112,897.84,277.86,95.5,13.495,12.616,72.267
2219-09-28T18:20:00Z,20.07,1081,898.56,279.06,95.5,13.73,12.223,72.713
2219-09-28T18:30:00Z,19.845,1095,898.68,285,95.5,13.549,12.222,67.224
2219-09-28T18:40:00Z,19.905,1077,899.88,289.8,95.5,13.361,12.333,65.312
2219-09-28T18:50:00Z,20.01,1112,900.36,288.96,95.5,13.506,12.417,64.441
2219-09-28T19:00:00Z,20.01,1106,900.96,294.42,95.5,13.395,12.496,64.8
2219-09-28T19:10:00Z,19.965,1078,901.8,296.4,95.5,13.616,13.015,64.937
2219-09-28T19:20:00Z,19.785,1121,901.92,295.08,95.5,13.238,12.59,66.639
2219-09-28T19:30:00Z,19.65,1101,902.16,295.62,95.5,13.407,12.562,67.891
2219-09-28T19:40:00Z,19.8,1109,900.12,297.18,95.5,13.669,12.388,69.13
2219-09-28T19:50:00Z,20.28,1107,901.44,300.96,95.5,13.517,12.362,67.809
2219-09-28T20:00:00Z,20.205,1089,900.84,299.76,95.5,13.325,12.575,72.138
2219-09-28T20:10:00Z,19.8,1104,899.76,306,95.5,13.52,12.266,74.692
2219-09-28T20:20:00Z,19.47,1097,902.76,307.5,95.5,13.53,12.727,71.209
2219-09-28T20:30:00Z,20.19,1104,901.08,308.16,95.5,13.412,12.53,72.667
2219-09-28T20:40:00Z,19.89,1125,901.44,318.3,95.5,13.315,12.433,69.722
2219-09-28T20:50:00Z,20.28,1086,901.68,317.46,95.5,13.616,12.958,70.38
2219-09-28T21:00:00Z,20.04,1083,901.44,313.2,95,13.344,12.394,70.903
2219-09-28T21:10:00Z,20.04,1100,901.68,306.66,95,13.488,12.166,69.831
2219-09-28T21:20:00Z,20.19,1099,899.88,306.42,95,13.601,12.218,71.686
2219-09-28T21:30:00Z,19.965,1091,898.32,310.26,95,13.46,12.358,71.211
2219-09-28T21:40:00Z,19.965,1103,899.4,306.24,95,13.436,12.412,70.338
2219-09-28T21:50:00Z,19.95,1087,899.28,309.9,95,13.563,12.207,68.164
2219-09-28T22:00:00Z,20.13,1066,899.76,309.18,95,13.603,12.165,69.406
2219-09-28T22:10:00Z,19.965,1117,898.8,302.94,95,13.378,12.308,70.505
2219-09-28T22:20:00Z,19.845,1114,898.68,304.68,95,13.543,12.374,71.634
2219-09-28T22:30:00Z,20.025,1128,899.28,307.8,95,13.48,12.313,68.494
2219-09-28T22:40:00Z,19.995,1114,900.6,309.36,95,13.663,12.711,69.111
2219-09-28T22:50:00Z,20.19,1096,900.48,308.46,95,13.595,12.498,71.358
2219-09-28T23:00:00Z,20.115,1127,899.76,307.68,95,13.391,12.424,70.238
2219-09-28T23:10:00Z,19.815,1086,900.84,308.82,95,13.306,12.531,66.309
2219-09-28T23:20:00Z,19.935,1091,900.96,312.84,95,13.792,12.317,67.872
2219-09-28T23:30:00Z,20.055,1112,899.88,305.28,95,13.496,12.424,69.645
2219-09-28T23:40:00Z,19.935,1117,898.8,305.1,95,13.491,12.146,66.646
2219-09-28T23:50:00Z,20.1,1124,898.68,307.02,95,13.612,12.38,67.292
2219-09-29T00:00:00Z,19.785,1099,899.64,303.72,95,13.364,12.498,71.088
2219-09-29T00:10:00Z,19.74,1069,899.52,301.14,95,13.613,12.421,70.607
2219-09-29T00:20:00Z,20.055,1091,899.04,305.1,95,13.59,12.489,66.488
2219-09-29T00:30:00Z,20.115,1092,899.4,308.64,95,13.531,12.708,66.265
2219-09-29T00:40:00Z,20.34,1103,900.48,304.14,95,13.674,12.067,68.455
2219-09-29T00:50:00Z,19.965,1102,899.04,304.8,95,13.79,12.482,67.904
2219-09-29T01:00:00Z,20.055,1103,898.68,301.02,94.5,13.432,12.929,67.974
2219-09-29T01:10:00Z,20.19,1112,899.4,300.78,94.5,13.545,12.78,70.846
2219-09-29T01:20:00Z,19.95,1104,899.76,301.26,94.5,13.409,12.75,67.992
2219-09-29T01:30:00Z,19.755,1094,900.6,301.38,94.5,13.513,12.735,67.035
2219-09-29T01:40:00Z,20.055,1098,900.36,295.44,94.5,13.388,12.222,65.619
2219-09-29T01:50:00Z,19.965,1107,899.28,294.24,94.5,13.553,12.51,64.683
2219-09-29T02:00:00Z,20.01,1094,898.68,291.54,94.5,13.533,12.392,62.904
2219-09-29T02:10:00Z,19.935,1107,898.08,294.24,94.5,13.613,12.743,67.545
2219-09-29T02:20:00Z,19.785,1125,898.92,295.38,94.5,13.631,12.783,69.624
2219-09-29T02:30:00Z,19.965,1107,899.76,293.4,94.5,13.445,12.079,68.091
2219-09-29T02:40:00Z,19.995,1079,900.24,298.62,94.5,13.825,12.202,68.861
2219-09-29T02:50:00Z,19.92,1087,900.48,297.48,94.5,13.366,12.476,71.708
2219-09-29T03:00:00Z,19.89,1070,900.6,298.14,94.5,13.365,12.586,74.621
2219-09-29T03:10:00Z,19.905,1110,899.88,302.4,94.5,13.562,12.354,70.512
2219-09-29T03:20:00Z,20.19,1100,900.96,298.14,94.5,13.383,12.609,70.489
2219-09-29T03:30:00Z,20.235,1105,899.88,299.22,94.5,13.514,12.506,72.38
2219-09-29T03:40:00Z,20.115,1108,900,298.92,94.5,13.384,12.252,72.867
2219-09-29T03:50:00Z,20.445,1129,900.36,301.86,94.5,13.443,12.236,73.387
2219-09-29T04:00:00Z,19.785,1081,899.88,305.22,94.5,13.579,12.918,74.725
2219-09-29T04:10:00Z,19.905,1118,900.84,307.44,94.5,13.608,12.497,68.895
2219-09-29T04:20:00Z,20.01,1087,899.88,302.1,94.5,13.425,12.175,69.546
2219-09-29T04:30:00Z,20.175,1113,900,305.52,94.5,13.914,12.025,69.571
2219-09-29T04:40:00Z,19.86,1093,900.24,301.56,94.5,13.512,12.399,68.892
2219-09-29T04:50:00Z,19.965,1094,900.24,299.82,94.5,13.524,12.364,68.982
2219-09-29T05:00:00Z,19.77,1070,899.04,296.52,95,13.522,12.718,69.494
2219-09-29T05:10:00Z,19.83,1110,900.48,294.84,95,13.653,12.283,68.524
2219-09-29T05:20:00Z,19.995,1117,898.68,290.7,95,13.671,12.503,67.227
2219-09-29T05:30:00Z,20.145,1114,898.08,289.08,95,13.616,12.553,63.911
2219-09-29T05:40:00Z,19.86,1069,899.04,286.56,95,13.463,12.151,64.416
2219-09-29T05:50:00Z,19.8,1098,898.32,284.7,95,13.525,12.665,65.592
2219-09-29T06:00:00Z,20.175,1100,897.6,286.92,95,13.487,12.379,67.274
2219-09-29T06:10:00Z,19.905,1079,899.76,289.08,95,13.647,12.224,67.93
2219-09-29T06:20:00Z,19.95,1093,899.4,292.56,95,13.535,12.409,67.455
2219-09-29T06:30:00Z,19.905,1130,900.24,288.18,95,13.542,12.429,71.415
2219-09-29T06:40:00Z,19.965,1079,899.52,288.54,95,13.571,12.232,65.253
2219-09-29T06:50:00Z,20.04,1112,898.92,284.76,95,13.698,12.601,69.834
2219-09-29T07:00:00Z,20.085,1087,899.16,281.64,95,13.715,12.328,70.911
2219-09-29T07:10:00Z,19.95,1085,898.32,285.48,95,13.574,12.864,71.236
2219-09-29T07:20:00Z,19.695,1103,899.88,288.18,95,13.518,12.264,72.275
2219-09-29T07:30:00Z,19.86,1113,900.48,289.44,95,13.297,12.313,70.986
2219-09-29T07:40:00Z,20.205,1098,900.96,290.34,95,13.475,12.242,66.31
2219-09-29T07:50:00Z,20.085,1112,900.36,288.54,95,13.67,12.179,70.519
2219-09-29T08:00:00Z,20.115,1089,900,283.14,95,13.555,12.535,69.083
2219-09-29T08:10:00Z,20.04,1100,900.12,287.16,95,13.748,12.453,72.534
2219-09-29T08:20:00Z,20.1,1104,900.36,285.78,95,13.729,12.466,70.101
2219-09-29T08:30:00Z,20.22,1106,900.24,292.14,95,13.443,12.358,71.009
2219-09-29T08:40:00Z,20.04,1112,901.32,291.54,95,13.846,12.607,68.502
2219-09-29T08:50:00Z,19.995,1119,900,288.12,95,13.4,12.479,68.712
2219-09-29T09:00:00Z,19.92,1074,900.12,290.82,96,13.765,12.507,68.216
2219-09-29T09:10:00Z,19.875,1122,900.96,289.8,96,13.247,12.694,67.728
2219-09-29T09:20:00Z,20.145,1102,901.08,291.18,96,13.661,12.604,70.036
2219-09-29T09:30:00Z,20.19,1135,899.64,293.7,96,13.552,12.33,67.609
2219-09-29T09:40:00Z,20.1,1117,901.2,298.02,96,13.584,12.285,69.75
2219-09-29T09:50:00Z,20.025,1100,901.44,294.78,96,13.703,12.238,71.093
2219-09-29T10:00:00Z,19.995,1087,900.24,294.36,96,13.496,12.437,72.84
2219-09-29T10:10:00Z,19.875,1093,900.6,293.94,96,13.647,12.6,70.031
2219-09-29T10:20:00Z,19.83,1095,900.12,293.34,96,13.498,12.628,71.176
2219-09-29T10:30:00Z,20.265,1076,900.12,300.36,96,13.369,12.613,71.382
2219-09-29T10:40:00Z,20.1,1088,901.92,293.28,96,13.522,12.136,72.148
2219-09-29T10:50:00Z,19.995,1081,900.36,294.42,96,13.76,12.185,69.09
2219-09-29T11:00:00Z,19.965,1123,898.8,293.76,96,13.704,12.115,69.841
2219-09-29T11:10:00Z,20.25,1087,899.52,295.2,96,13.742,12.542,70.283
2219-09-29T11:20:00Z,20.235,1111,898.68,294.66,96,13.343,12.698,69.643
2219-09-29T11:30:00Z,20.205,1094,900.48,294.18,96,13.359,12.79,67.939
2219-09-29T11:40:00Z,20.1,1110,900.48,295.14,96,13.735,12.493,65.803
2219-09-29T11:50:00Z,20.145,1099,900.6,301.74,96,13.766,12.365,65.293
2219-09-29T12:00:00Z,19.89,1089,901.32,299.1,96,13.542,12.343,67.144
2219-09-29T12:10:00Z,19.92,1091,900.72,297.6,96,13.391,12.368,68.693
2219-09-29T12:20:00Z,19.77,1112,898.56,296.82,96,13.264,12.389,64.761
2219-09-29T12:30:00Z,20.055,1095,899.88,299.16,96,13.377,12.732,69.561
2219-09-29T12:40:00Z,19.86,1119,900.36,298.62,96,13.448,12.378,70.408
2219-09-29T12:50:00Z,20.235,1081,900,292.26,96,13.708,12.323,65.078
2219-09-29T13:00:00Z,20.01,1093,900.12,294.6,94.5,13.499,12.515,68.311
2219-09-29T13:10:00Z,19.74,1123,899.64,293.52,94.5,13.51,12.144,67.872
2219-09-29T13:20:00Z,19.995,1073,899.52,291.9,94.5,13.707,12.465,69.102
2219-09-29T13:30:00Z,19.77,1068,899.4,292.92,94.5,13.424,12.182,67.272
2219-09-29T13:40:00Z,19.575,1099,899.64,297.12,94.5,13.777,12.313,68.284
2219-09-29T13:50:00Z,19.02,1091,900,294.78,94.5,13.548,12.217,69.046
2219-09-29T14:00:00Z,19.545,1056,899.52,297.06,94.5,13.383,12.036,67.375
2219-09-29T14:10:00Z,19.425,1054,900.12,291.42,94.5,13.453,12.528,67.104
2219-09-29T14:20:00Z,19.095,1051,899.4,287.28,94.5,13.445,12.454,64.932
2219-09-29T14:30:00Z,18.6,1022,898.8,289.08,94.5,13.229,12.217,59.688
2219-09-29T14:40:00Z,18.195,1006,897.96,285.84,94.5,13.246,12.48,57.683
2219-09-29T14:50:00Z,18.555,1026,899.04,289.92,94.5,13.129,11.764,59.437
2219-09-29T15:00:00Z,18.36,1002,899.16,293.46,94.5,13.149,12.25,64.569
2219-09-29T15:10:00Z,18.54,1019,900.36,290.1,94.5,13.132,12.036,65.158
2219-09-29T15:20:00Z,18.18,998,901.2,287.82,94.5,13.076,12.15,65.571
2219-09-29T15:30:00Z,18.195,986,900.36,284.58,94.5,12.886,12.07,59.746
2219-09-29T15:40:00Z,17.7,943,900,290.1,94.5,12.878,11.75,63.165
2219-09-29T15:50:00Z,17.715,958,900.24,290.46,94.5,12.604,11.603,63.245
2219-09-29T16:00:00Z,17.52,935,900.96,295.74,94.5,12.584,11.88,60.925
2219-09-29T16:10:00Z,17.145,948,900.24,292.44,94.5,12.675,11.554,59.755
2219-09-29T16:20:00Z,17.13,943,900.96,295.62,94.5,12.861,11.477,62.868
2219-09-29T16:30:00Z,16.845,942,901.08,297.24,94.5,12.654,11.498,61.388
2219-09-29T16:40:00Z,16.725,903,901.44,299.34,94.5,12.371,12.007,60.109
2219-09-29T16:50:00Z,16.56,912,900.36,302.16,94.5,12.616,11.428,57.429
2219-09-29T17:00:00Z,16.05,899,899.88,296.28,94.5,12.261,11.181,54.157
2219-09-29T17:10:00Z,16.05,899,900.84,304.14,94.5,11.92,11.111,57.28
2219-09-29T17:20:00Z,16.095,874,900.96,303.66,94.5,12.005,11.118,56.052
2219-09-29T17:30:00Z,15.6,850,901.2,300.9,94.5,11.792,10.826,50.957
2219-09-29T17:40:00Z,15.495,854,899.4,306.54,94.5,11.709,11.105,51.449
2219-09-29T17:50:00Z,15.615,847,901.56,308.76,94.5,11.764,10.648,55.79
2219-09-29T18:00:00Z,15.435,844,901.44,303.3,94.5,11.691,10.627,56.747
2219-09-29T18:10:00Z,15.18,813,900.72,302.1,94.5,11.484,10.704,56.87
2219-09-29T18:20:00Z,14.985,823,899.04,297.48,94.5,11.12,10.3,55.673
2219-09-29T18:30:00Z,14.925,823,899.28,299.82,94.5,11.159,10.36,57.085
2219-09-29T18:40:00Z,14.7,802,899.4,309.54,94.5,11.266,10.257,53.199
2219-09-29T18:50:00Z,14.76,782,900.48,314.46,94.5,11.035,10.413,52.246
2219-09-29T19:00:00Z,14.595,800,900.72,306.66,94.5,10.898,10.035,49.831
2219-09-29T19:10:00Z,14.37,789,899.4,304.74,94.5,10.798,9.8218,52.286
2219-09-29T19:20:00Z,13.98,751,900.36,303.42,94.5,10.57,10.15,48.873
2219-09-29T19:30:00Z,13.995,779,899.52,302.94,94.5,10.531,9.8118,47.613
2219-09-29T19:40:00Z,13.8,774,900.96,310.2,94.5,10.443,9.8636,49.073
2219-09-29T19:50:00Z,14.01,754,900.36,306.48,94.5,10.262,9.3718,46.83
2219-09-29T20:00:00Z,14.175,741,899.88,301.32,94.5,10.422,9.7232,47.341
2219-09-29T20:10:00Z,14.16,740,899.4,301.32,94.5,10.327,9.4877,50.461
2219-09-29T20:20:00Z,13.74,766,897.84,297.48,94.5,10.145,9.4431,53.281
2219-09-29T20:30:00Z,14.265,773,899.04,298.68,94.5,10.151,9.1456,52.342
2219-09-29T20:40:00Z,13.935,771,899.52,302.58,94.5,10.085,9.4515,53.235
2219-09-29T20:50:00Z,14.04,770,899.88,301.08,94.5,9.915,9.2994,51.71
2219-09-29T21:00:00Z,13.995,785,899.4,299.4,94.5,9.8619,9.2689,48.13
2219-09-29T21:10:00Z,14.055,743,899.52,300.24,94.5,10.03,9.0042,49.2
2219-09-29T21:20:00Z,13.755,750,899.52,298.8,94.5,9.7447,8.5651,49.469
2219-09-29T21:30:00Z,13.95,754,900.6,300.78,94.5,9.9617,9.1343,47.801
2219-09-29T21:40:00Z,13.98,769,900.12,304.62,94.5,9.834,8.8513,48.056
2219-09-29T21:50:00Z,13.71,772,900.48,303.3,94.5,9.878,8.843,46.873
2219-09-29T22:00:00Z,14.04,759,901.44,307.38,94.5,9.3593,8.8915,48.501
2219-09-29T22:10:00Z,13.98,783,900.84,302.34,94.5,9.8362,8.9734,49.102
2219-09-29T22:20:00Z,13.86,770,899.76,300.42,94.5,9.4808,8.927,49.288
2219-09-29T22:30:00Z,13.995,769,900.48,306.66,94.5,9.5996,8.5849,52.209
2219-09-29T22:40:00Z,13.965,776,900.12,308.76,94.5,9.7125,9.134,50.2
2219-09-29T22:50:00Z,14.01,787,900.84,309.54,94.5,9.9997,8.7282,48.378
2219-09-29T23:00:00Z,14.355,759,900.72,307.86,94.5,9.6923,9.0573,46.856
2219-09-29T23:10:00Z,13.965,758,900.48,307.86,94.5,9.7041,8.9838,49.444
2219-09-29T23:20:00Z,14.22,789,900.96,305.04,94.5,9.6454,8.6287,50.261
2219-09-29T23:30:00Z,13.755,789,898.8,304.08,94.5,9.4765,8.6911,49.84
2219-09-29T23:40:00Z,14.1,774,899.88,304.38,94.5,9.7935,9.0204,49.822
2219-09-29T23:50:00Z,13.86,764,899.76,308.46,94.5,9.4757,8.8157,45.251
2219-09-30T00:00:00Z,14.205,763,900.36,307.44,94.5,9.5714,8.5474,48.635
2219-09-30T00:10:00Z,14.175,771,900,313.86,94.5,9.7482,8.7295,44.981
2219-09-30T00:20:00Z,14.04,758,902.28,313.32,94.5,9.8709,8.7186,45.828
2219-09-30T00:30:00Z,13.995,773,900.72,312.12,94.5,9.5744,8.3951,47.304
2219-09-30T00:40:00Z,14.1,772,900.48,308.58,94.5,9.4345,8.386,48.344
2219-09-30T00:50:00Z,14.01,765,900.36,311.82,94.5,9.724,9.1295,49.842
2219-09-30T01:00:00Z,13.935,749,898.92,307.2,94,9.466,9.3266,49.663
2219-09-30T01:10:00Z,13.965,752,900,311.82,94,9.4509,8.5402,45.62
2219-09-30T01:20:00Z,13.815,776,900.36,311.04,94,9.6486,8.6719,46.969
2219-09-30T01:30:00Z,14.115,754,900.24,311.82,94,9.8729,8.4256,46.329
2219-09-30T01:40:00Z,13.83,772,898.92,311.16,94,9.5823,8.7225,48.686
2219-09-30T01:50:00Z,13.875,763,899.88,307.98,94,9.2822,8.6259,46.84
2219-09-30T02:00:00Z,13.89,770,900,305.94,94,9.3884,8.6481,50.005
2219-09-30T02:10:00Z,14.145,758,899.76,301.44,94,9.0802,8.7577,46.469
2219-09-30T02:20:00Z,14.16,770,898.92,298.68,94,9.4587,8.7205,44.923
2219-09-30T02:30:00Z,14.13,769,897.96,297.36,94,9.2979,8.5702,49.344
2219-09-30T02:40:00Z,13.68,752,898.56,293.46,94,9.6366,8.7067,50.974
2219-09-30T02:50:00Z,13.77,773,898.44,295.86,94,9.4475,8.468,51.743
2219-09-30T03:00:00Z,13.95,768,898.8,297.78,94,9.2219,8.5773,50.358
2219-09-30T03:10:00Z,14.145,769,898.8,296.34,94,9.4454,8.9808,48.602
2219-09-30T03:20:00Z,14.31,778,899.76,298.26,94,9.43,8.5555,48.362
2219-09-30T03:30:00Z,13.95,757,900.84,303.12,94,9.4543,8.8238,50.373
2219-09-30T03:40:00Z,13.905,762,901.44,303.06,94,9.2798,8.7047,51.439
2219-09-30T03:50:00Z,13.92,743,900.48,309.48,94,9.4369,8.6163,49.068
2219-09-30T04:00:00Z,13.8,770,901.2,302.64,94,9.4902,8.8947,49.243
2219-09-30T04:10:00Z,13.8,778,900.36,303.96,94,9.3322,8.5207,47.578
2219-09-30T04:20:00Z,14.235,782,900.36,308.28,94,9.4678,8.4374,49.289
2219-09-30T04:30:00Z,14.055,771,901.32,309.84,94,9.3318,8.9599,51.765
2219-09-30T04:40:00Z,14.175,761,901.08,315.96,94,9.6601,8.4199,47.644
2219-09-30T04:50:00Z,14.175,779,901.32,312.36,94,9.5412,8.6811,47.548
2219-09-30T05:00:00Z,13.845,774,901.8,314.88,94.5,9.5955,8.9663,48.859
2219-09-30T05:10:00Z,14.07,754,900.6,311.46,94.5,9.2404,9.0427,48.816
2219-09-30T05:20:00Z,14.085,788,900.96,313.5,94.5,9.5469,8.8528,48.997
2219-09-30T05:30:00Z,13.92,777,900.84,318.18,94.5,9.3407,8.7184,50.151
2219-09-30T05:40:00Z,14.19,785,901.8,319.56,94.5,9.5048,8.8958,52.573
2219-09-30T05:50:00Z,14.025,787,900.48,320.28,94.5,9.1102,8.606,51.949
2219-09-30T06:00:00Z,14.145,771,900.6,320.7,94.5,9.2136,8.7497,48.425
2219-09-30T06:10:00Z,14.01,781,900.24,315.48,94.5,9.2995,8.9738,51.658
2219-09-30T06:20:00Z,13.89,765,900.12,314.82,94.5,9.6931,8.727,50.684
2219-09-30T06:30:00Z,14.205,778,899.64,314.82,94.5,9.3957,8.3939,53.175
2219-09-30T06:40:00Z,14.085,775,899.16,314.64,94.5,9.2931,8.7792,53.979
2219-09-30T06:50:00Z,14.16,766,898.68,313.92,94.5,9.538,9.0276,49.232
2219-09-30T07:00:00Z,14.355,783,900.36,313.62,94.5,9.4105,8.7489,50.991
2219-09-30T07:10:00Z,13.74,757,899.04,311.76,94.5,9.3541,8.7124,47.731
2219-09-30T07:20:00Z,14.265,781,899.16,312.84,94.5,9.2575,9.0551,48.182
2219-09-30T07:30:00Z,14.055,770,898.8,311.4,94.5,9.2745,8.6239,47.964
2219-09-30T07:40:00Z,14.13,771,899.52,310.38,94.5,9.4111,8.9386,47.437
2219-09-30T07:50:00Z,13.86,749,898.44,305.28,94.5,9.5089,8.4919,51.03
2219-09-30T08:00:00Z,13.89,758,898.92,306.66,94.5,9.5363,8.3633,52.862
2219-09-30T08:10:00Z,13.77,772,898.2,308.34,94.5,9.2418,8.6224,49.653
2219-09-30T08:20:00Z,14.31,762,898.32,302.1,94.5,9.2891,8.5139,44.634
2219-09-30T08:30:00Z,14.13,774,898.44,301.74,94.5,9.6597,8.5571,42.814
2219-09-30T08:40:00Z,13.875,789,900.24,302.64,94.5,9.3282,8.615,49.708
2219-09-30T08:50:00Z,14.055,787,898.08,302.7,94.5,9.4131,8.6929,49.674
2219-09-30T09:00:00Z,14.145,779,899.04,302.16,95,9.2955,8.2918,52.039
2219-09-30T09:10:00Z,13.815,790,899.16,293.28,95,9.4474,8.3903,54.175
2219-09-30T09:20:00Z,13.83,752,897,296.4,95,9.7191,8.4878,48.54
2219-09-30T09:30:00Z,13.815,761,899.64,298.5,95,9.4256,8.8895,50.35
2219-09-30T09:40:00Z,13.92,794,899.76,301.32,95,9.3714,8.634,48.12
2219-09-30T09:50:00Z,14.16,751,901.32,305.76,95,9.4076,8.8539,44.708
2219-09-30T10:00:00Z,14.145,764,900.6,307.38,95,9.528,8.8458,46.906
2219-09-30T10:10:00Z,14.025,762,900.84,308.52,95,9.5598,8.3094,45.255
2219-09-30T10:20:00Z,13.98,752,901.92,310.02,95,9.4525,8.539,46.009
2219-09-30T10:30:00Z,14.055,767,901.68,308.52,95,9.479,8.8326,45.439
2219-09-30T10:40:00Z,14.415,782,901.32,307.44,95,9.7182,8.5961,47.958
2219-09-30T10:50:00Z,13.83,795,900.36,303.12,95,9.2185,8.5031,47.111
2219-09-30T11:00:00Z,14.01,790,899.64,302.46,95,9.569,8.3173,47.888
2219-09-30T11:10:00Z,14.025,783,898.68,301.62,95,9.5506,8.395,48.97
2219-09-30T11:20:00Z,14.07,769,899.52,307.08,95,9.4464,8.4835,45.622
2219-09-30T11:30:00Z,14.04,774,900.12,308.46,95,9.3486,8.9689,47.182
2219-09-30T11:40:00Z,14.025,806,900.72,310.32,95,9.3891,8.715,49.235
2219-09-30T11:50:00Z,14.145,783,901.32,310.44,95,9.6773,9.1156,51.561
2219-09-30T12:00:00Z,14.145,781,900.12,308.4,95,9.7128,8.9622,49.236
2219-09-30T12:10:00Z,13.86,777,899.76,307.8,95,9.5806,8.6818,47.951
2219-09-30T12:20:00Z,14.07,793,899.64,311.16,95,9.5292,8.5133,47.071
2219-09-30T12:30:00Z,14.1,783,900.96,317.76,95,9.5452,9.1462,48.754
2219-09-30T12:40:00Z,13.875,765,901.92,315.66,95,9.1514,8.5795,50.863
2219-09-30T12:50:00Z,13.83,787,901.44,317.64,95,9.3011,8.8109,52.714
2219-09-30T13:00:00Z,13.965,814,901.32,316.62,95,9.5113,8.7606,48.301
2219-09-30T13:10:00Z,14.115,786,900.84,314.76,95,9.3139,8.6561,48.265
2219-09-30T13:20:00Z,13.695,765,899.76,316.86,95,9.7236,8.8025,47.147
2219-09-30T13:30:00Z,14.025,778,901.08,318.48,95,9.3254,8.5913,45.984
2219-09-30T13:40:00Z,14.085,772,900.48,315.42,95,9.5398,8.5794,48.481
2219-09-30T13:50:00Z,13.98,762,899.28,314.34,95,9.5979,8.8152,46.641
2219-09-30T14:00:00Z,13.92,758,899.52,316.26,95,9.3231,8.5995,46.467
2219-09-30T14:10:00Z,14.04,760,900.6,315.9,95,9.2928,8.7466,47.757
2219-09-30T14:20:00Z,13.83,756,900.36,316.68,95,9.5592,8.4369,44.91
2219-09-30T14:30:00Z,13.845,766,900.12,313.92,95,9.3751,8.3032,49.628
2219-09-30T14:40:00Z,14.07,787,900.24,316.5,95,9.3729,8.8222,50.846
2219-09-30T14:50:00Z,13.98,793,900.6,312.12,95,9.5724,8.497,46.316
2219-09-30T15:00:00Z,13.83,765,898.68,305.22,95,9.3512,8.8935,46.337
2219-09-30T15:10:00Z,14.22,792,896.88,303.96,95,9.3296,8.5636,49.034
2219-09-30T15:20:00Z,13.875,752,898.56,296.1,95,9.2284,9.2153,52.743
2219-09-30T15:30:00Z,13.83,773,897.84,296.4,95,9.459,8.7451,52.04
2219-09-30T15:40:00Z,13.86,747,897.84,293.64,95,9.217,8.6078,49.165
2219-09-30T15:50:00Z,14.22,761,898.8,293.22,95,9.4763,8.6639,51.198
2219-09-30T16:00:00Z,14.085,779,898.56,295.44,95,9.4271,8.8834,48.984
2219-09-30T16:10:00Z,14.085,769,899.04,294.3,95,9.4192,8.8086,48.871
2219-09-30T16:20:00Z,14.025,791,899.4,291.84,95,9.457,9.0331,49.518
2219-09-30T16:30:00Z,14.04,768,898.92,294.48,95,9.4307,8.5216,46.633
2219-09-30T16:40:00Z,13.92,776,899.64,288.36,95,9.4858,8.6095,47.702
2219-09-30T16:50:00Z,14.085,783,899.52,287.28,95,9.4609,8.9778,43.651
2219-09-30T17:00:00Z,13.785,773,897.48,287.76,96,9.5795,8.6399,45.794
2219-09-30T17:10:00Z,13.755,767,898.32,280.8,96,9.2652,8.5211,47.592
2219-09-30T17:20:00Z,14.055,744,898.56,282.18,96,9.49,8.5485,50.107
2219-09-30T17:30:00Z,13.68,754,899.16,280.14,96,9.3777,8.7327,45.117
2219-09-30T17:40:00Z,13.725,763,897.36,276.12,96,9.2264,8.8854,50.307
2219-09-30T17:50:00Z,13.875,803,897.36,274.8,96,9.4261,8.6982,50.433
2219-09-30T18:00:00Z,14.04,787,898.08,273.6,96,9.4818,8.8603,48.027
2219-09-30T18:10:00Z,14.19,761,899.16,269.82,96,9.2863,8.705,47.973
2219-09-30T18:20:00Z,14.055,780,898.8,268.26,96,9.3725,8.6174,45.813
2219-09-30T18:30:00Z,13.995,774,898.56,267.48,96,9.7252,8.9412,46.979
2219-09-30T18:40:00Z,14.16,750,898.8,266.58,96,9.1371,8.7517,46.599
2219-09-30T18:50:00Z,14.07,768,898.08,262.92,96,9.6803,8.7629,51.54
2219-09-30T19:00:00Z,14.055,763,898.32,266.1,96,9.3931,8.5106,50.914
2219-09-30T19:10:00Z,14.205,768,900,268.32,96,9.2862,8.6176,49.024
2219-09-30T19:20:00Z,13.92,772,901.56,266.1,96,9.492,8.6748,48.943
2219-09-30T19:30:00Z,14.07,774,899.52,270.36,96,9.5344,8.7365,50.681
2219-09-30T19:40:00Z,14.22,802,899.76,268.92,96,9.2491,8.4629,51.334
2219-09-30T19:50:00Z,13.875,737,900,272.16,96,9.4292,8.6632,50.844
2219-09-30T20:00:00Z,14.04,776,901.08,273.3,96,9.718,8.8012,50.525
2219-09-30T20:10:00Z,14.13,752,900.24,273.9,96,9.3009,8.7066,48.914
2219-09-30T20:20:00Z,13.74,761,900.6,275.46,96,9.6579,8.7194,48.151
2219-09-30T20:30:00Z,14.025,766,900,281.46,96,9.2621,8.7372,49.622
2219-09-30T20:40:00Z,14.19,777,900.24,282.48,96,9.5311,8.5943,49.52
2219-09-30T20:50:00Z,13.86,769,901.32,282.24,96,9.7034,8.6743,48.25
2219-09-30T21:00:00Z,13.815,769,901.32,277.26,94.5,9.1195,8.7227,47.951
2219-09-30T21:10:00Z,13.89,773,900.6,281.94,94.5,9.5226,8.4779,48.757
2219-09-30T21:20:00Z,14.04,783,901.68,281.04,94.5,9.5078,8.8193,48.699
2219-09-30T21:30:00Z,13.845,766,901.44,288.06,94.5,9.3685,8.6169,48.399
2219-09-30T21:40:00Z,13.83,769,900.84,282.96,94.5,9.5606,8.7667,46.522
2219-09-30T21:50:00Z,14.115,753,900.72,284.94,94.5,9.4686,8.856,48.625
2219-09-30T22:00:00Z,13.935,763,901.32,290.88,94.5,9.6494,8.6943,47.618
2219-09-30T22:10:00Z,14.19,764,900.36,290.1,94.5,9.3187,8.9511,47.344
2219-09-30T22:20:00Z,14.025,760,901.08,294.18,94.5,9.1053,9.0028,49.897
2219-09-30T22:30:00Z,14.175,753,900.12,291.06,94.5,9.5428,8.6356,46.965
2219-09-30T22:40:00Z,13.62,753,900.96,290.64,94.5,9.1648,8.9434,49.45
2219-09-30T22:50:00Z,13.98,790,900.12,293.76,94.5,9.3206,8.5229,52.524
2219-09-30T23:00:00Z,14.07,757,899.76,288.36,94.5,9.5346,9.0339,48.178
2219-09-30T23:10:00Z,14.07,752,899.52,285.84,94.5,9.4013,8.3426,51.185
2219-09-30T23:20:00Z,14.1,786,899.28,283.68,94.5,9.4971,8.7459,48.025
2219-09-30T23:30:00Z,13.665,771,899.04,289.44,94.5,9.5,8.7915,51.187
2219-09-30T23:40:00Z,13.95,799,901.2,290.52,94.5,9.6937,8.821,49.324
2219-09-30T23:50:00Z,13.89,760,901.68,290.34,94.5,9.3086,8.4793,48.829
2219-10-01T00:00:00Z,13.815,763,899.64,291.48,94.5,9.2766,8.8481,47.999
2219-10-01T00:10:00Z,0.24,28,900.48,294.48,94.5,8.8509,7.7883,8.0238
2219-10-01T00:20:00Z,0.165,29,902.04,304.68,94.5,8.0082,7.6306,8.3137
2219-10-01T00:30:00Z,0.195,0,902.64,301.14,94.5,7.3473,6.7728,7.5351
2219-10-01T00:40:00Z,0.24,16,900.84,300.84,94.5,6.558,6.5915,3.8126
2219-10-01T00:50:00Z,0.27,17,900.24,298.8,94.5,6.4842,5.5299,6.0914
2219-10-01T01:00:00Z,0.075,3,900.12,301.38,95,5.9103,5.4164,8.3612
2219-10-01T01:10:00Z,0.24,16,900.84,299.28,95,5.3467,5.1258,5.1226
2219-10-01T01:20:00Z,0.105,5,897.96,297.78,95,4.8635,4.4755,4.6311
2219-10-01T01:30:00Z,0.105,10,899.28,297.66,95,4.6288,3.9788,3.7128
2219-10-01T01:40:00Z,0.435,1,899.88,301.2,95,4.3461,3.826,3.7059
2219-10-01T01:50:00Z,0.12,21,900.12,298.14,95,4.2846,3.3813,2.6072
2219-10-01T02:00:00Z,0.045,0,900.36,300.84,95,3.5038,3.3281,2.1856
2219-10-01T02:10:00Z,0.225,13,898.92,299.22,95,3.1574,3.2223,3.1123
2219-10-01T02:20:00Z,0.105,0,901.56,304.32,95,3.2752,2.7242,2.7767
2219-10-01T02:30:00Z,0.195,12,901.32,306.18,95,2.5645,2.5374,2.8481
2219-10-01T02:40:00Z,0.165,0,901.08,302.88,95,2.7531,2.4787,2.2642
2219-10-01T02:50:00Z,0.12,0,900.96,297.9,95,2.498,2.1497,6.0078
2219-10-01T03:00:00Z,0.045,17,899.16,298.32,95,1.9104,1.862,0.80671
2219-10-01T03:10:00Z,0.105,0,898.44,296.04,95,1.9706,1.7797,-1.0791
2219-10-01T03:20:00Z,0.045,5,898.2,290.88,95,2.0064,1.9657,6.8758
2219-10-01T03:30:00Z,0.405,16,898.8,292.14,95,1.7521,1.3993,7.3507
2219-10-01T03:40:00Z,0.015,8,898.8,296.76,95,1.2569,1.2133,4.2636
2219-10-01T03:50:00Z,0.225,6,900.24,296.28,95,1.3202,1.482,4.3227
2219-10-01T04:00:00Z,0.105,0,900.6,294.48,95,1.3325,1.3064,2.2119
2219-10-01T04:10:00Z,0.09,45,898.56,293.22,95,1.2723,0.94922,5.6957
2219-10-01T04:20:00Z,0.285,5,899.16,290.7,95,1.1641,0.97346,2.3142
2219-10-01T04:30:00Z,0.09,37,897.72,287.34,95,1.1256,0.94015,0.3286
2219-10-01T04:40:00Z,0.12,6,899.16,283.56,95,0.91948,0.61651,2.913
2219-10-01T04:50:00Z,0.06,5,899.4,286.38,95,0.76432,1.0946,0.64177
2219-10-01T05:00:00Z,0.24,0,898.92,284.46,94,0.98499,1.0688,2.4489
2219-10-01T05:10:00Z,0,0,900.72,288.66,94,0.75694,1.0472,1.1089
2219-10-01T05:20:00Z,0.15,10,899.76,293.1,94,0.9901,0.68441,1.401
2219-10-01T05:30:00Z,0.18,0,901.68,291.42,94,0.60013,0.66294,1.8246
2219-10-01T05:40:00Z,0.405,17,900.36,288.06,94,0.67371,0.67813,2.3576
2219-10-01T05:50:00Z,0,16,900.36,292.5,94,0.56893,0.61788,1.7528
2219-10-01T06:00:00Z,0.09,20,899.76,290.94,94,0.49601,0.59538,1.8079
2219-10-01T06:10:00Z,0,6,901.2,297.06,94,0.53776,0.36142,1.9572
2219-10-01T06:20:00Z,0,29,901.44,295.5,94,0.4202,0.62954,6.1134
2219-10-01T06:30:00Z,0.465,24,900.96,296.16,94,0.17672,0.16587,1.5431
2219-10-01T06:40:00Z,0,7,901.32,297.24,94,0.5316,0.18783,2.0469
2219-10-01T06:50:00Z,0.42,16,901.68,301.38,94,0.222,0.29489,-0.54485
2219-10-01T07:00:00Z,0.165,18,900.6,301.62,94,0.1805,0.25823,0.13608
2219-10-01T07:10:00Z,0.09,0,900.6,304.86,94,0.50443,0.46692,1.9164
2219-10-01T07:20:00Z,0.15,0,899.76,301.62,94,0.41244,0.33578,5.2895
2219-10-01T07:30:00Z,0.12,0,900.36,303.12,94,0.18606,0.5122,4.241
2219-10-01T07:40:00Z,0.12,17,900.12,302.34,94,0.56601,0.34041,5.1226
2219-10-01T07:50:00Z,0.3,11,899.4,299.76,94,0.10264,0.35696,-1.3077
2219-10-01T08:00:00Z,0.015,16,899.76,306.78,94,0.033845,0.48275,3.8654
2219-10-01T08:10:00Z,0,5,901.08,307.26,94,0.28038,0.31825,7.3481
2219-10-01T08:20:00Z,0.27,22,901.32,307.14,94,0.43038,0.342,7.1877
2219-10-01T08:30:00Z,0.12,16,901.32,304.14,94,0.043779,0.22687,2.8134
2219-10-01T08:40:00Z,0.015,16,900.36,305.94,94,-0.082827,0.17445,5.3937
2219-10-01T08:50:00Z,0.105,25,899.28,300.12,94,0.26874,0.013364,5.7733
2219-10-01T09:00:00Z,0.345,18,900.24,296.94,95.5,0.068108,0.035447,5.6587
2219-10-01T09:10:00Z,0.255,9,899.88,295.86,95.5,0.13944,0.32569,2.9683
2219-10-01T09:20:00Z,0.435,17,898.32,294.6,95.5,0.22207,0.54624,1.498
2219-10-01T09:30:00Z,0.075,34,898.08,292.5,95.5,0.30695,0.08172,3.7854
2219-10-01T09:40:00Z,0.105,6,897.84,295.68,95.5,0.20473,0.42877,1.7823
2219-10-01T09:50:00Z,0,5,899.64,295.38,95.5,0.017134,-0.24758,0.96015
2219-10-01T10:00:00Z,0,14,899.52,292.5,95.5,0.33913,0.23976,4.0593
2219-10-01T10:10:00Z,0.12,38,900.6,293.64,95.5,0.12348,-0.035569,-0.07188
2219-10-01T10:20:00Z,0,19,900,300.54,95.5,0.070303,0.49691,-0.13082
2219-10-01T10:30:00Z,0.21,19,900.84,300.18,95.5,0.17952,0.030292,2.5184
2219-10-01T10:40:00Z,0.195,12,901.2,306.06,95.5,0.20688,0.11276,1.656
2219-10-01T10:50:00Z,0,24,901.32,310.26,95.5,0.26327,0.075164,-0.18034
2219-10-01T11:00:00Z,0.135,9,901.08,308.76,95.5,0.20321,0.10121,-0.56832
2219-10-01T11:10:00Z,0.375,19,900.96,305.7,95.5,0.12187,-0.12039,1.561
2219-10-01T11:20:00Z,0.27,38,901.56,308.82,95.5,0.14173,0.0065838,2.2951
2219-10-01T11:30:00Z,0.285,31,901.44,310.2,95.5,0.047857,0.14982,4.2671
2219-10-01T11:40:00Z,0.24,0,900.24,314.7,95.5,-0.0074967,0.089645,0.017668
2219-10-01T11:50:00Z,0.15,43,902.64,315.3,95.5,0.27576,0.33743,4.5073
2219-10-01T12:00:00Z,0.285,10,900.48,312.78,95.5,0.019454,0.23142,3.7807
2219-10-01T12:10:00Z,0.39,31,900.12,313.14,95.5,0.31963,0.19776,3.0456
2219-10-01T12:20:00Z,0.435,26,900.72,317.22,95.5,-0.042219,0.097167,7.44
2219-10-01T12:30:00Z,0.27,59,901.68,323.4,95.5,-0.049988,0.40971,4.3847
2219-10-01T12:40:00Z,0.165,32,902.04,316.32,95.5,-0.022107,0.3827,2.0687
2219-10-01T12:50:00Z,0.15,10,899.88,317.58,95.5,-0.13842,0.32917,2.1435
2219-10-01T13:00:00Z,0,8,899.4,314.16,94.5,0.41298,0.28664,1.5173
2219-10-01T13:10:00Z,0.405,7,899.28,311.46,94.5,0.20955,0.030367,-0.18481
2219-10-01T13:20:00Z,0.165,0,898.44,307.5,94.5,0.26364,0.23439,0.44092
2219-10-01T13:30:00Z,0.435,16,898.08,304.26,94.5,-0.0047139,0.4375,0.2522
2219-10-01T13:40:00Z,0.135,2,898.2,310.74,94.5,-0.044167,0.24539,-1.7508
2219-10-01T13:50:00Z,0.18,4,899.76,305.88,94.5,0.058635,0.39216,-0.039173
2219-10-01T14:00:00Z,0.315,3,897.96,306.24,94.5,0.18489,0.23155,2.6045
2219-10-01T14:10:00Z,0,4,900.84,304.38,94.5,-0.076424,-0.18834,0.80825
2219-10-01T14:20:00Z,0.15,17,899.4,309.96,94.5,0.29127,0.16363,1.9219
2219-10-01T14:30:00Z,0.3,12,900.48,307.56,94.5,0.096797,0.56588,2.5605
2219-10-01T14:40:00Z,0.03,5,898.68,303.84,94.5,0.089301,-0.28138,1.4955
2219-10-01T14:50:00Z,0.195,20,899.4,306.12,94.5,0.012115,0.17494,4.0146
2219-10-01T15:00:00Z,0,22,899.4,307.14,94.5,0.012126,0.43595,4.1238
2219-10-01T15:10:00Z,0.135,12,900.48,304.08,94.5,0.26202,0.15223,2.9243
2219-10-01T15:20:00Z,0.225,18,899.76,306.42,94.5,0.29418,0.077745,1.2607
2219-10-01T15:30:00Z,0.105,26,899.76,304.56,94.5,0.084352,0.19959,3.3876
2219-10-01T15:40:00Z,0.15,24,900,309.48,94.5,0.38606,-0.042477,-0.23349
2219-10-01T15:50:00Z,0.21,0,900.36,308.46,94.5,-0.16352,0.2366,1.3476
2219-10-01T16:00:00Z,0.015,8,900.6,309.84,94.5,0.1775,-0.2249,2.508
2219-10-01T16:10:00Z,0.465,0,900.6,308.94,94.5,0.33768,-0.13242,1.322
2219-10-01T16:20:00Z,0.195,11,901.44,307.5,94.5,0.073444,-0.77177,0.71307
2219-10-01T16:30:00Z,0.255,16,899.4,308.88,94.5,0.0057679,-0.36141,3.0746
2219-10-01T16:40:00Z,0.165,4,900,316.02,94.5,0.022573,0.31243,2.2273
2219-10-01T16:50:00Z,0.285,5,900.96,315.06,94.5,-0.0093739,0.13055,2.0746
2219-10-01T17:00:00Z,0.18,15,900.12,308.76,94.5,-0.090022,0.26645,6.9968
2219-10-01T17:10:00Z,0.135,11,899.76,305.58,94.5,-0.14202,0.43806,7.6989
2219-10-01T17:20:00Z,0.21,5,899.28,304.32,94.5,0.016286,0.17874,6.9357
2219-10-01T17:30:00Z,0.255,9,899.4,308.7,94.5,-0.052494,-0.36472,5.0286
2219-10-01T17:40:00Z,0.195,3,899.28,311.7,94.5,0.045942,0.10204,4.1153
2219-10-01T17:50:00Z,0.195,1,900.84,312.84,94.5,0.14403,0.12826,0.89445
2219-10-01T18:00:00Z,0.15,9,900.72,315.24,94.5,-0.24453,-0.033143,2.1053
2219-10-01T18:10:00Z,0.345,12,901.2,312.24,94.5,0.080916,0.043453,0.76538
2219-10-01T18:20:00Z,0.045,3,900,309.48,94.5,0.10971,-0.27371,4.0947
2219-10-01T18:30:00Z,0.285,19,900.12,307.74,94.5,0.16926,0.085298,1.7139
2219-10-01T18:40:00Z,0.345,8,899.88,307.92,94.5,-0.040175,0.14868,0.50334
2219-10-01T18:50:00Z,0.345,0,898.56,307.38,94.5,-0.041085,-0.16002,0.74525
2219-10-01T19:00:00Z,0,6,899.52,309.3,94.5,0.085776,-0.029554,0.6791
2219-10-01T19:10:00Z,0.165,0,900.12,307.26,94.5,0.026588,0.1984,2.1488
2219-10-01T19:20:00Z,0.42,26,898.08,299.52,94.5,0.23536,0.014357,1.6782
2219-10-01T19:30:00Z,0.045,9,898.2,293.94,94.5,0.43057,0.048154,1.972
2219-10-01T19:40:00Z,0.15,23,896.4,294.66,94.5,-0.1013,0.38569,2.2296
2219-10-01T19:50:00Z,0.03,0,897.12,297.84,94.5,0.054057,0.019195,4.5634
2219-10-01T20:00:00Z,0.195,6,898.56,291.24,94.5,-0.0075194,-0.066623,3.5239
2219-10-01T20:10:00Z,0.3,49,898.92,297.78,94.5,0.19567,0.11881,2.4016
2219-10-01T20:20:00Z,0.225,48,899.76,298.2,94.5,0.26228,0.22211,5.5363
2219-10-01T20:30:00Z,0.21,22,900.24,296.7,94.5,-0.21878,0.25432,3.6018
2219-10-01T20:40:00Z,0.135,15,900,299.04,94.5,-0.029933,0.14139,1.017
2219-10-01T20:50:00Z,0.09,35,899.28,294.78,94.5,0.47546,0.046451,-0.34711
2219-10-01T21:00:00Z,0.225,2,900.24,298.2,95,0.1103,-0.19918,-0.78596
2219-10-01T21:10:00Z,0.375,19,900.24,298.32,95,0.18585,-0.14799,1.6372
2219-10-01T21:20:00Z,0.36,0,899.4,297.24,95,0.34765,0.22834,2.4172
2219-10-01T21:30:00Z,0.255,31,900,294.06,95,0.15216,0.13986,5.4188
2219-10-01T21:40:00Z,0.105,24,899.16,286.5,95,0.29701,0.1871,4.2015
2219-10-01T21:50:00Z,0.345,48,899.28,287.52,95,0.23387,-0.14563,4.8278
2219-10-01T22:00:00Z,0.33,38,898.08,289.26,95,0.23974,0.23218,4.8302
2219-10-01T22:10:00Z,0.18,52,900.24,291.54,95,0.057974,0.056105,5.5001
2219-10-01T22:20:00Z,0.18,65,900.48,294.42,95,-0.011163,-0.21142,5.8286
2219-10-01T22:30:00Z,0.075,74,900.96,292.56,95,0.20683,0.692,3.5855
2219-10-01T22:40:00Z,0.135,43,899.76,290.64,95,0.063742,0.43865,3.9976
2219-10-01T22:50:00Z,0.045,22,902.16,289.62,95,0.11946,0.12198,4.7825
2219-10-01T23:00:00Z,0,39,898.92,287.52,95,0.12701,0.13014,4.386
2219-10-01T23:10:00Z,0.225,49,898.56,284.94,95,0.2069,-0.10453,8.2622
2219-10-01T23:20:00Z,0.165,14,898.56,281.46,95,-0.016313,-0.051147,5.914
2219-10-01T23:30:00Z,0.27,12,898.08,274.2,95,0.11347,0.26107,3.3399
2219-10-01T23:40:00Z,0.045,23,897.24,277.32,95,0.32833,-0.22879,4.4895
2219-10-01T23:50:00Z,0.255,1,898.56,280.38,95,0.005478,0.0012762,3.1757
2219-10-02T00:00:00Z,0.18,0,899.04,276.78,95,0.1743,0.058526,3.468
2219-10-02T00:10:00Z,0.165,0,909.12,275.76,95,0.07437,0.13483,4.2648
2219-10-02T00:20:00Z,0,36,915.36,284.46,95,0.085209,0.017119,4.0782
2219-10-02T00:30:00Z,0.285,5,917.4,282.54,95,-0.054355,-0.36755,2.9374
2219-10-02T00:40:00Z,0,52,915.72,283.74,95,0.053092,0.14132,5.6641
2219-10-02T00:50:00Z,0.135,22,912.84,283.98,95,0.17439,0.38197,6.1152
2219-10-02T01:00:00Z,0,20,911.4,278.28,94,-0.15221,0.2055,1.9981
2219-10-02T01:10:00Z,0.27,0,908.16,278.04,94,0.46506,0.040602,2.0908
2219-10-02T01:20:00Z,0.165,0,906.48,280.56,94,0.077232,0.17628,0.1765
2219-10-02T01:30:00Z,0.09,31,906.24,276.48,94,0.29109,0.063321,0.837
2219-10-02T01:40:00Z,0.27,3,904.44,280.92,94,0.040707,0.05522,0.83108
2219-10-02T01:50:00Z,0.075,23,904.56,280.86,94,0.10409,-0.27029,2.0854
2219-10-02T02:00:00Z,0.18,26,902.16,282.54,94,0.31732,0.09099,4.055
2219-10-02T02:10:00Z,0.24,7,901.56,279.24,94,-0.012992,-0.19515,1.1934
2219-10-02T02:20:00Z,0.18,26,901.92,278.4,94,-0.066099,0.50292,1.648
2219-10-02T02:30:00Z,0.42,22,901.32,277.62,94,0.057869,0.028757,1.0326
2219-10-02T02:40:00Z,0.24,45,901.44,276.72,94,0.16245,0.23135,4.5572
2219-10-02T02:50:00Z,0.06,20,900.48,275.1,94,0.29633,0.15556,5.9778
2219-10-02T03:00:00Z,0.33,22,900.72,273.06,94,0.37811,0.49701,2.5594
2219-10-02T03:10:00Z,0.015,16,899.04,277.92,94,0.40186,0.092756,3.2097
2219-10-02T03:20:00Z,0.135,23,901.08,278.1,94,0.15944,0.30574,2.2228
2219-10-02T03:30:00Z,0.03,35,901.2,280.86,94,0.1393,0.16144,0.32612
2219-10-02T03:40:00Z,0,36,901.32,280.98,94,0.16873,-0.078236,-0.08032
2219-10-02T03:50:00Z,0.3,27,900.84,276,94,0.26993,-0.19277,1.0484
2219-10-02T04:00:00Z,0,20,899.52,280.2,94,-0.16542,-0.12483,0.53092
2219-10-02T04:10:00Z,0.21,19,900.84,279.54,94,0.013036,0.36563,1.8114
2219-10-02T04:20:00Z,0.195,22,900,279.54,94,-0.0057124,0.039992,3.4219
2219-10-02T04:30:00Z,0.15,7,899.52,286.74,94,0.098892,-0.32493,1.4638
2219-10-02T04:40:00Z,0.06,14,901.8,281.58,94,0.50934,0.45621,3.5721
2219-10-02T04:50:00Z,0.3,0,900.36,282.72,94,0.039721,0.097375,2.4623
2219-10-02T05:00:00Z,0,7,900.72,281.88,95,0.22799,0.16864,2.4858
2219-10-02T05:10:00Z,0.36,0,899.88,287.04,95,0.36364,0.31423,1.821
2219-10-02T05:20:00Z,0.15,7,901.56,286.98,95,0.084987,0.16917,0.94602
2219-10-02T05:30:00Z,0.405,12,900.6,286.98,95,0.17603,0.11443,0.24128
2219-10-02T05:40:00Z,0.18,10,901.08,288.3,95,0.254,0.099652,1.2337
2219-10-02T05:50:00Z,0,3,900.6,287.28,95,-0.046618,0.18223,2.8061
2219-10-02T06:00:00Z,0.105,0,900.96,287.88,95,0.13278,-0.039229,1.6377
2219-10-02T06:10:00Z,0.165,20,900.72,293.22,95,0.089123,0.12399,-2.2843
2219-10-02T06:20:00Z,0.255,37,900.6,292.2,95,0.33616,0.065917,0.75513
2219-10-02T06:30:00Z,0.24,32,899.88,286.92,95,0.24156,-0.091526,7.8877
2219-10-02T06:40:00Z,0.15,5,899.4,285.24,95,0.10752,0.28486,8.4339
2219-10-02T06:50:00Z,0.39,0,900,290.28,95,0.18172,-0.04152,2.3204
2219-10-02T07:00:00Z,0.21,14,901.2,291.66,95,-0.16141,-0.020721,6.6201
2219-10-02T07:10:00Z,0.21,27,901.2,290.04,95,-0.0053444,0.053435,7.721
2219-10-02T07:20:00Z,0.24,10,900.6,292.38,95,0.060365,-0.23857,5.2051
2219-10-02T07:30:00Z,0.105,12,900.48,294.9,95,0.079223,0.14826,6.2073
2219-10-02T07:40:00Z,0.285,22,901.2,296.7,95,0.077655,0.41956,5.95
2219-10-02T07:50:00Z,0.195,0,900.36,293.34,95,-0.21167,0.32636,1.4608
2219-10-02T08:00:00Z,0.15,4,900.84,293.28,95,0.10595,0.024683,2.758
2219-10-02T08:10:00Z,0.255,15,899.76,294.36,95,0.10146,0.0091852,4.4042
2219-10-02T08:20:00Z,0,4,901.8,302.22,95,0.12733,-0.011868,5.435
2219-10-02T08:30:00Z,0.435,18,901.32,305.1,95,0.2607,0.20094,2.6898
2219-10-02T08:40:00Z,0.435,15,903.36,305.64,95,-0.038914,-0.13073,5.1905
2219-10-02T08:50:00Z,0,37,902.04,309.9,95,-0.08617,-0.26889,5.066
2219-10-02T09:00:00Z,0.06,40,901.56,313.5,95,0.23058,0.28384,6.3515
2219-10-02T09:10:00Z,0.39,44,900.96,310.14,95,0.14575,0.0096359,6.0281
2219-10-02T09:20:00Z,0.12,72,900.36,314.88,95,0.17994,-0.062902,7.5081
2219-10-02T09:30:00Z,0.405,73,901.68,308.64,95,0.20829,0.097497,4.9505
2219-10-02T09:40:00Z,0.24,43,899.16,307.8,95,-0.15577,0.059909,4.2406
2219-10-02T09:50:00Z,0.36,30,899.64,308.28,95,0.074063,0.086542,6.4284
2219-10-02T10:00:00Z,0.3,28,899.4,310.02,95,-0.049324,0.14787,6.7372
2219-10-02T10:10:00Z,0.12,36,900.96,309.42,95,0.15622,0.048441,8.0116
2219-10-02T10:20:00Z,0.03,36,900.48,308.64,95,0.13964,0.068508,3.8232
2219-10-02T10:30:00Z,0.27,23,899.76,309,95,-0.00079953,-0.47765,2.5451
2219-10-02T10:40:00Z,0.33,0,900,308.16,95,0.2806,0.14975,4.8196
2219-10-02T10:50:00Z,0.24,0,899.52,304.38,95,0.27395,-0.17241,5.7445
2219-10-02T11:00:00Z,0.105,16,899.4,305.58,95,0.085673,0.29721,1.939
2219-10-02T11:10:00Z,0.09,48,899.04,307.98,95,0.047964,-0.023633,2.0422
2219-10-02T11:20:00Z,0.03,16,899.4,300.66,95,0.096983,0.075456,3.7175
2219-10-02T11:30:00Z,0.06,18,899.16,303.54,95,0.49385,-0.084624,1.5491
2219-10-02T11:40:00Z,0,26,900.12,303.06,95,-0.017711,-0.13225,3.4443
2219-10-02T11:50:00Z,0.27,16,899.88,307.62,95,0.19969,-0.062508,3.0686
2219-10-02T12:00:00Z,0.06,27,899.16,304.56,95,0.30053,0.36431,3.4254
2219-10-02T12:10:00Z,0.345,28,900.96,303.72,95,0.18342,0.24634,2.4865
2219-10-02T12:20:00Z,0.045,23,899.52,306.66,95,0.043522,-0.023089,1.7558
2219-10-02T12:30:00Z,0.255,0,900.48,310.32,95,0.12227,-0.24927,-0.14021
2219-10-02T12:40:00Z,0.105,11,900.72,309.3,95,0.1141,0.18237,-2.3999
2219-10-02T12:50:00Z,0,31,902.16,314.7,95,0.0060505,-0.21835,2.2023
2219-10-02T13:00:00Z,0.135,0,901.8,312.06,94,0.11088,0.28631,3.2977
2219-10-02T13:10:00Z,0.03,6,900,308.64,94,0.25354,0.22497,1.5542
2219-10-02T13:20:00Z,0.15,0,900,306.24,94,0.14612,0.50947,3.8228
2219-10-02T13:30:00Z,0.09,36,899.28,307.8,94,0.067116,0.031894,5.1313
2219-10-02T13:40:00Z,0.09,39,899.52,306.24,94,0.32745,-0.24114,7.4568
2219-10-02T13:50:00Z,0.15,33,898.92,307.2,94,0.1082,-0.099984,5.147
2219-10-02T14:00:00Z,0.195,31,899.16,303.54,94,0.21825,0.41369,5.9082
2219-10-02T14:10:00Z,0.015,18,898.8,301.86,94,0.1025,0.16061,3.9772
2219-10-02T14:20:00Z,0.135,41,899.4,305.22,94,0.2851,0.11689,4.9673
2219-10-02T14:30:00Z,0.105,39,900,303.36,94,0.18819,-0.20842,7.5116
2219-10-02T14:40:00Z,0,50,900.48,305.58,94,0.036282,-0.079392,5.7238
2219-10-02T14:50:00Z,0.165,30,899.04,300.54,94,0.070479,0.1252,4.8512
2219-10-02T15:00:00Z,0,40,899.52,304.26,94,0.16872,0.09445,6.7197
2219-10-02T15:10:00Z,0.285,68,899.52,296.28,94,0.083278,0.063461,4.6414
2219-10-02T15:20:00Z,0.195,59,899.16,292.92,94,0.23187,-0.0068213,4.1237
2219-10-02T15:30:00Z,0.105,32,898.56,293.94,94,0.12303,0.077729,4.8022
2219-10-02T15:40:00Z,0.135,15,899.64,300.06,94,0.10143,-0.31128,0.44045
2219-10-02T15:50:00Z,0.495,36,901.44,302.1,94,0.12536,0.0074777,2.5331
2219-10-02T16:00:00Z,0.3,28,900.24,304.74,94,-0.070133,0.02657,3.2697
2219-10-02T16:10:00Z,0.33,13,901.8,304.08,94,0.27579,0.58835,1.4765
2219-10-02T16:20:00Z,0.09,33,901.44,309.9,94,0.078704,0.21981,2.5478
2219-10-02T16:30:00Z,0.135,16,901.2,310.44,94,0.090792,0.23343,1.5142
2219-10-02T16:40:00Z,0.105,36,900.96,310.2,94,0.41536,0.083186,2.5548
2219-10-02T16:50:00Z,0,12,900.6,308.64,94,-0.069935,0.13665,7.0481
2219-10-02T17:00:00Z,0.42,0,900.84,310.44,95.5,0.016006,0.3277,3.2261
2219-10-02T17:10:00Z,0.075,18,900.24,315.48,95.5,0.20931,0.17242,0.52906
2219-10-02T17:20:00Z,0.18,0,900.96,315.12,95.5,0.1145,-0.25027,0.98403
2219-10-02T17:30:00Z,0.255,11,901.32,315.96,95.5,0.15052,-0.013549,0.6706
2219-10-02T17:40:00Z,0.135,16,900.96,313.14,95.5,-0.19489,0.42412,2.5595
2219-10-02T17:50:00Z,0.27,7,899.04,310.8,95.5,0.18918,0.33692,5.5958
2219-10-02T18:00:00Z,0.24,12,898.68,310.02,95.5,0.13706,-0.083763,4.6693
2219-10-02T18:10:00Z,0.09,21,899.88,306.24,95.5,0.21847,0.076761,4.4299
2219-10-02T18:20:00Z,0,38,900.36,306.84,95.5,-0.079486,-0.24997,4.5583
2219-10-02T18:30:00Z,0.195,19,899.4,311.88,95.5,0.2649,0.18361,5.213
2219-10-02T18:40:00Z,0.465,0,900.6,314.22,95.5,0.15468,-0.25893,2.5449
2219-10-02T18:50:00Z,0,33,899.52,311.52,95.5,0.09059,0.05815,3.6323
2219-10-02T19:00:00Z,0.09,15,900.12,312.84,95.5,0.14457,-0.14785,6.7277
2219-10-02T19:10:00Z,0,3,899.4,306.06,95.5,0.23161,-0.13584,5.6639
2219-10-02T19:20:00Z,0.195,8,898.32,305.7,95.5,0.019277,0.051438,4.9535
2219-10-02T19:30:00Z,0.03,3,899.64,304.02,95.5,0.12909,0.1346,3.756
2219-10-02T19:40:00Z,0.255,0,899.04,307.62,95.5,-0.0058448,0.024722,-0.95876
2219-10-02T19:50:00Z,0.195,0,900.6,310.32,95.5,-0.0073308,0.49403,-3.0286
2219-10-02T20:00:00Z,0.12,0,900.72,306,95.5,0.18691,-0.052022,0.41843
2219-10-02T20:10:00Z,0,8,900.48,310.98,95.5,-0.10176,0.37513,3.6146
2219-10-02T20:20:00Z,0,15,900.48,306.54,95.5,0.26281,-0.091309,6.053
2219-10-02T20:30:00Z,0.18,13,899.04,305.58,95.5,0.17479,0.036592,3.285
2219-10-02T20:40:00Z,0.405,0,899.28,296.88,95.5,0.17594,0.30542,-0.16634
2219-10-02T20:50:00Z,0,16,898.2,300.3,95.5,0.19069,0.35511,2.22
2219-10-02T21:00:00Z,0.075,13,899.16,298.02,94,0.2219,0.079179,-0.30104
2219-10-02T21:10:00Z,0.195,8,899.52,296.04,94,0.32991,0.097053,3.853
2219-10-02T21:20:00Z,0.24,4,898.56,297.3,94,0.10117,0.0063935,4.8512
2219-10-02T21:30:00Z,0.525,16,899.28,292.08,94,0.051483,0.0031065,6.288
2219-10-02T21:40:00Z,0.195,2,898.2,294.84,94,0.15131,0.49262,4.7628
2219-10-02T21:50:00Z,0.21,0,898.92,293.76,94,0.075739,0.25822,3.2584
2219-10-02T22:00:00Z,0.09,8,900.24,295.68,94,0.08551,0.16715,2.3465
2219-10-02T22:10:00Z,0.255,25,899.76,296.76,94,0.088161,0.098176,3.2605
2219-10-02T22:20:00Z,0.345,25,900,297.66,94,0.075831,-0.023943,1.7865
2219-10-02T22:30:00Z,0.24,22,900.36,298.26,94,-0.13738,0.26876,2.4786
2219-10-02T22:40:00Z,0.15,32,900.48,298.74,94,-0.029551,-0.22796,5.3215
2219-10-02T22:50:00Z,0.075,16,900.96,303.48,94,0.027013,0.43593,3.409
2219-10-02T23:00:00Z,0,12,901.44,302.22,94,0.11287,0.30865,0.5835
2219-10-02T23:10:00Z,0.345,9,900.6,301.92,94,0.37023,0.3631,1.4871
2219-10-02T23:20:00Z,0.195,12,900.36,297.9,94,0.053953,0.59164,4.5966
2219-10-02T23:30:00Z,0.015,0,898.8,296.34,94,0.031054,0.2833,3.208
2219-10-02T23:40:00Z,0.255,0,899.28,298.74,94,0.21099,-0.046769,2.5316
2219-10-02T23:50:00Z,0.015,15,898.56,298.62,94,0.080519,-0.29912,2.3452
2219-10-03T00:00:00Z,0.39,12,899.04,298.8,94,0.077165,0.12934,2.5547
2219-10-03T00:10:00Z,0,8,899.52,297.48,94,0.061988,0.12411,2.7783
2219-10-03T00:20:00Z,0.135,19,899.64,297.12,94,0.1015,0.096995,4.3452
2219-10-03T00:30:00Z,0.27,0,899.16,292.62,94,-0.075607,-0.054629,6.4383
2219-10-03T00:40:00Z,0,19,899.64,298.08,94,0.022275,0.16793,7.1958
2219-10-03T00:50:00Z,0.045,5,900,301.5,94,0.024114,-0.017973,4.2152
2219-10-03T01:00:00Z,0.09,22,899.16,300.3,94,0.18019,0.031039,4.4289
2219-10-03T01:10:00Z,0.285,3,901.92,298.56,94,0.34678,-0.11265,5.4908
2219-10-03T01:20:00Z,0.57,3,899.88,291.54,94,0.19118,-0.079717,1.712
2219-10-03T01:30:00Z,0.435,2,899.28,294.96,94,-0.0061838,-0.077329,2.0692
2219-10-03T01:40:00Z,0.06,0,899.52,292.86,94,-0.13623,-0.051693,3.1176
2219-10-03T01:50:00Z,0.51,0,898.32,287.94,94,0.24463,0.53445,0.52789
2219-10-03T02:00:00Z,0.45,0,899.4,292.8,94,-0.18972,-0.20988,2.3197
2219-10-03T02:10:00Z,0.21,25,900.6,292.98,94,0.43537,0.008671,2.1612
2219-10-03T02:20:00Z,0.24,13,899.4,294.24,94,0.083137,-0.012832,4.2733
2219-10-03T02:30:00Z,0.09,13,899.88,293.28,94,-0.005154,0.41201,3.0431
2219-10-03T02:40:00Z,0.255,16,899.28,295.5,94,-0.015486,0.19009,2.7501
2219-10-03T02:50:00Z,0.345,22,900.48,293.82,94,0.25029,0.36164,6.2523
2219-10-03T03:00:00Z,0.3,11,900.48,291.72,94,-0.04881,-0.048954,4.9565
2219-10-03T03:10:00Z,0.06,17,900.36,292.92,94,-0.11557,-0.37178,8.2973
2219-10-03T03:20:00Z,0.45,14,899.16,292.62,94,0.038151,0.15194,2.612
2219-10-03T03:30:00Z,0.24,4,901.08,292.02,94,-0.35182,0.010105,3.7678
2219-10-03T03:40:00Z,0.06,0,899.76,285.96,94,-0.083776,0.15585,4.7999
2219-10-03T03:50:00Z,0.03,0,898.92,286.68,94,-0.038831,0.17521,1.6973
2219-10-03T04:00:00Z,0.03,21,898.08,285.72,94,-0.0018049,-0.016226,3.3206
2219-10-03T04:10:00Z,0.225,3,900.36,294,94,0.16271,-0.085002,1.174
2219-10-03T04:20:00Z,0.195,24,901.08,295.62,94,0.078234,0.32749,0.31409
2219-10-03T04:30:00Z,0.12,0,901.2,288.96,94,0.10528,0.17303,1.0913
2219-10-03T04:40:00Z,0,24,900.6,291.18,94,-0.086133,-0.06184,0.64634
2219-10-03T04:50:00Z,0.27,14,899.88,294.3,94,-0.14298,-0.056749,1.9635
2219-10-03T05:00:00Z,0.255,42,899.64,291.6,95,-0.0029333,0.090338,4.1524
2219-10-03T05:10:00Z,0.375,6,900.48,292.38,95,-0.22693,0.2681,4.022
2219-10-03T05:20:00Z,0,7,898.68,289.98,95,0.46096,0.34006,2.8204
2219-10-03T05:30:00Z,0,16,900.12,289.38,95,0.20156,0.073962,2.6159
2219-10-03T05:40:00Z,0.27,24,899.28,290.4,95,0.14644,-0.021809,3.7852
2219-10-03T05:50:00Z,0.27,4,898.92,289.38,95,0.037871,0.3883,-0.67736
2219-10-03T06:00:00Z,0,0,899.28,284.4,95,0.16545,0.098687,2.5897
2219-10-03T06:10:00Z,0.15,16,898.8,282.24,95,0.13964,0.06256,5.427
2219-10-03T06:20:00Z,0.345,16,900.72,287.7,95,0.20742,0.075573,8.2472
2219-10-03T06:30:00Z,0.225,13,899.64,290.46,95,0.11195,-0.093451,9.4352
2219-10-03T06:40:00Z,0.075,19,900.12,294.3,95,-0.070008,0.065111,6.7858
2219-10-03T06:50:00Z,0,37,899.76,294.84,95,-0.0036691,0.144,4.3098
2219-10-03T07:00:00Z,0.045,14,900.96,293.28,95,0.040424,0.37798,6.1691
2219-10-03T07:10:00Z,0.12,15,900.96,296.34,95,0.014923,0.28739,2.9314
2219-10-03T07:20:00Z,0.18,16,902.04,298.56,95,0.36762,-0.16776,-0.58784
2219-10-03T07:30:00Z,0.12,28,900.72,297.06,95,0.12884,0.18916,-1.2863
2219-10-03T07:40:00Z,0.12,6,899.76,286.68,95,0.051832,-0.068389,0.048623
2219-10-03T07:50:00Z,0.285,35,898.92,287.64,95,-0.13307,0.17668,-1.0023
2219-10-03T08:00:00Z,0.015,10,899.28,288.24,95,-0.10829,0.48218,2.4079
2219-10-03T08:10:00Z,0,5,900.24,287.22,95,0.10736,0.069229,1.4386
2219-10-03T08:20:00Z,0.24,18,898.92,283.62,95,0.10599,-0.20436,2.1311
2219-10-03T08:30:00Z,0.225,0,900,283.2,95,0.21412,0.29978,3.5023
2219-10-03T08:40:00Z,0.21,10,898.8,284.64,95,0.20077,0.0075824,3.6636
2219-10-03T08:50:00Z,0.135,0,900.6,293.04,95,-0.0065261,0.30873,2.8969
2219-10-03T09:00:00Z,0.075,8,900.72,292.02,96,0.13858,0.053276,2.5859
2219-10-03T09:10:00Z,0.045,36,901.08,293.94,96,0.039875,0.29405,3.9157
2219-10-03T09:20:00Z,0.075,15,901.56,296.7,96,0.16083,-0.35078,4.0531
2219-10-03T09:30:00Z,0.24,15,900.12,297.06,96,-0.038006,0.045561,4.2913
2219-10-03T09:40:00Z,0.045,0,900.96,290.94,96,-0.029052,0.035161,7.0804
2219-10-03T09:50:00Z,0.195,0,898.92,297.3,96,0.2492,0.39729,5.7336
2219-10-03T10:00:00Z,0,0,900,296.76,96,0.053826,0.095924,5.2385
2219-10-03T10:10:00Z,0.045,6,901.8,295.44,96,0.2295,-0.1856,3.5638
2219-10-03T10:20:00Z,0,17,900.84,296.76,96,0.24626,0.028969,1.4713
2219-10-03T10:30:00Z,0.015,16,900.96,290.28,96,0.20925,0.32591,0.69289
2219-10-03T10:40:00Z,0.21,10,899.64,289.26,96,-0.11176,0.34721,2.933
2219-10-03T10:50:00Z,0,2,898.68,289.5,96,0.19635,0.054754,2.9075
2219-10-03T11:00:00Z,0.27,1,899.64,290.22,96,0.18781,-0.10226,1.8999
2219-10-03T11:10:00Z,0,0,900.24,294.18,96,0.038477,0.091837,2.697
2219-10-03T11:20:00Z,0.12,0,900.12,290.88,96,0.15562,-0.24697,1.1659
2219-10-03T11:30:00Z,0.18,5,899.52,288.78,96,0.099196,-0.068347,1.6388
2219-10-03T11:40:00Z,0.195,2,900,289.56,96,0.029029,0.10209,5.8997
2219-10-03T11:50:00Z,0.42,7,900.12,284.4,96,0.016045,-0.063571,6.3098
2219-10-03T12:00:00Z,0.09,17,898.68,284.22,96,0.22313,-0.084749,4.1379
2219-10-03T12:10:00Z,0.315,21,899.04,283.44,96,0.32949,0.14534,6.0753
2219-10-03T12:20:00Z,0.285,16,898.56,280.5,96,0.02996,0.024952,4.1476
2219-10-03T12:30:00Z,0.12,2,899.52,279.06,96,0.15803,0.3307,-0.89241
2219-10-03T12:40:00Z,0.24,29,898.56,287.04,96,0.041184,-0.018634,1.4998
2219-10-03T12:50:00Z,0.135,3,901.2,282.6,96,-0.016382,0.053654,-0.36716
2219-10-03T13:00:00Z,0.03,19,900,290.82,94.5,0.043925,0.18166,2.9083
2219-10-03T13:10:00Z,0.03,18,901.32,294.18,94.5,0.060813,0.14009,3.8999
2219-10-03T13:20:00Z,0.345,0,900.84,293.58,94.5,0.34833,0.071548,3.0223
2219-10-03T13:30:00Z,0.075,0,900.24,288.42,94.5,0.098546,0.071444,3.7063
2219-10-03T13:40:00Z,0.51,12,900.84,289.68,94.5,0.10317,0.27093,4.3007
2219-10-03T13:50:00Z,0.24,25,900.24,291.42,94.5,0.18316,-0.026741,3.929
2219-10-03T14:00:00Z,0.45,9,900,288.24,94.5,0.16798,0.063563,3.8593
2219-10-03T14:10:00Z,0.015,13,899.64,288.6,94.5,0.069666,0.13176,5.9654
2219-10-03T14:20:00Z,0.255,21,899.76,288.12,94.5,0.10888,0.074935,6.9999
2219-10-03T14:30:00Z,0.15,19,899.52,289.92,94.5,0.26955,0.17499,6.3332
2219-10-03T14:40:00Z,0.21,10,900.36,289.38,94.5,0.18064,0.54456,6.652
2219-10-03T14:50:00Z,0,27,899.28,283.26,94.5,-0.048285,0.19414,5.7014
2219-10-03T15:00:00Z,0.15,0,899.52,283.74,94.5,-0.033204,-0.17819,2.1234
2219-10-03T15:10:00Z,0.51,12,899.4,281.46,94.5,0.074561,0.057533,3.2725
2219-10-03T15:20:00Z,0.21,16,899.28,279.12,94.5,0.41008,0.72063,2.4784
2219-10-03T15:30:00Z,0.075,12,899.52,278.46,94.5,0.22902,0.15875,3.1881
2219-10-03T15:40:00Z,0.15,36,899.88,282.42,94.5,0.19553,0.33352,6.0876
2219-10-03T15:50:00Z,0,28,899.64,282.24,94.5,0.17968,-0.45629,5.4364
2219-10-03T16:00:00Z,0.195,16,900.24,283.14,94.5,0.2734,0.097955,5.7322
2219-10-03T16:10:00Z,0,24,900,281.52,94.5,0.075964,-0.098329,5.5175
2219-10-03T16:20:00Z,0.105,0,900.36,283.56,94.5,0.35992,-0.181,7.0743
2219-10-03T16:30:00Z,0.495,5,900,281.88,94.5,0.20313,0.36784,3.9997
2219-10-03T16:40:00Z,0.24,21,899.88,285.24,94.5,0.097153,-0.44048,4.4993
2219-10-03T16:50:00Z,0,31,899.16,279.36,94.5,0.18178,-0.068989,5.977
2219-10-03T17:00:00Z,0.12,33,898.8,279.6,95.5,0.3111,0.18947,2.9971
2219-10-03T17:10:00Z,0.255,11,900.6,284.28,95.5,0.093734,0.42478,5.1465
2219-10-03T17:20:00Z,0.105,37,901.32,284.94,95.5,0.10266,-0.050539,3.4084
2219-10-03T17:30:00Z,0.105,8,900.84,281.64,95.5,-0.028882,0.19302,2.7899
2219-10-03T17:40:00Z,0.105,19,900.6,281.88,95.5,0.12187,0.36823,0.61918
2219-10-03T17:50:00Z,0.27,23,899.52,274.86,95.5,0.15648,0.25373,3.5187
2219-10-03T18:00:00Z,0,0,897.96,273.42,95.5,-0.0078533,0.16189,2.5242
2219-10-03T18:10:00Z,0.315,4,898.8,277.26,95.5,0.41729,0.29345,3.7923
2219-10-03T18:20:00Z,0.15,4,898.32,276.42,95.5,0.35811,-0.1325,4.7342
2219-10-03T18:30:00Z,0.36,17,900,273.36,95.5,0.024779,-0.24017,3.2566
2219-10-03T18:40:00Z,0.06,8,899.88,274.56,95.5,0.086351,-0.11387,4.5326
2219-10-03T18:50:00Z,0.24,20,898.68,272.4,95.5,0.27889,0.3706,4.6918
2219-10-03T19:00:00Z,0.12,0,899.4,277.32,95.5,0.23504,-0.027598,4.4175
2219-10-03T19:10:00Z,0.12,0,899.16,271.74,95.5,-0.10161,-0.11868,5.4781
2219-10-03T19:20:00Z,0.015,9,899.16,270.24,95.5,0.28576,0.095895,1.587
2219-10-03T19:30:00Z,0.255,6,898.56,270.48,95.5,0.13627,-0.17216,3.2893
2219-10-03T19:40:00Z,0.09,3,899.4,271.68,95.5,-0.058622,0.30363,5.5943
2219-10-03T19:50:00Z,0.06,10,899.88,273.66,95.5,-0.027123,0.064437,3.4304
2219-10-03T20:00:00Z,0.375,0,900.48,277.08,95.5,-0.084545,-0.042852,4.9621
2219-10-03T20:10:00Z,0,6,900.72,277.38,95.5,0.29889,0.14477,3.3242
2219-10-03T20:20:00Z,0.075,0,901.92,284.46,95.5,0.033132,0.2192,2.1714
2219-10-03T20:30:00Z,0.21,4,901.32,285.12,95.5,0.12874,0.012914,0.84396
2219-10-03T20:40:00Z,0.315,22,901.2,284.52,95.5,0.24854,0.38268,1.6392
2219-10-03T20:50:00Z,0,0,900.72,287.52,95.5,0.26342,0.26006,1.8884
2219-10-03T21:00:00Z,0.18,4,901.2,291,95,0.15691,-0.18379,3.9679
2219-10-03T21:10:00Z,0.12,28,901.56,287.58,95,0.048702,0.31138,4.3428
2219-10-03T21:20:00Z,0.135,31,900.24,287.88,95,0.22829,-0.041257,3.3634
2219-10-03T21:30:00Z,0.12,3,900.6,283.8,95,0.043461,-0.12431,0.62397
2219-10-03T21:40:00Z,0.195,11,900.24,281.46,95,0.12656,-0.14159,0.58351
2219-10-03T21:50:00Z,0.345,7,899.52,283.92,95,0.11175,0.20872,2.6332
2219-10-03T22:00:00Z,0.42,0,899.52,287.64,95,-0.0033722,-0.31774,2.8896
2219-10-03T22:10:00Z,0,3,900.96,284.82,95,0.009409,-0.44681,0.096448
2219-10-03T22:20:00Z,0.21,7,900.72,290.28,95,0.10447,-0.22987,2.1715
2219-10-03T22:30:00Z,0.24,29,900.48,288.12,95,-0.097831,-0.085982,4.5886
2219-10-03T22:40:00Z,0.135,7,900.12,287.34,95,0.22024,0.18837,2.0259
2219-10-03T22:50:00Z,0.15,20,900.12,285.84,95,0.2762,0.12166,2.1403
2219-10-03T23:00:00Z,0.195,19,899.04,285.78,95,0.21026,0.28067,2.978
2219-10-03T23:10:00Z,0.225,26,899.52,286.56,95,0.055221,-0.16969,5.3294
2219-10-03T23:20:00Z,0.24,35,900.6,287.76,95,0.2092,-0.19255,7.0969
2219-10-03T23:30:00Z,0.195,0,900.96,290.52,95,-0.061914,0.3089,5.1752
2219-10-03T23:40:00Z,0.105,0,902.04,301.02,95,0.24481,0.44492,3.4837
2219-10-03T23:50:00Z,0.12,30,903.12,298.62,95,0.07397,0.28863,4.5594
2219-10-04T00:00:00Z,0.075,4,901.56,300.48,95,0.063943,-0.041307,3.9958
2219-10-04T00:10:00Z,20.01,1070,901.08,304.5,95,1.0685,1.1169,64.575
2219-10-04T00:20:00Z,19.875,1124,901.44,304.32,95,2.1359,1.6719,65.845
2219-10-04T00:30:00Z,20.28,1091,901.68,304.02,95,3.1317,2.6409,65.648
2219-10-04T00:40:00Z,20.13,1104,901.08,293.82,95,3.5646,3.4623,64.473
2219-10-04T00:50:00Z,20.16,1084,898.56,294.3,95,4.5029,4.2624,63.868
2219-10-04T01:00:00Z,19.65,1098,898.44,290.16,95,5.2285,5.1039,62.014
2219-10-04T01:10:00Z,20.205,1092,898.44,294.78,95,6.2043,5.2935,61.851
2219-10-04T01:20:00Z,19.89,1100,900.12,298.44,95,6.6012,6.2127,63.995
2219-10-04T01:30:00Z,20.13,1076,899.64,298.86,95,7.0836,6.8018,65.732
2219-10-04T01:40:00Z,20.25,1092,900.12,303.6,95,7.606,7.2324,63.534
2219-10-04T01:50:00Z,19.74,1117,901.8,305.22,95,8.1235,7.5907,66.947
2219-10-04T02:00:00Z,19.875,1108,900.12,304.38,95,8.7113,7.8435,66.394
2219-10-04T02:10:00Z,20.04,1100,900.96,310.2,95,9.0121,8.4708,67.442
2219-10-04T02:20:00Z,20.1,1075,901.2,305.28,95,9.3319,8.5386,67.36
2219-10-04T02:30:00Z,20.025,1104,899.88,306.18,95,9.7487,8.9461,66.804
2219-10-04T02:40:00Z,19.89,1103,900.36,308.52,95,9.8655,9.407,66.317
2219-10-04T02:50:00Z,20.205,1101,899.16,300.42,95,10.238,9.6281,61.449
2219-10-04T03:00:00Z,19.905,1103,898.44,305.22,95,10.55,10.055,64.584
2219-10-04T03:10:00Z,19.74,1111,899.4,307.74,95,10.662,9.803,61.788
2219-10-04T03:20:00Z,20.04,1094,900.6,309,95,11.119,9.9592,62.929
2219-10-04T03:30:00Z,20.1,1093,900.96,312.18,95,11.234,10.581,65.913
2219-10-04T03:40:00Z,19.92,1109,901.08,310.62,95,11.74,10.413,67.649
2219-10-04T03:50:00Z,20.01,1087,901.2,312.12,95,11.972,11.072,67.962
2219-10-04T04:00:00Z,20.115,1090,899.76,315.18,95,11.701,11.049,66.338
2219-10-04T04:10:00Z,19.95,1085,900.96,312.24,95,11.866,11.005,67.383
2219-10-04T04:20:00Z,19.845,1071,899.76,313.14,95,12.148,11.264,67.202
2219-10-04T04:30:00Z,20.175,1110,901.32,313.32,95,12.348,11.546,72.259
2219-10-04T04:40:00Z,19.95,1104,900.36,311.64,95,12.246,11.64,73.264
2219-10-04T04:50:00Z,20.07,1087,900.36,311.46,95,12.626,11.215,71.452
2219-10-04T05:00:00Z,20.385,1108,899.16,306.42,95,12.189,11.202,69.651
2219-10-04T05:10:00Z,20.025,1087,899.16,307.74,95,12.618,11.512,68.249
2219-10-04T05:20:00Z,19.995,1103,898.44,307.92,95,12.256,11.867,68.729
2219-10-04T05:30:00Z,20.1,1081,899.4,311.34,95,12.738,11.78,69.271
2219-10-04T05:40:00Z,20.31,1094,900.84,311.94,95,13.045,11.399,72.398
2219-10-04T05:50:00Z,19.98,1104,900.6,310.5,95,12.734,11.635,72.651
2219-10-04T06:00:00Z,19.77,1101,900.36,309.72,95,12.895,12.085,72.575
2219-10-04T06:10:00Z,20.25,1093,899.88,307.62,95,12.971,11.899,69.633
2219-10-04T06:20:00Z,20.04,1112,900,309.6,95,13.142,11.749,65.408
2219-10-04T06:30:00Z,19.935,1102,898.2,314.1,95,13.07,12.001,67.431
2219-10-04T06:40:00Z,19.8,1096,901.2,318.96,95,13.188,12.307,65.878
2219-10-04T06:50:00Z,20.13,1105,901.2,317.64,95,13.008,12.226,69.674
2219-10-04T07:00:00Z,19.98,1096,900.48,311.04,95,13.055,12.201,69.123
2219-10-04T07:10:00Z,20.07,1111,900.24,310.32,95,13.202,12.011,66.539
2219-10-04T07:20:00Z,19.935,1094,899.64,313.74,95,13.033,12.361,66.212
2219-10-04T07:30:00Z,19.83,1103,899.88,312.48,95,13.531,12.345,69.677
2219-10-04T07:40:00Z,19.95,1087,901.08,313.14,95,13.361,12.207,68.471
2219-10-04T07:50:00Z,20.055,1114,898.92,313.44,95,13.313,12.358,70.41
2219-10-04T08:00:00Z,20.115,1089,900.36,315.42,95,13.402,12.284,68.685
2219-10-04T08:10:00Z,20.04,1095,900.24,313.38,95,13.588,12.471,69.402
2219-10-04T08:20:00Z,20.07,1102,899.88,316.02,95,13.63,12.366,71.411
2219-10-04T08:30:00Z,20.01,1109,900.6,319.62,95,13.438,11.975,71.704
2219-10-04T08:40:00Z,19.995,1102,900.6,316.5,95,13.408,12.398,70.112
2219-10-04T08:50:00Z,20.355,1075,900.48,315.6,95,13.646,12.258,72.394
2219-10-04T09:00:00Z,19.905,1119,900.36,316.56,95,13.743,12.531,73.018
2219-10-04T09:10:00Z,20.13,1108,900.24,316.56,95,13.377,12.415,66.897
2219-10-04T09:20:00Z,19.995,1106,900.36,316.92,95,13.468,12.625,67.907
2219-10-04T09:30:00Z,20.145,1071,900.36,314.04,95,13.689,12.501,66.79
2219-10-04T09:40:00Z,20.04,1097,898.68,308.1,95,13.811,12.699,68.287
2219-10-04T09:50:00Z,19.89,1106,899.16,312.12,95,13.428,12.318,65.315
2219-10-04T10:00:00Z,19.965,1117,899.04,310.44,95,13.56,12.685,68.594
2219-10-04T10:10:00Z,20.28,1103,899.64,314.4,95,13.826,12.532,68.629
2219-10-04T10:20:00Z,20.1,1105,899.28,311.34,95,13.653,12.502,67.893
2219-10-04T10:30:00Z,19.92,1108,900.24,306.12,95,13.453,12.458,67.421
2219-10-04T10:40:00Z,20.04,1079,897.72,300.36,95,13.59,12.884,66.659
2219-10-04T10:50:00Z,19.935,1099,898.2,298.08,95,13.999,12.517,66.908
2219-10-04T11:00:00Z,19.965,1098,897.84,294.96,95,13.637,12.301,69.083
2219-10-04T11:10:00Z,20.025,1118,897.6,294.78,95,13.808,12.553,69.042
2219-10-04T11:20:00Z,20.13,1105,898.32,297.12,95,13.417,11.969,70.495
2219-10-04T11:30:00Z,20.13,1106,899.64,299.28,95,13.7,12.46,68.004
2219-10-04T11:40:00Z,20.25,1099,900.72,301.98,95,13.754,12.213,70.466
2219-10-04T11:50:00Z,19.86,1110,901.44,302.64,95,13.74,12.773,71.072
2219-10-04T12:00:00Z,20.235,1110,901.68,307.62,95,13.602,12.352,71.444
2219-10-04T12:10:00Z,19.695,1093,902.28,312.78,95,13.439,12.406,69.81
2219-10-04T12:20:00Z,19.89,1140,900,314.58,95,13.567,12.709,71.396
2219-10-04T12:30:00Z,19.89,1087,901.92,315.72,95,13.638,12.559,70.022
2219-10-04T12:40:00Z,20.04,1121,901.08,320.4,95,13.725,12.265,71.189
2219-10-04T12:50:00Z,19.92,1109,901.32,315.6,95,13.692,12.364,70.812
2219-10-04T13:00:00Z,19.935,1095,900.72,316.02,95,13.52,12.35,70.889
2219-10-04T13:10:00Z,19.77,1108,900.36,313.86,95,13.332,12.564,72.494
2219-10-04T13:20:00Z,20.115,1071,900.72,317.94,95,13.522,12.708,66.808
2219-10-04T13:30:00Z,20.235,1110,900.84,317.28,95,13.726,12.308,66.82
2219-10-04T13:40:00Z,19.995,1125,899.76,315.3,95,13.812,12.305,65.41
2219-10-04T13:50:00Z,20.04,1080,898.44,314.7,95,13.513,12.687,68.738
2219-10-04T14:00:00Z,20.085,1097,899.28,311.94,95,13.802,12.904,67.515
2219-10-04T14:10:00Z,20.16,1105,899.28,311.94,95,13.469,12.417,69.981
2219-10-04T14:20:00Z,19.785,1092,899.88,312.6,95,13.704,12.546,68.401
2219-10-04T14:30:00Z,20.055,1113,899.28,314.34,95,13.698,12.245,73.318
2219-10-04T14:40:00Z,20.01,1090,899.4,310.44,95,13.55,12.303,71.979
2219-10-04T14:50:00Z,19.92,1112,899.16,306.6,95,13.605,12.529,69.697
2219-10-04T15:00:00Z,19.755,1060,899.28,306.96,95,13.951,12.583,71.892
2219-10-04T15:10:00Z,19.92,1073,899.04,303.72,95,13.741,12.47,70.173
2219-10-04T15:20:00Z,20.04,1075,898.92,297.84,95,13.616,12.705,71.182
2219-10-04T15:30:00Z,19.845,1117,898.56,304.68,95,13.804,12.715,66.194
2219-10-04T15:40:00Z,19.74,1099,899.16,303.78,95,13.851,12.676,63.996
2219-10-04T15:50:00Z,19.875,1102,899.64,306.12,95,13.744,12.893,68.151
2219-10-04T16:00:00Z,19.755,1089,899.16,303.06,95,13.915,13.008,68.695
2219-10-04T16:10:00Z,20.235,1095,899.76,301.02,95,13.811,12.556,68.681
2219-10-04T16:20:00Z,19.845,1122,898.32,297.78,95,13.887,12.797,69.383
2219-10-04T16:30:00Z,19.965,1097,897.96,296.52,95,13.85,12.635,69.335
2219-10-04T16:40:00Z,19.89,1099,898.2,293.88,95,13.659,13.004,68.808
2219-10-04T16:50:00Z,20.22,1096,899.28,295.86,95,13.651,12.86,68.507
2219-10-04T17:00:00Z,20.07,1132,899.28,297.66,96,13.839,12.765,71.99
2219-10-04T17:10:00Z,20.115,1095,899.76,299.82,96,13.654,12.437,69.453
2219-10-04T17:20:00Z,19.83,1086,900.84,297.48,96,13.719,12.486,71.879
2219-10-04T17:30:00Z,20.085,1069,900.24,293.46,96,13.841,12.999,72.97
2219-10-04T17:40:00Z,19.905,1120,898.2,291.54,96,13.837,12.711,74.9
2219-10-04T17:50:00Z,20.025,1123,899.04,297.24,96,13.495,12.379,71.805
2219-10-04T18:00:00Z,19.83,1105,900.24,295.2,96,13.933,12.517,72.367
2219-10-04T18:10:00Z,19.56,1103,901.44,295.14,96,13.923,12.567,66.884
2219-10-04T18:20:00Z,20.16,1115,899.88,292.38,96,13.69,12.411,65.431
2219-10-04T18:30:00Z,19.995,1069,900.24,290.52,96,13.82,12.709,66.049
2219-10-04T18:40:00Z,19.635,1113,899.76,287.82,96,13.782,12.509,62.517
2219-10-04T18:50:00Z,20.085,1121,899.64,291,96,13.793,12.847,67.197
2219-10-04T19:00:00Z,19.95,1081,900.96,289.86,96,13.809,12.875,65.292
2219-10-04T19:10:00Z,19.935,1116,899.76,289.68,96,13.757,12.956,65.759
2219-10-04T19:20:00Z,20.01,1082,900.84,293.46,96,13.717,12.67,65.614
2219-10-04T19:30:00Z,20.205,1096,899.52,294.9,96,13.746,12.451,67.733
2219-10-04T19:40:00Z,20.28,1104,899.88,292.02,96,13.899,12.512,69.275
2219-10-04T19:50:00Z,20.22,1100,899.88,295.62,96,13.498,12.568,64.989
2219-10-04T20:00:00Z,19.965,1091,900.24,293.22,96,13.856,12.687,68.42
2219-10-04T20:10:00Z,20.25,1125,899.64,291.48,96,13.667,12.405,69.771
2219-10-04T20:20:00Z,19.95,1103,900.12,289.44,96,13.629,12.688,69.67
2219-10-04T20:30:00Z,20.265,1080,899.76,292.62,96,13.782,12.812,66.251
2219-10-04T20:40:00Z,19.98,1096,900.24,293.82,96,13.656,12.24,66.649
2219-10-04T20:50:00Z,19.98,1094,899.76,290.04,96,13.844,12.506,70.026
2219-10-04T21:00:00Z,20.055,1109,900.12,292.56,95,13.792,12.084,70.498
2219-10-04T21:10:00Z,19.98,1117,899.52,293.46,95,13.555,12.218,68.485
2219-10-04T21:20:00Z,19.98,1108,900.84,289.98,95,13.917,12.874,68.227
2219-10-04T21:30:00Z,20.25,1120,899.52,291,95,13.872,12.267,68.129
2219-10-04T21:40:00Z,20.16,1138,900.24,293.82,95,13.487,12.445,68.796
2219-10-04T21:50:00Z,20.295,1083,900,292.74,95,13.792,12.488,70.74
2219-10-04T22:00:00Z,20.07,1086,900.96,291.42,95,13.619,12.53,70.462
2219-10-04T22:10:00Z,19.92,1104,900.12,289.56,95,13.723,12.63,70.452
2219-10-04T22:20:00Z,19.89,1084,898.92,292.86,95,13.829,12.569,69.408
2219-10-04T22:30:00Z,19.95,1099,900.24,298.5,95,13.706,12.273,72.226
2219-10-04T22:40:00Z,19.83,1084,901.8,295.02,95,13.847,12.603,69.004
2219-10-04T22:50:00Z,20.07,1104,900.24,299.22,95,13.621,12.859,68.994
2219-10-04T23:00:00Z,20.19,1089,900.84,299.28,95,13.783,12.784,69.766
2219-10-04T23:10:00Z,19.98,1116,899.52,294.12,95,13.869,12.599,69.272
2219-10-04T23:20:00Z,19.815,1096,898.2,293.46,95,13.71,12.271,70.382
2219-10-04T23:30:00Z,20.025,1085,898.08,290.16,95,13.624,12.706,70.988
2219-10-04T23:40:00Z,20.07,1073,898.08,289.44,95,13.664,12.654,69.344
2219-10-04T23:50:00Z,20.085,1084,899.88,289.5,95,13.787,12.523,71.352
2219-10-05T00:00:00Z,19.725,1112,899.16,291.48,95,13.654,12.54,70.399
2219-10-05T00:10:00Z,19.995,1091,898.8,289.2,95,13.838,12.499,70.74
2219-10-05T00:20:00Z,20.115,1077,899.52,292.98,95,13.801,12.497,69.161
2219-10-05T00:30:00Z,19.86,1088,898.92,290.82,95,13.714,12.532,70.412
2219-10-05T00:40:00Z,19.875,1094,900.36,289.8,95,13.867,12.667,69.313
2219-10-05T00:50:00Z,19.965,1089,899.88,293.94,95,13.738,12.738,68.297
2219-10-05T01:00:00Z,20.055,1092,900.96,290.82,95.5,13.679,12.86,65.717
2219-10-05T01:10:00Z,20.115,1100,899.76,289.98,95.5,13.42,12.687,69.701
2219-10-05T01:20:00Z,20.1,1100,898.92,287.94,95.5,13.618,12.554,68.55
2219-10-05T01:30:00Z,19.89,1084,898.68,286.98,95.5,13.4,12.468,65.912
2219-10-05T01:40:00Z,20.04,1121,898.68,283.98,95.5,13.803,12.817,68.667
2219-10-05T01:50:00Z,20.265,1085,899.88,285.72,95.5,13.685,12.383,67.571
2219-10-05T02:00:00Z,20.04,1097,901.08,284.82,95.5,13.51,12.645,70.258
2219-10-05T02:10:00Z,19.89,1081,898.68,284.88,95.5,13.527,12.446,66.292
2219-10-05T02:20:00Z,19.935,1103,898.56,278.46,95.5,13.602,12.544,68.585
2219-10-05T02:30:00Z,20.1,1072,899.04,278.52,95.5,13.69,12.86,70.253
2219-10-05T02:40:00Z,19.995,1114,898.68,281.7,95.5,13.837,12.853,67.178
2219-10-05T02:50:00Z,19.755,1113,899.76,283.14,95.5,13.52,12.85,70.319
2219-10-05T03:00:00Z,20.085,1112,901.08,289.5,95.5,13.754,12.331,70.456
2219-10-05T03:10:00Z,20.07,1093,900.48,289.62,95.5,13.646,12.407,68.663
2219-10-05T03:20:00Z,20.22,1097,901.2,285.72,95.5,13.607,12.32,66.774
2219-10-05T03:30:00Z,19.77,1110,900.24,289.8,95.5,13.495,12.402,67.416
2219-10-05T03:40:00Z,19.785,1122,900.36,291.48,95.5,13.697,12.299,67.491
2219-10-05T03:50:00Z,20.085,1114,900.84,289.8,95.5,13.716,12.706,68.195
2219-10-05T04:00:00Z,19.8,1104,900.24,293.1,95.5,13.64,12.692,69.208
2219-10-05T04:10:00Z,20.1,1103,900.48,288.48,95.5,13.858,12.538,67.706
2219-10-05T04:20:00Z,19.89,1113,899.16,289.38,95.5,13.571,12.331,65.43
2219-10-05T04:30:00Z,19.905,1080,900.6,288.24,95.5,13.698,12.492,65.151
2219-10-05T04:40:00Z,20.19,1110,901.2,290.52,95.5,13.545,12.606,68.238
2219-10-05T04:50:00Z,19.905,1103,900.72,284.88,95.5,13.725,12.56,68.599
2219-10-05T05:00:00Z,20.13,1097,899.16,286.8,94.5,13.503,12.579,66.627
2219-10-05T05:10:00Z,20.055,1107,899.76,290.28,94.5,13.49,12.43,66.388
2219-10-05T05:20:00Z,20.19,1116,899.88,291.96,94.5,13.456,12.852,68.546
2219-10-05T05:30:00Z,20.085,1104,901.2,291.72,94.5,13.663,12.049,67.15
2219-10-05T05:40:00Z,20.01,1102,900,287.64,94.5,13.586,12.764,67.712
2219-10-05T05:50:00Z,20.145,1097,899.76,288.9,94.5,13.71,12.075,69.249
2219-10-05T06:00:00Z,20.025,1098,899.16,288.84,94.5,13.53,12.43,72.048
2219-10-05T06:10:00Z,19.83,1087,900,289.14,94.5,13.344,12.558,69.398
2219-10-05T06:20:00Z,19.695,1110,900.36,290.04,94.5,13.454,12.616,66.628
2219-10-05T06:30:00Z,19.875,1074,900.12,288.42,94.5,13.472,12.529,67.492
2219-10-05T06:40:00Z,19.8,1081,900.96,292.14,94.5,13.513,12.432,68.784
2219-10-05T06:50:00Z,19.8,1081,900.96,291.3,94.5,13.72,13.045,69.001
2219-10-05T07:00:00Z,20.22,1104,900.12,290.34,94.5,13.473,12.677,66.64
2219-10-05T07:10:00Z,19.935,1119,900.12,285.42,94.5,13.56,12.401,69.473
2219-10-05T07:20:00Z,19.74,1088,898.56,289.56,94.5,13.572,12.389,70.078
2219-10-05T07:30:00Z,20.115,1109,900.36,291,94.5,13.635,12.469,70.309
2219-10-05T07:40:00Z,20.01,1114,900.96,295.74,94.5,13.549,12.667,68.533
2219-10-05T07:50:00Z,19.995,1101,900.6,298.02,94.5,13.504,12.901,65.337
2219-10-05T08:00:00Z,19.98,1076,902.64,297.24,94.5,13.44,12.199,66.179
2219-10-05T08:10:00Z,19.92,1089,900.84,298.92,94.5,13.358,12.308,68.091
2219-10-05T08:20:00Z,20.145,1068,900.48,292.02,94.5,13.698,12.274,68.088
2219-10-05T08:30:00Z,20.25,1108,899.04,292.92,94.5,13.934,12.804,64.864
2219-10-05T08:40:00Z,19.98,1096,900.72,296.46,94.5,13.973,12.604,64.58
2219-10-05T08:50:00Z,19.86,1086,899.04,295.86,94.5,13.756,12.798,65.194
2219-10-05T09:00:00Z,19.905,1078,898.92,293.46,95.5,13.51,12.261,65.718
2219-10-05T09:10:00Z,20.055,1095,899.76,294.12,95.5,13.791,12.491,69.64
2219-10-05T09:20:00Z,19.95,1089,899.52,295.74,95.5,13.705,12.559,67.744
2219-10-05T09:30:00Z,19.92,1109,900.12,294.48,95.5,13.671,12.692,69.599
2219-10-05T09:40:00Z,20.19,1141,900.48,299.76,95.5,13.459,12.442,66.755
2219-10-05T09:50:00Z,19.935,1120,900.24,298.74,95.5,13.455,12.398,65.085
2219-10-05T10:00:00Z,20.085,1104,900.6,295.98,95.5,13.601,12.315,64.878
2219-10-05T10:10:00Z,19.845,1127,900.6,293.46,95.5,13.773,12.447,67.887
2219-10-05T10:20:00Z,20.01,1084,899.52,292.2,95.5,13.536,12.669,66.189
2219-10-05T10:30:00Z,20.1,1104,898.92,291.24,95.5,13.632,12.571,67.902
2219-10-05T10:40:00Z,19.845,1110,899.88,298.86,95.5,13.552,12.361,70.403
2219-10-05T10:50:00Z,19.875,1101,899.16,297,95.5,13.664,12.506,68.293
2219-10-05T11:00:00Z,20.25,1095,900.36,294.72,95.5,13.441,12.732,70.417
2219-10-05T11:10:00Z,19.905,1103,900.72,293.7,95.5,13.522,12.653,68.192
2219-10-05T11:20:00Z,19.71,1092,901.92,292.8,95.5,13.718,12.658,67.914
2219-10-05T11:30:00Z,20.1,1114,900.6,296.1,95.5,13.426,12.426,68.58
2219-10-05T11:40:00Z,20.04,1074,900.36,299.52,95.5,13.59,12.841,67.43
2219-10-05T11:50:00Z,19.86,1096,901.68,301.68,95.5,13.493,12.893,71.323
2219-10-05T12:00:00Z,20.1,1090,900.96,304.68,95.5,13.678,12.821,70.627
2219-10-05T12:10:00Z,20.34,1109,900.96,301.14,95.5,13.688,12.421,72.715
2219-10-05T12:20:00Z,19.89,1074,900.72,300.66,95.5,13.547,12.128,68.484
2219-10-05T12:30:00Z,20.04,1079,900,298.62,95.5,13.532,12.787,68.781
2219-10-05T12:40:00Z,20.07,1122,899.64,297.06,95.5,13.659,12.699,71.771
2219-10-05T12:50:00Z,19.92,1102,898.2,294.48,95.5,13.224,12.738,70.906
2219-10-05T13:00:00Z,19.95,1113,899.76,294.06,95,13.494,12.791,68.637
2219-10-05T13:10:00Z,20.07,1107,898.68,293.7,95,13.623,12.341,68.594
2219-10-05T13:20:00Z,19.845,1112,899.04,294.36,95,13.384,12.311,67.228
2219-10-05T13:30:00Z,19.89,1075,899.88,293.7,95,13.404,12.355,66.622
2219-10-05T13:40:00Z,20.115,1133,898.92,297.48,95,13.516,12.416,66.239
2219-10-05T13:50:00Z,19.71,1113,900.6,295.74,95,13.764,12.414,70.882
2219-10-05T14:00:00Z,20.025,1097,899.52,292.02,95,13.757,12.774,72.964
2219-10-05T14:10:00Z,19.755,1139,900,289.14,95,13.649,12.222,69.969
2219-10-05T14:20:00Z,20.13,1111,899.64,294.96,95,13.616,12.198,70.197
2219-10-05T14:30:00Z,19.89,1111,900.36,290.16,95,13.48,12.271,68.065
2219-10-05T14:40:00Z,20.085,1098,900.48,291.54,95,13.515,12.518,71.004
2219-10-05T14:50:00Z,19.95,1082,899.16,288.24,95,13.645,12.693,73.345
2219-10-05T15:00:00Z,20.28,1090,900.24,291.06,95,13.521,12.371,72.411
2219-10-05T15:10:00Z,19.875,1101,900,294.12,95,13.525,12.334,72.659
2219-10-05T15:20:00Z,20.325,1103,900,297.72,95,13.519,12.678,70.981
2219-10-05T15:30:00Z,20.07,1087,900.84,298.56,95,13.526,12.534,68.655
2219-10-05T15:40:00Z,19.935,1103,901.44,296.1,95,13.681,12.992,70.164
2219-10-05T15:50:00Z,20.295,1105,900,298.98,95,13.596,12.706,68.78
2219-10-05T16:00:00Z,20.085,1078,901.8,301.92,95,13.344,12.411,66.09
2219-10-05T16:10:00Z,19.905,1105,900.96,304.08,95,13.616,12.261,67.522
2219-10-05T16:20:00Z,20.01,1104,901.92,303.96,95,13.847,12.973,67.089
2219-10-05T16:30:00Z,19.845,1097,901.68,305.7,95,13.56,12.452,69.05
2219-10-05T16:40:00Z,20.295,1117,900.96,305.76,95,13.586,12.439,68.754
2219-10-05T16:50:00Z,19.95,1113,900,305.52,95,13.78,12.375,69.527
2219-10-05T17:00:00Z,20.04,1109,900.84,304.32,94,13.454,12.438,68.351
2219-10-05T17:10:00Z,20.1,1088,899.52,308.04,94,13.596,12.272,66.527
2219-10-05T17:20:00Z,19.815,1125,900.36,305.4,94,13.517,12.839,70.321
2219-10-05T17:30:00Z,19.905,1092,900.72,308.1,94,13.674,12.753,69.342
2219-10-05T17:40:00Z,19.77,1098,899.28,312.48,94,13.875,12.9,65.756
2219-10-05T17:50:00Z,20.16,1138,901.32,312.78,94,13.544,12.445,67.015
2219-10-05T18:00:00Z,19.95,1111,900.96,314.7,94,13.457,12.415,66.79
2219-10-05T18:10:00Z,20.01,1093,899.88,312.84,94,13.815,12.583,67.434
2219-10-05T18:20:00Z,19.905,1086,901.68,316.92,94,13.724,12.741,67.116
2219-10-05T18:30:00Z,20.025,1101,901.32,314.4,94,13.823,12.314,72
2219-10-05T18:40:00Z,19.845,1122,900.84,312.78,94,13.822,12.66,68.223
2219-10-05T18:50:00Z,20.175,1120,899.88,314.46,94,13.595,12.6,70.146
2219-10-05T19:00:00Z,20.1,1102,899.52,314.52,94,13.8,12.253,68.581
2219-10-05T19:10:00Z,20.16,1136,900.72,316.98,94,13.667,12.162,73.807
2219-10-05T19:20:00Z,19.95,1099,900.6,316.56,94,13.548,12.378,70.334
2219-10-05T19:30:00Z,20.055,1073,899.76,314.28,94,13.532,12.484,63.741
2219-10-05T19:40:00Z,20.025,1094,899.64,313.2,94,13.37,12.321,66.862
2219-10-05T19:50:00Z,20.235,1122,899.28,313.26,94,13.56,12.499,66.852
2219-10-05T20:00:00Z,19.845,1082,900.6,310.68,94,13.598,12.67,67.239
2219-10-05T20:10:00Z,19.725,1080,900,309.18,94,13.387,12.311,63.363
2219-10-05T20:20:00Z,19.86,1102,899.28,307.92,94,13.736,12.605,66.188
2219-10-05T20:30:00Z,19.8,1095,900.12,314.7,94,13.762,12.734,67.03
2219-10-05T20:40:00Z,19.86,1101,899.76,310.68,94,13.441,12.314,70.844
2219-10-05T20:50:00Z,19.92,1080,900.72,304.26,94,13.414,12.186,69.475
2219-10-05T21:00:00Z,19.995,1102,898.32,303.18,95,13.604,12.593,71.735
2219-10-05T21:10:00Z,19.68,1105,899.64,304.38,95,13.811,12.323,69.725
2219-10-05T21:20:00Z,19.98,1102,899.52,312.36,95,13.474,12.594,68.653
2219-10-05T21:30:00Z,20.19,1086,902.88,314.34,95,13.538,12.672,69.744
2219-10-05T21:40:00Z,19.965,1087,900.84,315.36,95,13.695,12.421,70.914
2219-10-05T21:50:00Z,19.965,1101,902.28,314.88,95,13.653,12.819,71.704
2219-10-05T22:00:00Z,20.085,1103,901.56,319.56,95,13.689,12.558,75.153
2219-10-05T22:10:00Z,19.95,1127,900.96,324.66,95,13.827,12.618,69.462
2219-10-05T22:20:00Z,20.205,1091,902.28,318.54,95,13.643,12.327,73.051
2219-10-05T22:30:00Z,19.815,1088,900.12,318.42,95,13.332,12.551,67.54
2219-10-05T22:40:00Z,19.86,1108,900,313.38,95,13.669,12.755,69.09
2219-10-05T22:50:00Z,19.695,1104,899.4,318.42,95,13.541,12.136,68.325
2219-10-05T23:00:00Z,19.875,1087,900.6,319.2,95,13.74,12.601,65.944
2219-10-05T23:10:00Z,19.965,1103,900.36,317.16,95,13.633,12.11,69.317
2219-10-05T23:20:00Z,20.22,1137,900.48,320.16,95,13.873,12.382,68.293
2219-10-05T23:30:00Z,19.965,1098,900.84,321.6,95,13.289,12.454,67.067
2219-10-05T23:40:00Z,20.085,1092,899.64,324.06,95,13.548,12.502,67.9
2219-10-05T23:50:00Z,20.13,1110,901.08,327.24,95,13.447,12.416,70.488
2219-10-06T00:00:00Z,20.31,1084,901.2,325.86,95,13.384,12.829,68.119
2219-10-06T00:10:00Z,20.37,1103,901.2,322.74,95,13.58,12.494,67.359
2219-10-06T00:20:00Z,19.98,1123,900.84,317.82,95,13.634,12.193,68.538
2219-10-06T00:30:00Z,19.92,1112,900,320.1,95,13.712,12.574,66.666
2219-10-06T00:40:00Z,19.89,1108,899.04,320.04,95,13.711,12.745,69.102
2219-10-06T00:50:00Z,20.28,1105,899.16,315.06,95,13.702,12.281,67.642
2219-10-06T01:00:00Z,20.22,1118,898.68,312.9,96,13.901,12.623,69.489
2219-10-06T01:10:00Z,19.875,1090,899.64,312.54,96,13.691,12.796,68.484
2219-10-06T01:20:00Z,20.01,1104,899.76,317.58,96,13.514,12.242,68.659
2219-10-06T01:30:00Z,19.86,1121,899.76,318.06,96,13.503,12.588,70.616
2219-10-06T01:40:00Z,19.875,1079,899.88,315.66,96,13.209,12.532,66.893
2219-10-06T01:50:00Z,19.95,1074,900.12,317.76,96,13.677,12.7,64.459
2219-10-06T02:00:00Z,19.83,1083,899.52,316.98,96,13.629,12.405,64.975
2219-10-06T02:10:00Z,19.98,1118,900.48,323.16,96,13.677,12.597,67.878
2219-10-06T02:20:00Z,20.28,1096,900.96,321.36,96,13.623,12.557,68.936
2219-10-06T02:30:00Z,20.04,1089,901.44,315.96,96,13.611,12.381,68.003
2219-10-06T02:40:00Z,19.98,1084,900,318.18,96,13.744,12.464,69.916
2219-10-06T02:50:00Z,19.995,1081,898.2,313.86,96,13.583,12.676,72.648
2219-10-06T03:00:00Z,19.95,1066,898.68,319.44,96,13.62,12.601,71.708
2219-10-06T03:10:00Z,20.055,1138,900.48,317.64,96,13.789,11.926,72.383
2219-10-06T03:20:00Z,19.89,1096,900,317.34,96,13.502,12.516,69.203
2219-10-06T03:30:00Z,20.055,1085,900.36,319.68,96,13.686,12.632,71.831
2219-10-06T03:40:00Z,20.25,1111,899.76,320.4,96,13.418,12.88,73.675
2219-10-06T03:50:00Z,20.325,1108,900.72,325.74,96,13.546,12.288,72.009
2219-10-06T04:00:00Z,19.875,1103,901.44,323.82,96,13.641,12.545,73.518
2219-10-06T04:10:00Z,20.07,1110,899.52,324.48,96,13.694,12.634,71.096
2219-10-06T04:20:00Z,19.65,1091,900.72,325.08,96,13.458,12.231,69.564
2219-10-06T04:30:00Z,20.385,1106,900.36,320.28,96,13.699,12.472,68.244
2219-10-06T04:40:00Z,19.935,1106,899.04,317.58,96,13.497,12.466,71.001
2219-10-06T04:50:00Z,19.965,1083,899.64,316.26,96,13.443,12.656,71.673
2219-10-06T05:00:00Z,19.98,1093,899.76,316.2,94.5,13.521,12.687,68.129
2219-10-06T05:10:00Z,19.8,1129,899.04,307.5,94.5,13.479,12.161,70.66
2219-10-06T05:20:00Z,19.92,1107,898.32,304.14,94.5,13.689,12.651,68.966
2219-10-06T05:30:00Z,19.665,1076,896.04,298.56,94.5,13.659,12.543,67.649
2219-10-06T05:40:00Z,19.815,1061,899.28,305.28,94.5,13.514,12.478,66.64
2219-10-06T05:50:00Z,19.98,1090,899.28,301.2,94.5,13.682,12.428,66.691
2219-10-06T06:00:00Z,20.22,1105,899.4,305.58,94.5,13.732,12.589,65.469
2219-10-06T06:10:00Z,19.95,1133,899.28,305.58,94.5,13.742,12.761,67.836
2219-10-06T06:20:00Z,20.055,1077,901.44,303.06,94.5,13.505,12.388,66.385
2219-10-06T06:30:00Z,20.1,1115,899.4,302.04,94.5,13.547,11.979,69.072
2219-10-06T06:40:00Z,20.265,1067,899.64,302.28,94.5,13.854,12.436,72.566
2219-10-06T06:50:00Z,20.01,1099,899.4,297.12,94.5,13.625,12.425,71.031
2219-10-06T07:00:00Z,20.1,1118,898.32,300.6,94.5,13.709,12.519,71.496
2219-10-06T07:10:00Z,19.92,1111,899.52,298.2,94.5,13.691,12.406,70.954
2219-10-06T07:20:00Z,19.755,1093,899.4,298.38,94.5,13.429,12.547,67.994
2219-10-06T07:30:00Z,20.1,1091,899.76,299.94,94.5,13.621,12.364,66.073
2219-10-06T07:40:00Z,20.07,1112,900.48,304.86,94.5,13.659,12.586,69.549
2219-10-06T07:50:00Z,19.845,1125,902.28,308.52,94.5,13.637,12.435,73.209
2219-10-06T08:00:00Z,19.995,1105,900.36,301.32,94.5,13.675,12.347,72.273
2219-10-06T08:10:00Z,19.875,1119,900.6,303.42,94.5,13.437,12.417,72.409
2219-10-06T08:20:00Z,20.025,1113,900.84,307.38,94.5,13.476,12.343,67.413
2219-10-06T08:30:00Z,19.92,1104,900.84,305.46,94.5,13.331,12.634,68.392
2219-10-06T08:40:00Z,19.98,1105,900.72,308.76,94.5,13.437,12.402,67.955
2219-10-06T08:50:00Z,20.025,1111,900.12,310.38,94.5,13.523,12.559,66.428
2219-10-06T09:00:00Z,19.995,1081,900.36,312.84,94,13.69,12.137,67.667
2219-10-06T09:10:00Z,19.89,1109,900.96,310.92,94,13.733,12.759,66.151
2219-10-06T09:20:00Z,19.905,1102,900,314.4,94,13.516,12.195,69.413
2219-10-06T09:30:00Z,20.175,1094,900.12,316.44,94,13.532,12.567,67.163
2219-10-06T09:40:00Z,20.1,1057,900.72,312.18,94,13.64,12.262,65.712
2219-10-06T09:50:00Z,20.04,1095,900.48,314.04,94,13.725,12.437,67.011
2219-10-06T10:00:00Z,19.935,1107,900.48,314.16,94,13.216,12.29,65.164
2219-10-06T10:10:00Z,20.145,1101,900.48,312.54,94,13.612,12.366,71.513
2219-10-06T10:20:00Z,20.235,1113,899.88,316.32,94,13.907,12.531,68.604
2219-10-06T10:30:00Z,20.07,1110,899.52,319.44,94,13.577,12.833,67.014
2219-10-06T10:40:00Z,20.055,1088,899.76,322.02,94,13.302,12.449,67.499
2219-10-06T10:50:00Z,19.875,1114,900.96,324.06,94,13.846,12.614,68.892
2219-10-06T11:00:00Z,20.055,1087,901.32,320.82,94,13.597,12.726,66.319
2219-10-06T11:10:00Z,20.235,1109,900.84,319.2,94,13.441,12.463,67.182
2219-10-06T11:20:00Z,19.905,1106,900.12,320.94,94,13.569,12.474,64.589
2219-10-06T11:30:00Z,19.995,1127,900.84,318.12,94,13.444,12.637,67.527
2219-10-06T11:40:00Z,19.86,1130,898.92,313.92,94,13.462,12.724,69.599
2219-10-06T11:50:00Z,19.98,1100,899.76,312.42,94,13.727,12.551,68.185
2219-10-06T12:00:00Z,20.01,1097,898.2,311.46,94,13.558,12.538,67.937
2219-10-06T12:10:00Z,20.145,1100,898.68,306.12,94,13.679,12.68,69.158
2219-10-06T12:20:00Z,20.07,1099,898.56,307.14,94,13.753,12.375,68.146
2219-10-06T12:30:00Z,20.085,1128,899.28,310.98,94,13.564,12.595,66.283
2219-10-06T12:40:00Z,19.83,1108,899.4,312.36,94,13.57,12.217,69.395
2219-10-06T12:50:00Z,20.145,1095,899.04,308.88,94,13.64,12.477,65.31
2219-10-06T13:00:00Z,19.995,1091,899.88,308.46,94.5,13.639,12.995,65.341
2219-10-06T13:10:00Z,19.8,1106,898.56,301.86,94.5,13.657,12.197,65.407
2219-10-06T13:20:00Z,19.755,1105,899.04,301.08,94.5,13.67,12.657,67.122
2219-10-06T13:30:00Z,19.83,1108,898.32,303.42,94.5,13.602,12.301,65.706
2219-10-06T13:40:00Z,20.055,1103,900.12,310.14,94.5,13.722,12.199,64.966
2219-10-06T13:50:00Z,19.875,1105,900.12,308.76,94.5,13.673,12.702,64.807
2219-10-06T14:00:00Z,19.98,1110,900.84,310.92,94.5,13.553,12.858,66.585
2219-10-06T14:10:00Z,19.965,1087,901.2,307.14,94.5,13.48,13.197,68.824
2219-10-06T14:20:00Z,20.085,1108,900,305.34,94.5,13.502,12.73,72.765
2219-10-06T14:30:00Z,19.785,1091,899.28,305.16,94.5,13.353,12.476,73.621
2219-10-06T14:40:00Z,19.89,1118,899.88,303.9,94.5,13.48,12.548,73.473
2219-10-06T14:50:00Z,20.025,1098,899.16,301.8,94.5,13.489,12.638,71.586
2219-10-06T15:00:00Z,20.13,1086,899.88,301.44,94.5,13.851,12.393,68.039
2219-10-06T15:10:00Z,19.785,1077,899.76,298.02,94.5,13.719,12.81,66.712
2219-10-06T15:20:00Z,20.1,1097,898.8,294.72,94.5,13.491,12.578,69.361
2219-10-06T15:30:00Z,19.905,1120,899.4,295.44,94.5,13.538,12.399,68.64
2219-10-06T15:40:00Z,19.68,1074,898.32,298.86,94.5,13.828,12.473,67.156
2219-10-06T15:50:00Z,19.965,1101,901.32,297.42,94.5,13.324,12.421,67.709
2219-10-06T16:00:00Z,20.145,1088,899.52,295.68,94.5,13.603,12.72,67.442
2219-10-06T16:10:00Z,19.755,1088,899.28,293.7,94.5,13.544,12.613,68.949
2219-10-06T16:20:00Z,20.16,1096,899.16,293.82,94.5,13.129,12.491,66.001
2219-10-06T16:30:00Z,20.01,1078,899.88,300.42,94.5,13.718,12.63,64.901
2219-10-06T16:40:00Z,20.19,1120,901.44,300.9,94.5,13.515,12.604,69.445
2219-10-06T16:50:00Z,19.815,1081,900.96,299.28,94.5,13.541,12.656,68.87
2219-10-06T17:00:00Z,19.815,1131,899.28,304.08,93.5,13.558,12.074,72.226
2219-10-06T17:10:00Z,19.845,1091,901.08,305.82,93.5,13.84,12.575,68.557
2219-10-06T17:20:00Z,19.995,1118,900.48,303.12,93.5,13.677,12.336,66.254
2219-10-06T17:30:00Z,19.965,1080,899.04,298.5,93.5,13.345,12.792,62.975
2219-10-06T17:40:00Z,19.815,1054,899.04,299.46,93.5,13.505,12.531,63.182
2219-10-06T17:50:00Z,20.085,1085,899.88,302.22,93.5,13.723,12.227,65.298
2219-10-06T18:00:00Z,20.19,1118,899.64,305.04,93.5,13.807,12.639,68.671
2219-10-06T18:10:00Z,20.205,1099,900.36,304.98,93.5,13.763,12.857,65.432
2219-10-06T18:20:00Z,19.785,1096,900.24,304.98,93.5,13.731,12.525,65.706
2219-10-06T18:30:00Z,20.04,1080,900.6,303.96,93.5,13.784,12.438,63.928
2219-10-06T18:40:00Z,19.965,1098,898.8,301.44,93.5,13.504,12.755,64.381
2219-10-06T18:50:00Z,20.1,1085,900,302.7,93.5,13.618,12.519,65.092
2219-10-06T19:00:00Z,19.8,1121,899.4,304.74,93.5,13.592,12.459,68.95
2219-10-06T19:10:00Z,20.4,1124,898.32,299.28,93.5,13.613,12.696,68.354
2219-10-06T19:20:00Z,19.83,1091,899.28,304.08,93.5,13.595,12.602,68.142
2219-10-06T19:30:00Z,19.935,1099,899.52,303.96,93.5,13.578,12.183,68.965
2219-10-06T19:40:00Z,20.025,1084,900,302.76,93.5,13.687,12.523,69.938
2219-10-06T19:50:00Z,20.28,1105,899.04,300.54,93.5,13.676,12.924,69.321
2219-10-06T20:00:00Z,20.235,1093,899.52,298.14,93.5,13.761,12.555,69.512
2219-10-06T20:10:00Z,19.875,1088,899.16,298.8,93.5,13.51,12.511,70.841
2219-10-06T20:20:00Z,20.055,1122,898.92,295.8,93.5,13.613,12.572,71.501
2219-10-06T20:30:00Z,19.755,1111,900.48,304.14,93.5,13.537,12.384,67.861
2219-10-06T20:40:00Z,20.16,1088,899.52,305.34,93.5,13.919,12.653,68.98
2219-10-06T20:50:00Z,19.95,1088,901.68,312.36,93.5,13.617,12.822,69.451
2219-10-06T21:00:00Z,19.875,1109,902.04,312.3,94.5,13.286,12.586,70.137
2219-10-06T21:10:00Z,19.8,1114,900.48,314.82,94.5,13.814,12.723,66.963
2219-10-06T21:20:00Z,19.71,1096,901.8,317.46,94.5,13.283,12.788,63.338
2219-10-06T21:30:00Z,20.085,1078,903.12,323.58,94.5,13.667,12.548,65.401
2219-10-06T21:40:00Z,19.89,1105,901.32,320.1,94.5,13.629,12.54,67.684
2219-10-06T21:50:00Z,19.815,1122,899.76,312.84,94.5,13.397,12.706,66.563
2219-10-06T22:00:00Z,19.95,1097,899.52,307.02,94.5,13.413,12.647,65.897
2219-10-06T22:10:00Z,19.995,1097,898.56,302.1,94.5,13.72,12.443,65.162
2219-10-06T22:20:00Z,19.95,1108,897.24,306.42,94.5,13.779,12.372,66.931
2219-10-06T22:30:00Z,19.935,1086,898.92,302.4,94.5,13.614,12.809,68.559
2219-10-06T22:40:00Z,20.235,1124,898.32,305.7,94.5,13.622,12.597,68.255
2219-10-06T22:50:00Z,19.92,1122,900.24,303.24,94.5,13.566,12.649,71.331
2219-10-06T23:00:00Z,20.025,1110,899.4,304.02,94.5,13.666,12.518,69.411
2219-10-06T23:10:00Z,19.995,1128,900,307.38,94.5,13.691,12.759,70.811
2219-10-06T23:20:00Z,19.815,1120,899.88,304.62,94.5,13.532,12.429,70.349
2219-10-06T23:30:00Z,19.905,1097,900.12,309.24,94.5,13.528,12.272,70.384
2219-10-06T23:40:00Z,19.89,1118,899.64,302.94,94.5,13.52,12.444,70.732
2219-10-06T23:50:00Z,20.01,1096,899.04,299.94,94.5,13.602,12.386,71.566
2219-10-07T00:00:00Z,19.995,1118,900.36,294.6,94.5,13.809,12.376,68.773
2219-10-07T00:10:00Z,20.145,1111,898.08,295.2,94.5,13.428,12.685,71.113
2219-10-07T00:20:00Z,20.28,1097,898.56,290.46,94.5,13.633,12.594,67.953
2219-10-07T00:30:00Z,20.175,1091,898.92,292.8,94.5,13.469,13.181,67.427
2219-10-07T00:40:00Z,19.89,1084,898.56,290.04,94.5,13.647,12.436,70.083
2219-10-07T00:50:00Z,19.815,1075,899.16,290.04,94.5,13.636,12.61,68.055
2219-10-07T01:00:00Z,20.01,1101,899.28,291.54,94.5,13.869,12.647,69.716
2219-10-07T01:10:00Z,19.935,1081,899.88,295.2,94.5,13.496,12.958,73.016
2219-10-07T01:20:00Z,20.31,1124,900.6,296.58,94.5,13.516,12.572,72.428
2219-10-07T01:30:00Z,19.95,1103,900.72,294.3,94.5,13.531,12.411,69.782
2219-10-07T01:40:00Z,20.205,1105,899.64,288.96,94.5,13.634,12.81,72.242
2219-10-07T01:50:00Z,19.875,1116,898.8,287.1,94.5,13.448,12.592,71.259
2219-10-07T02:00:00Z,19.71,1074,898.8,288.36,94.5,13.609,12.547,67.38
2219-10-07T02:10:00Z,19.665,1103,900.24,286.86,94.5,13.52,12.238,68.427
2219-10-07T02:20:00Z,19.695,1130,899.04,289.26,94.5,13.412,12.181,69.269
2219-10-07T02:30:00Z,19.935,1101,900.72,288.66,94.5,13.443,12.892,72.868
2219-10-07T02:40:00Z,19.8,1095,899.16,285.54,94.5,13.431,12.6,69.14
2219-10-07T02:50:00Z,20.085,1076,899.52,293.64,94.5,13.738,12.494,68.173
2219-10-07T03:00:00Z,20.04,1099,899.76,294.9,94.5,13.453,12.727,71.482
2219-10-07T03:10:00Z,19.92,1091,901.08,297.12,94.5,13.614,12.444,67.404
2219-10-07T03:20:00Z,20.025,1083,901.08,297.84,94.5,13.752,12.486,69.146
2219-10-07T03:30:00Z,20.16,1090,900.96,299.7,94.5,13.682,12.855,67.587
2219-10-07T03:40:00Z,20.07,1099,900.24,301.26,94.5,13.668,12.463,69.669
2219-10-07T03:50:00Z,19.77,1111,902.04,301.8,94.5,13.42,12.48,72.348
2219-10-07T04:00:00Z,19.605,1089,901.56,309.72,94.5,13.604,12.79,71.39
2219-10-07T04:10:00Z,19.86,1119,902.28,309.6,94.5,13.839,12.542,70.721
2219-10-07T04:20:00Z,20.22,1117,901.56,312.84,94.5,13.616,12.237,68.514
2219-10-07T04:30:00Z,20.04,1124,901.92,308.1,94.5,13.746,12.473,71.688
2219-10-07T04:40:00Z,19.95,1113,901.56,308.4,94.5,13.436,12.301,69.096
2219-10-07T04:50:00Z,19.89,1091,900.24,311.58,94.5,13.497,12.552,64.401
2219-10-07T05:00:00Z,19.995,1101,901.08,311.1,94,13.575,12.315,66.792
2219-10-07T05:10:00Z,20.16,1097,900.72,308.4,94,13.433,12.593,67.899
2219-10-07T05:20:00Z,20.16,1097,899.76,305.94,94,13.643,12.673,65.479
2219-10-07T05:30:00Z,19.77,1096,899.4,310.8,94,13.514,12.708,67.179
2219-10-07T05:40:00Z,20.235,1098,899.76,311.82,94,13.899,12.42,65.423
2219-10-07T05:50:00Z,20.07,1088,900.48,311.28,94,13.663,12.54,67.77
2219-10-07T06:00:00Z,20.13,1106,899.52,309.06,94,13.796,12.549,68.371
2219-10-07T06:10:00Z,19.935,1083,899.76,305.28,94,13.446,12.377,68.458
2219-10-07T06:20:00Z,20.01,1108,898.68,301.5,94,13.545,12.503,67.612
2219-10-07T06:30:00Z,19.89,1111,899.52,307.56,94,13.331,12.629,69.588
2219-10-07T06:40:00Z,19.995,1111,900.24,306.06,94,13.527,12.343,69.317
2219-10-07T06:50:00Z,19.815,1070,899.04,310.02,94,13.817,12.437,68.334
2219-10-07T07:00:00Z,20.085,1107,899.4,305.1,94,13.389,12.369,71.961
2219-10-07T07:10:00Z,19.83,1101,899.28,301.8,94,13.744,12.633,69.192
2219-10-07T07:20:00Z,19.995,1100,899.4,300.48,94,13.54,12.513,68.838
2219-10-07T07:30:00Z,19.71,1114,898.44,296.58,94,13.367,12.463,67.145
2219-10-07T07:40:00Z,19.95,1067,898.92,297.6,94,13.582,12.399,65.237
2219-10-07T07:50:00Z,19.905,1097,898.56,296.58,94,13.372,12.487,68.527
2219-10-07T08:00:00Z,20.28,1097,898.8,297.48,94,13.654,12.647,68.974
2219-10-07T08:10:00Z,20.13,1089,899.52,294.6,94,13.535,12.693,67.715
2219-10-07T08:20:00Z,20.1,1112,899.04,302.04,94,13.841,12.377,67.491
2219-10-07T08:30:00Z,20.13,1116,900.6,298.44,94,14.015,12.611,66.583
2219-10-07T08:40:00Z,19.905,1086,900.48,301.68,94,13.361,12.593,68.805
2219-10-07T08:50:00Z,20.175,1115,901.08,306.42,94,13.607,12.076,66.44
2219-10-07T09:00:00Z,19.83,1117,901.68,309.9,93,13.766,12.263,68.55
2219-10-07T09:10:00Z,20.025,1093,901.68,311.58,93,13.689,12.351,71.815
2219-10-07T09:20:00Z,20.07,1101,902.28,311.1,93,13.577,12.965,69.971
2219-10-07T09:30:00Z,19.815,1111,900.96,312.3,93,13.448,12.577,69.586
2219-10-07T09:40:00Z,19.845,1088,899.76,299.1,93,13.464,12.524,66.852
2219-10-07T09:50:00Z,19.92,1086,898.08,298.92,93,13.768,12.686,63.752
2219-10-07T10:00:00Z,19.965,1104,897.96,301.8,93,13.659,12.572,67.991
2219-10-07T10:10:00Z,19.875,1105,900.84,301.92,93,13.636,12.679,68.658
2219-10-07T10:20:00Z,19.8,1065,899.76,305.04,93,13.617,12.612,68.943
2219-10-07T10:30:00Z,20.025,1122,900.48,300.54,93,13.526,12.309,69.952
2219-10-07T10:40:00Z,19.89,1086,898.8,299.22,93,13.542,12.177,70.677
2219-10-07T10:50:00Z,19.86,1126,899.16,295.8,93,13.514,12.223,67.287
2219-10-07T11:00:00Z,20.04,1092,898.92,293.7,93,13.727,12.605,66.415
2219-10-07T11:10:00Z,20.085,1114,898.8,290.52,93,13.511,12.444,69.665
2219-10-07T11:20:00Z,19.95,1119,898.2,287.46,93,13.532,12.524,68.93
2219-10-07T11:30:00Z,20.175,1083,898.8,288.66,93,13.761,12.451,67.629
2219-10-07T11:40:00Z,20.04,1097,898.68,287.1,93,13.265,12.278,68.648
2219-10-07T11:50:00Z,20.205,1093,898.8,290.64,93,13.398,12.342,71.794
2219-10-07T12:00:00Z,20.01,1101,899.76,289.68,93,13.63,12.184,70.288
2219-10-07T12:10:00Z,20.19,1103,899.64,292.68,93,13.559,12.159,70.141
2219-10-07T12:20:00Z,19.995,1103,899.88,293.7,93,13.735,12.333,69.987
2219-10-07T12:30:00Z,20.25,1090,899.88,293.46,93,13.787,12.498,65.663
2219-10-07T12:40:00Z,20.07,1099,901.56,296.4,93,13.51,12.15,68.936
2219-10-07T12:50:00Z,19.83,1091,900.72,296.34,93,13.806,12.779,67.243
2219-10-07T13:00:00Z,19.965,1117,900.36,299.58,94,13.58,12.579,69.026
2219-10-07T13:10:00Z,20.04,1107,900.96,299.04,94,13.691,12.682,68.205
2219-10-07T13:20:00Z,19.785,1106,901.2,299.64,94,13.423,12.673,65.034
2219-10-07T13:30:00Z,20.025,1091,900.96,299.88,94,13.806,12.549,65.561
2219-10-07T13:40:00Z,19.77,1110,899.64,290.82,94,13.519,12.553,68.587
2219-10-07T13:50:00Z,19.905,1101,899.16,293.58,94,13.334,12.212,70.049
2219-10-07T14:00:00Z,20.085,1100,899.52,289.98,94,13.532,12.386,69.448
2219-10-07T14:10:00Z,20.04,1131,898.68,290.04,94,13.699,12.663,70.239
2219-10-07T14:20:00Z,19.95,1129,900,286.26,94,13.499,12.554,69.713
2219-10-07T14:30:00Z,20.19,1098,899.04,285.18,94,13.71,12.663,68.047
2219-10-07T14:40:00Z,19.95,1111,898.68,281.7,94,13.714,12.55,71.876
2219-10-07T14:50:00Z,20.28,1121,899.16,287.7,94,13.834,12.823,69.57
2219-10-07T15:00:00Z,20.01,1097,898.92,287.76,94,13.417,12.503,68.321
2219-10-07T15:10:00Z,19.86,1110,899.52,284.82,94,13.498,12.588,66.25
2219-10-07T15:20:00Z,20.265,1121,899.76,289.02,94,13.725,12.277,65.539
2219-10-07T15:30:00Z,19.92,1097,900.36,286.02,94,13.549,12.704,63.921
2219-10-07T15:40:00Z,19.905,1109,900.24,287.94,94,13.669,12.436,65.602
2219-10-07T15:50:00Z,19.95,1109,899.4,287.88,94,13.623,12.507,65.844
2219-10-07T16:00:00Z,20.01,1095,900.84,291.66,94,13.555,12.584,65.145
2219-10-07T16:10:00Z,20.01,1095,900.96,299.34,94,13.595,12.252,68.58
2219-10-07T16:20:00Z,20.175,1109,902.52,297.6,94,13.933,12.594,69.243
2219-10-07T16:30:00Z,20.13,1071,901.32,297.54,94,13.698,12.37,69.3
2219-10-07T16:40:00Z,20.19,1111,901.68,305.52,94,13.639,12.542,66.66
2219-10-07T16:50:00Z,19.905,1103,901.8,304.2,94,13.608,12.642,71.456
2219-10-07T17:00:00Z,20.055,1105,901.32,301.5,93.5,13.564,12.193,65.837
2219-10-07T17:10:00Z,20.01,1086,899.76,296.76,93.5,13.272,12.574,63.791
2219-10-07T17:20:00Z,20.115,1083,900.12,296.88,93.5,13.818,12.545,64.379
2219-10-07T17:30:00Z,19.98,1094,899.76,299.88,93.5,13.761,12.747,67.202
2219-10-07T17:40:00Z,20.025,1088,899.52,294.54,93.5,13.681,12.532,68.4
2219-10-07T17:50:00Z,20.13,1101,899.28,297.3,93.5,13.451,12.568,70.24
2219-10-07T18:00:00Z,20.16,1100,899.04,293.52,93.5,13.429,12.731,70.599
2219-10-07T18:10:00Z,19.89,1097,898.68,291.96,93.5,13.545,12.554,71.084
2219-10-07T18:20:00Z,19.875,1088,899.4,289.14,93.5,13.718,12.408,72.433
2219-10-07T18:30:00Z,19.8,1084,899.04,286.86,93.5,13.535,12.418,66.019
2219-10-07T18:40:00Z,19.59,1094,898.32,287.94,93.5,13.413,12.728,67.572
2219-10-07T18:50:00Z,20.13,1104,898.8,292.44,93.5,13.793,12.567,67.157
2219-10-07T19:00:00Z,20.145,1113,899.16,292.92,93.5,13.627,12.353,65.745
2219-10-07T19:10:00Z,19.95,1088,901.2,294.36,93.5,13.631,12.513,62.74
2219-10-07T19:20:00Z,19.95,1090,900.12,297.66,93.5,13.677,12.535,67.468
2219-10-07T19:30:00Z,20.025,1121,900.96,296.88,93.5,13.796,12.658,68.64
2219-10-07T19:40:00Z,20.1,1121,900.84,296.34,93.5,13.502,12.349,68.691
2219-10-07T19:50:00Z,19.92,1112,902.16,303.06,93.5,13.597,12.595,71.712
2219-10-07T20:00:00Z,20.115,1094,901.2,306.96,93.5,13.658,12.662,69.467
2219-10-07T20:10:00Z,20.205,1081,901.92,307.02,93.5,13.721,12.207,71.308
2219-10-07T20:20:00Z,19.92,1122,901.56,304.8,93.5,13.604,12.63,71.329
2219-10-07T20:30:00Z,19.875,1113,898.8,303.96,93.5,13.473,12.725,71.041
2219-10-07T20:40:00Z,20.205,1096,900.6,302.64,93.5,13.618,12.6,70.374
2219-10-07T20:50:00Z,19.83,1104,899.52,302.94,93.5,13.556,12.549,70.928
2219-10-07T21:00:00Z,19.98,1081,899.28,306.84,94.5,13.417,12.536,68.76
2219-10-07T21:10:00Z,19.74,1098,899.4,305.16,94.5,13.688,12.643,68.835
2219-10-07T21:20:00Z,19.965,1079,900.48,305.7,94.5,13.553,12.444,72.717
2219-10-07T21:30:00Z,19.68,1097,900.12,299.58,94.5,13.63,12.266,70.567
2219-10-07T21:40:00Z,19.86,1129,899.04,296.7,94.5,13.569,12.711,67.616
2219-10-07T21:50:00Z,19.98,1105,898.68,298.44,94.5,13.373,12.71,66.24
2219-10-07T22:00:00Z,20.475,1114,898.2,300.12,94.5,13.941,12.148,65.591
2219-10-07T22:10:00Z,19.845,1123,900.72,301.74,94.5,13.648,12.472,68.474
2219-10-07T22:20:00Z,20.19,1090,901.8,302.28,94.5,13.741,12.65,66.936
2219-10-07T22:30:00Z,20.085,1105,900,303.72,94.5,13.564,12.295,68.534
2219-10-07T22:40:00Z,19.995,1084,900.96,305.4,94.5,13.419,12.725,69.653
2219-10-07T22:50:00Z,19.68,1109,899.88,306.24,94.5,13.618,12.385,67.799
2219-10-07T23:00:00Z,20.295,1095,900.6,305.88,94.5,13.273,12.049,69.093
2219-10-07T23:10:00Z,20.205,1087,899.64,304.92,94.5,13.455,12.666,70.42
2219-10-07T23:20:00Z,19.89,1131,900.6,308.7,94.5,13.583,12.407,72.314
2219-10-07T23:30:00Z,20.16,1103,900.96,309.96,94.5,13.441,12.457,68.429
2219-10-07T23:40:00Z,20.055,1090,900.96,305.94,94.5,13.419,12.532,68.808
2219-10-07T23:50:00Z,20.025,1109,901.8,308.28,94.5,13.544,12.589,70.243
2219-10-08T00:00:00Z,19.77,1103,900.36,307.92,94.5,13.611,12.566,69.947
2219-10-08T00:10:00Z,20.01,1085,899.4,309.06,94.5,13.581,12.662,71.338
2219-10-08T00:20:00Z,20.25,1080,900,312.3,94.5,13.549,12.544,70.667
2219-10-08T00:30:00Z,19.86,1086,899.88,310.32,94.5,13.487,12.755,66.741
2219-10-08T00:40:00Z,20.07,1109,900.96,310.74,94.5,13.68,12.602,66.962
2219-10-08T00:50:00Z,20.04,1081,900.48,308.52,94.5,13.324,12.492,70.327
2219-10-08T01:00:00Z,20.13,1090,899.16,302.82,94.5,13.495,12.32,69.624
2219-10-08T01:10:00Z,20.145,1096,899.76,301.14,94.5,13.524,12.648,69.602
2219-10-08T01:20:00Z,19.845,1080,898.44,305.46,94.5,13.419,12.628,67.473
2219-10-08T01:30:00Z,19.875,1133,899.64,303.84,94.5,13.475,12.714,68.778
2219-10-08T01:40:00Z,20.055,1099,900.6,307.86,94.5,13.524,12.383,67.903
2219-10-08T01:50:00Z,20.025,1089,899.52,303.78,94.5,13.68,12.32,72.92
2219-10-08T02:00:00Z,20.025,1117,900.6,303.48,94.5,13.896,12.59,72.612
2219-10-08T02:10:00Z,20.28,1088,898.92,303.96,94.5,13.797,12.604,70.635
2219-10-08T02:20:00Z,20.13,1091,899.28,301.86,94.5,13.643,12.642,67.439
2219-10-08T02:30:00Z,19.905,1085,899.28,303.66,94.5,13.519,12.492,66.77
2219-10-08T02:40:00Z,20.19,1108,900.12,306,94.5,13.534,12.573,64.591
2219-10-08T02:50:00Z,19.92,1105,900.36,308.52,94.5,13.609,12.663,66.26
2219-10-08T03:00:00Z,20.055,1109,900.96,311.88,94.5,13.255,12.458,65.514
2219-10-08T03:10:00Z,19.755,1079,901.32,310.44,94.5,13.462,12.824,66.599
2219-10-08T03:20:00Z,20.1,1114,900.24,309.48,94.5,13.52,12.671,64.284
2219-10-08T03:30:00Z,19.98,1107,900.6,309.96,94.5,13.554,12.703,62.22
2219-10-08T03:40:00Z,20.205,1107,900.96,310.98,94.5,13.558,12.687,66.969
2219-10-08T03:50:00Z,20.055,1090,899.88,311.58,94.5,13.411,12.412,67.431
2219-10-08T04:00:00Z,20.31,1102,901.68,317.22,94.5,13.463,12.36,68.416
2219-10-08T04:10:00Z,19.995,1125,900.72,318.6,94.5,13.439,12.615,71.545
2219-10-08T04:20:00Z,19.785,1095,900.6,314.76,94.5,13.661,12.147,70.4
2219-10-08T04:30:00Z,20.055,1111,900.36,312.78,94.5,13.641,12.452,73.075
2219-10-08T04:40:00Z,20.025,1114,900.36,311.4,94.5,13.263,12.601,70.215
2219-10-08T04:50:00Z,20.115,1137,899.28,315.96,94.5,13.535,12.43,70.391
2219-10-08T05:00:00Z,19.95,1095,898.44,312.42,95,13.799,12.7,69.853
2219-10-08T05:10:00Z,20.07,1076,900.12,318,95,13.638,12.434,69.173
2219-10-08T05:20:00Z,19.845,1101,899.28,317.4,95,13.584,12.888,66.549
2219-10-08T05:30:00Z,20.1,1102,900,317.88,95,13.716,12.285,66.479
2219-10-08T05:40:00Z,19.725,1077,900.36,314.04,95,13.784,12.549,63.55
2219-10-08T05:50:00Z,20.025,1093,899.16,315.12,95,13.441,12.26,67.197
2219-10-08T06:00:00Z,20.07,1113,899.88,311.94,95,13.679,12.837,65.899
2219-10-08T06:10:00Z,19.965,1081,899.88,314.22,95,13.404,12.724,68.484
2219-10-08T06:20:00Z,19.92,1096,900.12,312.24,95,13.455,12.257,67.321
2219-10-08T06:30:00Z,19.965,1101,899.76,312.66,95,13.599,12.462,71.205
2219-10-08T06:40:00Z,19.755,1073,900.24,315.06,95,13.62,12.244,70.102
2219-10-08T06:50:00Z,19.905,1106,900.6,307.38,95,13.803,12.485,70.205
2219-10-08T07:00:00Z,20.16,1113,900.6,317.28,95,13.302,12.224,72.887
2219-10-08T07:10:00Z,19.98,1112,899.28,316.32,95,13.623,12.224,73.604
2219-10-08T07:20:00Z,19.86,1090,900.84,314.16,95,13.593,12.161,70.436
2219-10-08T07:30:00Z,19.86,1114,900.24,313.02,95,13.769,12.445,68.866
2219-10-08T07:40:00Z,20.13,1110,900.36,312.96,95,13.77,12.466,69.592
2219-10-08T07:50:00Z,20.115,1102,899.4,313.5,95,13.656,12.008,70.058
2219-10-08T08:00:00Z,19.845,1111,900.48,312.3,95,13.608,12.423,69.383
2219-10-08T08:10:00Z,19.89,1107,899.64,310.2,95,13.296,12.821,68.6
2219-10-08T08:20:00Z,19.89,1113,900,310.32,95,13.751,12.397,65.023
2219-10-08T08:30:00Z,19.785,1110,899.88,306.54,95,13.883,12.73,63.672
2219-10-08T08:40:00Z,20.115,1090,899.28,304.14,95,13.58,12.645,64.498
2219-10-08T08:50:00Z,20.085,1117,898.2,301.08,95,13.679,12.627,67.59
2219-10-08T09:00:00Z,20.025,1104,899.04,302.7,94.5,13.649,12.673,65.171
2219-10-08T09:10:00Z,20.115,1076,900.6,304.2,94.5,13.589,12.711,66.998
2219-10-08T09:20:00Z,20.01,1131,899.04,306,94.5,13.524,12.838,68.381
2219-10-08T09:30:00Z,19.98,1103,900.96,308.28,94.5,13.768,12.495,64.692
2219-10-08T09:40:00Z,20.115,1100,900.48,306.06,94.5,13.558,12.498,65.971
2219-10-08T09:50:00Z,19.845,1112,900.96,304.5,94.5,13.421,12.57,66.452
2219-10-08T10:00:00Z,19.92,1104,900.36,300.18,94.5,13.501,12.397,71.65
2219-10-08T10:10:00Z,20.025,1116,898.56,303.42,94.5,13.593,12.544,71.594
2219-10-08T10:20:00Z,20.175,1070,899.52,303.84,94.5,13.412,12.21,71.938
2219-10-08T10:30:00Z,20.025,1089,899.88,302.94,94.5,13.65,12.393,68.978
2219-10-08T10:40:00Z,19.845,1074,899.4,299.7,94.5,13.723,12.576,71.324
2219-10-08T10:50:00Z,19.74,1106,898.8,295.68,94.5,13.581,12.681,69.188
2219-10-08T11:00:00Z,20.265,1109,898.92,289.8,94.5,13.479,12.316,73.706
2219-10-08T11:10:00Z,20.085,1106,898.2,286.74,94.5,13.599,13.026,72.558
2219-10-08T11:20:00Z,20.13,1098,897.6,287.28,94.5,13.739,12.513,69.742
2219-10-08T11:30:00Z,19.92,1113,899.16,287.94,94.5,13.488,12.648,68.671
2219-10-08T11:40:00Z,19.965,1110,898.92,290.4,94.5,13.489,12.697,66.08
2219-10-08T11:50:00Z,20.04,1116,899.04,289.62,94.5,13.251,12.675,62.817
2219-10-08T12:00:00Z,19.71,1091,899.28,286.98,94.5,13.65,12.408,66.2
2219-10-08T12:10:00Z,19.905,1109,899.04,291.66,94.5,13.689,12.435,65.836
2219-10-08T12:20:00Z,20.04,1115,900,291.36,94.5,13.653,12.345,67.305
2219-10-08T12:30:00Z,20.01,1091,901.92,293.04,94.5,13.55,12.261,66.077
2219-10-08T12:40:00Z,19.965,1126,900.72,297.72,94.5,13.662,12.695,67.773
2219-10-08T12:50:00Z,19.71,1092,901.08,293.52,94.5,13.645,12.795,66.29
2219-10-08T13:00:00Z,20.07,1096,901.2,294.72,94,13.371,12.518,71.88
2219-10-08T13:10:00Z,19.95,1094,900,294.78,94,13.413,12.412,71.595
2219-10-08T13:20:00Z,19.785,1093,900.6,293.1,94,13.27,12.523,68.24
2219-10-08T13:30:00Z,19.8,1066,900.84,290.64,94,13.863,12.918,68.234
2219-10-08T13:40:00Z,20.175,1105,899.52,292.26,94,13.742,12.533,70.16
2219-10-08T13:50:00Z,19.905,1071,899.52,297.06,94,13.288,12.506,66.604
2219-10-08T14:00:00Z,19.995,1100,900.12,292.86,94,13.603,12.782,68.052
2219-10-08T14:10:00Z,20.025,1101,900.72,290.94,94,13.47,12.405,68.246
2219-10-08T14:20:00Z,19.845,1082,900.24,290.34,94,13.378,12.373,66.339
2219-10-08T14:30:00Z,20.13,1112,899.4,295.5,94,13.371,12.649,68.098
2219-10-08T14:40:00Z,19.68,1092,900.12,295.5,94,13.413,12.347,64.381
2219-10-08T14:50:00Z,19.965,1090,900.36,297.78,94,13.582,12.698,68.888
2219-10-08T15:00:00Z,19.905,1084,900.24,296.34,94,13.688,12.532,66.838
2219-10-08T15:10:00Z,19.995,1102,900.12,296.16,94,13.464,12.525,70.638
2219-10-08T15:20:00Z,20.295,1128,901.08,297.3,94,13.605,12.423,71.165
2219-10-08T15:30:00Z,20.04,1080,900,298.56,94,13.704,12.601,67.624
2219-10-08T15:40:00Z,20.13,1077,900.24,295.02,94,13.549,12.287,67.969
2219-10-08T15:50:00Z,19.875,1091,900.72,294,94,13.561,12.769,70.197
2219-10-08T16:00:00Z,19.83,1098,899.04,290.16,94,13.581,12.599,70.001
2219-10-08T16:10:00Z,19.995,1119,899.16,292.02,94,13.623,12.402,68.994
2219-10-08T16:20:00Z,20.13,1093,899.76,292.68,94,13.639,12.509,68.204
2219-10-08T16:30:00Z,19.845,1112,900,292.98,94,13.668,12.733,68.345
2219-10-08T16:40:00Z,20.145,1126,900.24,296.76,94,13.595,12.537,67.981
2219-10-08T16:50:00Z,20.175,1091,900.48,296.58,94,13.725,12.472,67.373
2219-10-08T17:00:00Z,19.71,1106,900.84,300.48,95.5,13.629,12.889,67.148
2219-10-08T17:10:00Z,20.1,1084,900,295.56,95.5,13.646,12.711,64.222
2219-10-08T17:20:00Z,19.935,1105,900,291.96,95.5,13.349,12.963,65.244
2219-10-08T17:30:00Z,19.71,1097,899.28,291.78,95.5,13.678,12.23,63.738
2219-10-08T17:40:00Z,19.92,1106,899.76,289.5,95.5,13.742,12.459,68.48
2219-10-08T17:50:00Z,19.995,1104,899.4,286.14,95.5,13.557,12.225,65.905
2219-10-08T18:00:00Z,20.07,1109,899.76,284.58,95.5,13.469,12.391,68.085
2219-10-08T18:10:00Z,20.25,1073,898.2,286.56,95.5,13.644,12.373,69.072
2219-10-08T18:20:00Z,19.74,1107,898.68,285.3,95.5,13.778,12.417,72.486
2219-10-08T18:30:00Z,19.755,1103,899.04,290.34,95.5,13.547,12.605,67.611
2219-10-08T18:40:00Z,20.175,1125,900.96,287.7,95.5,13.921,12.213,66.268
2219-10-08T18:50:00Z,19.815,1133,899.52,288.18,95.5,13.414,12.551,66.091
2219-10-08T19:00:00Z,20.1,1078,900.12,294.06,95.5,13.969,12.407,68
2219-10-08T19:10:00Z,20.01,1117,901.56,293.7,95.5,13.657,12.321,66.603
2219-10-08T19:20:00Z,20.025,1111,901.2,296.22,95.5,13.565,12.555,63.145
2219-10-08T19:30:00Z,19.89,1101,901.44,298.26,95.5,13.237,12.489,64.791
2219-10-08T19:40:00Z,19.935,1112,902.28,297.18,95.5,13.624,12.828,69.694
2219-10-08T19:50:00Z,20.04,1088,900.6,292.32,95.5,13.482,12.612,71.545
2219-10-08T20:00:00Z,20.055,1097,899.64,294.78,95.5,13.225,12.68,70.86
2219-10-08T20:10:00Z,20.13,1083,899.88,296.58,95.5,13.586,12.192,66.985
2219-10-08T20:20:00Z,20.22,1116,900.6,294.12,95.5,13.684,12.342,73.061
2219-10-08T20:30:00Z,20.055,1090,900.36,296.88,95.5,13.768,12.981,67.427
2219-10-08T20:40:00Z,19.815,1077,900.72,300.84,95.5,13.981,12.718,67.779
2219-10-08T20:50:00Z,19.83,1106,900.96,295.56,95.5,13.569,12.354,68.434
2219-10-08T21:00:00Z,19.77,1113,900.12,291.9,94.5,13.859,12.63,67.83
2219-10-08T21:10:00Z,19.71,1104,899.52,292.14,94.5,13.668,12.558,65.169
2219-10-08T21:20:00Z,20.085,1101,899.52,295.26,94.5,13.463,12.656,66.428
2219-10-08T21:30:00Z,20.025,1103,900.96,301.98,94.5,13.603,12.389,66.555
2219-10-08T21:40:00Z,19.89,1100,900,297.12,94.5,13.806,12.634,66.486
2219-10-08T21:50:00Z,20.01,1136,900.36,291.72,94.5,13.723,12.375,66.202
2219-10-08T22:00:00Z,19.89,1124,899.04,293.22,94.5,13.603,12.188,67.473
2219-10-08T22:10:00Z,20.265,1109,899.88,292.98,94.5,13.681,12.459,66.729
2219-10-08T22:20:00Z,19.83,1116,899.28,286.74,94.5,13.58,12.751,66.982
2219-10-08T22:30:00Z,19.98,1079,898.8,283.98,94.5,13.894,12.347,67.828
2219-10-08T22:40:00Z,20.1,1095,899.04,285.12,94.5,13.721,12.487,68.768
2219-10-08T22:50:00Z,19.98,1079,898.8,286.86,94.5,13.62,12.285,66.47
2219-10-08T23:00:00Z,20.115,1079,899.52,289.38,94.5,13.537,12.582,66.716
2219-10-08T23:10:00Z,19.89,1120,899.64,291.9,94.5,13.428,12.371,67.751
2219-10-08T23:20:00Z,20.37,1084,902.28,299.52,94.5,13.593,12.149,67.646
2219-10-08T23:30:00Z,19.785,1090,901.68,297.42,94.5,13.63,12.502,71.383
2219-10-08T23:40:00Z,19.725,1067,901.44,299.88,94.5,13.6,12.518,69.218
2219-10-08T23:50:00Z,19.77,1115,901.08,295.8,94.5,13.527,12.637,70.028
2219-10-09T00:00:00Z,20.025,1073,900.6,292.68,94.5,13.29,12.802,72.251
2219-10-09T00:10:00Z,20.22,1119,900.72,289.92,94.5,13.519,12.267,70.232
2219-10-09T00:20:00Z,20.085,1095,899.4,287.64,94.5,13.659,12.617,69.935
2219-10-09T00:30:00Z,19.995,1114,900.12,288.66,94.5,13.502,12.316,68.472
2219-10-09T00:40:00Z,19.77,1072,898.32,286.68,94.5,13.715,12.713,65.426
2219-10-09T00:50:00Z,20.1,1087,899.88,288.3,94.5,13.92,12.198,65.501
2219-10-09T01:00:00Z,20.16,1084,899.88,290.34,94.5,13.757,12.4,68.218
2219-10-09T01:10:00Z,19.77,1094,901.56,290.28,94.5,13.554,12.836,68.909
2219-10-09T01:20:00Z,20.01,1092,900.12,294.96,94.5,13.76,12.087,66.252
2219-10-09T01:30:00Z,20.085,1109,901.08,292.44,94.5,13.633,12.486,73.191
2219-10-09T01:40:00Z,20.1,1093,901.68,291.54,94.5,13.515,12.606,73.715
2219-10-09T01:50:00Z,20.19,1113,902.04,297.78,94.5,13.53,12.523,70.416
2219-10-09T02:00:00Z,19.83,1104,901.44,301.56,94.5,13.501,12.478,66.179
2219-10-09T02:10:00Z,19.815,1095,901.8,301.14,94.5,13.539,12.453,68.48
2219-10-09T02:20:00Z,19.98,1125,902.04,299.34,94.5,13.452,12.257,72.161
2219-10-09T02:30:00Z,19.68,1103,900.24,296.1,94.5,13.528,12.659,66.265
2219-10-09T02:40:00Z,19.86,1098,898.44,295.02,94.5,13.844,12.771,67.202
2219-10-09T02:50:00Z,19.905,1102,898.92,299.4,94.5,13.544,12.545,67.546
2219-10-09T03:00:00Z,19.905,1097,900.12,296.16,94.5,13.684,12.621,68.489
2219-10-09T03:10:00Z,20.115,1105,899.76,298.2,94.5,13.507,12.474,67.094
2219-10-09T03:20:00Z,19.995,1087,900.12,299.94,94.5,13.628,12.51,67.266
2219-10-09T03:30:00Z,20.025,1096,900.48,298.38,94.5,13.754,12.622,65.511
2219-10-09T03:40:00Z,20.235,1112,900.48,305.46,94.5,13.701,12.72,65.829
2219-10-09T03:50:00Z,20.04,1094,901.56,303.48,94.5,14.116,12.378,68.21
2219-10-09T04:00:00Z,20.19,1087,899.4,302.94,94.5,13.552,12.63,67.845
2219-10-09T04:10:00Z,20.235,1106,900.84,302.82,94.5,13.635,12.317,70.615
2219-10-09T04:20:00Z,19.965,1149,901.56,305.64,94.5,13.766,12.602,72.147
2219-10-09T04:30:00Z,20.01,1094,901.08,310.86,94.5,13.558,12.385,65.484
2219-10-09T04:40:00Z,19.86,1120,900.96,316.26,94.5,13.856,12.407,67.397
2219-10-09T04:50:00Z,20.055,1101,901.56,313.08,94.5,13.492,12.764,65.205
2219-10-09T05:00:00Z,19.92,1056,900.96,316.5,94.5,13.862,12.433,64.819
2219-10-09T05:10:00Z,19.935,1105,900.96,312.72,94.5,13.446,12.636,65.46
2219-10-09T05:20:00Z,19.77,1125,900.72,308.52,94.5,13.772,12.623,72.913
2219-10-09T05:30:00Z,19.89,1101,900,312.96,94.5,13.595,12.407,71.339
2219-10-09T05:40:00Z,19.77,1089,900.24,310.14,94.5,13.737,12.781,68.76
2219-10-09T05:50:00Z,20.205,1135,900.12,310.44,94.5,13.549,12.634,70.613
2219-10-09T06:00:00Z,19.98,1119,899.76,312.78,94.5,13.712,12.6,70.862
2219-10-09T06:10:00Z,20.16,1088,900.12,306.84,94.5,13.664,12.694,65.641
2219-10-09T06:20:00Z,19.86,1139,899.28,308.4,94.5,13.711,12.411,70.998
2219-10-09T06:30:00Z,19.815,1116,899.76,320.22,94.5,13.665,12.784,71.807
2219-10-09T06:40:00Z,19.905,1094,901.68,321.42,94.5,13.836,12.184,71.372
2219-10-09T06:50:00Z,20.19,1107,900.72,314.04,94.5,13.381,12.682,68.021
2219-10-09T07:00:00Z,20.205,1108,899.88,309.6,94.5,13.673,12.656,66.709
2219-10-09T07:10:00Z,20.1,1108,899.16,306.3,94.5,13.42,12.488,69.551
2219-10-09T07:20:00Z,20.04,1093,899.28,305.64,94.5,13.295,12.363,67.495
2219-10-09T07:30:00Z,20.1,1104,897.84,311.34,94.5,13.63,12.153,73.288
2219-10-09T07:40:00Z,20.07,1115,899.16,314.7,94.5,13.521,12.558,69.63
2219-10-09T07:50:00Z,19.935,1104,900.48,311.1,94.5,13.448,12.466,66.366
2219-10-09T08:00:00Z,20.1,1090,899.88,311.22,94.5,13.665,12.87,69.023
2219-10-09T08:10:00Z,19.77,1102,899.88,317.76,94.5,13.428,12.52,70.418
2219-10-09T08:20:00Z,19.755,1106,900.24,319.56,94.5,13.753,12.494,70.543
2219-10-09T08:30:00Z,19.965,1063,901.08,312.48,94.5,13.899,12.555,68.614
2219-10-09T08:40:00Z,20.025,1108,900.24,310.32,94.5,13.408,12.37,68.196
2219-10-09T08:50:00Z,19.875,1098,899.64,309.36,94.5,13.559,12.238,69.747
2219-10-09T09:00:00Z,20.1,1095,899.16,312.18,94.5,13.806,12.576,68.364
2219-10-09T09:10:00Z,20.01,1122,899.52,310.92,94.5,13.559,12.374,69.108
2219-10-09T09:20:00Z,19.98,1081,899.4,308.58,94.5,13.235,12.305,67.734
2219-10-09T09:30:00Z,19.995,1110,899.52,313.56,94.5,13.297,12.702,69.743
2219-10-09T09:40:00Z,19.98,1129,900.6,317.4,94.5,13.41,12.556,66.909
2219-10-09T09:50:00Z,20.04,1093,900.84,321.72,94.5,13.661,12.207,69.8
2219-10-09T10:00:00Z,19.86,1086,901.08,320.94,94.5,13.652,12.487,66.145
2219-10-09T10:10:00Z,20.19,1088,900.84,318.12,94.5,13.666,12.468,65.178
2219-10-09T10:20:00Z,20.19,1121,899.16,314.64,94.5,13.691,12.258,66.524
2219-10-09T10:30:00Z,19.785,1093,899.76,311.7,94.5,13.58,12.463,69.606
2219-10-09T10:40:00Z,20.01,1102,898.92,311.22,94.5,13.755,12.264,71.085
2219-10-09T10:50:00Z,20.13,1075,899.52,309.42,94.5,13.299,12.351,72.621
2219-10-09T11:00:00Z,20.115,1094,898.32,306.54,94.5,13.627,12.346,66.66
2219-10-09T11:10:00Z,19.845,1095,898.44,311.88,94.5,13.523,12.402,67.275
2219-10-09T11:20:00Z,20.115,1074,900.48,312.6,94.5,13.554,12.475,69.069
2219-10-09T11:30:00Z,19.785,1106,900.12,315.12,94.5,13.564,12.513,65.813
2219-10-09T11:40:00Z,20.01,1125,900.96,313.08,94.5,13.623,12.41,70.193
2219-10-09T11:50:00Z,20.295,1088,901.2,311.58,94.5,13.355,12.361,69.378
2219-10-09T12:00:00Z,19.62,1084,900.36,310.8,94.5,13.571,12.416,65.712
2219-10-09T12:10:00Z,20.085,1075,899.64,310.5,94.5,13.584,12.673,69.456
2219-10-09T12:20:00Z,20.19,1108,900,308.88,94.5,13.586,12.463,68.293
2219-10-09T12:30:00Z,20.505,1074,900.84,311.76,94.5,13.488,12.74,72.268
2219-10-09T12:40:00Z,19.83,1091,899.88,314.22,94.5,13.379,12.302,69.222
2219-10-09T12:50:00Z,19.755,1090,901.2,314.52,94.5,13.568,12.517,69.683
2219-10-09T13:00:00Z,19.815,1089,900.84,314.58,94.5,13.582,12.405,71.297
2219-10-09T13:10:00Z,20.1,1114,899.28,313.62,94.5,13.339,12.729,71.052
2219-10-09T13:20:00Z,20.115,1090,900.36,317.58,94.5,13.349,12.751,67.568
2219-10-09T13:30:00Z,20.085,1104,900.72,310.98,94.5,13.657,12.653,68.157
2219-10-09T13:40:00Z,20.085,1105,900.48,311.58,94.5,13.275,12.359,65.377
2219-10-09T13:50:00Z,19.95,1101,900.48,309.12,94.5,13.969,12.697,72.673
2219-10-09T14:00:00Z,19.935,1091,899.16,306,94.5,13.506,12.299,72.019
2219-10-09T14:10:00Z,20.025,1112,897.96,301.2,94.5,13.667,12.569,68.042
2219-10-09T14:20:00Z,19.905,1091,898.56,301.92,94.5,13.523,12.489,69.563
2219-10-09T14:30:00Z,20.025,1102,898.56,300.78,94.5,13.384,12.414,71.705
2219-10-09T14:40:00Z,19.965,1112,899.04,299.88,94.5,13.6,12.48,72.525
2219-10-09T14:50:00Z,20.235,1114,899.04,304.08,94.5,13.434,12.756,70.489
2219-10-09T15:00:00Z,19.8,1079,899.88,305.94,94.5,13.623,12.686,68.806
2219-10-09T15:10:00Z,19.995,1098,899.64,302.7,94.5,13.687,12.541,65.344
2219-10-09T15:20:00Z,20.16,1103,899.4,302.1,94.5,13.659,12.608,67.864
2219-10-09T15:30:00Z,19.995,1105,899.4,304.5,94.5,13.78,12.442,66.445
2219-10-09T15:40:00Z,20.04,1111,900.6,308.4,94.5,13.763,12.584,68.924
2219-10-09T15:50:00Z,19.995,1113,900.96,307.8,94.5,13.586,12.525,68.536
2219-10-09T16:00:00Z,20.13,1111,900.84,309.3,94.5,13.476,12.48,68.394
2219-10-09T16:10:00Z,19.875,1112,901.56,311.52,94.5,13.839,12.518,67.465
2219-10-09T16:20:00Z,19.665,1092,900.36,306.24,94.5,13.886,12.507,65.528
2219-10-09T16:30:00Z,20.115,1109,901.92,311.7,94.5,13.631,12.609,64.983
2219-10-09T16:40:00Z,20.025,1115,901.92,314.22,94.5,13.718,12.285,68.782
2219-10-09T16:50:00Z,19.995,1111,900.96,313.2,94.5,13.559,12.457,70.137
2219-10-09T17:00:00Z,19.755,1090,901.56,312.78,94.5,13.613,12.559,69.14
2219-10-09T17:10:00Z,19.965,1095,899.52,309.84,94.5,13.404,12.573,68.602
2219-10-09T17:20:00Z,19.92,1078,899.64,303.54,94.5,13.382,12.721,65.61
2219-10-09T17:30:00Z,20.25,1105,898.68,304.02,94.5,13.596,12.502,67.802
2219-10-09T17:40:00Z,20.07,1087,898.8,305.76,94.5,13.671,12.681,64.435
2219-10-09T17:50:00Z,19.95,1092,899.64,311.58,94.5,13.51,12.485,65.402
2219-10-09T18:00:00Z,19.935,1102,901.08,309.96,94.5,13.663,12.522,68.143
2219-10-09T18:10:00Z,19.92,1073,900.6,308.76,94.5,13.473,12.277,67.483
2219-10-09T18:20:00Z,20.19,1102,900.12,308.34,94.5,13.412,13.022,66.067
2219-10-09T18:30:00Z,19.875,1112,900.12,310.98,94.5,13.496,12.61,67.046
2219-10-09T18:40:00Z,19.725,1139,900.36,312.18,94.5,13.464,12.431,69.894
2219-10-09T18:50:00Z,20.325,1102,901.44,317.16,94.5,13.524,12.557,64.998
2219-10-09T19:00:00Z,19.965,1077,900.96,313.14,94.5,13.538,12.024,67.281
2219-10-09T19:10:00Z,20.115,1067,900.12,311.28,94.5,13.342,12.647,69.67
2219-10-09T19:20:00Z,20.22,1128,900,312.06,94.5,13.788,12.482,71.18
2219-10-09T19:30:00Z,20.295,1102,899.64,310.62,94.5,13.558,12.388,67.583
2219-10-09T19:40:00Z,19.95,1094,900.24,316.2,94.5,13.842,12.484,71.446
2219-10-09T19:50:00Z,19.875,1095,901.32,312.42,94.5,13.597,12.544,71.699
2219-10-09T20:00:00Z,19.935,1118,899.28,312.66,94.5,13.314,12.418,69.603
2219-10-09T20:10:00Z,19.935,1100,900.12,307.44,94.5,13.472,12.606,69.379
2219-10-09T20:20:00Z,19.86,1120,900.36,309.36,94.5,13.536,12.719,71.465
2219-10-09T20:30:00Z,20.1,1110,898.68,304.68,94.5,13.289,12.832,67.581
2219-10-09T20:40:00Z,20.19,1124,898.68,307.56,94.5,13.396,12.518,68.961
2219-10-09T20:50:00Z,19.8,1111,898.8,304.5,94.5,13.698,12.483,68.227
2219-10-09T21:00:00Z,19.965,1093,899.88,301.14,94,13.669,12.713,67.522
2219-10-09T21:10:00Z,19.905,1112,899.76,301.2,94,13.675,12.389,65.754
2219-10-09T21:20:00Z,20.235,1111,899.52,303.54,94,13.708,12.468,70.217
2219-10-09T21:30:00Z,19.83,1110,899.28,306.24,94,13.5,12.83,70.317
2219-10-09T21:40:00Z,20.01,1113,900.84,314.16,94,13.872,12.389,68.841
2219-10-09T21:50:00Z,19.95,1095,901.8,315.72,94,13.869,12.568,67.009
2219-10-09T22:00:00Z,19.92,1095,900.72,316.14,94,13.686,12.4,68.782
2219-10-09T22:10:00Z,19.74,1113,901.08,315.78,94,13.488,12.428,66.576
2219-10-09T22:20:00Z,20.055,1113,900.72,310.56,94,13.319,12.632,69.476
2219-10-09T22:30:00Z,20.025,1111,899.52,309.6,94,13.206,12.894,69.877
2219-10-09T22:40:00Z,19.965,1084,899.52,310.38,94,13.737,12.34,69.907
2219-10-09T22:50:00Z,20.13,1092,900.36,313.8,94,13.604,12.618,68.552
2219-10-09T23:00:00Z,20.025,1113,900.48,319.2,94,13.756,12.277,67.628
2219-10-09T23:10:00Z,20.235,1115,899.28,322.56,94,13.759,12.301,69.467
2219-10-09T23:20:00Z,19.83,1112,901.8,318.72,94,13.644,12.589,72.395
2219-10-09T23:30:00Z,19.98,1075,901.2,318.42,94,13.843,12.559,70.13
2219-10-09T23:40:00Z,20.19,1081,901.32,317.58,94,13.745,12.387,71.044
2219-10-09T23:50:00Z,20.025,1117,901.08,318.42,94,13.505,12.441,67.308
2219-10-10T00:00:00Z,19.965,1088,899.52,318,94,13.553,12.157,67.032
2219-10-10T00:10:00Z,20.115,1114,899.16,319.74,94,13.676,12.371,69.546
2219-10-10T00:20:00Z,19.995,1083,900.36,317.34,94,13.687,12.995,67.019
2219-10-10T00:30:00Z,19.95,1099,900,319.5,94,13.852,12.176,70.975
2219-10-10T00:40:00Z,20.19,1113,898.8,322.92,94,13.728,12.578,69.317
2219-10-10T00:50:00Z,20.1,1089,901.44,322.74,94,13.541,12.752,68.294
2219-10-10T01:00:00Z,19.89,1104,900.24,319.02,94,13.701,12.459,69.843
2219-10-10T01:10:00Z,19.785,1076,899.4,318.3,94,13.916,12.647,69.131
2219-10-10T01:20:00Z,20.055,1090,900.24,315.84,94,13.567,12.92,71.876
2219-10-10T01:30:00Z,20.04,1087,899.16,310.14,94,13.379,12.494,71.052
2219-10-10T01:40:00Z,19.725,1113,897.72,310.26,94,13.623,12.783,69.831
2219-10-10T01:50:00Z,19.8,1101,898.08,307.26,94,13.745,12.301,66.552
2219-10-10T02:00:00Z,19.965,1103,898.08,307.08,94,13.742,12.872,67.058
2219-10-10T02:10:00Z,20.13,1099,898.68,307.2,94,13.471,12.734,69.264
2219-10-10T02:20:00Z,20.175,1096,897.96,301.86,94,13.692,12.419,67.451
2219-10-10T02:30:00Z,19.935,1111,899.28,303.42,94,13.459,12.56,66.749
2219-10-10T02:40:00Z,20.295,1084,898.92,302.22,94,13.788,12.726,69.468
2219-10-10T02:50:00Z,20.145,1089,898.92,292.02,94,13.559,12.287,66.697
2219-10-10T03:00:00Z,19.965,1076,898.56,295.14,94,13.915,12.424,66.215
2219-10-10T03:10:00Z,19.995,1116,899.64,301.62,94,13.695,12.416,65.513
2219-10-10T03:20:00Z,20.085,1125,899.52,299.76,94,13.588,12.146,65.453
2219-10-10T03:30:00Z,19.83,1090,899.4,297.54,94,13.461,12.734,67.596
2219-10-10T03:40:00Z,19.98,1088,899.28,297.72,94,13.563,12.315,64.402
2219-10-10T03:50:00Z,19.785,1088,900.48,299.34,94,13.564,12.62,64.173
2219-10-10T04:00:00Z,20.34,1089,899.64,298.2,94,13.402,11.798,64.48
2219-10-10T04:10:00Z,20.325,1090,899.52,295.8,94,13.56,12.434,67.822
2219-10-10T04:20:00Z,19.995,1079,899.4,295.14,94,13.639,12.137,68.124
2219-10-10T04:30:00Z,19.89,1113,900.36,302.58,94,13.706,12.651,68.67
2219-10-10T04:40:00Z,19.935,1115,901.2,308.22,94,13.565,12.397,71.545
2219-10-10T04:50:00Z,19.605,1079,900.48,307.8,94,13.512,12.16,68.305
2219-10-10T05:00:00Z,20.43,1100,901.44,305.1,96.5,13.296,12.751,69.819
2219-10-10T05:10:00Z,20.385,1092,901.44,301.8,96.5,13.232,12.587,64.841
2219-10-10T05:20:00Z,19.86,1076,899.52,305.16,96.5,13.542,12.318,70.504
2219-10-10T05:30:00Z,19.83,1076,899.52,302.22,96.5,13.508,12.523,69.098
2219-10-10T05:40:00Z,19.86,1103,901.32,302.52,96.5,13.393,12.438,67.956
2219-10-10T05:50:00Z,19.995,1102,900.6,306.54,96.5,13.475,12.376,66.836
2219-10-10T06:00:00Z,19.89,1072,900.12,305.22,96.5,13.4,12.219,68.936
2219-10-10T06:10:00Z,20.145,1106,899.76,304.5,96.5,13.617,12.309,66.968
2219-10-10T06:20:00Z,20.16,1086,899.76,304.44,96.5,13.508,12.219,65.885
2219-10-10T06:30:00Z,20.1,1111,899.64,301.5,96.5,13.546,12.528,66.329
2219-10-10T06:40:00Z,19.815,1119,900.36,302.34,96.5,13.638,12.35,67.209
2219-10-10T06:50:00Z,19.98,1106,900.12,300.36,96.5,13.493,12.253,70.05
2219-10-10T07:00:00Z,19.875,1082,899.64,296.34,96.5,13.687,12.188,68.042
2219-10-10T07:10:00Z,19.845,1099,898.92,300.12,96.5,13.506,12.115,70.2
2219-10-10T07:20:00Z,19.98,1124,900.48,303.48,96.5,13.44,12.515,71.782
2219-10-10T07:30:00Z,19.875,1089,900.6,298.32,96.5,13.739,12.807,69.961
2219-10-10T07:40:00Z,19.815,1102,899.64,295.56,96.5,13.697,12.522,71.11
2219-10-10T07:50:00Z,20.205,1108,899.4,296.16,96.5,13.47,12.387,67.309
2219-10-10T08:00:00Z,19.875,1092,900.48,296.1,96.5,13.349,12.373,67.432
2219-10-10T08:10:00Z,19.665,1113,900,294.48,96.5,13.687,12.386,68.293
2219-10-10T08:20:00Z,20.25,1090,900.6,298.26,96.5,13.76,12.451,73.821
2219-10-10T08:30:00Z,20.43,1108,900.36,302.76,96.5,13.63,12.677,71.475
2219-10-10T08:40:00Z,19.83,1112,900.96,301.14,96.5,13.658,12.445,71.373
2219-10-10T08:50:00Z,20.175,1101,900.72,303.78,96.5,13.544,12.174,65.969
2219-10-10T09:00:00Z,20.04,1082,900.6,296.28,94.5,13.535,12.462,66.203
2219-10-10T09:10:00Z,20.145,1073,898.92,298.2,94.5,13.582,12.524,65.352
2219-10-10T09:20:00Z,20.145,1075,898.44,295.44,94.5,13.515,12.501,68.311
2219-10-10T09:30:00Z,19.59,1125,899.04,286.26,94.5,13.721,12.839,70.08
2219-10-10T09:40:00Z,20.22,1093,897.96,284.1,94.5,13.531,12.569,69.832
2219-10-10T09:50:00Z,19.95,1091,898.32,280.98,94.5,13.633,12.712,68.557
2219-10-10T10:00:00Z,19.98,1110,897.6,278.1,94.5,13.613,12.998,65.969
2219-10-10T10:10:00Z,20.22,1106,897.6,274.68,94.5,13.368,12.126,66.831
2219-10-10T10:20:00Z,19.95,1086,898.2,276.3,94.5,13.464,12.58,67.287
2219-10-10T10:30:00Z,20.145,1102,897.24,273.72,94.5,13.549,12.344,66.836
2219-10-10T10:40:00Z,19.86,1130,900.12,278.7,94.5,13.603,12.412,65.074
2219-10-10T10:50:00Z,19.8,1100,900.96,281.58,94.5,13.64,12.161,67.018
2219-10-10T11:00:00Z,19.965,1111,899.64,277.8,94.5,13.698,12.628,67.337
2219-10-10T11:10:00Z,20.055,1109,901.2,284.58,94.5,13.856,12.156,69.513
2219-10-10T11:20:00Z,19.77,1094,900,282.48,94.5,13.452,12.554,69.952
2219-10-10T11:30:00Z,20.04,1108,900.12,285.78,94.5,13.646,12.596,69.899
2219-10-10T11:40:00Z,20.085,1079,900.48,284.4,94.5,13.606,12.601,66.696
2219-10-10T11:50:00Z,20.25,1094,900.72,281.94,94.5,13.565,12.351,65.059
2219-10-10T12:00:00Z,19.71,1117,899.16,280.38,94.5,13.657,12.132,68.789
2219-10-10T12:10:00Z,19.995,1093,899.04,282,94.5,13.799,12.411,66.525
2219-10-10T12:20:00Z,19.83,1091,900.12,285.48,94.5,13.717,12.551,67.292
2219-10-10T12:30:00Z,20.025,1098,899.28,287.22,94.5,13.832,12.424,67.679
2219-10-10T12:40:00Z,20.055,1115,901.68,289.74,94.5,13.767,12.505,69.954
2219-10-10T12:50:00Z,19.725,1104,901.92,295.26,94.5,13.946,12.059,68.537
2219-10-10T13:00:00Z,19.785,1111,900.6,294.9,94.5,13.488,12.399,69.643
2219-10-10T13:10:00Z,20.235,1083,901.56,297.3,94.5,13.619,12.638,68.299
2219-10-10T13:20:00Z,19.815,1099,902.16,296.88,94.5,13.696,12.99,66.44
