time,FT-301,TT-302,TT-304,AT-302,FT-307,JI-310,AT-303,AIC-303.out,AT-306,PT-305
2219-09-26T13:40:00Z,2306.5,800.6,445.76,0.47,392.15,4541.7,21.2,30.529,645,101.43
2219-09-26T13:50:00Z,2282,798.3,443.44,0.465,388.5,4524.9,21.31,27.745,725,101.31
2219-09-26T14:00:00Z,2297.8,798.7,440.64,0.465,386.62,4504.4,21.23,29.332,820,101.58
2219-09-26T14:10:00Z,2296,799.7,442.4,0.465,390.65,4492.7,21.27,28.168,735,101.58
2219-09-26T14:20:00Z,2259.2,799,437.12,0.465,386.68,4481.1,21.15,30.736,720,101.54
2219-09-26T14:30:00Z,2299.5,799.4,431.2,0.465,388.45,4489.8,21.01,33.889,740,101.52
2219-09-26T14:40:00Z,2304.8,799,428.08,0.46,394.02,4479.6,21.09,31.995,670,101.45
2219-09-26T14:50:00Z,2327.5,798.5,430.8,0.465,390.22,4490.6,21.03,33.322,715,101.48
2219-09-26T15:00:00Z,2266.2,798.4,431.68,0.46,384.82,4485.8,20.95,35.178,660,101.57
2219-09-26T15:10:00Z,2299.5,798.9,427.36,0.465,390.47,4505.8,21.13,30.986,735,101.67
2219-09-26T15:20:00Z,2264.5,800.1,427.28,0.46,385.12,4504.8,20.99,34.159,795,101.64
2219-09-26T15:30:00Z,2297.8,799.3,427.52,0.465,394.02,4538.4,20.84,37.702,720,101.84
2219-09-26T15:40:00Z,2276.8,799.3,429.92,0.46,390.16,4494.8,20.83,38.091,725,101.66
2219-09-26T15:50:00Z,2331,801.2,433.36,0.47,387.65,4574.2,20.87,37.313,750,101.69
2219-09-26T16:00:00Z,2299.5,799.1,428.72,0.47,389.43,4514.1,20.71,41.207,845,101.66
2219-09-26T16:10:00Z,2285.5,800,423.68,0.47,389.83,4472.6,20.66,42.663,775,101.69
2219-09-26T16:20:00Z,2310,798.5,424.72,0.465,393.2,4460.8,20.71,41.813,640,101.61
2219-09-26T16:30:00Z,2317,799.2,417.44,0.46,388.71,4532.3,20.68,42.798,815,101.49
2219-09-26T16:40:00Z,2313.5,798.2,422.72,0.465,389.54,4509.8,20.66,43.577,725,101.48
2219-09-26T16:50:00Z,2290.8,799.9,427.92,0.46,386.3,4494.2,20.48,48.144,800,101.54
2219-09-26T17:00:00Z,2257.5,800.7,436.48,0.47,392.79,4535.2,20.73,42.755,740,101.49
2219-09-26T17:10:00Z,2303,800.9,429.92,0.465,391.56,4524.9,20.67,44.428,730,101.42
2219-09-26T17:20:00Z,2289,800.8,432.4,0.46,390.86,4564.2,20.74,43.096,795,101.42
2219-09-26T17:30:00Z,2287.2,800.8,432,0.47,394.78,4477.3,20.71,44.053,645,101.43
2219-09-26T17:40:00Z,2273.2,800.8,429.84,0.465,384.93,4516.7,20.71,44.332,750,101.33
2219-09-26T17:50:00Z,2336.2,800.2,431.52,0.465,387.49,4507.5,20.59,47.438,705,101.46
2219-09-26T18:00:00Z,2266.2,800.8,433.36,0.465,389.59,4500.3,20.78,43.356,645,101.4
2219-09-26T18:10:00Z,2289,801,435.76,0.46,390.24,4510.5,20.59,48.043,680,101.18
2219-09-26T18:20:00Z,2296,799.8,432.8,0.465,392.4,4548.2,20.49,50.793,660,101.45
2219-09-26T18:30:00Z,2317,800.7,439.52,0.47,390.67,4524.9,20.8,43.981,735,101.4
2219-09-26T18:40:00Z,2271.5,799.9,425.6,0.47,389.07,4504.2,20.92,41.346,810,101.43
2219-09-26T18:50:00Z,2289,798.5,426.32,0.475,392.22,4495.1,20.83,43.543,780,101.36
2219-09-26T19:00:00Z,2303,798.8,429.2,0.46,391.98,4513.3,21.02,39.231,665,101.22
2219-09-26T19:10:00Z,2306.5,800.6,430,0.465,386.81,4555,20.88,42.51,790,101.28
2219-09-26T19:20:00Z,2285.5,799,426.16,0.475,392.11,4511.3,21.16,36.029,775,101.36
2219-09-26T19:30:00Z,2303,800.1,425.44,0.46,386.79,4495.9,20.88,42.471,800,101.54
2219-09-26T19:40:00Z,2296,799,424.72,0.465,388.57,4486.4,20.96,40.702,895,101.42
2219-09-26T19:50:00Z,2268,798.9,421.28,0.46,389.49,4490.2,21.02,39.327,810,101.24
2219-09-26T20:00:00Z,2278.5,798.5,420.48,0.465,388.2,4473.9,20.89,42.37,710,101.4
2219-09-26T20:10:00Z,2287.2,799,423.92,0.465,390.14,4491.4,21.18,35.644,825,101.51
2219-09-26T20:20:00Z,2290.8,799.5,425.12,0.47,388.52,4514.2,20.92,41.596,735,101.34
2219-09-26T20:30:00Z,2287.2,800.3,427.84,0.46,390.12,4468,21.08,37.904,795,101.3
2219-09-26T20:40:00Z,2261,800.7,427.12,0.47,391.9,4532.8,21.16,35.942,710,101.28
2219-09-26T20:50:00Z,2334.5,799.6,421.92,0.46,389.07,4518.1,21.01,39.322,670,101.21
2219-09-26T21:00:00Z,2296,799.9,422.64,0.46,389.87,4488.9,21.21,34.601,815,101.27
2219-09-26T21:10:00Z,2299.5,799.7,420.4,0.465,385.85,4493.7,21.03,38.639,715,101.27
2219-09-26T21:20:00Z,2306.5,799.6,417.84,0.465,394.25,4483,20.99,39.553,780,101.24
2219-09-26T21:30:00Z,2310,798.7,411.52,0.475,390.7,4467.1,21.12,36.5,705,101.34
2219-09-26T21:40:00Z,2315.2,798.6,410.64,0.46,392.26,4500.1,21.17,35.207,650,101.19
2219-09-26T21:50:00Z,2322.2,798.3,411.44,0.465,389.61,4485.5,21.16,35.279,765,101.18
2219-09-26T22:00:00Z,2294.2,799.3,413.52,0.47,387.01,4493.6,21.37,30.178,755,101.04
2219-09-26T22:10:00Z,2262.8,799.8,411.44,0.465,388.31,4498.2,21,38.538,740,101.07
2219-09-26T22:20:00Z,2257.5,800.1,415.28,0.475,386.32,4533.4,21.19,34.063,850,101.09
2219-09-26T22:30:00Z,2292.5,800.6,415.28,0.47,387.01,4464.5,21.16,34.587,815,101.28
2219-09-26T22:40:00Z,2324,800.9,419.44,0.465,391.74,4550.5,21.05,37.024,865,101.24
2219-09-26T22:50:00Z,2332.8,801,421.76,0.475,393.46,4514.6,21.17,34.149,760,101.37
2219-09-26T23:00:00Z,2336.2,800.1,422.72,0.475,392.85,4524.7,21.16,34.221,870,101.25
2219-09-26T23:10:00Z,2299.5,800.8,423.52,0.475,389.75,4533.4,21.1,35.481,750,101.25
2219-09-26T23:20:00Z,2311.8,801.3,422.48,0.465,391.39,4552.6,21.2,33.029,710,101.27
2219-09-26T23:30:00Z,2280.2,799.8,420.48,0.465,390.05,4516.6,21.33,29.774,805,101.31
2219-09-26T23:40:00Z,2282,800.1,424.24,0.47,391.51,4492.2,21.44,26.865,865,101.22
2219-09-26T23:50:00Z,2303,800.4,424.64,0.46,390.46,4530.1,21.38,27.856,780,101.34
2219-09-27T00:00:00Z,2269.8,800.2,425.6,0.465,390.87,4500.1,21.28,29.846,745,101.22
2219-09-27T00:10:00Z,2273.2,801.4,430.96,0.465,389.19,4539.2,21.42,26.279,825,101.39
2219-09-27T00:20:00Z,2261,801.5,435.12,0.47,391.56,4507.5,21.42,25.875,835,101.39
2219-09-27T00:30:00Z,2259.2,801.4,435.92,0.475,390.7,4482.5,21.4,25.942,925,101.57
2219-09-27T00:40:00Z,2334.5,800.3,435.44,0.475,390.81,4497.5,21.25,29.091,885,101.43
2219-09-27T00:50:00Z,2311.8,800.7,431.28,0.47,391.48,4505.5,21.43,24.611,890,101.33
2219-09-27T01:00:00Z,2304.8,799.7,428.56,0.465,388.54,4522.3,21.24,28.673,910,101.43
2219-09-27T01:10:00Z,2303,799.3,425.76,0.465,386.48,4459.7,21.18,29.856,850,101.27
2219-09-27T01:20:00Z,2289,799.5,423.6,0.46,389.24,4529.1,21.26,27.798,845,101.31
2219-09-27T01:30:00Z,2287.2,799.3,422.48,0.46,381.74,4478.1,21.32,26.135,850,101.43
2219-09-27T01:40:00Z,2301.2,799.4,425.68,0.455,385.22,4519.1,21.28,26.769,805,101.28
2219-09-27T01:50:00Z,2311.8,799.7,421.36,0.47,387.53,4536.3,21.37,24.38,785,101.22
2219-09-27T02:00:00Z,2266.2,799.2,428,0.465,391.22,4500.8,21.57,19.313,740,101.1
2219-09-27T02:10:00Z,2306.5,800.4,424.4,0.46,388.35,4521.8,21.2,27.481,820,101.31
2219-09-27T02:20:00Z,2310,799.5,417.6,0.46,392.42,4530.8,21.37,23.284,790,101.19
2219-09-27T02:30:00Z,2301.2,799.3,414.08,0.465,389.11,4486.6,21.24,25.99,840,101.15
2219-09-27T02:40:00Z,2290.8,799.6,415.36,0.47,393.26,4514.3,21.25,25.524,740,101.25
2219-09-27T02:50:00Z,2276.8,798.6,413.52,0.46,385.91,4500.3,20.96,32.115,770,101.25
2219-09-27T03:00:00Z,2311.8,799.3,417.12,0.465,386.55,4494.5,21.11,28.62,865,101.39
2219-09-27T03:10:00Z,2329.2,799.2,413.68,0.46,394.62,4544.3,21.26,24.981,780,101.16
2219-09-27T03:20:00Z,2303,799.7,414.96,0.465,390.44,4499.6,21.15,27.322,710,101
2219-09-27T03:30:00Z,2301.2,799.8,411.92,0.475,393.6,4517.3,21.29,23.88,845,101.13
2219-09-27T03:40:00Z,2308.2,800.1,414.16,0.47,391.23,4517.4,21.41,20.774,845,101.19
2219-09-27T03:50:00Z,2341.5,800.2,421.28,0.46,390.43,4562.8,21.13,26.976,860,101.09
2219-09-27T04:00:00Z,2304.8,801.6,422.32,0.465,388.93,4498.2,21.18,25.673,895,101.12
2219-09-27T04:10:00Z,2308.2,801.7,422.72,0.475,393.95,4514.3,21.34,21.731,875,101.39
2219-09-27T04:20:00Z,2252.2,800.9,422.88,0.48,390.12,4534.1,21.19,24.938,790,101.15
2219-09-27T04:30:00Z,2248.8,800.4,425.44,0.475,387.2,4490,21.26,23.106,835,101.28
2219-09-27T04:40:00Z,2327.5,800.6,427.76,0.47,390.23,4544.3,21.17,24.976,935,101.16
2219-09-27T04:50:00Z,2275,800.2,423.68,0.465,384.11,4484.2,21.09,26.697,895,101.1
2219-09-27T05:00:00Z,2332.8,800.7,424.88,0.47,393.07,4583.2,21.29,21.899,900,101.3
2219-09-27T05:10:00Z,2289,800.2,423.92,0.47,388.78,4506.9,21.32,20.913,975,101.28
2219-09-27T05:20:00Z,2294.2,798.9,422.96,0.47,391.34,4506.2,21.24,22.49,895,101.3
2219-09-27T05:30:00Z,2320.5,799,418.72,0.47,393.18,4505.4,21.18,23.673,885,101.21
2219-09-27T05:40:00Z,2296,800,415.6,0.465,386.77,4466.7,21.05,26.563,795,101.13
2219-09-27T05:50:00Z,2318.8,799.5,417.68,0.47,386.64,4505.8,21.13,24.63,785,101.09
2219-09-27T06:00:00Z,2268,799.5,423.44,0.47,387.58,4539.9,21.09,25.447,870,101.25
2219-09-27T06:10:00Z,2283.8,800.3,419.2,0.46,385.89,4512.2,21.04,26.538,990,101.21
2219-09-27T06:20:00Z,2290.8,798.8,415.52,0.475,386.12,4485.1,20.97,28.149,870,101.16
2219-09-27T06:30:00Z,2273.2,799.3,413.68,0.465,390.95,4464.9,21.06,26.058,915,101.33
2219-09-27T06:40:00Z,2294.2,799.2,413.92,0.46,389.81,4499.6,21.14,24.115,935,101.1
2219-09-27T06:50:00Z,2338,799.1,416.16,0.465,391.7,4535.2,20.76,32.933,920,101.24
2219-09-27T07:00:00Z,2290.8,799.4,417.36,0.465,395.42,4533.8,20.82,31.75,870,101.01
2219-09-27T07:10:00Z,2339.8,800.2,420.16,0.46,390.07,4524.7,20.76,33.337,880,101.03
2219-09-27T07:20:00Z,2315.2,799.9,421.52,0.465,392.85,4513.3,20.91,30.034,915,101.04
2219-09-27T07:30:00Z,2285.5,799.8,416.08,0.465,390.17,4512.4,20.78,33.183,835,101
2219-09-27T07:40:00Z,2271.5,799.9,415.12,0.47,387.84,4490.7,20.79,33.159,880,101.1
2219-09-27T07:50:00Z,2306.5,799.4,415.04,0.46,388.09,4530.8,20.78,33.596,850,101.03
2219-09-27T08:00:00Z,2266.2,799.6,412.88,0.465,386.56,4499,20.9,30.981,845,101.07
2219-09-27T08:10:00Z,2301.2,799.4,415.44,0.45,397.58,4477.4,20.82,32.962,740,101
2219-09-27T08:20:00Z,2276.8,799.7,416.56,0.455,389.99,4491.7,20.79,33.841,850,101.04
2219-09-27T08:30:00Z,2294.2,799.4,420,0.46,386.63,4495.1,21.01,28.861,875,100.95
2219-09-27T08:40:00Z,2301.2,800.3,419.12,0.455,389.07,4510.3,20.76,34.74,635,101.06
2219-09-27T08:50:00Z,2299.5,800.1,417.68,0.475,385.05,4511.7,20.86,32.615,620,101.09
2219-09-27T09:00:00Z,2304.8,800.8,419.44,0.47,386.93,4532.4,20.83,33.457,675,101.04
2219-09-27T09:10:00Z,2261,800.6,428.24,0.46,392.64,4485.2,20.88,32.442,715,101.03
2219-09-27T09:20:00Z,2310,801.6,431.36,0.46,388.21,4527.3,20.91,31.851,625,100.98
2219-09-27T09:30:00Z,2352,801.9,436.32,0.47,391.97,4573.9,20.76,35.471,870,100.97
2219-09-27T09:40:00Z,2304.8,800.5,435.84,0.46,388.47,4551.8,20.98,30.519,795,101.25
2219-09-27T09:50:00Z,2280.2,801.6,432.4,0.46,385.64,4475.3,20.83,34.072,735,101.24
2219-09-27T10:00:00Z,2280.2,800.5,431.92,0.465,390.17,4494.8,20.64,38.712,880,101.3
2219-09-27T10:10:00Z,2343.2,799.8,431.92,0.46,393.88,4566.6,20.82,34.817,790,101.15
2219-09-27T10:20:00Z,2327.5,799,429.92,0.465,387.52,4521.7,21.02,30.279,685,101.3
2219-09-27T10:30:00Z,2297.8,799.6,430.16,0.47,392.08,4505.1,20.92,32.615,600,101.34
2219-09-27T10:40:00Z,2311.8,800.5,429.6,0.465,391.34,4536.7,20.81,35.284,620,101.55
2219-09-27T10:50:00Z,2296,799.9,430.64,0.47,387.66,4504.9,20.7,38.058,510,101.49
2219-09-27T11:00:00Z,2303,799.7,428.56,0.47,389.05,4527.7,20.77,36.697,585,101.37
2219-09-27T11:10:00Z,2311.8,798.9,424.24,0.47,388.82,4508.8,21.01,31.264,575,101.61
2219-09-27T11:20:00Z,2278.5,798.9,426.56,0.46,389.32,4517.4,20.87,34.553,545,101.33
2219-09-27T11:30:00Z,2313.5,799.2,427.84,0.47,387.67,4480,21.06,30.202,580,101.43
2219-09-27T11:40:00Z,2290.8,798.9,424.48,0.465,389.32,4508.2,21.22,26.375,685,101.36
2219-09-27T11:50:00Z,2357.2,799.9,423.52,0.465,386.64,4526.7,20.97,32.053,400,101.57
2219-09-27T12:00:00Z,2301.2,800,424.96,0.46,386.89,4526.1,21.04,30.433,560,101.39
2219-09-27T12:10:00Z,2324,800.4,429.28,0.46,388.51,4558.7,20.89,33.928,615,101.27
2219-09-27T12:20:00Z,2318.8,799.4,424,0.465,390.36,4520.6,21.02,30.971,615,101.69
2219-09-27T12:30:00Z,2264.5,799,422.8,0.465,385.23,4450.1,21.07,29.774,730,101.43
2219-09-27T12:40:00Z,2325.8,799.5,425.2,0.46,389.19,4520.4,21.02,30.885,715,101.52
2219-09-27T12:50:00Z,2283.8,799.8,426.96,0.465,387.7,4481.6,20.97,32.043,750,101.46
2219-09-27T13:00:00Z,2315.2,800.6,429.6,0.46,388.36,4513.3,20.75,37.255,725,101.36
2219-09-27T13:10:00Z,2296,800.8,426,0.475,392.55,4479.9,20.94,33.019,700,101.33
2219-09-27T13:20:00Z,2278.5,799.7,421.28,0.47,390.01,4503.6,20.84,35.433,815,101.37
2219-09-27T13:30:00Z,2287.2,798.3,421.12,0.465,390.19,4459.5,20.98,32.288,745,101.39
2219-09-27T13:40:00Z,2306.5,800,424.64,0.455,392.57,4454.9,21.02,31.365,765,101.55
2219-09-27T13:50:00Z,2329.2,800.8,434,0.465,390,4533.2,20.89,34.409,770,101.45
2219-09-27T14:00:00Z,2289,800.7,429.44,0.46,391.66,4496.2,20.81,36.399,815,101.43
2219-09-27T14:10:00Z,2299.5,800.4,427.6,0.48,393.31,4537,20.69,39.409,850,101.55
2219-09-27T14:20:00Z,2289,800.3,426.48,0.47,391.46,4494.4,20.84,36.173,830,101.57
2219-09-27T14:30:00Z,2327.5,799.4,431.12,0.475,389.34,4547.4,20.81,37.034,870,101.67
2219-09-27T14:40:00Z,2276.8,799.9,428.32,0.475,388.65,4510.2,20.58,42.635,810,101.7
2219-09-27T14:50:00Z,2289,799.7,425.52,0.46,387.17,4514.5,20.53,44.216,860,101.58
2219-09-27T15:00:00Z,2280.2,799.4,423.2,0.47,389.8,4489.4,20.76,39.25,785,101.75
2219-09-27T15:10:00Z,2292.5,799.3,425.6,0.46,387.47,4490.6,20.61,43.014,865,101.58
2219-09-27T15:20:00Z,2303,800.3,424,0.455,391.26,4545.2,20.6,43.625,830,101.79
2219-09-27T15:30:00Z,2308.2,799.4,420.56,0.46,384.68,4522.5,20.68,42.125,890,101.72
2219-09-27T15:40:00Z,2276.8,799.7,421.28,0.46,389.9,4458.1,20.77,40.313,900,101.55
2219-09-27T15:50:00Z,2275,799.6,413.92,0.46,389.49,4471.8,20.91,37.236,720,101.69
2219-09-27T16:00:00Z,2285.5,799.6,419.52,0.465,382.57,4525.8,20.74,41.327,865,101.79
2219-09-27T16:10:00Z,2324,800.2,424.72,0.465,387.16,4507,20.87,38.514,805,101.7
2219-09-27T16:20:00Z,2311.8,799.2,423.92,0.465,389.87,4509.4,20.97,36.284,840,101.78
2219-09-27T16:30:00Z,2301.2,799.9,421.84,0.46,390.06,4521.4,20.81,40.082,915,101.72
2219-09-27T16:40:00Z,2334.5,800,420.32,0.465,388.84,4506.9,20.83,39.793,780,101.75
2219-09-27T16:50:00Z,2313.5,800.3,421.92,0.465,394.07,4513.3,20.85,39.486,910,101.91
2219-09-27T17:00:00Z,2331,801.2,425.84,0.455,388.52,4514.5,21.15,32.563,740,101.82
2219-09-27T17:10:00Z,2296,800.4,427.44,0.475,386.42,4508.3,21.11,33.361,790,101.85
2219-09-27T17:20:00Z,2325.8,800.4,432,0.465,389.06,4487.1,21.08,33.962,800,101.75
2219-09-27T17:30:00Z,2283.8,801.4,435.6,0.465,390.97,4503.5,21.05,34.591,740,101.75
2219-09-27T17:40:00Z,2311.8,801.1,440.24,0.47,392.58,4514.3,21.04,34.779,675,101.87
2219-09-27T17:50:00Z,2317,800.3,433.04,0.465,389.97,4539.2,20.88,38.51,725,101.85
2219-09-27T18:00:00Z,2296,799.3,424.16,0.465,389.55,4507.1,21.09,33.678,705,101.78
2219-09-27T18:10:00Z,2297.8,798.6,419.84,0.47,387.55,4481.9,21.01,35.476,700,101.79
2219-09-27T18:20:00Z,2322.2,797.7,417.6,0.47,388.72,4516.1,21.04,34.76,700,101.85
2219-09-27T18:30:00Z,2315.2,797.8,412.48,0.465,387.95,4525.9,20.87,38.726,730,101.94
2219-09-27T18:40:00Z,2336.2,798.1,413.84,0.465,387.36,4508.4,20.9,38.144,770,101.82
2219-09-27T18:50:00Z,2313.5,799.5,415.68,0.455,387.7,4496.6,20.82,40.125,730,101.88
2219-09-27T19:00:00Z,2287.2,800.4,417.36,0.465,385.31,4469.4,21.05,34.88,765,101.84
2219-09-27T19:10:00Z,2299.5,799.9,419.04,0.47,391.05,4499.6,20.9,38.365,830,101.91
2219-09-27T19:20:00Z,2273.2,800.2,419.52,0.47,391.25,4493.6,20.8,40.817,795,101.96
2219-09-27T19:30:00Z,2287.2,800.5,422,0.46,391.12,4492.3,20.77,41.716,865,101.9
2219-09-27T19:40:00Z,2296,799.7,419.68,0.465,389.82,4541.3,20.94,37.933,825,101.73
2219-09-27T19:50:00Z,2317,800.8,420.48,0.475,389.1,4521.8,20.83,40.582,880,101.76
2219-09-27T20:00:00Z,2310,799.9,420.96,0.465,384.52,4486.6,21.13,33.678,975,101.66
2219-09-27T20:10:00Z,2296,799.6,422.4,0.475,389.05,4523.6,21.1,34.26,1020,101.76
2219-09-27T20:20:00Z,2301.2,800.7,425.44,0.475,393.09,4493.3,21.01,36.284,1050,101.69
2219-09-27T20:30:00Z,2292.5,800.5,425.28,0.465,388.86,4517.1,20.96,37.452,945,101.66
2219-09-27T20:40:00Z,2296,799.8,419.6,0.48,391.65,4471.6,21.06,35.135,985,101.7
2219-09-27T20:50:00Z,2311.8,799.6,422,0.47,391.1,4561.7,21.19,32.014,990,101.75
2219-09-27T21:00:00Z,2280.2,800.1,422.72,0.455,384.98,4526.7,21.04,35.365,925,101.61
2219-09-27T21:10:00Z,2308.2,799.4,423.12,0.465,385.44,4526,21.12,33.442,945,101.58
2219-09-27T21:20:00Z,2322.2,800.3,420.88,0.47,388.51,4487.2,21.26,30.029,895,101.57
2219-09-27T21:30:00Z,2304.8,799.6,420.48,0.465,387.78,4476.5,20.9,38.26,910,101.63
2219-09-27T21:40:00Z,2278.5,800.9,426.96,0.46,386.67,4514.3,21.04,35.058,735,101.76
2219-09-27T21:50:00Z,2292.5,801,431.28,0.46,392.1,4540.6,20.77,41.38,735,101.63
2219-09-27T22:00:00Z,2250.5,800.2,428.88,0.475,392.56,4478.4,20.87,39.245,755,101.72
2219-09-27T22:10:00Z,2324,800.4,431.2,0.465,390.55,4528.7,20.86,39.606,790,101.85
2219-09-27T22:20:00Z,2273.2,801.2,431.12,0.465,385.28,4486.4,20.65,44.688,790,101.58
2219-09-27T22:30:00Z,2318.8,799,423.6,0.455,389.2,4527.1,20.72,43.375,830,101.73
2219-09-27T22:40:00Z,2292.5,798.3,422.4,0.47,388.21,4471.8,20.71,43.88,910,101.84
2219-09-27T22:50:00Z,2287.2,799.2,420.08,0.46,385.78,4540.6,20.7,44.394,875,101.78
2219-09-27T23:00:00Z,2317,799.4,419.04,0.465,391.82,4499.3,20.69,44.918,780,101.82
2219-09-27T23:10:00Z,2322.2,798.6,418.4,0.475,384.12,4471.2,20.8,42.625,760,101.7
2219-09-27T23:20:00Z,2296,799.2,418.08,0.465,388.75,4529.3,20.78,43.288,915,101.67
2219-09-27T23:30:00Z,2269.8,799,415.76,0.465,391.94,4500.3,20.6,47.74,900,101.72
2219-09-27T23:40:00Z,2287.2,799.6,417.6,0.47,385.13,4514,20.6,48.125,875,101.76
2219-09-27T23:50:00Z,2289,799.7,417.6,0.465,388.57,4469.6,20.41,52.986,890,101.84
2219-09-28T00:00:00Z,2219,800.1,414.88,0.46,389.69,4442.9,20.6,49.077,965,101.76
2219-09-28T00:10:00Z,2299.5,799.2,407.92,0.47,390.7,4476.4,20.76,45.692,985,101.94
2219-09-28T00:20:00Z,2269.8,798.6,408,0.465,388.23,4470.1,20.53,51.341,940,101.93
2219-09-28T00:30:00Z,2310,799.2,412.16,0.47,390.92,4540.5,20.63,49.438,925,101.87
2219-09-28T00:40:00Z,2283.8,799.8,408.56,0.465,381.01,4372.5,20.67,48.851,965,101.78
2219-09-28T00:50:00Z,2287.2,799.5,411.2,0.465,375,4359.4,20.62,50.346,980,101.88
2219-09-28T01:00:00Z,2317,801,415.04,0.465,377.87,4406.4,20.68,49.298,975,101.7
2219-09-28T01:10:00Z,2299.5,800.4,422.88,0.475,375.06,4410.6,20.75,47.957,905,101.54
2219-09-28T01:20:00Z,2325.8,801.3,420.24,0.47,379.83,4400.9,20.93,43.957,925,101.57
2219-09-28T01:30:00Z,2297.8,800.1,419.2,0.47,381.74,4402.2,20.78,47.558,1040,101.55
2219-09-28T01:40:00Z,2287.2,799.2,419.44,0.46,378.07,4383.5,20.82,46.827,955,101.73
2219-09-28T01:50:00Z,2297.8,801,417.04,0.475,372.85,4393.9,20.9,45.115,900,101.75
2219-09-28T02:00:00Z,2339.8,800.4,416.4,0.47,382.93,4430.6,20.85,46.389,890,101.61
2219-09-28T02:10:00Z,2261,799.7,414.32,0.46,376.88,4352.6,21.1,40.644,945,101.46
2219-09-28T02:20:00Z,2289,799.3,412.16,0.46,379.91,4362.4,20.85,46.438,850,101.52
2219-09-28T02:30:00Z,2296,799.1,414.88,0.465,378,4364.6,21.05,41.87,705,101.46
2219-09-28T02:40:00Z,2304.8,800.1,410.24,0.455,379.83,4390.5,20.94,44.413,780,101.57
2219-09-28T02:50:00Z,2292.5,799.9,408.24,0.47,376.78,4352.5,21.14,39.76,815,101.67
2219-09-28T03:00:00Z,2303,799.6,411.12,0.46,377.4,4357.9,20.9,45.279,750,101.78
2219-09-28T03:10:00Z,2329.2,799.5,411.12,0.465,376.75,4393.5,20.96,43.962,780,101.87
2219-09-28T03:20:00Z,2329.2,798.3,404.4,0.475,379.13,4397.8,20.9,45.413,710,101.81
2219-09-28T03:30:00Z,2296,798.7,402.32,0.46,374.93,4391.1,21.12,40.327,805,101.87
2219-09-28T03:40:00Z,2255.8,799.5,406.96,0.465,373.42,4353,21.23,37.62,795,101.85
2219-09-28T03:50:00Z,2318.8,799.5,408.8,0.47,376.93,4351.5,21.06,41.404,665,101.72
2219-09-28T04:00:00Z,2304.8,800.7,408.56,0.47,379.69,4430.1,21.21,37.813,670,101.75
2219-09-28T04:10:00Z,2348.5,801.2,412,0.46,381.62,4443.2,21.27,36.197,795,101.79
2219-09-28T04:20:00Z,2303,800.6,409.52,0.48,378.31,4382.1,21.09,40.178,710,101.91
2219-09-28T04:30:00Z,2318.8,799.8,408.72,0.465,379.26,4376,21.23,36.793,635,101.75
2219-09-28T04:40:00Z,2313.5,799.5,409.6,0.465,374.25,4387.6,20.87,45.053,745,101.81
2219-09-28T04:50:00Z,2278.5,799.6,412.32,0.46,377.12,4386.2,21.19,37.639,820,101.66
2219-09-28T05:00:00Z,2306.5,800.9,416.08,0.47,375.1,4344.6,21.34,33.923,825,101.81
2219-09-28T05:10:00Z,2339.8,801.4,413.12,0.46,373.74,4416.9,20.99,41.841,740,101.84
2219-09-28T05:20:00Z,2343.2,801.5,410.96,0.465,377.82,4407.4,21.2,36.904,780,101.7
2219-09-28T05:30:00Z,2329.2,799.5,411.2,0.46,373.29,4367.6,21.18,37.183,740,101.67
2219-09-28T05:40:00Z,2275,800.2,408.8,0.465,378.41,4358.6,21.22,36.067,760,101.84
2219-09-28T05:50:00Z,2329.2,799.1,409.52,0.465,379.59,4369.9,20.95,42.216,725,101.85
2219-09-28T06:00:00Z,2271.5,800.6,410.08,0.46,375.62,4423.2,21.06,39.673,615,101.67
2219-09-28T06:10:00Z,2301.2,800.2,408.64,0.465,378.07,4336.9,20.92,42.913,635,101.75
2219-09-28T06:20:00Z,2297.8,799,403.76,0.465,379,4354.8,21.09,38.986,620,101.64
2219-09-28T06:30:00Z,2276.8,798.8,405.12,0.46,376.37,4346.6,21.14,37.721,600,101.69
2219-09-28T06:40:00Z,2292.5,799.7,406.16,0.465,374.79,4376.9,21.03,40.178,590,101.46
2219-09-28T06:50:00Z,2313.5,800,408.24,0.465,374.3,4347.2,21.02,40.385,605,101.67
2219-09-28T07:00:00Z,2303,800.5,404.96,0.47,375.73,4388.1,20.9,43.192,620,101.45
2219-09-28T07:10:00Z,2303,799.5,409.44,0.455,377.62,4419.9,21.1,38.577,725,101.49
2219-09-28T07:20:00Z,2303,800.2,407.04,0.465,375.92,4368,21.01,40.601,510,101.46
2219-09-28T07:30:00Z,2329.2,800.5,409.84,0.475,379.56,4404.2,21.05,39.649,810,101.57
2219-09-28T07:40:00Z,2301.2,801.3,408.96,0.47,378.22,4378.2,21.05,39.601,730,101.63
2219-09-28T07:50:00Z,2290.8,801.2,414,0.475,377.64,4364.8,20.97,41.438,720,101.51
2219-09-28T08:00:00Z,2297.8,800.4,415.52,0.465,374.35,4410.1,20.79,45.707,690,101.45
2219-09-28T08:10:00Z,2296,800.8,417.6,0.475,375.96,4385.3,20.93,42.611,575,101.67
2219-09-28T08:20:00Z,2280.2,800.2,422.16,0.475,376.85,4359.2,20.94,42.442,625,101.37
2219-09-28T08:30:00Z,2329.2,801.2,422.32,0.465,378.44,4407.6,20.79,46.034,770,101.37
2219-09-28T08:40:00Z,2320.5,800.6,417.6,0.465,379.67,4381.5,20.97,41.995,765,101.54
2219-09-28T08:50:00Z,2338,799.9,413.36,0.455,375.73,4384.8,21.03,40.611,680,101.49
2219-09-28T09:00:00Z,2299.5,798.3,412.4,0.46,380.08,4338.6,21.09,39.168,755,101.52
2219-09-28T09:10:00Z,2292.5,800.3,415.76,0.455,372.82,4359,21.06,39.788,810,101.72
2219-09-28T09:20:00Z,2292.5,799.7,413.44,0.47,380.65,4336.6,20.87,44.207,785,101.58
2219-09-28T09:30:00Z,2317,800.3,417.36,0.455,378.94,4382,21.07,39.62,790,101.57
2219-09-28T09:40:00Z,2318.8,801.5,420.8,0.465,379.52,4394.4,21.02,40.731,750,101.64
2219-09-28T09:50:00Z,2290.8,799.8,419.28,0.465,377.57,4396.6,21.03,40.476,675,101.6
2219-09-28T10:00:00Z,2320.5,800,419.28,0.465,377.63,4428.1,21.44,30.788,725,101.7
2219-09-28T10:10:00Z,2283.8,800.8,420.8,0.465,376.38,4377.9,21.33,32.957,785,101.81
2219-09-28T10:20:00Z,2296,800.8,424.64,0.47,376.03,4394,21.03,39.707,725,102
2219-09-28T10:30:00Z,2292.5,800.1,416.32,0.47,376.08,4383.3,21.17,36.38,635,101.75
2219-09-28T10:40:00Z,2304.8,799.3,412.88,0.47,379.32,4405.8,21.35,31.976,815,101.91
2219-09-28T10:50:00Z,2324,798.7,410.08,0.455,374.43,4349.4,21.25,33.995,660,101.78
2219-09-28T11:00:00Z,2301.2,798.1,408.24,0.475,380.51,4386.4,21.2,34.933,710,101.73
2219-09-28T11:10:00Z,2306.5,799.4,407.36,0.475,379.17,4357.8,20.95,40.63,615,101.85
2219-09-28T11:20:00Z,2341.5,799.6,408.72,0.46,376.47,4407.5,21.32,31.962,620,101.78
2219-09-28T11:30:00Z,2287.2,798.7,409.36,0.47,374.78,4373.4,21.25,33.303,700,101.7
2219-09-28T11:40:00Z,2317,799.9,410.96,0.475,373.94,4387.9,21.38,30,625,101.6
2219-09-28T11:50:00Z,2292.5,801.1,414.8,0.46,375.59,4363.4,21.17,34.582,760,101.73
2219-09-28T12:00:00Z,2306.5,799.9,413.6,0.465,378.77,4436.1,21.21,33.476,735,101.7
2219-09-28T12:10:00Z,2264.5,799.3,411.12,0.46,374.12,4343,21.26,32.096,720,101.76
2219-09-28T12:20:00Z,2341.5,799.9,418.08,0.465,377.34,4375.8,21.16,34.202,805,101.84
2219-09-28T12:30:00Z,2276.8,801.4,422.32,0.47,378.86,4372.8,21.25,31.928,660,101.78
2219-09-28T12:40:00Z,2243.5,801,424.56,0.47,384.27,4373.4,21.16,33.808,760,101.78
2219-09-28T12:50:00Z,2287.2,801.4,426.88,0.47,377.64,4373.7,21.29,30.591,640,102.03
2219-09-28T13:00:00Z,2276.8,801.9,428.96,0.465,377.6,4375.7,21.24,31.49,735,101.97
2219-09-28T13:10:00Z,2269.8,800.8,424.24,0.465,374.17,4384.8,21.33,29.139,665,101.67
2219-09-28T13:20:00Z,2310,800,424.72,0.46,378.9,4374.8,21.09,34.476,630,101.79
2219-09-28T13:30:00Z,2290.8,799,426,0.465,374.87,4415.8,21.4,27.087,690,101.93
2219-09-28T13:40:00Z,2311.8,800.3,429.52,0.46,382.67,4380.7,21.26,30,705,101.96
2219-09-28T13:50:00Z,2303,800.4,431.92,0.47,380,4412.1,21.16,32.106,715,101.99
2219-09-28T14:00:00Z,2315.2,799.8,435.04,0.465,380.99,4419.5,20.98,36.192,820,101.69
2219-09-28T14:10:00Z,2280.2,800.6,431.68,0.47,378.95,4376.4,21.1,33.385,715,101.7
2219-09-28T14:20:00Z,2294.2,799.9,423.28,0.46,377.53,4386.1,21.19,31.168,670,101.66
2219-09-28T14:30:00Z,2282,799.4,425.2,0.46,374.94,4311.3,21.01,35.226,805,101.6
2219-09-28T14:40:00Z,2292.5,799.9,423.12,0.47,373.54,4386,21.08,33.567,710,101.64
2219-09-28T14:50:00Z,2283.8,799.8,419.52,0.46,375.05,4347.7,20.88,38.202,680,101.91
2219-09-28T15:00:00Z,2306.5,800.2,418.8,0.465,373.49,4389,20.96,36.433,785,101.81
2219-09-28T15:10:00Z,2306.5,799.2,418.56,0.46,374.65,4362.5,20.9,37.885,790,101.55
2219-09-28T15:20:00Z,2320.5,798.2,412.48,0.465,378.13,4355.2,20.84,39.394,630,101.58
2219-09-28T15:30:00Z,2290.8,799,413.52,0.465,371.2,4374.7,20.96,36.721,800,101.48
2219-09-28T15:40:00Z,2310,799.4,420.56,0.47,378.02,4371.3,20.95,36.995,720,101.49
2219-09-28T15:50:00Z,2322.2,799.9,423.84,0.455,378.2,4369.3,20.93,37.514,750,101.43
2219-09-28T16:00:00Z,2303,801,427.36,0.47,378.24,4370.1,20.85,39.466,730,101.37
2219-09-28T16:10:00Z,2303,801.1,424.64,0.465,374.93,4393.7,20.76,41.731,820,101.37
2219-09-28T16:20:00Z,2304.8,800.9,421.04,0.475,378.44,4374.6,20.91,38.428,805,101.54
2219-09-28T16:30:00Z,2250.5,799.7,424.08,0.46,379.56,4327.7,20.63,45.111,765,101.36
2219-09-28T16:40:00Z,2289,800.7,422.64,0.465,381.86,4357.8,20.94,38.163,785,101.34
2219-09-28T16:50:00Z,2297.8,800.9,419.44,0.455,380.12,4384.1,20.59,46.466,710,101.4
2219-09-28T17:00:00Z,2303,799.3,417.76,0.47,371.27,4336.8,20.69,44.505,735,101.54
2219-09-28T17:10:00Z,2317,799.6,419.84,0.465,379.28,4391.7,20.77,42.918,680,101.72
2219-09-28T17:20:00Z,2259.2,799.9,420.08,0.455,373.38,4363.5,20.85,41.255,760,101.58
2219-09-28T17:30:00Z,2301.2,799.5,416.64,0.47,377.87,4344,20.53,48.938,815,101.73
2219-09-28T17:40:00Z,2275,799,414.24,0.47,381.76,4365.5,20.62,47.269,740,101.69
2219-09-28T17:50:00Z,2280.2,798.7,416.64,0.465,376.38,4361.6,20.77,44.101,900,101.61
2219-09-28T18:00:00Z,2339.8,799.6,413.2,0.47,378.24,4394.3,20.9,41.26,735,101.67
2219-09-28T18:10:00Z,2285.5,798.9,411.92,0.465,371.33,4362.6,20.77,44.418,710,101.72
2219-09-28T18:20:00Z,2283.8,800,416.72,0.47,376.62,4386.5,20.95,40.399,805,101.54
2219-09-28T18:30:00Z,2317,800.1,418.4,0.47,377.53,4419.7,20.92,41.154,755,101.52
2219-09-28T18:40:00Z,2287.2,800.4,421.76,0.47,376.48,4367.7,20.99,39.582,845,101.4
2219-09-28T18:50:00Z,2290.8,800.2,420.24,0.465,374.68,4334.9,21.15,35.822,820,101.45
2219-09-28T19:00:00Z,2287.2,800.5,417.28,0.475,376.25,4388.4,21,39.212,895,101.51
2219-09-28T19:10:00Z,2304.8,799,414.08,0.46,378.77,4359.8,21.13,36.149,860,101.48
2219-09-28T19:20:00Z,2290.8,798.9,410.8,0.47,375.06,4384.9,21.24,33.433,820,101.51
2219-09-28T19:30:00Z,2299.5,798.6,413.44,0.465,375.47,4383.2,21.27,32.495,830,101.4
2219-09-28T19:40:00Z,2327.5,799.3,411.68,0.46,376.54,4386.6,21.25,32.707,790,101.55
2219-09-28T19:50:00Z,2315.2,799.7,413.2,0.465,379.36,4370.5,21.29,31.524,820,101.63
2219-09-28T20:00:00Z,2310,799.2,411.76,0.465,376.3,4374.1,21.26,31.952,870,101.48
2219-09-28T20:10:00Z,2299.5,800,414.64,0.465,373.36,4402.6,21.4,28.404,780,101.43
2219-09-28T20:20:00Z,2320.5,800.7,416,0.47,378.08,4384.6,21.27,31.082,765,101.42
2219-09-28T20:30:00Z,2308.2,800.2,416.4,0.47,373.25,4376.5,21.16,33.413,690,101.24
2219-09-28T20:40:00Z,2299.5,800.6,416.48,0.47,377.79,4371.4,21.23,31.611,720,101.43
2219-09-28T20:50:00Z,2275,799.7,420.24,0.48,374.21,4333.3,21.26,30.683,710,101.25
2219-09-28T21:00:00Z,2308.2,800.2,421.6,0.465,378.79,4390.4,21.24,30.904,875,101.21
2219-09-28T21:10:00Z,2329.2,801,417.92,0.46,374.68,4392,21.24,30.673,815,101.52
2219-09-28T21:20:00Z,2303,799.9,422.32,0.47,376.7,4398.4,21.38,27.144,765,101.33
2219-09-28T21:30:00Z,2331,801.3,422,0.465,378.3,4378.6,21.19,31.255,870,101.3
2219-09-28T21:40:00Z,2303,800.4,418.48,0.47,379.08,4370.4,21.19,31.072,775,101.15
2219-09-28T21:50:00Z,2345,800,412.56,0.46,377.38,4392.2,21.15,31.832,830,101.21
2219-09-28T22:00:00Z,2327.5,799.6,413.28,0.455,371.57,4394.6,21.32,27.683,855,101.43
2219-09-28T22:10:00Z,2297.8,799,416.8,0.465,375.44,4352.8,21.14,31.615,860,101.25
2219-09-28T22:20:00Z,2296,800.1,414.88,0.46,376.72,4400.4,21.17,30.774,850,101.18
2219-09-28T22:30:00Z,2336.2,800.6,413.44,0.465,375.88,4369,21.2,29.904,910,101.18
2219-09-28T22:40:00Z,2327.5,800.5,420.88,0.455,378.14,4408,21.34,26.413,935,101.31
2219-09-28T22:50:00Z,2240,800.2,420,0.465,377.53,4336.4,21.28,27.5,820,101.03
2219-09-28T23:00:00Z,2290.8,801,424.32,0.47,371.83,4385.2,21.15,30.293,850,101.28
2219-09-28T23:10:00Z,2303,800.7,427.36,0.46,377.16,4380.6,21.21,28.736,790,101.12
2219-09-28T23:20:00Z,2304.8,801,427.04,0.46,383.24,4423.6,21.26,27.356,755,100.97
2219-09-28T23:30:00Z,2317,801,422.32,0.465,374.57,4382.9,21.04,32.288,905,101.3
2219-09-28T23:40:00Z,2297.8,800.7,423.28,0.465,374.53,4414.1,21.33,25.418,880,101.31
2219-09-28T23:50:00Z,2343.2,800.2,423.04,0.46,378.48,4433.7,21.23,27.457,960,101.06
2219-09-29T00:00:00Z,2331,798.8,418.56,0.465,378.45,4394.4,21.22,27.471,1015,101.21
2219-09-29T00:10:00Z,2304.8,800.2,417.04,0.465,379.8,4355.5,21.25,26.553,930,101.18
2219-09-29T00:20:00Z,2299.5,798.5,416.24,0.465,375.98,4398.9,21.22,27.019,930,101.15
2219-09-29T00:30:00Z,2346.8,798.9,417.6,0.46,376.88,4374.5,21.13,28.928,905,101.22
2219-09-29T00:40:00Z,2280.2,799.4,421.76,0.455,374.13,4426.8,21.26,25.74,935,101.15
2219-09-29T00:50:00Z,2271.5,801,422.88,0.475,374.49,4341.9,21.16,27.846,915,101.21
2219-09-29T01:00:00Z,2285.5,799.9,421.04,0.465,375.6,4409.9,21.3,24.394,805,101.04
2219-09-29T01:10:00Z,2329.2,799.5,423.04,0.465,379.68,4369.2,20.97,31.88,890,101.34
2219-09-29T01:20:00Z,2322.2,800.8,421.76,0.465,375.38,4362.9,21.05,30.024,735,101.19
2219-09-29T01:30:00Z,2303,799.7,420.4,0.465,373.4,4419.3,21.23,25.736,815,101.27
2219-09-29T01:40:00Z,2303,799.8,419.04,0.465,377.76,4366.2,21.12,28.106,860,101.37
2219-09-29T01:50:00Z,2275,800.2,420.32,0.47,378.19,4310.4,20.96,31.76,850,101.09
2219-09-29T02:00:00Z,2283.8,800.1,420.24,0.47,380.1,4372.1,21.08,28.971,740,101.24
2219-09-29T02:10:00Z,2285.5,800.6,420.32,0.475,372.61,4324.2,21.06,29.365,810,101.22
2219-09-29T02:20:00Z,2280.2,800,421.04,0.455,370.83,4376.5,21.15,27.188,760,101.18
2219-09-29T02:30:00Z,2311.8,800,420,0.46,379.7,4372.1,21,30.577,875,101.24
2219-09-29T02:40:00Z,2322.2,799.9,418.8,0.47,378.94,4370,20.79,35.524,740,101.06
2219-09-29T02:50:00Z,2304.8,799.1,415.36,0.475,375.41,4363.3,20.84,34.548,780,101.25
2219-09-29T03:00:00Z,2269.8,799.2,417.36,0.47,375.84,4342.3,21.03,30.226,795,101.37
2219-09-29T03:10:00Z,2313.5,799.7,416.16,0.455,375.56,4328.4,20.76,36.558,750,101.45
2219-09-29T03:20:00Z,2303,799.7,415.2,0.465,377.13,4349.3,20.84,34.904,700,101.27
2219-09-29T03:30:00Z,2304.8,799.9,414.96,0.46,376.87,4385.2,20.95,32.466,820,101.39
2219-09-29T03:40:00Z,2308.2,800.4,416.56,0.475,375.23,4319.4,20.74,37.462,715,101.39
2219-09-29T03:50:00Z,2318.8,801.2,420.56,0.465,374.52,4374.1,20.7,38.654,750,101.42
2219-09-29T04:00:00Z,2299.5,801.7,421.92,0.46,374.61,4391,21,31.875,640,101.42
2219-09-29T04:10:00Z,2331,800.2,419.68,0.47,380.12,4412.7,21.01,31.639,675,101.33
2219-09-29T04:20:00Z,2313.5,800.4,415.68,0.46,376.56,4375.2,20.97,32.572,585,101.28
2219-09-29T04:30:00Z,2306.5,798.8,418.8,0.455,376.95,4346.5,20.84,35.663,690,101.25
2219-09-29T04:40:00Z,2310,799.2,423.52,0.465,378.55,4362.4,20.91,34.168,660,101.33
2219-09-29T04:50:00Z,2285.5,801.1,420.08,0.465,376.13,4356.8,20.71,38.966,620,101.37
2219-09-29T05:00:00Z,2311.8,800.5,419.52,0.465,378.98,4356.3,20.86,35.712,610,101.19
2219-09-29T05:10:00Z,2289,799.7,418.56,0.47,377.47,4357.6,20.81,37.024,560,101.25
2219-09-29T05:20:00Z,2294.2,799.4,414.56,0.455,375.93,4410.2,21.11,30.139,700,101.16
2219-09-29T05:30:00Z,2304.8,799.4,421.12,0.465,374,4362.2,20.96,33.567,625,101.09
2219-09-29T05:40:00Z,2297.8,800.2,412.88,0.455,376.55,4377.2,21.01,32.428,640,101.18
2219-09-29T05:50:00Z,2299.5,799.2,413.52,0.455,378.83,4355.7,20.69,39.957,700,101.13
2219-09-29T06:00:00Z,2329.2,799.7,414.96,0.475,375.69,4395.3,21.01,32.716,660,101.28
2219-09-29T06:10:00Z,2336.2,799.9,414.24,0.46,379.37,4377,20.87,36.005,765,101.22
2219-09-29T06:20:00Z,2313.5,800.7,416.16,0.465,375.39,4379.8,21,33.067,735,101.4
2219-09-29T06:30:00Z,2264.5,800.1,418.08,0.47,382.76,4361.6,20.8,37.779,755,101.22
2219-09-29T06:40:00Z,2310,799.9,418.88,0.465,378.91,4378.9,20.65,41.505,640,101.4
2219-09-29T06:50:00Z,2292.5,800.5,425.12,0.455,381.83,4369.1,20.63,42.313,695,101.49
2219-09-29T07:00:00Z,2317,801.5,428.72,0.47,380.54,4405,20.65,42.197,640,101.42
2219-09-29T07:10:00Z,2294.2,800.9,425.84,0.475,380.5,4396.1,20.64,42.769,695,101.6
2219-09-29T07:20:00Z,2294.2,800.7,422.8,0.47,376.85,4385.2,20.68,42.173,770,101.37
2219-09-29T07:30:00Z,2299.5,799.3,421.84,0.46,374.91,4392.3,20.67,42.716,750,101.27
2219-09-29T07:40:00Z,2329.2,800.6,423.52,0.47,376.54,4395.5,20.76,40.913,665,101.42
2219-09-29T07:50:00Z,2327.5,799.7,423.44,0.46,372.94,4404.5,20.69,42.793,740,101.39
2219-09-29T08:00:00Z,2289,799.7,426.08,0.455,374.58,4367.2,20.64,44.269,645,101.43
2219-09-29T08:10:00Z,2289,800.6,423.92,0.46,376.21,4380.8,20.61,45.322,770,101.52
2219-09-29T08:20:00Z,2324,800,428.56,0.46,376.86,4396.5,20.59,46.168,710,101.6
2219-09-29T08:30:00Z,2278.5,800.4,434.32,0.46,377.81,4353.7,20.62,45.856,625,101.4
2219-09-29T08:40:00Z,2299.5,801.6,434.64,0.46,376.35,4388.5,20.53,48.341,705,101.52
2219-09-29T08:50:00Z,2275,800.8,438.32,0.465,382.56,4390.1,20.52,49.029,820,101.48
2219-09-29T09:00:00Z,2285.5,801.3,440.4,0.475,379.64,4406.6,20.51,49.726,845,101.52
2219-09-29T09:10:00Z,2254,800.6,435.6,0.465,373.84,4347,20.43,52.082,860,101.27
2219-09-29T09:20:00Z,2320.5,800.2,441.84,0.47,379.36,4380.3,20.66,47.212,955,101.36
2219-09-29T09:30:00Z,2311.8,800.1,435.52,0.455,374.89,4370.6,20.71,46.361,885,101.28
2219-09-29T09:40:00Z,2290.8,798.9,432.24,0.46,377.16,4364,20.63,48.524,760,101.28
2219-09-29T09:50:00Z,2273.2,799.7,431.6,0.455,374.58,4372.8,20.67,47.938,915,101.45
2219-09-29T10:00:00Z,2299.5,799.5,429.04,0.465,373.95,4347.3,20.74,46.606,925,101.4
2219-09-29T10:10:00Z,2327.5,799.1,424.4,0.465,379.18,4381.8,20.61,49.918,975,101.48
2219-09-29T10:20:00Z,2275,798.6,421.44,0.475,377.38,4363.3,20.64,49.587,875,101.39
2219-09-29T10:30:00Z,2254,799.5,419.84,0.465,375.78,4355,20.83,45.457,805,101.25
2219-09-29T10:40:00Z,2266.2,798.7,420.56,0.455,374.87,4325.7,20.82,45.856,865,101.25
2219-09-29T10:50:00Z,2299.5,799.7,427.76,0.47,376.69,4349.1,20.66,49.798,860,101.06
2219-09-29T11:00:00Z,2301.2,800.5,427.92,0.47,377.83,4354.9,20.62,51.067,800,101.16
2219-09-29T11:10:00Z,2311.8,800.3,427.68,0.47,375.55,4401.8,20.75,48.37,800,101.03
2219-09-29T11:20:00Z,2299.5,800,420.56,0.47,379.97,4366.2,20.87,45.784,715,101.18
2219-09-29T11:30:00Z,2313.5,800,414.88,0.45,374.29,4345.1,20.95,44.024,670,101.21
2219-09-29T11:40:00Z,2273.2,798.7,418.88,0.47,376.75,4335.1,20.88,45.721,790,101.13
2219-09-29T11:50:00Z,2303,798.8,417.92,0.47,377.37,4382.2,20.84,46.779,815,101.18
2219-09-29T12:00:00Z,2303,800.5,417.52,0.47,377.89,4374.9,20.69,50.466,790,101.13
2219-09-29T12:10:00Z,2292.5,798.9,417.68,0.46,375.68,4382.8,20.99,43.697,890,100.95
2219-09-29T12:20:00Z,2266.2,800.4,416.32,0.465,372.1,4335,20.75,49.361,800,101.03
2219-09-29T12:30:00Z,2357.2,798.8,414.8,0.465,371.28,4368.6,20.5,55.49,910,100.92
2219-09-29T12:40:00Z,2310,799,408.48,0.46,375.02,4354.7,20.64,52.673,930,101.13
2219-09-29T12:50:00Z,2313.5,798.8,404.48,0.46,371.86,4402.9,20.88,47.365,905,101.15
2219-09-29T13:00:00Z,2313.5,798.5,409.04,0.465,374.42,4376.8,20.66,52.663,840,101.12
2219-09-29T13:10:00Z,2240,799.6,413.28,0.47,372.76,4319.8,20.7,52.048,835,101.18
2219-09-29T13:20:00Z,2283.8,800.3,414.08,0.47,379.13,4403.4,20.55,55.87,830,100.98
2219-09-29T13:30:00Z,2303,800.8,414.8,0.47,378.3,4365.7,20.88,48.529,835,101.12
2219-09-29T13:40:00Z,2303,800.1,416.08,0.465,377.21,4396,20.97,46.524,890,101.28
2219-09-29T13:50:00Z,2289,801.4,413.84,0.465,378.61,4363.1,20.88,48.673,775,101.06
2219-09-29T14:00:00Z,2285.5,800.7,413.44,0.465,374.64,4369.9,20.74,52.087,940,101.06
2219-09-29T14:10:00Z,2308.2,800,414.08,0.465,379.56,4368.8,21.07,44.563,900,101.19
2219-09-29T14:20:00Z,2289,800,413.52,0.465,377.07,4391.3,20.83,50.149,915,101.31
2219-09-29T14:30:00Z,2303,799.7,410.24,0.46,375.5,4373.4,20.81,50.784,1035,101.36
2219-09-29T14:40:00Z,2310,799.4,409.2,0.465,378.92,4380.2,20.96,47.433,865,101.24
2219-09-29T14:50:00Z,2304.8,799.6,409.28,0.465,375.76,4365.4,20.97,47.236,980,101.09
2219-09-29T15:00:00Z,2310,799.9,412.48,0.47,373.94,4390.6,20.9,48.913,1020,101.01
2219-09-29T15:10:00Z,2296,800.5,412.24,0.46,381.38,4358.9,21,46.654,935,101.28
2219-09-29T15:20:00Z,2299.5,799.7,410.48,0.46,375.2,4351.3,20.88,49.481,1040,101.19
2219-09-29T15:30:00Z,2292.5,799.4,414.08,0.455,377.74,4367.2,20.97,47.476,930,101.13
2219-09-29T15:40:00Z,2287.2,800.3,414.24,0.475,377.04,4322.4,20.93,48.447,890,101.25
2219-09-29T15:50:00Z,2275,799.7,417.76,0.465,375.46,4362.9,20.81,51.341,845,101.12
2219-09-29T16:00:00Z,2261,800.4,422.24,0.465,376.18,4345.1,20.99,47.284,825,101.15
2219-09-29T16:10:00Z,2322.2,801.6,421.04,0.465,378.21,4398.3,20.79,52.005,825,101.03
2219-09-29T16:20:00Z,2320.5,800.2,419.36,0.465,375.39,4402.7,20.85,50.793,805,101.1
2219-09-29T16:30:00Z,2296,800,414.56,0.47,380.34,4342.4,20.86,50.702,955,101.13
2219-09-29T16:40:00Z,2245.2,799.4,408.32,0.47,374.1,4323.3,20.81,52.014,1005,101.19
2219-09-29T16:50:00Z,2261,798.5,403.68,0.465,377.41,4335.2,20.83,51.726,1025,101.1
2219-09-29T17:00:00Z,2322.2,798.6,408.56,0.46,374.95,4365.8,20.87,50.947,965,101.06
2219-09-29T17:10:00Z,2289,798.6,404.08,0.465,379.38,4360.6,20.8,52.721,915,101.07
2219-09-29T17:20:00Z,2315.2,799.5,410.48,0.455,375.65,4376.7,20.92,50.087,955,101.12
2219-09-29T17:30:00Z,2276.8,799,411.04,0.465,373.6,4367.9,20.97,48.986,870,101.07
2219-09-29T17:40:00Z,2268,801,415.6,0.46,375.16,4388.2,20.87,51.37,865,101.06
2219-09-29T17:50:00Z,2255.8,802.3,415.36,0.455,374.44,4325.8,20.9,50.788,915,101.25
2219-09-29T18:00:00Z,2308.2,801.2,419.12,0.485,376.08,4371.2,20.95,49.707,1035,101.07
2219-09-29T18:10:00Z,2322.2,801.3,418.96,0.465,378.24,4404.6,20.77,53.995,890,101.21
2219-09-29T18:20:00Z,2324,800.6,422.48,0.465,379.95,4388.9,21.07,47.149,850,101.33
2219-09-29T18:30:00Z,2294.2,799.8,420.96,0.47,375.33,4364.9,21.14,45.433,915,101.27
2219-09-29T18:40:00Z,2271.5,800.6,418.08,0.46,374.5,4367.8,21.29,41.764,1005,101.13
2219-09-29T18:50:00Z,2283.8,800,420.72,0.47,375.1,4392.4,21.29,41.486,1085,101.33
2219-09-29T19:00:00Z,2278.5,800.4,426.16,0.47,376.1,4415.3,21.21,43.091,1025,101.33
2219-09-29T19:10:00Z,2292.5,800.6,428.48,0.48,376.69,4347.7,21.47,36.764,1015,101.3
2219-09-29T19:20:00Z,2327.5,800.8,426.96,0.455,377.13,4387.5,21.39,38.197,1060,101.25
2219-09-29T19:30:00Z,2289,801.2,429.04,0.465,374.73,4391.3,21.41,37.351,1025,101.31
2219-09-29T19:40:00Z,2283.8,800.2,426.72,0.465,378.57,4376.4,21.22,41.433,1095,101.28
2219-09-29T19:50:00Z,2311.8,799.2,420.4,0.465,374.08,4379.8,21.36,37.923,1010,101.12
2219-09-29T20:00:00Z,2289,799,412.72,0.455,370.13,4361.3,21.25,40.168,860,101.13
2219-09-29T20:10:00Z,2285.5,798.6,413.28,0.46,374.08,4314.6,21.52,33.567,920,101.22
2219-09-29T20:20:00Z,2294.2,798.4,411.6,0.455,373.8,4350.8,21.35,37.072,885,101.01
2219-09-29T20:30:00Z,2285.5,799,413.04,0.465,372.34,4342.9,21.44,34.615,855,101.07
2219-09-29T20:40:00Z,2299.5,799.9,414.8,0.465,372.26,4392.9,21.3,37.49,830,101.07
2219-09-29T20:50:00Z,2318.8,799.7,416.8,0.47,375.69,4369.6,21.44,33.904,825,100.97
2219-09-29T21:00:00Z,2276.8,800.1,409.2,0.47,374.06,4355.7,21.48,32.538,840,101.16
2219-09-29T21:10:00Z,2289,799.3,407.52,0.46,375.49,4396.1,21.38,34.433,865,101.04
2219-09-29T21:20:00Z,2289,798.8,408.24,0.47,376,4380.1,21.21,38.072,810,101.12
2219-09-29T21:30:00Z,2310,798.7,409.6,0.46,373.63,4380.6,21.49,31.274,875,101.19
2219-09-29T21:40:00Z,2310,800.1,410.96,0.465,375.31,4363.4,21.28,35.75,850,101.34
2219-09-29T21:50:00Z,2290.8,800.5,413.68,0.47,375.51,4359.7,21.37,33.361,760,101.24
2219-09-29T22:00:00Z,2334.5,800.2,414.48,0.455,377.8,4384.3,21.4,32.298,700,101.24
2219-09-29T22:10:00Z,2313.5,800.6,416.96,0.46,378.18,4368.5,21.43,31.207,695,101.33
2219-09-29T22:20:00Z,2315.2,800,415.28,0.46,374.35,4383.9,21.43,30.793,785,101.12
2219-09-29T22:30:00Z,2334.5,800.4,412.08,0.465,376.06,4415.4,21.42,30.615,780,101.31
2219-09-29T22:40:00Z,2299.5,798.9,409.52,0.455,378.69,4375.5,21.54,27.385,720,101.37
2219-09-29T22:50:00Z,2315.2,799.4,414.56,0.465,371.45,4358.5,21.22,34.404,820,101.39
2219-09-29T23:00:00Z,2271.5,798.4,409.92,0.46,378.24,4323.6,21.27,33.014,640,101.34
2219-09-29T23:10:00Z,2304.8,800.4,413.92,0.475,378.23,4378.3,20.98,39.587,855,101.27
2219-09-29T23:20:00Z,2296,801.1,419.52,0.475,374.74,4348,21.15,35.601,770,101.45
2219-09-29T23:30:00Z,2308.2,801.3,417.52,0.48,379.26,4387.3,21.16,35.221,860,101.39
2219-09-29T23:40:00Z,2315.2,801.1,426.72,0.46,377.21,4317.8,21.11,36.245,845,101.3
2219-09-29T23:50:00Z,2276.8,800,428.08,0.46,380.59,4381.1,20.92,40.615,860,101.31
2219-09-30T00:00:00Z,2262.8,801.6,431.84,0.47,377.53,4353.4,20.91,40.928,880,101.49
2219-09-30T00:10:00Z,2308.2,800.9,426.64,0.47,378.7,4382.6,20.99,39.13,740,101.67
2219-09-30T00:20:00Z,2325.8,800.8,428.64,0.46,381.18,4388.7,20.94,40.317,860,101.54
2219-09-30T00:30:00Z,2320.5,800.8,433.92,0.46,378.27,4364.7,20.79,43.909,795,101.46
2219-09-30T00:40:00Z,2311.8,801.5,434.72,0.465,379.71,4354.4,20.89,41.755,705,101.6
2219-09-30T00:50:00Z,2297.8,800.3,432.56,0.47,375.48,4415.2,20.86,42.567,760,101.43
2219-09-30T01:00:00Z,2296,800.4,430.16,0.475,377.39,4368.8,20.91,41.524,770,101.52
2219-09-30T01:10:00Z,2278.5,799.5,429.52,0.465,373.54,4375.5,20.79,44.438,905,101.49
2219-09-30T01:20:00Z,2306.5,799.4,427.44,0.465,378.38,4371,20.83,43.697,865,101.61
2219-09-30T01:30:00Z,2304.8,800,431.36,0.455,376.55,4359.3,20.94,41.269,825,101.63
2219-09-30T01:40:00Z,2339.8,800.4,436.72,0.46,373.99,4404.9,20.98,40.385,830,101.54
2219-09-30T01:50:00Z,2294.2,800.9,433.36,0.46,379.65,4363.6,20.84,43.702,730,101.57
2219-09-30T02:00:00Z,2320.5,800.2,441.44,0.46,380.93,4364.5,20.95,41.264,625,101.54
2219-09-30T02:10:00Z,2261,800.9,440.48,0.465,377.89,4363.9,21.06,38.721,820,101.48
2219-09-30T02:20:00Z,2297.8,801.2,437.52,0.475,378.55,4424.7,20.95,41.255,850,101.54
2219-09-30T02:30:00Z,2339.8,799.3,437.6,0.465,381.06,4364,21,40.125,840,101.57
2219-09-30T02:40:00Z,2269.8,801,438.24,0.465,373.19,4374.5,21.09,38.005,930,101.45
2219-09-30T02:50:00Z,2322.2,800.4,446.32,0.46,373.14,4392.9,21.03,39.332,785,101.49
2219-09-30T03:00:00Z,2303,801,441.68,0.475,379.79,4359.3,21.03,39.303,840,101.45
2219-09-30T03:10:00Z,2287.2,799.8,444.64,0.475,383.98,4365.7,20.99,40.216,855,101.46
2219-09-30T03:20:00Z,2343.2,799.8,444.08,0.46,376.31,4423.6,21.04,39.048,830,101.31
2219-09-30T03:30:00Z,2310,800.1,436.8,0.46,377.07,4323.4,20.94,41.365,790,101.39
2219-09-30T03:40:00Z,2268,798.9,437.6,0.465,374.9,4317.1,21.05,38.832,865,101.46
2219-09-30T03:50:00Z,2248.8,798.8,434.08,0.46,379.02,4330.9,21,39.962,840,101.28
2219-09-30T04:00:00Z,2297.8,798.5,436.08,0.455,375.54,4362.6,21.1,37.606,875,101.34
2219-09-30T04:10:00Z,2311.8,798.2,432.16,0.465,376.53,4372,21.13,36.803,805,101.12
2219-09-30T04:20:00Z,2264.5,800.5,434.88,0.46,371.14,4339.2,20.89,42.332,865,101
2219-09-30T04:30:00Z,2332.8,799.4,428.56,0.47,375.87,4397.1,21.13,36.784,800,101.06
2219-09-30T04:40:00Z,2296,800,427.92,0.455,373.8,4361.9,20.74,45.846,820,101.01
2219-09-30T04:50:00Z,2320.5,799.4,430.32,0.47,372.44,4366.9,20.95,41.149,755,101.01
2219-09-30T05:00:00Z,2292.5,799.2,429.84,0.465,371.97,4357,20.9,42.375,820,100.91
2219-09-30T05:10:00Z,2306.5,800.6,428.56,0.465,376.14,4378.7,21.02,39.644,905,101.06
2219-09-30T05:20:00Z,2264.5,800.5,427.12,0.465,373.2,4343.9,20.85,43.63,715,101.04
2219-09-30T05:30:00Z,2301.2,799.9,428.48,0.455,381.86,4398.3,20.96,41.183,815,100.92
2219-09-30T05:40:00Z,2336.2,800.5,430.48,0.46,379.58,4397.1,20.95,41.457,765,101.03
2219-09-30T05:50:00Z,2294.2,800.2,430.72,0.475,382.48,4353.4,20.92,42.212,865,101.12
2219-09-30T06:00:00Z,2325.8,798.7,420.72,0.465,376.24,4385.1,20.92,42.288,705,101.12
2219-09-30T06:10:00Z,2294.2,799.4,420.16,0.465,376.27,4379.3,20.62,49.433,815,100.94
2219-09-30T06:20:00Z,2318.8,799.8,420.08,0.46,374.45,4354.6,20.7,47.913,815,101.04
2219-09-30T06:30:00Z,2320.5,799.1,417.84,0.465,378.46,4357.3,20.84,44.904,805,101.06
2219-09-30T06:40:00Z,2301.2,798.8,419.44,0.47,377.08,4384.2,20.69,48.591,785,101.16
2219-09-30T06:50:00Z,2285.5,800.2,421.68,0.46,376.57,4343.4,20.76,47.24,820,101.28
2219-09-30T07:00:00Z,2324,800.9,423.36,0.46,377.7,4350.8,20.65,50.063,770,101.18
2219-09-30T07:10:00Z,2285.5,799.6,416.08,0.465,378.93,4377.9,20.75,48.043,770,101.45
2219-09-30T07:20:00Z,2296,798.7,415.28,0.465,375.94,4358.5,20.72,48.99,735,101.39
2219-09-30T07:30:00Z,2296,798.9,417.92,0.465,375.9,4323.4,20.86,45.962,765,101.4
2219-09-30T07:40:00Z,2301.2,800.4,422.48,0.465,375.85,4367.9,20.81,47.274,730,101.43
2219-09-30T07:50:00Z,2329.2,800.5,424.72,0.47,377.56,4361.8,20.68,50.519,800,101.51
2219-09-30T08:00:00Z,2311.8,801.7,426.08,0.46,378.67,4404.2,20.64,51.769,920,101.46
2219-09-30T08:10:00Z,2283.8,800.2,424.56,0.465,376.71,4393.4,20.75,49.524,905,101.31
2219-09-30T08:20:00Z,2285.5,800.5,418.64,0.465,374.14,4355.2,20.8,48.587,905,101.33
2219-09-30T08:30:00Z,2310,799.1,418.24,0.465,377.13,4366.3,20.72,50.663,940,101.48
2219-09-30T08:40:00Z,2289,799.5,417.44,0.465,377.84,4350.9,20.85,47.87,825,101.39
2219-09-30T08:50:00Z,2334.5,799,414.88,0.465,379.67,4354.4,20.77,49.899,860,101.42
2219-09-30T09:00:00Z,2308.2,799,412.8,0.475,374.22,4365.8,20.89,47.293,830,101.52
2219-09-30T09:10:00Z,2285.5,800.1,415.84,0.47,372.5,4359.6,20.82,49.048,820,101.42
2219-09-30T09:20:00Z,2283.8,800.6,418.16,0.46,371.61,4366.7,20.9,47.337,830,101.48
2219-09-30T09:30:00Z,2292.5,800.1,417.2,0.46,369.38,4331.7,20.81,49.553,785,101.31
2219-09-30T09:40:00Z,2332.8,800.3,418.32,0.465,376.14,4361.8,20.97,45.966,820,101.28
2219-09-30T09:50:00Z,2301.2,800.4,419.68,0.465,377.37,4416.1,20.89,47.88,735,101.19
2219-09-30T10:00:00Z,2324,800.6,422.88,0.465,375.6,4370.3,21.04,44.452,580,101.15
2219-09-30T10:10:00Z,2315.2,800.7,422.4,0.46,374.79,4352.9,20.81,49.832,760,101.31
2219-09-30T10:20:00Z,2329.2,800.4,422.96,0.46,379.52,4322.4,20.83,49.543,610,101.48
2219-09-30T10:30:00Z,2285.5,800.6,422.4,0.455,378.03,4332.2,20.96,46.644,650,101.54
2219-09-30T10:40:00Z,2257.5,800.2,426.08,0.46,376.21,4333.6,20.92,47.625,610,101.51
2219-09-30T10:50:00Z,2339.8,800.2,432.4,0.46,379.31,4392.1,21.05,44.639,685,101.48
2219-09-30T11:00:00Z,2322.2,801.5,431.76,0.46,380.79,4363.4,21.03,45.063,590,101.37
2219-09-30T11:10:00Z,2266.2,800.1,429.04,0.465,372.87,4366.6,21.1,43.385,760,101.46
2219-09-30T11:20:00Z,2359,798.8,422.64,0.47,376.55,4407.2,21.15,42.111,820,101.31
2219-09-30T11:30:00Z,2254,800.3,423.6,0.46,375.88,4319.7,21.29,38.668,740,101.31
2219-09-30T11:40:00Z,2296,799,420.16,0.465,380.23,4428.9,21.22,40.038,745,101.36
2219-09-30T11:50:00Z,2324,799,420.48,0.47,378.16,4377.1,21.36,36.529,670,101.45
2219-09-30T12:00:00Z,2297.8,798.5,422.16,0.455,378.18,4350.6,21.24,39.01,755,101.31
2219-09-30T12:10:00Z,2271.5,800.4,423.04,0.46,376.5,4344.3,21.45,33.832,660,101.64
2219-09-30T12:20:00Z,2276.8,800.2,423.2,0.465,372.91,4369.3,21.23,38.582,715,101.85
2219-09-30T12:30:00Z,2336.2,799.6,422.48,0.46,379.16,4350.6,21.23,38.361,670,101.58
2219-09-30T12:40:00Z,2315.2,799.4,419.44,0.46,378.65,4391.9,21.19,39.082,740,101.57
2219-09-30T12:50:00Z,2276.8,799.3,417.84,0.465,375.53,4373.9,21.32,35.837,630,101.46
2219-09-30T13:00:00Z,2273.2,799.4,418.32,0.465,372.09,4383.3,21.21,38.12,765,101.6
2219-09-30T13:10:00Z,2310,799.8,415.68,0.455,375.36,4396.6,21.22,37.683,740,101.49
2219-09-30T13:20:00Z,2310,799.1,411.52,0.46,372.16,4338.8,21.32,35.115,730,101.73
2219-09-30T13:30:00Z,2280.2,799.3,408.72,0.465,372.49,4309.1,21.24,36.692,665,101.69
2219-09-30T13:40:00Z,2304.8,798.9,413.36,0.465,376.07,4330.2,21.26,35.99,605,101.63
2219-09-30T13:50:00Z,2315.2,799.1,414.64,0.46,377.89,4336.2,21.11,39.274,540,101.81
2219-09-30T14:00:00Z,2285.5,799.6,414.08,0.47,372.92,4319.4,21.13,38.697,685,101.49
2219-09-30T14:10:00Z,2294.2,800.2,416.96,0.47,375.58,4363.9,21.18,37.394,655,101.51
2219-09-30T14:20:00Z,2261,800.4,411.84,0.47,380.83,4318.5,21.25,35.572,635,101.66
2219-09-30T14:30:00Z,2273.2,800.4,412.4,0.46,379.53,4354.7,20.99,41.457,680,101.6
2219-09-30T14:40:00Z,2269.8,800.8,418,0.46,376.81,4317.1,21.01,40.995,555,101.66
2219-09-30T14:50:00Z,2329.2,799.9,421.44,0.47,374.94,4390.7,21.21,36.274,625,101.64
2219-09-30T15:00:00Z,2282,800.8,421.52,0.47,379.75,4346.8,21.09,38.899,750,101.57
2219-09-30T15:10:00Z,2303,800.6,426.32,0.47,376.53,4391.2,20.96,41.875,680,101.61
2219-09-30T15:20:00Z,2327.5,801.3,429.04,0.465,377.67,4415.3,20.94,42.385,630,101.63
2219-09-30T15:30:00Z,2313.5,801.7,428.64,0.46,376.83,4389.3,20.82,45.269,660,101.7
2219-09-30T15:40:00Z,2317,800.1,429.2,0.475,375.94,4408.7,20.92,43.087,740,101.81
2219-09-30T15:50:00Z,2273.2,800.9,426.96,0.475,379.83,4354,20.91,43.399,730,101.9
2219-09-30T16:00:00Z,2322.2,801,430.96,0.465,374.76,4371.2,20.79,46.313,715,101.73
2219-09-30T16:10:00Z,2294.2,799.8,429.2,0.475,379.48,4402.7,20.78,46.75,640,101.7
2219-09-30T16:20:00Z,2290.8,799.7,426.08,0.46,377.76,4378.4,20.86,45.077,710,101.79
2219-09-30T16:30:00Z,2294.2,799.4,426.8,0.46,378.36,4371.5,21.11,39.322,625,101.7
2219-09-30T16:40:00Z,2294.2,799.4,428.08,0.47,376.75,4365.2,20.89,44.399,620,101.66
2219-09-30T16:50:00Z,2299.5,800.8,428.24,0.46,379.54,4372.6,20.8,46.625,735,101.66
2219-09-30T17:00:00Z,2283.8,801.1,429.52,0.465,378.58,4369.3,20.98,42.577,745,101.73
2219-09-30T17:10:00Z,2278.5,799.9,431.2,0.46,373.62,4325,20.8,46.837,675,101.49
2219-09-30T17:20:00Z,2294.2,800.4,429.2,0.46,373.1,4387.7,21.12,39.49,675,101.61
2219-09-30T17:30:00Z,2301.2,800.7,430.8,0.465,375.98,4335.9,20.87,45.264,620,101.57
2219-09-30T17:40:00Z,2287.2,799.9,429.44,0.46,377.44,4363,21.05,41.149,690,101.63
2219-09-30T17:50:00Z,2325.8,799.9,429.44,0.46,374.12,4391.8,21.13,39.216,715,101.61
2219-09-30T18:00:00Z,2271.5,800.6,430.24,0.465,372.02,4370.2,20.89,44.745,725,101.69
2219-09-30T18:10:00Z,2280.2,800.1,430,0.46,374.07,4391.7,21.06,40.846,830,101.55
2219-09-30T18:20:00Z,2296,800.4,431.12,0.465,379.24,4408.1,21.02,41.731,745,101.69
2219-09-30T18:30:00Z,2343.2,800.8,430.32,0.47,381.66,4352.9,20.9,44.538,800,101.67
2219-09-30T18:40:00Z,2352,799.7,426.32,0.475,377.47,4364.5,21.18,38.038,800,101.72
2219-09-30T18:50:00Z,2306.5,799.6,428.72,0.475,376.45,4378.3,20.92,43.99,810,101.54
2219-09-30T19:00:00Z,2318.8,799.3,427.52,0.47,371.43,4313.5,20.93,43.832,770,101.69
2219-09-30T19:10:00Z,2285.5,799.7,423.76,0.465,378.33,4332.9,20.91,44.37,735,101.78
2219-09-30T19:20:00Z,2320.5,799.7,424.8,0.455,374.37,4389.8,21.12,39.51,770,101.81
2219-09-30T19:30:00Z,2318.8,799.8,425.52,0.465,378.18,4424.6,21.19,37.745,760,101.78
2219-09-30T19:40:00Z,2331,800,422.08,0.465,377.8,4382.2,21.09,39.918,850,101.66
2219-09-30T19:50:00Z,2285.5,799.6,421.6,0.455,372.87,4298.4,21.24,36.298,785,101.46
2219-09-30T20:00:00Z,2310,799.9,422.24,0.465,370.68,4316.4,21,41.721,865,101.88
2219-09-30T20:10:00Z,2294.2,800.8,429.76,0.455,375.76,4377.4,21.14,38.423,760,101.72
2219-09-30T20:20:00Z,2317,801.6,432.72,0.465,380.05,4357.6,21.26,35.462,760,101.72
2219-09-30T20:30:00Z,2287.2,800.9,431.12,0.455,376.58,4398.4,21.19,36.861,770,101.79
2219-09-30T20:40:00Z,2317,800.9,426.08,0.465,374.09,4382.4,21.21,36.207,905,101.76
2219-09-30T20:50:00Z,2306.5,799.7,424.72,0.47,373.67,4394.5,21.29,34.12,725,101.85
2219-09-30T21:00:00Z,2285.5,799.9,424.24,0.465,373,4342,21.32,33.135,875,101.81
2219-09-30T21:10:00Z,2329.2,799.8,423.76,0.46,372.32,4339.3,21.15,36.832,800,101.82
2219-09-30T21:20:00Z,2325.8,800,425.52,0.46,374.54,4351.9,21.18,35.981,805,101.85
2219-09-30T21:30:00Z,2275,800.6,422.08,0.465,376.85,4381.1,21.33,32.274,910,101.66
2219-09-30T21:40:00Z,2294.2,798.9,419.6,0.475,376.18,4380.5,21.38,30.779,820,101.55
2219-09-30T21:50:00Z,2322.2,799.3,422.4,0.46,376.93,4357.7,21.46,28.529,850,101.64
2219-09-30T22:00:00Z,2315.2,799.6,424.48,0.465,375.43,4369.4,21.23,33.505,880,101.73
2219-09-30T22:10:00Z,2294.2,801.3,431.84,0.465,377.82,4352.5,21.36,30.221,880,101.82
2219-09-30T22:20:00Z,2296,802.3,431.12,0.455,373.68,4381.4,21.38,29.404,935,101.82
2219-09-30T22:30:00Z,2306.5,801.5,434.56,0.47,375.01,4395.5,21.29,31.159,880,101.9
2219-09-30T22:40:00Z,2301.2,800.5,429.76,0.465,380.49,4367.1,21.41,28.053,810,101.69
2219-09-30T22:50:00Z,2353.8,799.7,428.16,0.465,377.17,4371.3,21.18,33.077,975,101.67
2219-09-30T23:00:00Z,2308.2,800,427.2,0.46,378.91,4344.3,21.27,30.784,840,101.61
2219-09-30T23:10:00Z,2322.2,800.4,426.56,0.465,373.64,4409.3,21.12,34.058,830,101.57
2219-09-30T23:20:00Z,2273.2,799.1,426.56,0.465,375.88,4374.8,21.17,32.764,840,101.66
2219-09-30T23:30:00Z,2324,799.5,423.76,0.46,374.72,4347.8,21.24,30.952,780,101.72
2219-09-30T23:40:00Z,2304.8,799.1,424.4,0.46,374.45,4339.1,21.3,29.308,780,101.67
2219-09-30T23:50:00Z,2283.8,799.2,419.6,0.465,371.9,4323.8,21.31,28.784,720,101.84
2219-10-01T00:00:00Z,2276.8,798.4,417.6,0.46,378.69,4324.1,21.27,29.428,800,101.79
2219-10-01T00:10:00Z,2276.8,799.9,422.24,0.465,372.44,4294.9,21.16,31.76,730,101.87
2219-10-01T00:20:00Z,2282,800.4,427.28,0.465,376.5,4405.1,21.17,31.37,925,101.61
2219-10-01T00:30:00Z,2296,800.9,427.28,0.47,376.62,4374.2,21.01,34.976,655,101.82
2219-10-01T00:40:00Z,2294.2,801,429.92,0.47,375.39,4365.8,21.07,33.553,645,101.84
2219-10-01T00:50:00Z,2287.2,800.4,429.6,0.455,375.86,4356.8,21.1,32.779,705,101.9
2219-10-01T01:00:00Z,2303,799.6,422.48,0.465,377.71,4379.8,21.18,30.798,675,101.87
2219-10-01T01:10:00Z,2318.8,798.9,416.4,0.46,371.5,4356.7,20.88,37.692,630,101.88
2219-10-01T01:20:00Z,2324,799.4,418.08,0.465,377.94,4371.3,20.9,37.337,790,101.84
2219-10-01T01:30:00Z,2287.2,799.5,417.92,0.465,368.91,4370.3,21.02,34.606,700,101.76
2219-10-01T01:40:00Z,2296,800.5,421.28,0.465,379.11,4369.6,20.98,35.529,695,101.78
2219-10-01T01:50:00Z,2271.5,799.7,420.56,0.47,373.44,4345.8,20.98,35.548,770,101.82
2219-10-01T02:00:00Z,2306.5,800,422.24,0.475,375.23,4333.1,20.88,37.923,690,101.85
2219-10-01T02:10:00Z,2276.8,800.4,422.88,0.465,380.16,4347.1,20.94,36.625,685,101.76
2219-10-01T02:20:00Z,2306.5,800.2,426.32,0.465,374.64,4392.5,21.13,32.207,720,101.9
2219-10-01T02:30:00Z,2278.5,800.5,428.24,0.465,374.83,4364.5,21.12,32.317,680,101.75
2219-10-01T02:40:00Z,2294.2,801.8,426.56,0.465,378.59,4363.8,21.09,32.909,745,101.78
2219-10-01T02:50:00Z,2271.5,800.9,431.28,0.465,378.73,4317.5,21.1,32.587,760,101.7
2219-10-01T03:00:00Z,2292.5,800.8,428.32,0.455,378.07,4357.9,21,34.846,690,101.66
2219-10-01T03:10:00Z,2273.2,800.4,426.64,0.47,375.16,4351.8,20.98,35.317,695,101.69
2219-10-01T03:20:00Z,2301.2,799.8,424.56,0.46,377.47,4384.6,21.01,34.63,715,101.79
2219-10-01T03:30:00Z,2303,799.9,426.16,0.46,379.93,4395.8,20.88,37.683,700,101.64
2219-10-01T03:40:00Z,2296,799.5,422.4,0.47,376.8,4370.4,21.01,34.736,660,101.52
2219-10-01T03:50:00Z,2301.2,800.2,426.96,0.46,372.92,4350.2,21.22,29.779,715,101.69
2219-10-01T04:00:00Z,2292.5,800.6,424.96,0.465,377.31,4373.6,21.18,30.51,720,101.51
2219-10-01T04:10:00Z,2301.2,799.8,425.92,0.465,376.73,4387.9,21.01,34.341,530,101.64
2219-10-01T04:20:00Z,2327.5,799.7,426.48,0.455,375.54,4375.3,21.12,31.74,615,101.58
2219-10-01T04:30:00Z,2287.2,799.4,426.4,0.47,379.11,4373.7,21.05,33.274,710,101.57
2219-10-01T04:40:00Z,2289,800,428.8,0.47,378.35,4336.9,21.2,29.692,655,101.42
2219-10-01T04:50:00Z,2311.8,800.3,428.8,0.47,375.13,4394.3,21.14,30.913,685,101.54
2219-10-01T05:00:00Z,2331,800,429.12,0.465,377.09,4400.3,21.11,31.486,675,101.48
2219-10-01T05:10:00Z,2294.2,800.3,427.04,0.46,373.3,4388.7,21.21,29.024,665,101.46
2219-10-01T05:20:00Z,2329.2,799.6,427.2,0.46,381.79,4386.9,21.39,24.582,655,101.33
2219-10-01T05:30:00Z,2299.5,799.1,424.4,0.465,371.9,4352,21.09,31.274,765,101.54
2219-10-01T05:40:00Z,2320.5,799.3,423.28,0.46,376.08,4353,21.27,26.947,790,101.3
2219-10-01T05:50:00Z,2318.8,798.9,417.84,0.455,376.31,4354.2,21.22,27.865,805,101.46
2219-10-01T06:00:00Z,2294.2,799.1,420.72,0.46,375.31,4385.9,20.98,33.308,735,101.24
2219-10-01T06:10:00Z,2324,799.5,425.44,0.46,374.98,4330.4,21.04,31.913,705,101.34
2219-10-01T06:20:00Z,2338,799,417.04,0.465,376.33,4380.4,20.9,35.173,625,101.31
2219-10-01T06:30:00Z,2311.8,800,415.2,0.465,375.63,4334.4,20.88,35.74,520,101.36
2219-10-01T06:40:00Z,2297.8,799,417.52,0.46,376.58,4306.5,20.9,35.385,775,101.51
2219-10-01T06:50:00Z,2294.2,799.7,420.72,0.46,375.48,4357.2,20.73,39.486,725,101.45
2219-10-01T07:00:00Z,2327.5,799.7,417.12,0.465,373.01,4369.2,20.99,33.62,775,101.21
2219-10-01T07:10:00Z,2294.2,799.9,415.6,0.47,372.95,4347.9,20.92,35.279,680,101.21
2219-10-01T07:20:00Z,2303,799.5,411.92,0.45,374.18,4343.9,20.83,37.476,700,101.31
2219-10-01T07:30:00Z,2290.8,799.2,413.2,0.46,376.87,4365.3,20.94,35.048,760,101.25
2219-10-01T07:40:00Z,2306.5,798.8,408.16,0.47,377.71,4379.6,20.86,36.99,610,101.31
2219-10-01T07:50:00Z,2310,798.9,409.84,0.47,368.37,4339.4,20.83,37.832,550,101.1
2219-10-01T08:00:00Z,2283.8,799.5,407.12,0.465,375,4374.8,20.93,35.639,595,101.19
2219-10-01T08:10:00Z,2308.2,799.1,409.76,0.46,373.91,4321.9,21.01,33.822,575,101.24
2219-10-01T08:20:00Z,2322.2,799.1,403.76,0.455,372.8,4349.1,20.9,36.404,550,101.12
2219-10-01T08:30:00Z,2294.2,798.5,405.52,0.47,373.65,4367.5,21.23,28.726,655,101.07
2219-10-01T08:40:00Z,2301.2,799.5,407.84,0.465,372.82,4373.7,21,33.923,650,101.24
2219-10-01T08:50:00Z,2257.5,800.2,406.56,0.47,377.98,4403.5,21.26,27.798,555,101.3
2219-10-01T09:00:00Z,2308.2,800.6,409.36,0.465,375.8,4330.7,21.04,32.731,520,101.16
2219-10-01T09:10:00Z,2303,801.1,411.04,0.45,380.63,4364.1,21.11,31.043,610,101.33
2219-10-01T09:20:00Z,2317,800.4,412.8,0.45,374.05,4356.9,21.1,31.173,645,101.36
2219-10-01T09:30:00Z,2271.5,800.7,412.4,0.47,381.65,4350.7,21.23,28.014,595,101.27
2219-10-01T09:40:00Z,2269.8,800.2,411.12,0.455,377.26,4352.8,20.95,34.389,630,101.3
2219-10-01T09:50:00Z,2290.8,801.9,414.96,0.465,377.81,4366.5,21.02,32.788,705,101.33
2219-10-01T10:00:00Z,2292.5,800.4,416.32,0.465,376.71,4352.3,20.96,34.183,580,101.48
2219-10-01T10:10:00Z,2345,799.9,417.6,0.46,375.82,4386.2,20.98,33.75,680,101.37
2219-10-01T10:20:00Z,2299.5,800.1,417.68,0.47,379.86,4390.8,21.03,32.591,595,101.37
2219-10-01T10:30:00Z,2310,800.6,422.08,0.47,376.3,4368.9,20.96,34.212,665,101.19
2219-10-01T10:40:00Z,2301.2,800.3,416.24,0.465,382.49,4385.2,20.99,33.543,655,101.27
2219-10-01T10:50:00Z,2297.8,800.3,417.44,0.46,375.25,4345.2,21.16,29.548,565,101.19
2219-10-01T11:00:00Z,2299.5,800.4,414.4,0.465,375.72,4368.9,20.73,39.524,695,101.24
2219-10-01T11:10:00Z,2273.2,799.9,415.6,0.465,380.41,4294.6,20.98,33.894,700,101.36
2219-10-01T11:20:00Z,2346.8,800.6,416.88,0.455,374.2,4359.3,20.97,34.149,765,101.25
2219-10-01T11:30:00Z,2303,799.4,419.36,0.465,374.81,4351.9,20.76,39.125,665,101.27
2219-10-01T11:40:00Z,2269.8,799.7,418.4,0.465,374.46,4349.9,20.89,36.293,840,100.97
2219-10-01T11:50:00Z,2306.5,800.2,418.24,0.47,380.1,4328.5,20.99,34.043,600,101.3
2219-10-01T12:00:00Z,2289,800.9,424.72,0.465,376.77,4404.6,20.94,35.231,720,101.07
2219-10-01T12:10:00Z,2301.2,800.5,425.28,0.465,377.75,4348.5,20.87,36.938,540,101.12
2219-10-01T12:20:00Z,2271.5,800.2,422.24,0.465,378.14,4365.7,20.7,41.067,620,101.18
2219-10-01T12:30:00Z,2304.8,801,422.48,0.455,377.11,4404.4,20.76,39.942,690,101.3
2219-10-01T12:40:00Z,2301.2,800.1,420.56,0.465,376.6,4346.4,20.86,37.817,710,101.09
2219-10-01T12:50:00Z,2292.5,799.8,421.2,0.455,378.1,4331.8,20.92,36.538,655,101.12
2219-10-01T13:00:00Z,2299.5,799.9,425.76,0.47,375.92,4368.8,20.92,36.615,740,100.97
2219-10-01T13:10:00Z,2345,799.9,422.16,0.47,381.05,4410.9,20.86,38.106,770,101.1
2219-10-01T13:20:00Z,2306.5,799.9,426.08,0.465,371.19,4359.7,20.93,36.591,835,101.06
2219-10-01T13:30:00Z,2297.8,800.5,422.4,0.465,377.02,4360.1,21.05,33.832,870,101.09
2219-10-01T13:40:00Z,2292.5,799.9,422.4,0.47,378.83,4360.1,20.8,39.673,815,101.12
2219-10-01T13:50:00Z,2297.8,800.1,420.88,0.47,379.67,4350.1,21.1,32.798,820,101.04
2219-10-01T14:00:00Z,2322.2,799.8,426.24,0.465,376.97,4376.6,21.16,31.288,890,101.12
2219-10-01T14:10:00Z,2289,800.1,423.28,0.465,370.95,4354,20.92,36.788,925,101.22
2219-10-01T14:20:00Z,2317,800.1,425.52,0.465,380.59,4384.1,21.18,30.74,795,101.1
2219-10-01T14:30:00Z,2252.2,799.7,425.92,0.465,377.41,4358.6,21.31,27.505,755,101.21
2219-10-01T14:40:00Z,2318.8,800.1,423.04,0.465,374.16,4412.1,21.17,30.505,850,101.18
2219-10-01T14:50:00Z,2315.2,799.2,420.4,0.46,377.36,4366.4,21.27,27.986,895,101.39
2219-10-01T15:00:00Z,2324,801.3,419.84,0.465,374.06,4370.6,21.15,30.553,800,101.28
2219-10-01T15:10:00Z,2290.8,800.1,422.48,0.465,371.93,4389.9,20.9,36.298,750,101.3
2219-10-01T15:20:00Z,2325.8,800.7,421.28,0.465,374.52,4390.3,20.98,34.51,795,101.24
2219-10-01T15:30:00Z,2264.5,800.5,421.44,0.455,370.32,4383.9,20.99,34.293,735,101.06
2219-10-01T15:40:00Z,2278.5,800.3,426.8,0.465,378.75,4366.8,21.1,31.712,750,101.1
2219-10-01T15:50:00Z,2324,801.5,432.64,0.47,376.82,4371.6,21.13,30.909,835,101.27
2219-10-01T16:00:00Z,2318.8,801,429.44,0.47,377.41,4374.5,21.08,31.962,795,101.21
2219-10-01T16:10:00Z,2310,799.3,428.08,0.46,374.82,4397.2,20.91,35.889,835,101.09
2219-10-01T16:20:00Z,2317,800.6,425.2,0.465,372.45,4362,21.26,27.731,825,101.1
2219-10-01T16:30:00Z,2297.8,799.4,422.32,0.455,376.08,4369.4,20.92,35.49,770,101
2219-10-01T16:40:00Z,2297.8,798.9,422.4,0.46,377.41,4401.3,20.95,34.861,740,101.04
2219-10-01T16:50:00Z,2280.2,799.8,419.76,0.465,370.52,4350.1,20.83,37.736,785,100.91
2219-10-01T17:00:00Z,2311.8,799.2,417.52,0.465,372.16,4364.7,20.88,36.721,780,101.01
2219-10-01T17:10:00Z,2320.5,799,420.24,0.465,372.66,4390.8,20.64,42.49,860,101.01
2219-10-01T17:20:00Z,2304.8,800.3,418.64,0.47,374.61,4370.1,20.95,35.534,785,100.97
2219-10-01T17:30:00Z,2280.2,799.6,418.56,0.465,374.68,4365.6,20.89,36.995,885,100.88
2219-10-01T17:40:00Z,2285.5,800.8,421.2,0.455,375.36,4374.4,20.89,37.101,720,101.09
2219-10-01T17:50:00Z,2301.2,800.8,419.52,0.46,375.41,4349.8,20.85,38.149,750,100.89
2219-10-01T18:00:00Z,2306.5,799.1,418.32,0.47,376.29,4373.8,21.16,30.99,860,100.92
2219-10-01T18:10:00Z,2297.8,800.8,421.36,0.46,374.49,4333.5,21.07,32.957,810,100.91
2219-10-01T18:20:00Z,2303,800.4,422.4,0.465,379.22,4395.1,21.29,27.707,690,100.83
2219-10-01T18:30:00Z,2285.5,799.5,422.8,0.46,374.5,4358.2,21.26,28.135,685,100.82
2219-10-01T18:40:00Z,2285.5,799.7,420.8,0.465,375.91,4353.8,21.32,26.471,750,100.85
2219-10-01T18:50:00Z,2299.5,798.7,416.24,0.465,374.16,4344.9,21.18,29.462,820,100.77
2219-10-01T19:00:00Z,2294.2,799.4,417.92,0.455,374.89,4334.3,21.26,27.404,775,100.92
2219-10-01T19:10:00Z,2304.8,799.6,421.36,0.46,378.84,4356.2,21.2,28.567,710,101.03
2219-10-01T19:20:00Z,2289,799.4,421.76,0.47,381.68,4345.5,21.15,29.553,725,100.91
2219-10-01T19:30:00Z,2297.8,800.1,417.36,0.465,375.97,4387.4,21.2,28.231,660,101.07
2219-10-01T19:40:00Z,2280.2,799.8,417.68,0.47,377.07,4349.5,21.08,30.865,705,100.97
2219-10-01T19:50:00Z,2289,800,421.6,0.46,371.82,4371.5,21.25,26.784,695,101.1
2219-10-01T20:00:00Z,2275,800.1,418.56,0.47,368.77,4371.4,21.21,27.486,735,101.12
2219-10-01T20:10:00Z,2311.8,800.1,422,0.465,378.8,4376,21.1,29.875,740,101.06
2219-10-01T20:20:00Z,2318.8,799.7,419.2,0.46,375.48,4382.6,21.28,25.538,730,101
2219-10-01T20:30:00Z,2315.2,799.7,415.92,0.465,375.45,4354.1,21.09,29.745,805,101.19
2219-10-01T20:40:00Z,2294.2,799.5,415.36,0.465,377.18,4333.7,21.12,28.952,715,101.13
2219-10-01T20:50:00Z,2290.8,799.8,418.24,0.465,380.13,4305.5,21.2,26.952,715,101.15
2219-10-01T21:00:00Z,2292.5,799.8,420.48,0.465,376.53,4360.4,20.95,32.649,815,101.12
2219-10-01T21:10:00Z,2282,800.3,413.52,0.465,372.98,4373,20.83,35.524,775,101.12
2219-10-01T21:20:00Z,2301.2,799,411.12,0.465,373.1,4376.8,21.18,27.442,820,101.21
2219-10-01T21:30:00Z,2357.2,798.7,408,0.46,373.27,4354.7,20.9,33.865,895,101.43
2219-10-01T21:40:00Z,2296,798.5,406.72,0.455,371.86,4332.9,21.08,29.721,700,101.3
2219-10-01T21:50:00Z,2290.8,799.7,416.88,0.46,376.07,4326.1,21,31.529,785,101.33
2219-10-01T22:00:00Z,2318.8,800.2,416.56,0.465,380.79,4392.3,21.04,30.587,800,101.22
2219-10-01T22:10:00Z,2322.2,801.3,419.04,0.465,382.9,4395.7,21.06,30.077,975,101.36
2219-10-01T22:20:00Z,2275,800.6,417.84,0.47,377.57,4401.2,20.98,31.904,885,101.1
2219-10-01T22:30:00Z,2290.8,799.3,416.88,0.47,373.85,4347.1,21.11,28.861,840,101.21
2219-10-01T22:40:00Z,2297.8,799.7,417.2,0.465,379.16,4357.5,20.88,34.173,800,101.19
2219-10-01T22:50:00Z,2318.8,799.9,421.04,0.465,379.35,4380.3,21.04,30.519,910,101.06
2219-10-01T23:00:00Z,2313.5,800.4,422.8,0.465,377.67,4367.6,21,31.423,895,101.09
2219-10-01T23:10:00Z,2269.8,801,425.04,0.455,380.17,4347.2,20.95,32.601,960,101
2219-10-01T23:20:00Z,2294.2,800.4,420.32,0.465,375.82,4364.6,20.74,37.596,910,101.15
2219-10-01T23:30:00Z,2294.2,800,417.36,0.46,374.42,4368.1,20.92,33.606,800,100.94
2219-10-01T23:40:00Z,2310,799.5,412.24,0.46,370.63,4320.1,20.93,33.447,850,101.22
2219-10-01T23:50:00Z,2285.5,798.1,413.44,0.47,371.86,4327.7,20.97,32.572,1020,101.25
2219-10-02T00:00:00Z,2308.2,799,408.96,0.46,379.45,4373.1,21.04,30.952,935,101.19
2219-10-02T00:10:00Z,2269.8,798.5,409.04,0.47,376.42,4369.5,20.88,34.683,955,101.34
2219-10-02T00:20:00Z,2329.2,799.6,413.84,0.47,377.66,4380.6,20.87,35.034,970,101.4
2219-10-02T00:30:00Z,2292.5,800.3,419.12,0.46,376.71,4372.7,21.05,30.918,935,101.19
2219-10-02T00:40:00Z,2273.2,801.3,420.56,0.47,379.23,4343.1,21.01,31.813,885,101.06
2219-10-02T00:50:00Z,2327.5,801.5,427.2,0.46,380.83,4392.4,21.02,31.567,900,101.3
2219-10-02T01:00:00Z,2282,801.9,428.96,0.47,378.51,4332.7,20.93,33.668,895,101.43
2219-10-02T01:10:00Z,2280.2,801.9,428.72,0.47,379.16,4421,21.05,30.909,875,101.3
2219-10-02T01:20:00Z,2310,801,424.48,0.475,373.38,4352.1,21.18,27.798,945,101.12
2219-10-02T01:30:00Z,2310,799.4,420.56,0.465,380.37,4376.1,21.05,30.688,990,101.15
2219-10-02T01:40:00Z,2248.8,799.3,418.16,0.465,377.22,4301.4,21.18,27.577,980,101.13
2219-10-02T01:50:00Z,2310,799.6,416.88,0.46,375.56,4370.6,20.97,32.351,1080,100.92
2219-10-02T02:00:00Z,2311.8,799.5,421.12,0.465,376.67,4363.8,21.07,30.024,1040,100.92
2219-10-02T02:10:00Z,2303,799.4,418.96,0.47,376.88,4327.3,21.09,29.486,940,101.04
2219-10-02T02:20:00Z,2313.5,800,418.4,0.46,375.22,4343.4,21.04,30.577,975,100.91
2219-10-02T02:30:00Z,2331,798.7,412.64,0.465,377.9,4358.8,21.1,29.125,1050,100.88
2219-10-02T02:40:00Z,2275,799.5,414.48,0.46,378.72,4343,20.89,33.976,990,101.03
2219-10-02T02:50:00Z,2310,800.5,415.2,0.475,371.47,4295.7,21.04,30.548,995,100.92
2219-10-02T03:00:00Z,2282,800.2,413.36,0.465,376.98,4331,21.1,29.096,955,101.09
2219-10-02T03:10:00Z,2292.5,799.4,416.64,0.455,378.78,4345.4,21.09,29.236,860,101
2219-10-02T03:20:00Z,2310,800.7,413.12,0.475,376.22,4359,21.09,29.149,920,101.13
2219-10-02T03:30:00Z,2292.5,799.9,415.52,0.46,370.27,4335.2,20.85,34.716,860,100.98
2219-10-02T03:40:00Z,2289,799.7,408.08,0.47,376.96,4314.1,21.05,30.149,935,101.09
2219-10-02T03:50:00Z,2296,799.1,407.76,0.465,373.26,4380.1,21.14,27.981,860,101.13
2219-10-02T04:00:00Z,2290.8,799.1,408.88,0.465,375.41,4371.1,21.12,28.317,870,101.04
2219-10-02T04:10:00Z,2275,799.8,414.16,0.46,372.06,4346.2,21.19,26.553,740,101.27
2219-10-02T04:20:00Z,2287.2,800.6,422.64,0.47,378.41,4378.9,21.07,29.197,890,101.3
2219-10-02T04:30:00Z,2299.5,800.4,421.2,0.465,373.25,4379.6,20.97,31.486,880,101.37
2219-10-02T04:40:00Z,2282,801.3,417.44,0.475,377.83,4323.4,21.08,28.923,780,101.37
2219-10-02T04:50:00Z,2315.2,801.3,417.6,0.46,377.89,4404.1,21.02,30.26,785,101.21
2219-10-02T05:00:00Z,2322.2,799.6,419.84,0.46,375.4,4354.6,20.99,30.947,835,101.39
2219-10-02T05:10:00Z,2252.2,801.1,420.4,0.465,378.81,4312.3,20.97,31.428,705,101.34
2219-10-02T05:20:00Z,2318.8,800.6,421.2,0.46,377.74,4406.1,21.02,30.279,790,101.48
2219-10-02T05:30:00Z,2289,801.4,422.8,0.46,376.78,4344.7,20.87,33.793,840,101.16
2219-10-02T05:40:00Z,2306.5,800.8,422.56,0.46,375.45,4370.9,20.93,32.505,790,101.4
2219-10-02T05:50:00Z,2247,800,420.08,0.465,377.71,4318.9,21,30.923,830,101.37
2219-10-02T06:00:00Z,2292.5,799.1,422.8,0.47,374.88,4362.4,21.15,27.389,850,101.34
2219-10-02T06:10:00Z,2292.5,799.5,419.2,0.465,375.23,4339.3,21.15,27.245,840,101.42
2219-10-02T06:20:00Z,2262.8,800.6,422.72,0.465,380.23,4331,20.91,32.755,755,101.51
2219-10-02T06:30:00Z,2283.8,800.5,426,0.465,375.92,4370.7,21.09,28.601,755,101.28
2219-10-02T06:40:00Z,2315.2,800.4,427.68,0.47,379.38,4346.3,21.06,29.221,830,101.45
2219-10-02T06:50:00Z,2285.5,800.3,428.16,0.465,375.7,4389.8,21.05,29.399,765,101.34
2219-10-02T07:00:00Z,2315.2,800.2,424.88,0.475,376.33,4335.1,20.89,33.12,765,101.33
2219-10-02T07:10:00Z,2292.5,799.9,422.24,0.47,383.11,4347.6,21.06,29.221,760,101.37
2219-10-02T07:20:00Z,2308.2,798.9,420.4,0.46,377.52,4351.3,20.89,33.168,665,101.39
2219-10-02T07:30:00Z,2324,799.5,418.64,0.47,376.82,4347,20.89,33.274,665,101.34
2219-10-02T07:40:00Z,2301.2,801.1,419.84,0.465,375.06,4314.9,20.97,31.495,800,101.28
2219-10-02T07:50:00Z,2310,798.9,415.68,0.475,378.58,4330.8,20.79,35.764,725,101.39
2219-10-02T08:00:00Z,2329.2,798.5,413.84,0.46,375.31,4357,20.94,32.433,805,101.51
2219-10-02T08:10:00Z,2299.5,799.7,414.8,0.46,374.17,4319.6,21,31.077,720,101.33
2219-10-02T08:20:00Z,2334.5,801.1,420.56,0.465,378.95,4391.7,20.94,32.49,910,101.27
2219-10-02T08:30:00Z,2306.5,800.8,423.76,0.465,372.52,4348.9,20.77,36.553,900,101.37
2219-10-02T08:40:00Z,2301.2,801.2,425.04,0.465,375.19,4356.9,20.9,33.712,900,101.39
2219-10-02T08:50:00Z,2299.5,800.7,422.72,0.475,376.39,4399.6,21.15,27.918,920,101.45
2219-10-02T09:00:00Z,2303,801,420.64,0.46,378.82,4376.3,20.82,35.548,900,101.58
2219-10-02T09:10:00Z,2308.2,800.3,420.48,0.46,377.75,4381.8,20.72,38.077,875,101.46
2219-10-02T09:20:00Z,2290.8,799.9,424.64,0.46,377.78,4333.4,20.83,35.755,875,101.39
2219-10-02T09:30:00Z,2313.5,801.4,427.36,0.465,376.88,4353.7,20.83,35.918,825,101.3
2219-10-02T09:40:00Z,2297.8,799.7,431.84,0.46,375.3,4341.2,20.96,33.019,865,101.34
2219-10-02T09:50:00Z,2283.8,801.4,437.6,0.465,377.49,4374.1,20.86,35.413,840,101.21
2219-10-02T10:00:00Z,2311.8,801.5,436.4,0.465,374.85,4390.6,20.94,33.663,885,101.3
2219-10-02T10:10:00Z,2311.8,800,431.84,0.465,376.36,4395.4,20.88,35.135,875,101.18
2219-10-02T10:20:00Z,2297.8,799.5,426.24,0.46,373.55,4335.3,20.99,32.659,885,101.36
2219-10-02T10:30:00Z,2299.5,799.3,427.2,0.475,373.69,4367.3,21.01,32.197,845,101.19
2219-10-02T10:40:00Z,2304.8,799.5,424.88,0.465,372.93,4354.5,20.93,34.072,880,101.3
2219-10-02T10:50:00Z,2303,797.7,421.12,0.465,375.08,4352.3,21,32.49,750,101.34
2219-10-02T11:00:00Z,2303,799,417.36,0.47,375.02,4331.1,21.03,31.784,765,101.37
2219-10-02T11:10:00Z,2296,799.3,418.24,0.455,376.94,4343.2,20.94,33.875,730,101.18
2219-10-02T11:20:00Z,2311.8,799.2,416.24,0.465,374.15,4334.6,21.03,31.813,730,101.3
2219-10-02T11:30:00Z,2289,799.6,417.12,0.46,377.97,4345.1,21.1,30.135,735,101.31
2219-10-02T11:40:00Z,2273.2,798.9,409.28,0.455,372.25,4279.9,21.12,29.567,855,101.31
2219-10-02T11:50:00Z,2282,798.4,414,0.46,373.76,4332.8,20.99,32.514,880,101.43
2219-10-02T12:00:00Z,2324,799.6,411.44,0.465,375.73,4371.7,21.07,30.639,910,101.42
2219-10-02T12:10:00Z,2266.2,799.7,417.6,0.47,371.64,4380.5,20.94,33.635,855,101.31
2219-10-02T12:20:00Z,2289,799.4,413.92,0.455,374.77,4322.1,20.9,34.635,1050,101.37
2219-10-02T12:30:00Z,2310,799.6,409.28,0.465,374.08,4343.1,20.96,33.317,980,101.18
2219-10-02T12:40:00Z,2311.8,799.2,413.68,0.47,378.54,4360.1,20.97,33.12,895,101.28
2219-10-02T12:50:00Z,2278.5,800.2,419.36,0.46,375.93,4361.4,20.93,34.091,905,101.22
2219-10-02T13:00:00Z,2306.5,799.7,414.96,0.465,375.01,4371.8,20.94,33.923,825,101.24
2219-10-02T13:10:00Z,2310,799.6,413.52,0.47,375.36,4415.7,21.03,31.861,915,101.3
2219-10-02T13:20:00Z,2301.2,799.7,412.48,0.465,374.61,4355.8,21.16,28.769,830,101.34
2219-10-02T13:30:00Z,2299.5,801,415.52,0.465,378.65,4341.4,20.97,33.091,900,101.39
2219-10-02T13:40:00Z,2329.2,800.5,414.64,0.465,374.89,4358,21.01,32.178,840,101.27
2219-10-02T13:50:00Z,2320.5,799.6,417.28,0.455,379.53,4417.9,20.91,34.524,825,101.24
2219-10-02T14:00:00Z,2308.2,800.2,414.96,0.465,377.42,4343.2,20.95,33.668,865,101.25
2219-10-02T14:10:00Z,2273.2,800.4,418.4,0.465,374.97,4318.9,20.77,37.957,830,101.25
2219-10-02T14:20:00Z,2296,799.4,418.8,0.465,377.37,4400.1,20.86,36.058,750,101.15
2219-10-02T14:30:00Z,2285.5,800,422.24,0.46,375.21,4366.9,20.76,38.548,700,101.21
2219-10-02T14:40:00Z,2303,800.4,422.16,0.47,379.29,4373.2,20.73,39.486,780,101.09
2219-10-02T14:50:00Z,2299.5,799.4,426.32,0.46,370.06,4359.1,20.71,40.216,850,100.94
2219-10-02T15:00:00Z,2306.5,801.2,425.44,0.47,371.76,4347.4,20.9,36.019,775,100.89
2219-10-02T15:10:00Z,2338,799.6,422.72,0.46,378.32,4384.7,20.94,35.173,750,101
2219-10-02T15:20:00Z,2294.2,800.4,426.96,0.46,376.57,4349,20.81,38.293,745,100.89
2219-10-02T15:30:00Z,2304.8,800,427.68,0.47,376.57,4334,20.86,37.298,685,100.77
2219-10-02T15:40:00Z,2292.5,800.2,420.96,0.455,374.66,4321.7,20.82,38.375,790,100.89
2219-10-02T15:50:00Z,2287.2,799.4,420.08,0.46,378.08,4353.6,20.81,38.784,805,101.04
2219-10-02T16:00:00Z,2313.5,799.6,420.64,0.46,375.27,4332.9,21.03,33.784,730,101.04
2219-10-02T16:10:00Z,2292.5,800.1,419.2,0.47,376.41,4346,20.96,35.404,655,100.88
2219-10-02T16:20:00Z,2327.5,800.1,420.48,0.47,371.35,4403,20.97,35.207,595,100.86
2219-10-02T16:30:00Z,2294.2,798.9,418.4,0.465,372.11,4341.2,20.96,35.471,745,100.82
2219-10-02T16:40:00Z,2294.2,800.1,417.52,0.455,371.25,4387.3,20.91,36.688,705,100.97
2219-10-02T16:50:00Z,2315.2,799.9,414.48,0.46,376.37,4385.5,20.83,38.659,625,100.98
2219-10-02T17:00:00Z,2276.8,799.3,411.76,0.46,371.27,4349.7,20.81,39.293,710,100.89
2219-10-02T17:10:00Z,2303,797.9,404.08,0.47,378.41,4347.2,20.82,39.24,740,100.91
2219-10-02T17:20:00Z,2310,798.7,409.52,0.465,373.53,4366.2,20.84,38.942,820,100.95
2219-10-02T17:30:00Z,2285.5,799.2,403.6,0.465,377.34,4355.9,20.98,35.798,705,101.09
2219-10-02T17:40:00Z,2303,799.6,405.92,0.47,373.74,4352.9,20.63,44.063,725,101.04
2219-10-02T17:50:00Z,2313.5,799.1,409.6,0.475,374.07,4345.9,20.77,41.12,795,101.01
2219-10-02T18:00:00Z,2313.5,800.7,410.88,0.46,377.53,4345.3,20.88,38.75,675,101.09
2219-10-02T18:10:00Z,2269.8,800.4,410.4,0.465,373.41,4336.1,20.93,37.688,755,101.03
2219-10-02T18:20:00Z,2271.5,801,409.6,0.465,381.09,4355.8,20.93,37.755,700,101.04
2219-10-02T18:30:00Z,2296,799.3,405.52,0.465,376.35,4317.7,20.76,41.827,700,101.03
2219-10-02T18:40:00Z,2311.8,799.7,405.2,0.465,371.7,4356.2,20.83,40.409,715,101.22
2219-10-02T18:50:00Z,2324,799.8,403.6,0.455,378.15,4382.6,20.91,38.688,805,101.12
2219-10-02T19:00:00Z,2292.5,798.6,404.08,0.465,373.33,4339.4,20.96,37.596,780,101.13
2219-10-02T19:10:00Z,2282,800.7,402.48,0.47,370.81,4348.2,20.77,42.111,755,101.15
2219-10-02T19:20:00Z,2287.2,799.3,402,0.465,376.76,4388.6,21.01,36.678,825,101.16
2219-10-02T19:30:00Z,2294.2,799,397.68,0.455,379.41,4347.6,21.02,36.433,725,101.25
2219-10-02T19:40:00Z,2311.8,799.9,404,0.465,383.35,4385.3,20.97,37.591,655,101.12
2219-10-02T19:50:00Z,2324,800.1,403.76,0.46,377.07,4403,21.01,36.678,650,101.1
2219-10-02T20:00:00Z,2317,800.1,404.96,0.465,371.92,4359.5,21.05,35.726,650,101.16
2219-10-02T20:10:00Z,2315.2,800.4,408.08,0.465,377.75,4355.5,20.82,41.096,780,101.13
2219-10-02T20:20:00Z,2303,800.6,411.84,0.465,376.14,4368.4,20.81,41.505,705,101.07
2219-10-02T20:30:00Z,2332.8,801.3,416.64,0.47,377.5,4386.7,20.87,40.274,775,101.22
2219-10-02T20:40:00Z,2299.5,802.2,416.08,0.47,379.06,4396,21.11,34.745,815,101.18
2219-10-02T20:50:00Z,2313.5,801.3,416.64,0.47,376.11,4346.8,21,37.231,770,101.22
2219-10-02T21:00:00Z,2324,801.3,419.76,0.48,372.02,4363.5,20.99,37.466,715,101.1
2219-10-02T21:10:00Z,2303,800.9,422.64,0.475,378.96,4378.5,20.89,39.832,810,101.19
2219-10-02T21:20:00Z,2322.2,800.4,423.28,0.465,373.29,4356.6,21.17,33.341,755,101.06
2219-10-02T21:30:00Z,2296,801,428.32,0.46,374.31,4372.7,21.24,31.529,785,101.04
2219-10-02T21:40:00Z,2254,801.2,429.44,0.45,374.84,4297.5,21.2,32.24,585,101.04
2219-10-02T21:50:00Z,2292.5,800.3,422.24,0.47,370.12,4399.3,21.34,28.75,720,101.06
2219-10-02T22:00:00Z,2285.5,799.9,423.92,0.46,376.97,4362,21.12,33.606,730,101.04
2219-10-02T22:10:00Z,2290.8,799.5,422.48,0.47,379.74,4381.1,21.35,28.072,730,100.98
2219-10-02T22:20:00Z,2310,799.7,422.56,0.465,376.88,4371.3,21.15,32.447,755,101.18
2219-10-02T22:30:00Z,2315.2,800.1,420.64,0.45,375.84,4359.9,21.07,34.188,750,101.12
2219-10-02T22:40:00Z,2289,799.1,422.48,0.45,373.15,4397.3,20.9,38.125,730,101.15
2219-10-02T22:50:00Z,2289,799.6,421.28,0.475,374.96,4356.5,21.38,26.913,810,101.07
2219-10-02T23:00:00Z,2287.2,800.6,423.84,0.465,376.86,4360.5,21.2,30.788,840,101.18
2219-10-02T23:10:00Z,2299.5,799.4,424.88,0.465,374.88,4381.5,21.21,30.361,860,101.27
2219-10-02T23:20:00Z,2306.5,800.2,424.64,0.46,373,4377.2,21.14,31.808,830,101.06
2219-10-02T23:30:00Z,2325.8,800.1,423.68,0.45,375.34,4343.6,20.97,35.678,865,101.09
2219-10-02T23:40:00Z,2318.8,800.9,428.8,0.475,371.68,4393.1,20.93,36.649,795,101.03
2219-10-02T23:50:00Z,2322.2,800.7,427.2,0.46,372.04,4356.4,20.84,38.837,805,100.97
2219-10-03T00:00:00Z,2294.2,799.6,419.2,0.455,374.82,4311.1,20.8,39.933,795,100.98
2219-10-03T00:10:00Z,2315.2,798.4,419.6,0.46,375.43,4356.3,20.88,38.24,880,101.06
2219-10-03T00:20:00Z,2311.8,799.2,416.08,0.46,369.1,4383.4,20.78,40.712,700,101.06
2219-10-03T00:30:00Z,2301.2,798.4,409.84,0.455,373.73,4314.1,20.88,38.567,860,101.09
2219-10-03T00:40:00Z,2271.5,798,409.52,0.46,374.57,4361.9,20.84,39.625,885,101.16
2219-10-03T00:50:00Z,2268,799,411.2,0.465,373.44,4319.8,20.9,38.365,625,101.07
2219-10-03T01:00:00Z,2303,799,413.68,0.47,376.93,4349.6,20.95,37.284,790,101.12
2219-10-03T01:10:00Z,2297.8,798.7,412.48,0.47,376,4317,20.82,40.394,840,101.19
2219-10-03T01:20:00Z,2289,800.2,408.4,0.46,376.14,4390.8,21.07,34.678,870,101.3
2219-10-03T01:30:00Z,2287.2,798.6,406.8,0.46,372.67,4313.4,20.8,40.971,840,101.28
2219-10-03T01:40:00Z,2317,799.8,409.92,0.455,373.13,4360.5,21.09,34.332,785,101.33
2219-10-03T01:50:00Z,2308.2,800.1,413.28,0.475,378.14,4360.5,20.84,40.135,740,101.24
2219-10-03T02:00:00Z,2325.8,801,413.76,0.47,375.54,4310.6,20.89,39.111,780,101.1
2219-10-03T02:10:00Z,2301.2,800.3,413.52,0.465,375.32,4377.4,20.91,38.745,735,101.21
2219-10-03T02:20:00Z,2308.2,800.6,411.6,0.47,373.06,4312.2,20.68,44.25,770,101.24
2219-10-03T02:30:00Z,2276.8,799,404.48,0.46,375.58,4335.4,20.81,41.495,710,101.27
2219-10-03T02:40:00Z,2285.5,799,403.36,0.465,367.38,4329.7,20.84,40.971,645,101.3
2219-10-03T02:50:00Z,2311.8,798.9,407.12,0.465,376.6,4388.7,20.81,41.832,830,101.28
2219-10-03T03:00:00Z,2313.5,799,405.92,0.46,374.39,4354.2,21.03,36.832,700,101.22
2219-10-03T03:10:00Z,2322.2,799.2,400.24,0.465,379.35,4387,20.82,41.75,770,101.46
2219-10-03T03:20:00Z,2320.5,799.2,401.68,0.46,378.16,4357,20.69,44.986,860,101.3
2219-10-03T03:30:00Z,2257.5,798.7,406.32,0.46,372.23,4308.4,20.79,42.928,775,101.25
2219-10-03T03:40:00Z,2215.5,800.8,408.32,0.47,361.9,4186.8,21.04,37.24,810,101.21
2219-10-03T03:50:00Z,2184,800.1,408.72,0.465,350.7,4118.8,20.8,42.856,860,101.22
2219-10-03T04:00:00Z,2142,800.1,409.6,0.475,352.18,4048.4,20.96,39.279,735,101.12
2219-10-03T04:10:00Z,2030,800.7,412.48,0.465,339.49,3952.2,21.11,35.784,735,101.19
2219-10-03T04:20:00Z,2051,801.2,416.8,0.465,334.61,3883.8,21.13,35.207,755,101.04
2219-10-03T04:30:00Z,1995,800.9,417.84,0.46,328.99,3818.1,21,38.144,780,101.16
2219-10-03T04:40:00Z,1932,801.8,414.88,0.475,315.69,3715.5,21.01,37.909,795,101.1
2219-10-03T04:50:00Z,1904,801.9,418.8,0.465,310.93,3641.4,20.79,43.082,850,101.15
2219-10-03T05:00:00Z,1911,799.9,416.16,0.465,304.73,3581.4,21.04,37.394,865,101.09
2219-10-03T05:10:00Z,1786.8,799.6,415.68,0.465,291.94,3471.3,20.95,39.476,860,101.22
2219-10-03T05:20:00Z,1800.8,800.3,420.8,0.46,287.52,3372,21,38.346,830,101.34
2219-10-03T05:30:00Z,1757,801.1,422.08,0.465,277.83,3324.9,21.32,30.808,835,101.13
2219-10-03T05:40:00Z,1687,800.2,421.6,0.47,272.18,3175.4,21.05,36.861,800,101.43
2219-10-03T05:50:00Z,1625.8,801.2,421.12,0.47,263.99,3140.1,20.96,38.933,870,101.24
2219-10-03T06:00:00Z,1606.5,800.3,421.44,0.445,259.04,3068.9,21,38.029,720,101.24
2219-10-03T06:10:00Z,1564.5,800.5,421.04,0.47,250,3015.9,20.91,40.149,735,101.16
2219-10-03T06:20:00Z,1519,800.5,421.6,0.46,241.61,2897.3,20.82,42.356,840,101.24
2219-10-03T06:30:00Z,1461.2,800.2,418.96,0.465,241.28,2845.6,20.89,40.88,865,101.43
2219-10-03T06:40:00Z,1533,800,419.92,0.46,237.47,2858.2,21.08,36.51,735,101.34
2219-10-03T06:50:00Z,1485.8,800.7,428.56,0.465,240.69,2881.9,21.07,36.668,810,101.42
2219-10-03T07:00:00Z,1503.2,800.1,424,0.465,242.26,2864,20.88,41.077,650,101.52
2219-10-03T07:10:00Z,1524.2,799.3,422.56,0.465,238.91,2914.1,21.13,35.303,720,101.37
2219-10-03T07:20:00Z,1513.8,800,425.36,0.455,245.6,2892.3,20.95,39.418,775,101.34
2219-10-03T07:30:00Z,1457.8,800.9,428,0.455,243.38,2868.4,20.76,43.942,685,101.37
2219-10-03T07:40:00Z,1503.2,800.5,427.44,0.475,240.71,2861.2,20.83,42.524,755,101.21
2219-10-03T07:50:00Z,1508.5,800,428.88,0.47,239.36,2880,21.01,38.447,700,101.46
2219-10-03T08:00:00Z,1471.8,800.6,427.12,0.465,239.73,2843.5,21.1,36.317,730,101.46
2219-10-03T08:10:00Z,1552.2,800.2,431.28,0.475,237.54,2882.7,21.07,36.928,660,101.31
2219-10-03T08:20:00Z,1538.2,800.3,423.92,0.465,244.9,2883.9,21.09,36.389,755,101.49
2219-10-03T08:30:00Z,1491,799.2,424.56,0.47,234.64,2834.9,21.04,37.481,765,101.22
2219-10-03T08:40:00Z,1487.5,799.4,422.96,0.47,243.07,2816.9,21.03,37.678,720,101.37
2219-10-03T08:50:00Z,1492.8,800,419.6,0.455,238.41,2864.9,21.24,32.702,685,101.25
2219-10-03T09:00:00Z,1513.8,798.8,418,0.46,237.92,2906.8,21.01,37.889,645,101.37
2219-10-03T09:10:00Z,1498,799.6,420.24,0.455,233.84,2910.3,21.27,31.755,640,101.39
2219-10-03T09:20:00Z,1534.8,799.3,416.72,0.465,241.03,2906.4,21,37.856,790,101.4
2219-10-03T09:30:00Z,1508.5,799.6,420.56,0.46,241.62,2853.6,21.25,31.966,825,101.37
2219-10-03T09:40:00Z,1489.2,799.9,416.56,0.465,242.85,2859.7,21.17,33.611,805,101.57
2219-10-03T09:50:00Z,1499.8,799.9,418.24,0.465,242.94,2841.5,20.9,39.808,840,101.33
2219-10-03T10:00:00Z,1520.8,799.3,418.88,0.47,245.45,2950.1,20.99,37.784,765,101.36
2219-10-03T10:10:00Z,1471.8,798.5,409.2,0.46,238.23,2865.4,21.25,31.668,935,101.25
2219-10-03T10:20:00Z,1498,798.2,406.72,0.46,240.49,2855.3,21.18,33.077,790,101.07
2219-10-03T10:30:00Z,1538.2,799.7,410.48,0.46,240.7,2879.8,21.23,31.726,800,101.24
2219-10-03T10:40:00Z,1498,799.5,413.52,0.46,236.59,2887.2,21.16,33.154,840,101.31
2219-10-03T10:50:00Z,1506.8,800,410.96,0.475,239.74,2880.4,21.08,34.885,770,101.57
2219-10-03T11:00:00Z,1489.2,799.6,409.04,0.46,244.64,2890,20.87,39.755,745,101.36
2219-10-03T11:10:00Z,1527.8,799.7,410.96,0.46,237.05,2890.4,20.74,42.942,740,101.3
2219-10-03T11:20:00Z,1503.2,799.2,413.2,0.455,236.86,2892.3,20.77,42.486,880,101.25
2219-10-03T11:30:00Z,1471.8,801.2,411.92,0.465,247.19,2866.8,20.88,40.115,885,101.16
2219-10-03T11:40:00Z,1477,799.5,402.08,0.46,238.94,2829.3,20.87,40.466,865,101.25
2219-10-03T11:50:00Z,1492.8,798.8,400,0.465,241.03,2855.2,21.04,36.587,820,101.37
2219-10-03T12:00:00Z,1510.2,799.7,398.88,0.465,242.41,2821.3,20.96,38.433,905,101.33
2219-10-03T12:10:00Z,1496.2,799,403.44,0.455,243.57,2849.1,20.94,38.942,985,101.28
2219-10-03T12:20:00Z,1475.2,799.5,404.08,0.46,240.47,2845.9,20.9,39.942,1000,101.36
2219-10-03T12:30:00Z,1508.5,800,407.68,0.47,240.15,2870.3,20.9,40.038,800,101.15
2219-10-03T12:40:00Z,1485.8,800.3,408.64,0.465,240.26,2852.6,20.97,38.486,850,101.21
2219-10-03T12:50:00Z,1449,800.9,408.48,0.46,240.36,2830.6,21.16,34.038,750,101.16
2219-10-03T13:00:00Z,1480.5,800,405.92,0.475,239.58,2844.2,21.09,35.534,755,101.27
2219-10-03T13:10:00Z,1522.5,800.3,409.76,0.465,238.81,2878.5,21.16,33.798,680,101.28
2219-10-03T13:20:00Z,1505,801.3,414.64,0.465,240.57,2880.9,21.06,36,730,101.13
2219-10-03T13:30:00Z,1492.8,799.7,412.64,0.46,239.7,2892,21.03,36.649,640,101.09
2219-10-03T13:40:00Z,1503.2,800,410,0.465,243.47,2892.6,21.13,34.264,610,100.95
2219-10-03T13:50:00Z,1506.8,800.3,409.52,0.47,241.13,2849.4,21.08,35.317,555,101.06
2219-10-03T14:00:00Z,1477,800.1,413.36,0.465,241.66,2874.2,20.97,37.832,605,101.04
2219-10-03T14:10:00Z,1506.8,799.1,414,0.465,245.8,2881.6,20.94,38.567,640,101.01
2219-10-03T14:20:00Z,1501.5,800.1,411.44,0.475,241.5,2888.5,20.89,39.803,655,100.92
2219-10-03T14:30:00Z,1471.8,800.2,414.72,0.465,240.65,2896.5,20.97,38.024,700,100.91
2219-10-03T14:40:00Z,1524.2,800.7,420.4,0.46,237.59,2867.4,20.89,39.938,660,100.98
2219-10-03T14:50:00Z,1522.5,800.9,419.76,0.465,242.55,2909.3,21.1,35.096,685,100.95
2219-10-03T15:00:00Z,1473.5,800.5,419.2,0.465,242.37,2886,20.96,38.298,710,101.01
2219-10-03T15:10:00Z,1529.5,800.9,420.88,0.465,240.82,2908.7,20.78,42.577,670,100.94
2219-10-03T15:20:00Z,1522.5,801.3,423.36,0.465,236.46,2881.5,21,37.606,580,100.91
2219-10-03T15:30:00Z,1482.2,801.1,425.44,0.465,243.99,2892.7,20.78,42.788,695,100.88
2219-10-03T15:40:00Z,1485.8,801.2,425.2,0.46,242.47,2876.3,20.75,43.707,575,101.01
2219-10-03T15:50:00Z,1473.5,800.4,428,0.46,237.41,2867.7,20.85,41.591,580,100.98
2219-10-03T16:00:00Z,1508.5,800.5,432.56,0.46,242,2878.5,20.87,41.264,605,100.89
2219-10-03T16:10:00Z,1494.5,800.4,431.04,0.46,241.24,2878.6,20.8,43.038,720,100.97
2219-10-03T16:20:00Z,1496.2,799.6,432.56,0.465,240.03,2873.7,20.74,44.644,695,100.98
2219-10-03T16:30:00Z,1508.5,800.8,428.56,0.455,238.87,2859.3,20.75,44.659,625,100.95
2219-10-03T16:40:00Z,1494.5,799.8,422,0.465,241.78,2825.6,20.83,43.014,645,101.06
2219-10-03T16:50:00Z,1482.2,798.8,425.28,0.46,240.37,2815.7,20.88,42,710,101.16
2219-10-03T17:00:00Z,1508.5,799.2,421.44,0.465,242.84,2899.8,20.85,42.822,835,101.01
2219-10-03T17:10:00Z,1519,799.2,425.12,0.465,234.36,2874.1,20.67,47.207,920,101.03
2219-10-03T17:20:00Z,1505,800.3,425.92,0.46,239.76,2892.3,20.5,51.529,875,101.06
2219-10-03T17:30:00Z,1501.5,800.8,430.08,0.455,237.06,2894.6,20.75,46.12,800,101.1
2219-10-03T17:40:00Z,1519,799.6,427.04,0.455,239.43,2909.9,20.68,48.01,955,101.06
2219-10-03T17:50:00Z,1471.8,799.8,424.88,0.46,236.24,2859,20.86,44.077,895,101.09
2219-10-03T18:00:00Z,1477,800.5,428.96,0.46,237.53,2874.1,20.68,48.452,905,101.13
2219-10-03T18:10:00Z,1491,801,431.76,0.46,238.31,2894.3,21.07,39.572,845,101.1
2219-10-03T18:20:00Z,1478.8,800.7,431.84,0.47,237.39,2925.2,20.87,44.216,875,101.15
2219-10-03T18:30:00Z,1515.5,800.5,429.04,0.465,241.42,2848.5,20.83,45.284,900,101.24
2219-10-03T18:40:00Z,1498,799.4,421.84,0.465,238.05,2875.3,20.96,42.385,980,101.36
2219-10-03T18:50:00Z,1492.8,800,419.44,0.46,241.8,2888.4,21.12,38.654,895,101.18
2219-10-03T19:00:00Z,1484,797.9,417.52,0.455,239.26,2883.3,21,41.365,880,101.16
2219-10-03T19:10:00Z,1520.8,798.1,414.88,0.455,238.16,2876.7,21.07,39.716,815,101.16
2219-10-03T19:20:00Z,1529.5,798.9,416.48,0.465,240.32,2887.1,21.05,40.12,975,101.03
2219-10-03T19:30:00Z,1491,800.1,418.56,0.465,237.66,2878.4,20.94,42.663,885,101.07
2219-10-03T19:40:00Z,1526,800.3,417.52,0.465,239.57,2884.5,20.95,42.486,860,101.18
2219-10-03T19:50:00Z,1515.5,800.2,416.16,0.465,239.26,2885.3,20.8,46.067,940,101.27
2219-10-03T20:00:00Z,1499.8,798.9,414.8,0.47,242.18,2859.8,20.87,44.611,925,101.24
2219-10-03T20:10:00Z,1452.5,799.7,413.12,0.46,238.61,2846.8,20.87,44.736,975,101.24
2219-10-03T20:20:00Z,1498,799.7,415.2,0.46,237.68,2857.1,20.94,43.212,985,101.19
2219-10-03T20:30:00Z,1527.8,800.4,424.64,0.455,243.37,2837.4,20.9,44.212,910,101.27
2219-10-03T20:40:00Z,1505,802,425.44,0.465,240.91,2870.5,20.91,44.072,880,101.04
2219-10-03T20:50:00Z,1524.2,801.4,424,0.465,241,2869.1,20.92,43.923,810,100.98
2219-10-03T21:00:00Z,1498,800.5,421.84,0.48,243.56,2892.1,20.85,45.649,805,101.04
2219-10-03T21:10:00Z,1485.8,799.4,420.48,0.455,242.52,2869.6,20.95,43.438,835,101.12
2219-10-03T21:20:00Z,1520.8,800,420.8,0.47,240.58,2896.5,20.83,46.313,735,101.04
2219-10-03T21:30:00Z,1501.5,800.8,422.4,0.455,237.69,2831.8,20.78,47.654,785,101.19
2219-10-03T21:40:00Z,1477,800,421.04,0.46,239.31,2881.4,20.87,45.745,805,101.1
2219-10-03T21:50:00Z,1503.2,800.2,422.08,0.455,238.68,2878.5,20.86,46.106,745,101.13
2219-10-03T22:00:00Z,1477,800.8,419.28,0.46,239.54,2880.4,20.81,47.418,820,101
2219-10-03T22:10:00Z,1508.5,799.6,420.56,0.46,240.94,2889,20.96,44.067,785,101.24
2219-10-03T22:20:00Z,1515.5,800.3,421.28,0.45,241.66,2885.9,21,43.163,800,101.22
2219-10-03T22:30:00Z,1501.5,800.5,427.04,0.47,239.54,2868.9,20.9,45.519,765,101.21
2219-10-03T22:40:00Z,1512,800.7,423.6,0.47,241,2844.3,20.87,46.322,860,101.22
2219-10-03T22:50:00Z,1498,800.2,421.84,0.465,243.29,2845.7,20.81,47.861,830,101.31
2219-10-03T23:00:00Z,1519,800.7,423.44,0.465,245.43,2873.4,21.15,40.034,890,101.16
2219-10-03T23:10:00Z,1463,800.6,426.88,0.47,241.39,2852.1,20.87,46.486,850,101.15
2219-10-03T23:20:00Z,1487.5,800.1,428.72,0.465,240.13,2840,20.93,45.197,1020,101.19
2219-10-03T23:30:00Z,1484,800.3,430.48,0.46,240.85,2880.2,20.83,47.62,965,101.18
2219-10-03T23:40:00Z,1466.5,799.8,422.88,0.47,239.86,2849.3,21.11,41.188,990,101.18
2219-10-03T23:50:00Z,1468.2,800.2,425.6,0.46,244.04,2898.8,20.8,48.385,945,101.24
2219-10-04T00:00:00Z,1492.8,800.8,432.4,0.455,239.44,2860,20.84,47.635,940,101.33
2219-10-04T00:10:00Z,1487.5,800.3,422.72,0.46,239.47,2848,20.93,45.668,970,101.36
2219-10-04T00:20:00Z,1478.8,799,421.44,0.465,241.2,2815.5,21.06,42.673,1010,101.4
2219-10-04T00:30:00Z,1545.2,799.3,420.24,0.47,247.73,2884.3,21.08,42.144,880,101.52
2219-10-04T00:40:00Z,1520.8,798.8,418.8,0.46,236.74,2883.9,21.07,42.303,995,101.45
2219-10-04T00:50:00Z,1515.5,799.3,415.92,0.465,242.65,2862,20.86,47.183,800,101.49
2219-10-04T01:00:00Z,1471.8,798.9,417.6,0.45,238.71,2855.2,21.22,38.837,830,101.64
2219-10-04T01:10:00Z,1491,799.9,421.04,0.47,238.02,2865.6,20.91,45.928,875,101.58
2219-10-04T01:20:00Z,1470,800.1,422.64,0.47,242.09,2884.6,21.03,43.188,915,101.58
2219-10-04T01:30:00Z,1505,800.1,422.08,0.465,240.79,2870.7,21.2,39.154,920,101.49
2219-10-04T01:40:00Z,1484,800.8,421.36,0.46,241.8,2859,21.01,43.438,915,101.52
2219-10-04T01:50:00Z,1540,800.3,425.04,0.46,239.06,2863.2,21.01,43.428,815,101.63
2219-10-04T02:00:00Z,1503.2,800.8,426.72,0.46,245.08,2860.1,21.23,38.236,850,101.57
2219-10-04T02:10:00Z,1464.8,801.4,428.88,0.46,237.93,2848.8,21.18,39.192,775,101.64
2219-10-04T02:20:00Z,1498,801.7,431.12,0.47,240.53,2863.1,21.18,39.019,765,101.43
2219-10-04T02:30:00Z,1485.8,801,437.2,0.465,239.23,2896,21.28,36.49,815,101.49
2219-10-04T02:40:00Z,1480.5,801.8,436.88,0.47,235,2888,21.19,38.341,805,101.46
2219-10-04T02:50:00Z,1487.5,801.2,433.68,0.465,239.1,2869,21.33,34.861,720,101.57
2219-10-04T03:00:00Z,1499.8,800.4,429.84,0.465,239.25,2868.5,21.27,35.957,800,101.66
2219-10-04T03:10:00Z,1508.5,799.2,426.88,0.455,241.56,2931.2,21.51,30.043,970,101.49
2219-10-04T03:20:00Z,1526,799.1,427.04,0.465,238.12,2847.2,21.27,35.207,865,101.6
2219-10-04T03:30:00Z,1491,799.3,424,0.455,242.36,2862.8,21.21,36.361,855,101.34
2219-10-04T03:40:00Z,1491,797.8,424.32,0.465,237.82,2840,21.27,34.745,1015,101.48
2219-10-04T03:50:00Z,1480.5,798,421.76,0.46,243,2887.5,21.18,36.606,980,101.4
2219-10-04T04:00:00Z,1515.5,798.3,417.44,0.465,243.09,2850.5,21.21,35.726,885,101.52
2219-10-04T04:10:00Z,1468.2,799.3,422.48,0.47,239.89,2867.1,21.26,34.346,810,101.24
2219-10-04T04:20:00Z,1538.2,800.1,427.44,0.46,241.74,2928.5,21.15,36.688,780,101.25
2219-10-04T04:30:00Z,1524.2,801.8,424.72,0.46,244.55,2905.6,21.2,35.365,965,101.31
2219-10-04T04:40:00Z,1482.2,800.9,422.4,0.465,237.72,2849.3,21.26,33.76,890,101.43
2219-10-04T04:50:00Z,1489.2,799.6,424.16,0.46,240.54,2879.5,21.25,33.745,770,101.52
2219-10-04T05:00:00Z,1506.8,800.3,423.6,0.48,238.46,2878.9,21.1,37.038,830,101.34
2219-10-04T05:10:00Z,1496.2,799.5,424,0.475,238.1,2838.1,21.18,35.058,840,101.45
2219-10-04T05:20:00Z,1526,800.1,424.88,0.465,240.6,2877.3,21,39.125,840,101.39
2219-10-04T05:30:00Z,1487.5,800.8,420,0.465,241.86,2848,21.04,38.183,910,101.48
2219-10-04T05:40:00Z,1482.2,799.3,418.72,0.455,238.94,2875.6,21.21,34.139,795,101.46
2219-10-04T05:50:00Z,1484,799.1,422.8,0.455,238.6,2867.4,21.15,35.351,955,101.42
2219-10-04T06:00:00Z,1477,799.1,417.52,0.455,239.9,2852.6,21.14,35.442,885,101.36
2219-10-04T06:10:00Z,1533,799.4,418.24,0.465,237.41,2921.6,21.36,30.125,940,101.37
2219-10-04T06:20:00Z,1477,800,415.84,0.46,240.36,2837.5,20.98,38.731,860,101.48
2219-10-04T06:30:00Z,1519,798.9,413.84,0.46,238.2,2876.5,21.24,32.625,830,101.51
2219-10-04T06:40:00Z,1520.8,799.2,417.52,0.45,241.57,2865.8,21.02,37.577,790,101.52
2219-10-04T06:50:00Z,1494.5,799.1,414.8,0.45,246.57,2864.4,21.13,34.966,890,101.58
2219-10-04T07:00:00Z,1508.5,800.1,416.24,0.47,239.3,2836,20.92,39.788,910,101.52
2219-10-04T07:10:00Z,1541.8,800.1,411.76,0.455,233.05,2868.1,20.82,42.221,780,101.55
2219-10-04T07:20:00Z,1473.5,799.4,411.04,0.465,241.61,2863.4,20.93,39.803,860,101.43
2219-10-04T07:30:00Z,1492.8,800.4,408,0.47,236.47,2887.5,20.83,42.226,810,101.24
2219-10-04T07:40:00Z,1492.8,799,404.16,0.465,241.56,2871.3,20.98,38.856,790,101.4
2219-10-04T07:50:00Z,1477,798.4,408.72,0.465,231.49,2849.6,20.72,45,830,101.52
2219-10-04T08:00:00Z,1494.5,799.6,410.16,0.455,240.36,2871.3,20.75,44.563,865,101.15
2219-10-04T08:10:00Z,1505,801.1,415.36,0.465,239.85,2862.4,21,38.913,850,101.3
2219-10-04T08:20:00Z,1517.2,800,410.56,0.465,239.98,2945.1,20.81,43.389,845,101.21
2219-10-04T08:30:00Z,1463,799.9,411.44,0.47,239.54,2864.7,21.08,37.212,785,101.36
2219-10-04T08:40:00Z,1473.5,799.9,412.48,0.455,237.51,2879,20.98,39.49,775,101.3
2219-10-04T08:50:00Z,1527.8,799.2,407.6,0.46,238.97,2872.4,20.9,41.394,770,101.36
2219-10-04T09:00:00Z,1550.5,799.9,412.24,0.465,246.6,2902.8,21.04,38.192,725,101.45
2219-10-04T09:10:00Z,1480.5,800.9,415.28,0.455,239.65,2846.9,20.93,40.745,800,101.33
2219-10-04T09:20:00Z,1520.8,801,413.6,0.465,239.89,2905.5,20.81,43.639,780,101.39
2219-10-04T09:30:00Z,1498,801.3,416.8,0.46,240.18,2858.7,20.91,41.466,810,101.33
2219-10-04T09:40:00Z,1464.8,800.5,413.12,0.455,238.37,2844.6,20.76,45.087,770,101.3
2219-10-04T09:50:00Z,1533,799.2,410.72,0.47,239.71,2907.8,20.57,49.793,820,101.34
2219-10-04T10:00:00Z,1456,798.7,406.96,0.465,234.96,2847.9,20.63,48.793,690,101.42
2219-10-04T10:10:00Z,1499.8,799.7,408,0.46,241.36,2845.2,20.74,46.558,850,101.36
2219-10-04T10:20:00Z,1470,800.1,407.12,0.475,236.5,2896.1,20.48,52.933,770,101.61
2219-10-04T10:30:00Z,1499.8,800,407.52,0.46,242.5,2863.6,20.63,49.899,700,101.42
2219-10-04T10:40:00Z,1468.2,799.5,408.64,0.455,243.79,2868.9,20.6,50.962,730,101.49
2219-10-04T10:50:00Z,1485.8,799.7,409.52,0.46,242.96,2847.1,20.71,48.755,855,101.58
2219-10-04T11:00:00Z,1498,800.4,410.32,0.47,244.62,2836,20.6,51.625,785,101.61
2219-10-04T11:10:00Z,1508.5,799.6,407.04,0.465,244.66,2930.7,20.75,48.476,780,101.57
2219-10-04T11:20:00Z,1508.5,800.7,411.44,0.465,240.14,2913.9,20.88,45.654,800,101.52
2219-10-04T11:30:00Z,1475.2,799.9,409.52,0.465,240.02,2832.5,20.89,45.534,825,101.46
2219-10-04T11:40:00Z,1533,801.1,411.2,0.475,239.59,2892.3,20.97,43.755,900,101.39
2219-10-04T11:50:00Z,1538.2,800.1,414.8,0.465,235.76,2854.5,20.94,44.49,910,101.45
2219-10-04T12:00:00Z,1517.2,800.6,412.08,0.465,241.69,2870,20.82,47.375,890,101.46
2219-10-04T12:10:00Z,1503.2,800.4,412.4,0.46,243.68,2855.6,20.85,46.841,855,101.55
2219-10-04T12:20:00Z,1505,799.9,413.68,0.465,240.77,2859.6,20.95,44.63,910,101.69
2219-10-04T12:30:00Z,1545.2,801.1,416.72,0.46,239.25,2890.3,21.17,39.495,965,101.73
2219-10-04T12:40:00Z,1503.2,799.8,414.48,0.46,244.69,2864.5,21,43.337,905,101.88
2219-10-04T12:50:00Z,1522.5,799.9,412.48,0.46,249.12,2879.2,20.85,46.87,900,101.73
2219-10-04T13:00:00Z,1477,798.6,410.24,0.46,238.22,2864.6,21.25,37.591,860,101.57
2219-10-04T13:10:00Z,1494.5,799.2,410.24,0.46,246.54,2899.2,21.18,39,875,101.7
2219-10-04T13:20:00Z,1527.8,799.5,406.08,0.46,235.31,2882.4,21.02,42.596,930,101.63
2219-10-04T13:30:00Z,1517.2,798.7,404,0.465,239.9,2877.4,20.92,44.933,910,101.76
2219-10-04T13:40:00Z,1513.8,799.1,410.48,0.455,240.88,2875,20.88,45.952,785,101.33
2219-10-04T13:50:00Z,1491,799.5,412.64,0.455,240.74,2877.2,20.78,48.423,810,101.54
2219-10-04T14:00:00Z,1496.2,800.4,413.92,0.47,240.63,2899.4,20.98,43.923,785,101.55
2219-10-04T14:10:00Z,1457.8,800.7,412.48,0.455,235.42,2826.2,20.85,47.005,665,101.28
2219-10-04T14:20:00Z,1496.2,800.3,416.48,0.46,239.91,2887.9,20.68,51.154,815,101.45
2219-10-04T14:30:00Z,1540,800.8,417.68,0.465,244.44,2888.7,21.11,41.332,810,101.46
2219-10-04T14:40:00Z,1489.2,801.4,419.44,0.475,241.66,2887.7,21.03,43.111,885,101.36
2219-10-04T14:50:00Z,1496.2,799.6,417.36,0.46,245.69,2897.1,21.05,42.611,805,101.43
2219-10-04T15:00:00Z,1491,800.1,423.6,0.455,239.49,2839.3,20.81,48.216,720,101.48
2219-10-04T15:10:00Z,1470,801.1,422.88,0.465,242.87,2905.1,20.83,47.928,690,101.36
2219-10-04T15:20:00Z,1529.5,800.5,419.28,0.46,239.65,2901.7,20.65,52.332,685,101.1
2219-10-04T15:30:00Z,1492.8,798.8,415.76,0.465,241.9,2825,20.94,45.837,700,101.16
2219-10-04T15:40:00Z,1491,800,418.48,0.46,241.98,2856.6,20.89,47.072,890,101.09
2219-10-04T15:50:00Z,1489.2,799.5,418,0.465,240.3,2870.6,20.91,46.707,760,101.22
2219-10-04T16:00:00Z,1526,799.1,417.2,0.465,240.51,2869.6,21.05,43.495,840,101.22
2219-10-04T16:10:00Z,1492.8,799.4,421.84,0.455,240.27,2889.5,20.97,45.332,880,101.19
2219-10-04T16:20:00Z,1541.8,800,419.68,0.465,241.4,2893.8,21.09,42.534,810,101.21
2219-10-04T16:30:00Z,1524.2,800.7,414.24,0.47,243.78,2889,20.9,46.923,875,101.18
2219-10-04T16:40:00Z,1496.2,800.3,419.68,0.465,241.91,2871.3,20.74,50.788,845,101.19
2219-10-04T16:50:00Z,1478.8,799.5,418.96,0.46,234.45,2862.7,20.82,49.154,740,101.09
2219-10-04T17:00:00Z,1527.8,799.1,416.96,0.455,240.19,2886.9,20.75,50.976,775,101.19
2219-10-04T17:10:00Z,1499.8,799.2,415.84,0.46,243.17,2888.8,20.82,49.567,750,101.09
2219-10-04T17:20:00Z,1445.5,800,417.68,0.465,239.89,2867.6,20.66,53.51,780,101.22
2219-10-04T17:30:00Z,1508.5,799.7,419.36,0.46,243.32,2879.7,20.9,48.183,700,101.12
2219-10-04T17:40:00Z,1464.8,799.8,420.32,0.46,235.29,2862.9,20.87,48.986,785,101.3
2219-10-04T17:50:00Z,1503.2,800.7,424.48,0.455,241.34,2848.2,20.91,48.168,785,101.04
2219-10-04T18:00:00Z,1519,800.5,420.96,0.465,239.98,2892.1,20.93,47.784,685,101.03
2219-10-04T18:10:00Z,1515.5,800.7,423.44,0.47,239.87,2875.3,21.04,45.26,775,101.15
2219-10-04T18:20:00Z,1468.2,800.2,420.8,0.46,242.89,2841.8,21.12,43.337,810,101.06
2219-10-04T18:30:00Z,1505,800.5,419.76,0.455,238.91,2846.2,20.97,46.755,670,100.77
2219-10-04T18:40:00Z,1512,800.8,424.64,0.465,238.5,2868.1,20.94,47.49,720,100.82
2219-10-04T18:50:00Z,1457.8,799.5,426.32,0.465,243.2,2881.4,20.91,48.255,695,101.04
2219-10-04T19:00:00Z,1512,800.2,424.48,0.465,240.33,2847.7,20.8,50.933,665,101.06
2219-10-04T19:10:00Z,1475.2,799.4,426.48,0.46,243.3,2860.6,20.99,46.649,690,101.15
2219-10-04T19:20:00Z,1494.5,800,426.88,0.465,241.74,2872.9,21.02,45.952,640,101.3
2219-10-04T19:30:00Z,1491,799.9,425.52,0.46,238.62,2865.7,20.89,48.995,550,101.07
2219-10-04T19:40:00Z,1505,800.1,429.12,0.47,239.73,2900.2,21.07,44.861,675,101.21
2219-10-04T19:50:00Z,1536.5,800.6,433.28,0.455,243.96,2886.1,21.03,45.736,660,101.13
2219-10-04T20:00:00Z,1499.8,801.1,433.68,0.46,241.15,2870.8,21.23,40.995,700,101.21
2219-10-04T20:10:00Z,1519,800.9,430.24,0.465,238.44,2913.8,21.28,39.596,705,101.12
2219-10-04T20:20:00Z,1501.5,799.8,428.08,0.47,233.14,2861.1,21.25,40.034,685,101.33
2219-10-04T20:30:00Z,1501.5,799.3,424.88,0.465,238.64,2867.9,21.09,43.563,695,101.1
2219-10-04T20:40:00Z,1473.5,800.1,426.08,0.46,239.77,2856.7,21.25,39.707,690,101.15
2219-10-04T20:50:00Z,1470,799.3,426.56,0.45,239.8,2861.3,21.13,42.293,670,101.04
2219-10-04T21:00:00Z,1505,800.1,427.68,0.46,239.26,2901.9,21.21,40.284,680,101.12
2219-10-04T21:10:00Z,1492.8,800,425.12,0.475,242.5,2863,21.34,37.019,630,101.22
2219-10-04T21:20:00Z,1505,799.3,426.8,0.46,234.6,2885.9,21.14,41.404,615,101.28
2219-10-04T21:30:00Z,1505,799.9,424.32,0.46,236.7,2885,21.13,41.505,580,101.13
2219-10-04T21:40:00Z,1531.2,799.9,425.52,0.46,240.41,2900.6,21.19,39.966,645,101.15
2219-10-04T21:50:00Z,1473.5,799.5,425.84,0.465,233.87,2886.4,21.22,39.077,650,101.18
2219-10-04T22:00:00Z,1557.5,799.4,427.04,0.47,237.14,2927.4,21.4,34.625,765,101.07
2219-10-04T22:10:00Z,1538.2,800.3,420.64,0.46,241.43,2904.7,21.08,41.779,705,101.13
2219-10-04T22:20:00Z,1515.5,799.2,417.36,0.46,236.21,2879.5,21.2,38.875,725,101.15
2219-10-04T22:30:00Z,1527.8,798,418.48,0.47,240.26,2866,21.12,40.567,805,101.01
2219-10-04T22:40:00Z,1473.5,799.4,420.24,0.465,238.82,2892.3,21.05,42.101,805,101.04
2219-10-04T22:50:00Z,1457.8,799.6,422.24,0.46,236.27,2868.8,21.03,42.524,840,101.21
2219-10-04T23:00:00Z,1482.2,799.4,423.84,0.465,240.03,2877.9,21,43.202,770,101.12
2219-10-04T23:10:00Z,1496.2,800.4,420.4,0.46,241.03,2873.1,20.85,46.736,745,101.33
2219-10-04T23:20:00Z,1484,799.6,414.4,0.455,242.16,2880.5,20.75,49.236,825,101.19
2219-10-04T23:30:00Z,1466.5,799,418.8,0.46,241.98,2867.1,20.98,44.058,865,101.15
2219-10-04T23:40:00Z,1501.5,798.9,415.68,0.465,240.18,2877,21.02,43.135,855,101.24
2219-10-04T23:50:00Z,1524.2,799.3,413.52,0.465,241.59,2900,21.08,41.702,765,101.21
2219-10-05T00:00:00Z,1568,799.4,414.72,0.465,240.75,2899.2,20.77,48.928,855,101.36
2219-10-05T00:10:00Z,1505,799.6,414.48,0.465,242.67,2873.8,21,43.731,1010,101.28
2219-10-05T00:20:00Z,1519,799.5,411.44,0.46,240.57,2918.7,20.9,46.087,880,101.43
2219-10-05T00:30:00Z,1533,799.7,411.44,0.465,235.06,2883.7,21.07,42.178,910,101.42
2219-10-05T00:40:00Z,1477,799.5,412.32,0.455,235.44,2864.6,20.99,43.995,910,101.42
2219-10-05T00:50:00Z,1527.8,799.6,415.92,0.46,242.91,2885,20.95,44.947,1020,101.37
2219-10-05T01:00:00Z,1487.5,800.8,420.96,0.47,244.68,2843.8,21.06,42.404,970,101.52
2219-10-05T01:10:00Z,1489.2,801,420.96,0.465,237.37,2833.4,20.95,44.938,885,101.37
2219-10-05T01:20:00Z,1459.5,800.5,420.08,0.465,236.92,2884.3,20.98,44.279,870,101.45
2219-10-05T01:30:00Z,1517.2,800.3,415.52,0.455,242.18,2897.2,20.83,47.832,860,101.21
2219-10-05T01:40:00Z,1485.8,801,415.68,0.465,237.4,2876.7,21,43.99,1005,101.22
2219-10-05T01:50:00Z,1494.5,799,411.2,0.455,244.42,2827.4,21.07,42.341,1015,101.15
2219-10-05T02:00:00Z,1485.8,799.6,410.8,0.475,234.49,2815.3,20.91,46.043,1015,101.24
2219-10-05T02:10:00Z,1533,798.8,413.84,0.47,240.52,2860.2,20.78,49.192,995,101.19
2219-10-05T02:20:00Z,1475.2,800.1,417.2,0.455,236.41,2842,21.1,41.865,925,101.33
2219-10-05T02:30:00Z,1561,799.9,414.24,0.455,241.95,2917.7,21,44.125,1015,101.39
2219-10-05T02:40:00Z,1477,800.5,420.08,0.465,239.85,2867.7,20.97,44.832,835,101.46
2219-10-05T02:50:00Z,1517.2,800.6,422.72,0.455,239.92,2879.8,21,44.154,930,101.31
2219-10-05T03:00:00Z,1531.2,800.7,420.32,0.46,242.89,2865.5,20.8,48.865,965,101.51
2219-10-05T03:10:00Z,1543.5,801.2,424.72,0.465,235.69,2881.4,20.9,46.702,940,101.31
2219-10-05T03:20:00Z,1533,801.3,423.28,0.47,240.91,2880.4,20.79,49.389,875,101.46
2219-10-05T03:30:00Z,1505,801.2,427.04,0.47,239.77,2874.6,20.83,48.649,895,101.4
2219-10-05T03:40:00Z,1536.5,800.6,425.44,0.465,236.93,2863.7,20.97,45.514,900,101.46
2219-10-05T03:50:00Z,1531.2,800.3,420.96,0.475,244.76,2912.5,21.02,44.365,810,101.55
2219-10-05T04:00:00Z,1506.8,799.3,424.08,0.47,238.4,2880,20.88,47.644,945,101.82
2219-10-05T04:10:00Z,1508.5,800,422.8,0.455,240.34,2876.4,21.02,44.462,905,101.64
2219-10-05T04:20:00Z,1503.2,799.6,416.56,0.45,240.48,2867.4,21.06,43.5,865,101.64
2219-10-05T04:30:00Z,1461.2,799.5,412,0.465,238.91,2870.3,21.1,42.5,895,101.49
2219-10-05T04:40:00Z,1503.2,798.3,412.24,0.47,235.11,2844.4,21.08,42.875,805,101.58
2219-10-05T04:50:00Z,1506.8,798.3,410.24,0.465,234.9,2825.4,21.17,40.678,845,101.58
2219-10-05T05:00:00Z,1457.8,798.7,411.6,0.455,240.52,2819.4,20.99,44.755,670,101.6
2219-10-05T05:10:00Z,1477,799.9,407.6,0.455,243.09,2837.5,20.96,45.471,795,101.7
2219-10-05T05:20:00Z,1496.2,799.1,410.8,0.46,235.67,2865.3,20.95,45.745,850,101.64
2219-10-05T05:30:00Z,1489.2,800.2,408.8,0.465,239.57,2890,20.96,45.558,845,101.49
2219-10-05T05:40:00Z,1506.8,799.3,402,0.46,234.2,2865.4,21.2,39.942,830,101.48
2219-10-05T05:50:00Z,1452.5,799.2,404.16,0.46,237.73,2838.6,20.98,44.933,805,101.43
2219-10-05T06:00:00Z,1533,799.5,403.84,0.455,236.76,2841.6,21.04,43.538,760,101.48
2219-10-05T06:10:00Z,1533,800.2,408,0.465,241.17,2875,20.96,45.385,785,101.37
2219-10-05T06:20:00Z,1506.8,800.2,405.12,0.455,242.12,2841.1,21.11,41.889,905,101.48
2219-10-05T06:30:00Z,1494.5,799.3,407.44,0.465,241.88,2869.7,21.02,43.904,815,101.46
2219-10-05T06:40:00Z,1477,800.5,415.2,0.47,235.82,2882.7,21.01,44.12,825,101.36
2219-10-05T06:50:00Z,1512,800.6,411.2,0.47,240.28,2895.7,21.19,39.87,735,101.43
2219-10-05T07:00:00Z,1506.8,800.4,412.56,0.455,233.54,2880.3,21.1,41.808,795,101.4
2219-10-05T07:10:00Z,1499.8,799.9,412.64,0.46,241.91,2897.6,21.08,42.183,660,101.42
2219-10-05T07:20:00Z,1505,800.3,413.6,0.46,241.6,2887.6,21.22,38.808,795,101.22
2219-10-05T07:30:00Z,1512,801,417.36,0.465,251.67,2854.5,21.16,40.01,780,101.39
2219-10-05T07:40:00Z,1501.5,800.6,416.4,0.455,243.39,2865.5,21.15,40.091,775,101.37
2219-10-05T07:50:00Z,1503.2,799.7,418.32,0.465,239.63,2867.5,21.11,40.889,765,101.37
2219-10-05T08:00:00Z,1468.2,800.1,412.24,0.46,239.96,2873.3,21.25,37.486,705,101.28
2219-10-05T08:10:00Z,1480.5,798.8,409.36,0.46,242.09,2878.2,21.28,36.538,790,101.28
2219-10-05T08:20:00Z,1508.5,799.6,414.96,0.465,240.62,2863.4,21.19,38.389,715,101.3
2219-10-05T08:30:00Z,1520.8,801,419.76,0.465,236.68,2889.2,21.05,41.505,675,101.28
2219-10-05T08:40:00Z,1508.5,800.6,415.76,0.46,245.01,2893.2,21.32,35.096,760,101.33
2219-10-05T08:50:00Z,1503.2,799.3,416.56,0.46,239.77,2861.4,21.15,38.793,760,101.31
2219-10-05T09:00:00Z,1491,798.2,407.44,0.465,237.37,2871.2,21.18,37.942,745,101.18
2219-10-05T09:10:00Z,1491,799.3,404.8,0.45,237.73,2790.3,21.23,36.591,795,101.36
2219-10-05T09:20:00Z,1466.5,798.9,404.72,0.46,236.21,2847.4,21.2,37.077,735,101.15
2219-10-05T09:30:00Z,1492.8,798.8,404.16,0.465,240.37,2829.1,21.06,40.183,660,100.94
2219-10-05T09:40:00Z,1503.2,798.9,405.28,0.46,233.9,2847.6,21.04,40.596,585,101.16
2219-10-05T09:50:00Z,1513.8,800.2,409.36,0.46,239.8,2874.7,20.98,41.971,615,100.97
2219-10-05T10:00:00Z,1494.5,800.2,406.24,0.46,238.44,2859.1,20.96,42.462,725,101.06
2219-10-05T10:10:00Z,1536.5,800.1,407.6,0.465,241.72,2876.3,21.01,41.322,670,101.01
2219-10-05T10:20:00Z,1499.8,801.7,410.48,0.465,241.87,2889.7,21.01,41.313,680,100.98
2219-10-05T10:30:00Z,1492.8,800.6,412.32,0.465,236.24,2871.8,20.93,43.188,700,101.1
2219-10-05T10:40:00Z,1489.2,799.7,407.44,0.46,240.15,2851.8,21.06,40.192,645,101.1
2219-10-05T10:50:00Z,1519,800.2,406.8,0.47,239.38,2823.7,21.06,40.135,660,101
2219-10-05T11:00:00Z,1526,800.3,413.12,0.455,242.64,2891.7,21.24,35.837,615,101.01
2219-10-05T11:10:00Z,1540,800.2,414.48,0.465,241.73,2941.5,21.13,38.197,655,101.03
2219-10-05T11:20:00Z,1487.5,800.9,412.88,0.465,242,2918.4,21.38,32.183,665,101
2219-10-05T11:30:00Z,1489.2,800.7,413.68,0.455,239.23,2822,21.41,31.111,615,101.09
2219-10-05T11:40:00Z,1526,799.4,409.04,0.465,242.13,2860.2,21.38,31.423,690,101.09
2219-10-05T11:50:00Z,1499.8,798.6,407.28,0.45,239.3,2857.6,21.14,36.712,680,101.07
2219-10-05T12:00:00Z,1524.2,799.1,405.92,0.455,231.68,2890.6,21.39,30.688,595,101.13
2219-10-05T12:10:00Z,1501.5,799.4,405.36,0.455,240.81,2847.9,21.38,30.548,560,101.07
2219-10-05T12:20:00Z,1519,799.7,407.04,0.455,238.82,2884.4,21.28,32.538,660,101.15
2219-10-05T12:30:00Z,1473.5,800.2,406.72,0.46,239.94,2850.4,21.19,34.389,540,101.21
2219-10-05T12:40:00Z,1501.5,799.8,405.28,0.46,244.55,2886,21.21,33.736,555,101.36
2219-10-05T12:50:00Z,1498,801.2,407.28,0.455,244.48,2844.3,21.2,33.769,495,101.42
2219-10-05T13:00:00Z,1503.2,799.2,405.52,0.46,239.71,2869.9,21.3,31.221,500,101.16
2219-10-05T13:10:00Z,1506.8,799.6,405.28,0.465,235.88,2843.3,21.15,34.466,525,101.24
2219-10-05T13:20:00Z,1499.8,800.4,403.44,0.46,237.48,2838.8,21.13,34.793,520,101.4
2219-10-05T13:30:00Z,1478.8,799.7,409.44,0.46,239.43,2871,21.4,28.308,530,101.28
2219-10-05T13:40:00Z,1512,800.6,417.52,0.465,241.32,2888.1,21.06,35.933,560,101.16
2219-10-05T13:50:00Z,1498,802.6,423.04,0.48,242.56,2894.5,21.1,34.933,550,101.13
2219-10-05T14:00:00Z,1485.8,801.6,420.56,0.46,241.79,2875.8,21.16,33.423,515,101.3
2219-10-05T14:10:00Z,1480.5,801.8,421.12,0.465,240.13,2871.7,21.17,33.034,640,101.3
2219-10-05T14:20:00Z,1506.8,801.2,426.24,0.46,240.82,2868,21.08,34.99,645,101.21
2219-10-05T14:30:00Z,1505,800.5,425.92,0.465,240.49,2883.7,21,36.798,590,101.18
2219-10-05T14:40:00Z,1499.8,800.4,422,0.445,234.92,2825.9,21.13,33.736,710,101.22
2219-10-05T14:50:00Z,1501.5,799.8,422.56,0.46,238.44,2855.6,21.36,28.192,675,101.22
2219-10-05T15:00:00Z,1468.2,799.1,424.4,0.465,239.93,2837.9,21.27,29.966,740,101.19
2219-10-05T15:10:00Z,1475.2,799.9,423.68,0.46,239.7,2899.9,21.22,30.885,725,101.36
2219-10-05T15:20:00Z,1512,800,427.28,0.46,241.41,2908,21.29,29.024,750,101.34
2219-10-05T15:30:00Z,1501.5,800.3,428.8,0.46,240.8,2899,21.34,27.567,780,101.33
2219-10-05T15:40:00Z,1519,800.4,424.8,0.465,236.92,2863.9,21.38,26.298,735,101.19
2219-10-05T15:50:00Z,1513.8,800.5,426.4,0.46,236.16,2873.6,21.18,30.644,820,101.4
2219-10-05T16:00:00Z,1498,801.9,428.24,0.465,238.97,2859.3,21.25,28.822,830,101.19
2219-10-05T16:10:00Z,1503.2,799.9,422,0.46,240.97,2865.5,21,34.471,765,101.28
2219-10-05T16:20:00Z,1517.2,798,417.44,0.465,241.73,2883.8,20.97,35.178,780,101.28
2219-10-05T16:30:00Z,1552.2,798.8,417.04,0.46,243.58,2928.6,21.14,31.202,705,101.39
2219-10-05T16:40:00Z,1520.8,799.6,417.04,0.455,241.01,2850,21.14,31.067,665,101.34
2219-10-05T16:50:00Z,1510.2,799.5,415.68,0.465,235.96,2833.9,21.07,32.582,795,101.37
2219-10-05T17:00:00Z,1499.8,800.8,417.76,0.47,243.95,2962,21.06,32.75,785,101.55
2219-10-05T17:10:00Z,1590.8,799.9,417.52,0.46,251.85,3030.6,20.94,35.519,955,101.51
2219-10-05T17:20:00Z,1634.5,799.7,415.84,0.455,262.21,3108.5,21,34.163,755,101.36
2219-10-05T17:30:00Z,1687,800.2,418,0.455,273.35,3229.4,21.12,31.337,730,101.37
2219-10-05T17:40:00Z,1687,800.4,424,0.465,281.52,3260.6,21.02,33.577,625,101.45
2219-10-05T17:50:00Z,1823.5,800.5,421.44,0.46,288.43,3382.1,21.38,25.077,800,101.55
2219-10-05T18:00:00Z,1823.5,800.2,420.48,0.46,295.79,3466.4,21.26,27.538,690,101.64
2219-10-05T18:10:00Z,1842.8,799.7,415.76,0.47,294.76,3532.1,21.13,30.351,720,101.55
2219-10-05T18:20:00Z,1891.8,799.6,417.36,0.465,306.33,3623.2,21.17,29.284,605,101.55
2219-10-05T18:30:00Z,1953,800,417.92,0.465,313.01,3742.9,21.04,32.183,690,101.58
2219-10-05T18:40:00Z,1998.5,799.7,417.6,0.465,323.52,3800.6,20.91,35.207,610,101.54
2219-10-05T18:50:00Z,2054.5,799.8,412.08,0.465,324.3,3818.5,21.24,27.519,635,101.75
2219-10-05T19:00:00Z,2091.2,798.9,409.44,0.46,338.84,3963.9,21.03,32.236,565,101.58
2219-10-05T19:10:00Z,2166.5,799.6,407.84,0.46,341.43,4087.4,21.23,27.495,595,101.49
2219-10-05T19:20:00Z,2208.5,799.8,410.24,0.46,352.11,4129.6,21.36,24.212,575,101.63
2219-10-05T19:30:00Z,2229.5,799.1,415.2,0.455,362.61,4210.4,21.24,26.692,645,101.7
2219-10-05T19:40:00Z,2269.8,800,410.88,0.455,366.95,4270.8,21.1,29.76,580,101.52
2219-10-05T19:50:00Z,2268,799.8,407.2,0.465,371.05,4361.6,21.06,30.606,670,101.51
2219-10-05T20:00:00Z,2304.8,799.5,410,0.45,371.18,4369.9,21.02,31.49,615,101.61
2219-10-05T20:10:00Z,2275,799.2,407.44,0.465,375.32,4298,21.01,31.707,695,101.55
2219-10-05T20:20:00Z,2311.8,800.8,415.36,0.455,372.75,4350.6,21.25,26.043,655,101.45
2219-10-05T20:30:00Z,2283.8,801.6,419.36,0.45,382.37,4338.5,21.13,28.63,680,101.54
2219-10-05T20:40:00Z,2301.2,801.6,419.84,0.465,375.47,4374.2,21.42,21.673,715,101.42
2219-10-05T20:50:00Z,2254,801.6,421.76,0.465,374.98,4337.2,21.34,23.154,770,101.51
2219-10-05T21:00:00Z,2320.5,801,422.8,0.465,375.1,4373.5,21.28,24.24,615,101.42
2219-10-05T21:10:00Z,2282,800.7,416.48,0.47,373.92,4353.2,21.12,27.74,690,101.52
2219-10-05T21:20:00Z,2266.2,799.8,418.08,0.465,371.03,4359.2,21.22,25.269,610,101.48
2219-10-05T21:30:00Z,2282,800.1,421.52,0.455,379.52,4340.3,21.18,26,495,101.42
2219-10-05T21:40:00Z,2275,799.8,419.36,0.465,374.04,4319,21.08,28.183,600,101.42
2219-10-05T21:50:00Z,2308.2,800.5,418.48,0.455,374.85,4339.9,21.17,25.986,515,101.4
2219-10-05T22:00:00Z,2325.8,800.1,418.32,0.455,373.73,4363.7,21.21,24.88,560,101.31
2219-10-05T22:10:00Z,2275,800.5,418.88,0.46,374.65,4310.9,21.26,23.5,560,101.16
2219-10-05T22:20:00Z,2264.5,799.5,418.8,0.465,373.86,4297.2,21.19,24.899,590,101.22
2219-10-05T22:30:00Z,2310,800.4,418.08,0.465,374.18,4354.2,21.09,27.072,690,101.27
2219-10-05T22:40:00Z,2292.5,799.4,421.68,0.46,374.4,4331.5,21.02,28.635,670,101.24
2219-10-05T22:50:00Z,2310,800.4,420.56,0.46,378.7,4387.9,21.19,24.611,665,101.31
2219-10-05T23:00:00Z,2292.5,799.4,423.52,0.465,379.44,4345.7,21.1,26.548,805,101.21
2219-10-05T23:10:00Z,2296,801.1,425.2,0.46,377.93,4343.9,21.04,27.865,770,101.25
2219-10-05T23:20:00Z,2294.2,799.8,420.64,0.465,372.01,4372.9,21.07,27.12,780,101.16
2219-10-05T23:30:00Z,2269.8,799.3,415.12,0.475,373.48,4360.5,21.08,26.817,775,101.03
2219-10-05T23:40:00Z,2294.2,799.4,411.2,0.46,370.06,4305.9,21.15,25.091,850,101.15
2219-10-05T23:50:00Z,2303,798.7,407.6,0.455,371.03,4335.6,20.86,31.779,770,101.03
2219-10-06T00:00:00Z,2339.8,798.7,407.6,0.455,375.28,4353.6,20.99,28.851,750,101.25
2219-10-06T00:10:00Z,2278.5,799.4,408.8,0.455,375.66,4347.2,21.24,22.971,730,101.33
2219-10-06T00:20:00Z,2303,799.1,406.48,0.455,376.85,4326.1,20.98,28.865,820,101.28
2219-10-06T00:30:00Z,2315.2,800.4,409.2,0.46,373.47,4310.4,21.03,27.707,920,101.04
2219-10-06T00:40:00Z,2315.2,800,409.92,0.455,373.18,4334.9,21,28.385,910,100.94
2219-10-06T00:50:00Z,2320.5,799.9,403.12,0.455,372.71,4375.6,21.05,27.207,795,101.09
2219-10-06T01:00:00Z,2292.5,799.5,408.4,0.455,372.88,4310.9,20.83,32.341,710,101.15
2219-10-06T01:10:00Z,2292.5,800.9,405.6,0.47,377.43,4361.4,20.94,29.913,800,101.19
2219-10-06T01:20:00Z,2301.2,799.7,407.2,0.465,371.03,4313.8,20.97,29.264,725,101.18
2219-10-06T01:30:00Z,2297.8,799.8,408.48,0.455,372.46,4408.9,20.85,32.12,780,101.43
2219-10-06T01:40:00Z,2325.8,799.3,407.36,0.46,371.38,4342,20.86,32.029,790,101.52
2219-10-06T01:50:00Z,2285.5,800.4,400.24,0.455,376.14,4344.8,20.87,31.928,805,101.36
2219-10-06T02:00:00Z,2266.2,798.4,401.68,0.465,376.34,4333.3,20.94,30.404,860,101.22
2219-10-06T02:10:00Z,2341.5,799.4,398.48,0.465,375.99,4395.6,20.78,34.231,815,101.36
2219-10-06T02:20:00Z,2292.5,799.8,404.24,0.46,377.52,4334.4,20.84,33.029,780,101.46
2219-10-06T02:30:00Z,2283.8,800.5,404.48,0.45,378.82,4328.6,20.8,34.125,915,101.46
2219-10-06T02:40:00Z,2313.5,801.3,414.16,0.46,381.52,4378.1,20.77,35.024,820,101.31
2219-10-06T02:50:00Z,2275,801.3,411.04,0.465,373.4,4359,20.81,34.303,810,101.34
2219-10-06T03:00:00Z,2285.5,800.8,413.04,0.465,378.24,4375.6,20.76,35.663,855,101.4
2219-10-06T03:10:00Z,2271.5,800.4,410.48,0.475,371.69,4342.9,20.94,31.654,935,101.25
2219-10-06T03:20:00Z,2304.8,800.9,409.84,0.46,373.57,4347.4,20.83,34.303,895,101.36
2219-10-06T03:30:00Z,2255.8,800.3,409.04,0.465,374,4297.7,20.74,36.587,905,101.4
2219-10-06T03:40:00Z,2280.2,799.1,407.84,0.455,377.66,4345.8,20.87,33.774,870,101.33
2219-10-06T03:50:00Z,2306.5,801.2,412.32,0.465,375.55,4377,20.78,36.019,915,101.39
2219-10-06T04:00:00Z,2292.5,800.5,417.44,0.455,371.61,4373.4,20.72,37.644,890,101.4
2219-10-06T04:10:00Z,2296,800.9,418.32,0.475,378.23,4338.7,20.8,36.029,885,101.58
2219-10-06T04:20:00Z,2332.8,800.9,416.72,0.47,374.99,4341.3,20.88,34.337,895,101.52
2219-10-06T04:30:00Z,2283.8,801,419.04,0.47,374.32,4344.1,20.91,33.745,855,101.61
2219-10-06T04:40:00Z,2320.5,800.5,417.6,0.47,375.34,4361.3,21.03,31.005,890,101.58
2219-10-06T04:50:00Z,2327.5,801.2,418.4,0.465,374.75,4377.3,20.99,31.918,990,101.48
2219-10-06T05:00:00Z,2301.2,799.8,420.64,0.46,377.28,4379,21,31.692,905,101.46
2219-10-06T05:10:00Z,2243.5,800.5,416.4,0.46,370.73,4296.4,20.97,32.399,990,101.51
2219-10-06T05:20:00Z,2296,799.7,421.52,0.455,374.36,4338.5,21.15,28.188,905,101.45
2219-10-06T05:30:00Z,2294.2,800.4,420.4,0.455,372.29,4331.7,21.04,30.635,970,101.61
2219-10-06T05:40:00Z,2289,799.8,414.88,0.45,372.01,4313.5,21.09,29.418,880,101.54
2219-10-06T05:50:00Z,2317,799.3,414.48,0.46,373.62,4343.6,21.23,26.034,760,101.49
2219-10-06T06:00:00Z,2276.8,800.1,409.52,0.455,372.13,4278.7,21.13,28.168,845,101.4
2219-10-06T06:10:00Z,2303,799.2,411.04,0.47,372.58,4328.1,21.13,28.043,895,101.6
2219-10-06T06:20:00Z,2264.5,800.5,418.16,0.46,371.05,4337,21.04,30.038,830,101.39
2219-10-06T06:30:00Z,2234.8,799.9,422,0.46,374.6,4308.6,21,30.942,885,101.4
2219-10-06T06:40:00Z,2283.8,801.1,421.6,0.465,376.57,4320.9,21.04,30,765,101.4
2219-10-06T06:50:00Z,2315.2,800.5,416,0.47,374.45,4359.2,21.12,28.077,830,101.39
2219-10-06T07:00:00Z,2303,800.6,418,0.46,373.6,4355.7,21.15,27.255,690,101.52
2219-10-06T07:10:00Z,2271.5,799.7,414.32,0.46,371.86,4309.9,21.28,24.048,730,101.64
2219-10-06T07:20:00Z,2294.2,799.9,415.6,0.46,372.89,4362,21.29,23.543,660,101.66
2219-10-06T07:30:00Z,2327.5,800.2,417.6,0.47,374.08,4357.3,21.16,26.327,650,101.61
2219-10-06T07:40:00Z,2301.2,799.3,410.8,0.45,374.17,4346.2,21.26,23.817,590,101.52
2219-10-06T07:50:00Z,2334.5,799.9,411.76,0.46,373.44,4366.5,21.07,28.043,620,101.61
2219-10-06T08:00:00Z,2301.2,799.6,416.56,0.465,369.65,4362.7,21.23,24.207,625,101.45
2219-10-06T08:10:00Z,2294.2,800.6,421.6,0.455,375.1,4338.6,21.22,24.221,620,101.48
2219-10-06T08:20:00Z,2320.5,801.2,425.68,0.46,374.63,4361.7,21.12,26.365,525,101.6
2219-10-06T08:30:00Z,2304.8,800.9,424.56,0.475,377.38,4396.8,21.06,27.663,540,101.58
2219-10-06T08:40:00Z,2325.8,801.4,425.44,0.46,373.65,4338.1,21.11,26.428,680,101.61
2219-10-06T08:50:00Z,2278.5,801.1,426.24,0.46,376.21,4297.8,21.13,25.851,645,101.54
2219-10-06T09:00:00Z,2283.8,800.5,425.6,0.46,375.62,4388.6,20.86,32.087,570,101.57
2219-10-06T09:10:00Z,2315.2,800.9,426.56,0.46,375.12,4380.6,21.12,26.096,640,101.45
2219-10-06T09:20:00Z,2313.5,800.2,428.24,0.455,374.2,4386.2,21,28.808,690,101.39
2219-10-06T09:30:00Z,2285.5,800.4,429.04,0.445,371.38,4361.2,20.88,31.635,700,101.61
2219-10-06T09:40:00Z,2296,799.8,425.28,0.465,372.57,4365.5,20.9,31.279,730,101.55
2219-10-06T09:50:00Z,2289,799.7,430.4,0.45,371.42,4358.6,20.91,31.139,665,101.42
2219-10-06T10:00:00Z,2299.5,800.7,426.24,0.47,376.35,4310.6,20.84,32.875,645,101.31
2219-10-06T10:10:00Z,2282,799.6,422.4,0.46,374.5,4311.7,20.92,31.144,765,101.52
2219-10-06T10:20:00Z,2296,799.9,426.48,0.465,372.61,4299.6,21.06,27.923,730,101.52
2219-10-06T10:30:00Z,2303,800.2,426.32,0.455,374.97,4357.1,20.92,31.163,880,101.42
2219-10-06T10:40:00Z,2283.8,799.9,421.92,0.465,373.36,4327.5,20.85,32.889,740,101.55
2219-10-06T10:50:00Z,2268,798.4,419.76,0.465,373.65,4319,20.91,31.62,840,101.43
2219-10-06T11:00:00Z,2290.8,799.3,423.04,0.45,376.78,4315.6,21.09,27.466,750,101.45
2219-10-06T11:10:00Z,2273.2,799.9,420.72,0.455,378.2,4312.5,21.11,26.909,735,101.48
2219-10-06T11:20:00Z,2282,799.5,420.88,0.465,375.47,4300,20.95,30.572,705,101.4
2219-10-06T11:30:00Z,2343.2,799.9,423.68,0.465,375.63,4349.4,21.1,27.087,750,101.43
2219-10-06T11:40:00Z,2304.8,801,428.32,0.455,373.75,4366.1,20.81,33.822,855,101.54
2219-10-06T11:50:00Z,2280.2,801.5,427.6,0.47,372.4,4331.4,20.82,33.769,710,101.55
2219-10-06T12:00:00Z,2318.8,800.6,428,0.465,374.05,4352.5,20.86,33,800,101.61
2219-10-06T12:10:00Z,2308.2,800.5,425.84,0.465,377.67,4356.7,20.71,36.668,770,101.51
2219-10-06T12:20:00Z,2280.2,800.1,423.36,0.46,372.82,4326.4,20.84,33.885,775,101.67
2219-10-06T12:30:00Z,2325.8,798.7,421.04,0.46,374.03,4349.9,20.68,37.808,820,101.85
2219-10-06T12:40:00Z,2315.2,799.8,416.96,0.455,367.49,4336.5,20.92,32.462,770,101.61
2219-10-06T12:50:00Z,2287.2,799.3,421.92,0.455,374.49,4318.9,20.94,32.067,625,101.78
2219-10-06T13:00:00Z,2294.2,800.9,422,0.455,376.8,4362.7,20.72,37.308,630,101.7
2219-10-06T13:10:00Z,2283.8,800.9,422.32,0.45,369.42,4322.2,20.87,34.043,665,101.61
2219-10-06T13:20:00Z,2292.5,800.2,420.08,0.46,374.44,4355.8,20.83,35.111,680,101.57
2219-10-06T13:30:00Z,2301.2,800.2,423.2,0.46,375.91,4347.9,20.69,38.572,585,101.42
2219-10-06T13:40:00Z,2313.5,799.9,423.52,0.465,373.49,4352,20.69,38.87,670,101.51
2219-10-06T13:50:00Z,2324,800.2,421.52,0.46,377.87,4373.9,20.62,40.817,605,101.37
2219-10-06T14:00:00Z,2311.8,800.1,422.88,0.455,378.49,4365.6,20.7,39.298,585,101.48
2219-10-06T14:10:00Z,2315.2,799.5,417.84,0.46,380.73,4375,20.65,40.764,685,101.51
2219-10-06T14:20:00Z,2306.5,799.1,417.68,0.46,376.7,4312.4,20.89,35.447,660,101.34
2219-10-06T14:30:00Z,2303,798.7,414.72,0.46,370.46,4350.7,20.89,35.553,515,101.39
2219-10-06T14:40:00Z,2322.2,799.1,415.84,0.455,376.15,4360.8,20.73,39.428,720,101.4
2219-10-06T14:50:00Z,2311.8,798.9,413.6,0.46,375.77,4348.6,20.63,42.043,560,101.31
2219-10-06T15:00:00Z,2290.8,800.1,419.36,0.46,373.08,4333,20.99,33.918,615,101.33
2219-10-06T15:10:00Z,2299.5,799.6,412.88,0.455,371.28,4342.4,20.66,41.702,770,101.43
2219-10-06T15:20:00Z,2280.2,800.3,419.92,0.46,372.18,4321.8,20.81,38.495,610,101.3
2219-10-06T15:30:00Z,2311.8,800.1,420.24,0.46,374.87,4364.8,20.77,39.62,610,101.36
2219-10-06T15:40:00Z,2262.8,800.7,417.28,0.465,372.45,4319.9,20.76,40.077,765,101.31
2219-10-06T15:50:00Z,2313.5,800,414.48,0.465,378.6,4326.5,20.98,35.125,805,101.36
2219-10-06T16:00:00Z,2310,800.2,421.68,0.46,377.89,4316.4,20.8,39.385,830,101.36
2219-10-06T16:10:00Z,2289,801,424.24,0.46,372.89,4319.3,20.86,38.163,750,101.45
2219-10-06T16:20:00Z,2268,800.6,423.12,0.47,376.27,4339.5,20.96,35.942,830,101.33
2219-10-06T16:30:00Z,2276.8,800.4,425.36,0.465,372.56,4340.7,21.08,33.154,765,101.36
2219-10-06T16:40:00Z,2275,800.8,426.4,0.46,372.48,4330.8,20.73,41.322,810,101.49
2219-10-06T16:50:00Z,2296,800.6,426.96,0.465,374.47,4366.4,20.91,37.341,875,101.42
2219-10-06T17:00:00Z,2308.2,800.3,429.44,0.455,375.14,4344.7,20.86,38.606,925,101.4
2219-10-06T17:10:00Z,2275,801.4,430.96,0.465,376.47,4330.7,20.88,38.269,910,101.58
2219-10-06T17:20:00Z,2294.2,799.4,430.8,0.465,379.37,4318.9,20.74,41.683,975,101.34
2219-10-06T17:30:00Z,2299.5,800.5,426.64,0.465,372.2,4315.7,20.99,36.043,980,101.37
2219-10-06T17:40:00Z,2290.8,800.1,430,0.465,367.76,4330.7,20.95,36.995,935,101.45
2219-10-06T17:50:00Z,2283.8,800.4,434,0.465,371.57,4312.9,20.9,38.221,870,101.37
2219-10-06T18:00:00Z,2308.2,800.3,430.4,0.465,376.96,4331,20.83,39.966,975,101.4
2219-10-06T18:10:00Z,2278.5,799.5,429.84,0.465,372.41,4352.2,20.92,38.01,930,101.3
2219-10-06T18:20:00Z,2331,800.3,429.6,0.465,377.32,4360.8,20.85,39.736,880,101.18
2219-10-06T18:30:00Z,2317,799.9,429.2,0.465,373.02,4336.6,20.73,42.707,875,101.33
2219-10-06T18:40:00Z,2294.2,799.9,423.2,0.465,376.54,4341.4,20.87,39.668,900,101.4
2219-10-06T18:50:00Z,2304.8,798.7,424.88,0.465,373.8,4346.1,20.99,36.966,670,101.39
2219-10-06T19:00:00Z,2292.5,800.1,427.6,0.46,372.03,4323.6,20.72,43.337,810,101.3
2219-10-06T19:10:00Z,2296,799.7,426.8,0.455,371.29,4379.8,20.8,41.721,890,101.22
2219-10-06T19:20:00Z,2280.2,800,430,0.47,378.63,4327.4,20.83,41.207,925,101.34
2219-10-06T19:30:00Z,2273.2,801.9,428.88,0.455,374.4,4347,20.89,39.957,890,101.16
2219-10-06T19:40:00Z,2318.8,800.1,427.44,0.455,372.05,4324.9,20.9,39.827,905,101.28
2219-10-06T19:50:00Z,2275,800.1,423.52,0.465,373.95,4291.7,20.96,38.51,850,101.21
2219-10-06T20:00:00Z,2297.8,799.2,421.12,0.455,378.57,4332.4,20.97,38.313,900,101.25
2219-10-06T20:10:00Z,2289,799,420.8,0.46,374.76,4321.5,20.8,42.346,920,101.27
2219-10-06T20:20:00Z,2303,799.3,421.2,0.46,373.4,4322.7,20.65,46.072,805,101.18
2219-10-06T20:30:00Z,2297.8,800.3,423.28,0.455,375.31,4322.1,20.68,45.702,800,101.25
2219-10-06T20:40:00Z,2271.5,800.6,418.96,0.455,371.58,4313.1,20.65,46.716,785,101.33
2219-10-06T20:50:00Z,2332.8,799.6,418.96,0.455,376.46,4371.1,20.56,49.173,725,101.3
2219-10-06T21:00:00Z,2313.5,799.1,420.8,0.455,375.92,4339.7,20.64,47.712,745,101.25
2219-10-06T21:10:00Z,2292.5,801,421.52,0.465,372.79,4328.6,20.52,50.885,780,101.22
2219-10-06T21:20:00Z,2317,800.1,418.72,0.46,371.33,4376,20.88,42.865,895,101.4
2219-10-06T21:30:00Z,2308.2,799.7,425.44,0.465,368.25,4333.4,20.74,46.279,825,101.52
2219-10-06T21:40:00Z,2303,801.6,424.96,0.46,373.95,4338.5,20.59,50.063,855,101.42
2219-10-06T21:50:00Z,2301.2,800.1,421.52,0.455,375.54,4316.6,20.76,46.452,715,101.57
2219-10-06T22:00:00Z,2294.2,800.7,430.72,0.46,371.57,4350.4,20.88,43.856,765,101.39
2219-10-06T22:10:00Z,2308.2,800.1,431.6,0.475,376.04,4375.3,20.83,45.149,875,101.52
2219-10-06T22:20:00Z,2283.8,801.1,433.12,0.45,374.69,4382.9,20.82,45.548,850,101.57
2219-10-06T22:30:00Z,2301.2,800.4,429.04,0.46,377.32,4347.3,20.81,45.957,785,101.81
2219-10-06T22:40:00Z,2287.2,799.5,429.76,0.46,370.44,4329.4,20.83,45.668,850,101.81
2219-10-06T22:50:00Z,2304.8,800.7,431.76,0.465,371.86,4343.7,20.93,43.476,670,101.78
2219-10-06T23:00:00Z,2273.2,800.7,431.28,0.455,375.54,4323.7,20.97,42.601,840,101.72
2219-10-06T23:10:00Z,2259.2,800.2,433.36,0.455,373,4352.9,21.04,40.981,820,101.82
2219-10-06T23:20:00Z,2317,800.2,433.92,0.455,370.28,4378.5,21.06,40.471,770,101.96
2219-10-06T23:30:00Z,2266.2,799.6,430,0.465,373.65,4327.3,20.92,43.712,825,101.67
2219-10-06T23:40:00Z,2301.2,799.2,428.32,0.47,376.13,4346.1,20.97,42.611,765,101.9
2219-10-06T23:50:00Z,2275,800.1,430.96,0.46,374.56,4357,21.03,41.226,795,101.84
2219-10-07T00:00:00Z,2250.5,799.7,436.8,0.465,372.29,4321.2,21.08,40.019,850,101.96
2219-10-07T00:10:00Z,2324,800.5,435.2,0.455,376.51,4377.5,20.87,44.889,870,102.02
2219-10-07T00:20:00Z,2283.8,800.5,438.8,0.46,372.82,4331.5,21.08,40.067,750,102.02
2219-10-07T00:30:00Z,2296,800.4,433.04,0.455,372.75,4352,21.09,39.755,705,101.99
2219-10-07T00:40:00Z,2262.8,799.3,430.8,0.465,371.28,4351.9,21.03,41.082,775,101.72
2219-10-07T00:50:00Z,2313.5,800.2,431.76,0.455,371.15,4378.1,21.06,40.346,680,101.76
2219-10-07T01:00:00Z,2280.2,800.1,431.68,0.465,372.07,4339.7,21.17,37.697,715,101.9
2219-10-07T01:10:00Z,2299.5,798.8,424.8,0.475,369.89,4344,20.84,45.308,680,102
2219-10-07T01:20:00Z,2304.8,798.9,421.12,0.45,372.51,4387.7,21.12,38.865,735,101.85
2219-10-07T01:30:00Z,2276.8,798.1,424.72,0.455,369.33,4310,21.12,38.75,780,101.78
2219-10-07T01:40:00Z,2306.5,800.8,428.24,0.46,370.8,4338.5,21.08,39.577,730,101.75
2219-10-07T01:50:00Z,2304.8,800,430.8,0.46,373.71,4359.3,21.29,34.553,645,102
2219-10-07T02:00:00Z,2320.5,801.5,427.04,0.465,378.99,4373.3,21.25,35.216,660,101.82
2219-10-07T02:10:00Z,2273.2,799.7,419.6,0.46,376.91,4316.8,21.29,34.034,620,101.78
2219-10-07T02:20:00Z,2311.8,799.8,426.16,0.465,369.49,4307.4,21.11,37.995,660,101.73
2219-10-07T02:30:00Z,2311.8,798.8,418.96,0.46,370.62,4392.9,21.06,39.067,550,101.58
2219-10-07T02:40:00Z,2327.5,798.8,417.92,0.46,372.96,4336.3,21.07,38.774,615,101.55
2219-10-07T02:50:00Z,2289,800.3,424.96,0.455,373.31,4332.6,21.09,38.236,650,101.76
2219-10-07T03:00:00Z,2290.8,800.7,426.24,0.45,374.86,4313.6,21.3,33.202,660,101.73
2219-10-07T03:10:00Z,2257.5,799.9,426.64,0.46,375.97,4296.4,21.28,33.385,690,101.81
2219-10-07T03:20:00Z,2311.8,801.3,427.92,0.47,378.41,4336,21.06,38.298,705,101.63
2219-10-07T03:30:00Z,2296,800.8,429.52,0.47,374.79,4343.7,21.29,32.822,735,101.58
2219-10-07T03:40:00Z,2327.5,800.9,427.28,0.46,376.58,4340.4,21.18,35.135,685,101.7
2219-10-07T03:50:00Z,2306.5,800.5,430.8,0.465,374.71,4328.5,21.25,33.313,740,101.75
2219-10-07T04:00:00Z,2299.5,800.9,431.2,0.465,373.53,4347.5,21.14,35.663,660,101.72
2219-10-07T04:10:00Z,2299.5,800.5,429.2,0.465,375.33,4335.8,21.11,36.236,600,101.69
2219-10-07T04:20:00Z,2315.2,800.3,424.8,0.46,372.81,4298,21.15,35.188,645,101.72
2219-10-07T04:30:00Z,2282,798.6,426.88,0.465,368.87,4300,21.12,35.75,680,101.66
2219-10-07T04:40:00Z,2292.5,799.8,425.68,0.465,375.98,4311.1,21.12,35.635,725,101.66
2219-10-07T04:50:00Z,2268,799.7,427.28,0.46,369.82,4319.3,20.93,39.995,775,101.61
2219-10-07T05:00:00Z,2285.5,800.4,422.4,0.46,369.27,4336.8,21.11,35.822,930,101.54
2219-10-07T05:10:00Z,2292.5,800.2,422.08,0.46,373.86,4317.9,20.93,39.957,715,101.72
2219-10-07T05:20:00Z,2338,799,415.04,0.455,373.83,4331.8,20.78,43.558,675,101.73
2219-10-07T05:30:00Z,2306.5,798.6,416.4,0.465,372.44,4334.7,20.94,40,805,101.61
2219-10-07T05:40:00Z,2292.5,799.1,411.36,0.465,376.66,4344.3,21,38.644,835,101.63
2219-10-07T05:50:00Z,2301.2,799.5,412.4,0.45,373.14,4326.8,21.06,37.231,715,101.63
2219-10-07T06:00:00Z,2299.5,799.1,410.64,0.465,374.3,4267.5,20.94,40,935,101.51
2219-10-07T06:10:00Z,2318.8,799.8,412.56,0.455,375.05,4347.2,21.01,38.409,915,101.51
2219-10-07T06:20:00Z,2294.2,799.8,408.88,0.47,374.81,4379.4,20.9,40.99,815,101.45
2219-10-07T06:30:00Z,2336.2,799.6,413.68,0.47,375.69,4355.8,20.89,41.322,785,101.55
2219-10-07T06:40:00Z,2282,801.5,416.96,0.455,375.76,4331.6,20.88,41.663,770,101.61
2219-10-07T06:50:00Z,2282,801.4,419.92,0.455,370.95,4341.9,20.94,40.365,830,101.64
2219-10-07T07:00:00Z,2320.5,801.7,418.64,0.465,376.87,4341.4,20.73,45.37,855,101.55
2219-10-07T07:10:00Z,2278.5,800.1,421.6,0.46,374.22,4306,20.89,41.861,810,101.69
2219-10-07T07:20:00Z,2310,800.6,422.64,0.46,375.75,4367.8,20.88,42.202,910,101.57
2219-10-07T07:30:00Z,2271.5,801.1,421.6,0.46,377.32,4338.5,20.84,43.26,855,101.76
2219-10-07T07:40:00Z,2317,799.8,415.76,0.45,368.81,4308.1,20.9,42,745,101.73
2219-10-07T07:50:00Z,2278.5,798.8,411.84,0.455,373.86,4340.9,20.64,48.221,670,101.82
2219-10-07T08:00:00Z,2308.2,799.5,412,0.46,375.96,4364.3,20.82,44.327,655,101.7
2219-10-07T08:10:00Z,2311.8,799.1,410.64,0.455,370.43,4359.5,20.89,42.851,695,101.61
2219-10-07T08:20:00Z,2313.5,799.7,408.24,0.455,374.77,4313.7,20.81,44.841,705,101.61
2219-10-07T08:30:00Z,2296,799.8,406.32,0.465,370.85,4350.9,20.89,43.139,685,101.67
2219-10-07T08:40:00Z,2297.8,799.9,411.52,0.46,369.47,4319,20.85,44.188,610,101.66
2219-10-07T08:50:00Z,2297.8,800.8,413.44,0.46,373.27,4340.9,20.96,41.74,745,101.78
2219-10-07T09:00:00Z,2289,800.9,416,0.455,368.62,4329.7,20.98,41.308,715,101.63
2219-10-07T09:10:00Z,2271.5,800.6,416.8,0.46,369.77,4334.6,21.03,40.149,810,101.67
2219-10-07T09:20:00Z,2271.5,801.3,415.76,0.465,378.85,4332.7,20.78,46.01,765,101.88
2219-10-07T09:30:00Z,2294.2,801.1,417.28,0.465,372.75,4353.4,20.93,42.688,710,101.81
2219-10-07T09:40:00Z,2327.5,800.4,414.56,0.465,378.04,4342.1,20.8,45.817,810,101.87
2219-10-07T09:50:00Z,2318.8,799.5,414.96,0.46,375.81,4346,20.86,44.596,695,101.78
2219-10-07T10:00:00Z,2276.8,799,409.44,0.455,369.92,4305.7,20.76,47.087,735,101.82
2219-10-07T10:10:00Z,2269.8,799.6,406,0.46,372.13,4307.9,20.96,42.606,710,101.82
2219-10-07T10:20:00Z,2317,799.2,404.72,0.455,377.18,4350.7,20.81,46.178,795,101.66
2219-10-07T10:30:00Z,2345,799.3,405.52,0.46,369.18,4386.8,21.03,41.178,830,101.85
2219-10-07T10:40:00Z,2290.8,799.7,405.76,0.46,373.39,4325.4,20.98,42.327,755,101.72
2219-10-07T10:50:00Z,2296,799.5,403.52,0.45,375.12,4347.2,20.97,42.582,710,101.82
2219-10-07T11:00:00Z,2353.8,799.2,401.04,0.465,370.83,4369.8,20.69,49.207,665,101.81
2219-10-07T11:10:00Z,2296,799.2,399.52,0.47,371.34,4321.8,20.89,44.793,620,101.73
2219-10-07T11:20:00Z,2269.8,799.1,400.56,0.46,372.21,4325.8,20.66,50.317,675,101.87
2219-10-07T11:30:00Z,2289,800.3,405.04,0.46,376.26,4343.3,20.82,46.875,845,101.58
2219-10-07T11:40:00Z,2301.2,801.8,410.16,0.46,377.42,4343.1,20.87,45.87,780,101.7
2219-10-07T11:50:00Z,2282,801.5,410.56,0.47,378.33,4358,20.89,45.524,740,101.73
2219-10-07T12:00:00Z,2308.2,801,414.08,0.46,378.69,4364.9,21.09,40.918,755,101.81
2219-10-07T12:10:00Z,2329.2,799.9,413.6,0.465,380.05,4374.5,20.96,43.894,755,101.81
2219-10-07T12:20:00Z,2292.5,800.6,410.96,0.465,373.31,4316.3,21.09,40.87,760,101.78
2219-10-07T12:30:00Z,2322.2,800.3,411.92,0.465,373.55,4392.6,21.04,41.962,865,101.7
2219-10-07T12:40:00Z,2269.8,800.5,416.16,0.46,373.05,4341.1,21.04,41.923,845,101.58
2219-10-07T12:50:00Z,2275,801.3,417.6,0.47,370.37,4334.7,20.86,46.125,870,101.79
2219-10-07T13:00:00Z,2297.8,801.2,421.84,0.455,372.32,4344.3,21,42.962,755,101.63
2219-10-07T13:10:00Z,2296,800.5,424.96,0.46,373.3,4355.2,21.21,38.014,780,101.69
2219-10-07T13:20:00Z,2275,801.5,425.68,0.46,376.93,4363.7,21.07,41.111,880,101.55
2219-10-07T13:30:00Z,2311.8,800.9,427.44,0.465,371.71,4374.7,21.05,41.514,875,101.76
2219-10-07T13:40:00Z,2327.5,801.4,424.88,0.465,375.14,4371.2,20.97,43.351,925,101.67
2219-10-07T13:50:00Z,2331,799.4,420.56,0.465,373.67,4395.5,20.83,46.678,1000,101.45
2219-10-07T14:00:00Z,2348.5,799.2,421.84,0.465,375.09,4350.5,21,42.837,860,101.64
2219-10-07T14:10:00Z,2290.8,799.6,423.6,0.465,376.31,4297.2,21,42.837,970,101.55
2219-10-07T14:20:00Z,2303,799.9,423.92,0.46,375.6,4338.6,21.03,42.13,780,101.46
2219-10-07T14:30:00Z,2299.5,799.2,422.64,0.45,370.96,4342.3,21.01,42.572,825,101.58
2219-10-07T14:40:00Z,2350.2,799.2,423.2,0.455,373.99,4349.4,20.93,44.447,820,101.51
2219-10-07T14:50:00Z,2311.8,799.1,418.32,0.465,370.24,4320.5,21.06,41.452,855,101.27
2219-10-07T15:00:00Z,2289,799.5,420.8,0.46,373.95,4295.8,21.11,40.216,785,101.37
2219-10-07T15:10:00Z,2311.8,800.2,420,0.46,372.57,4375.7,21.09,40.582,810,101.54
2219-10-07T15:20:00Z,2294.2,799.5,416.48,0.46,373.03,4341,21.18,38.375,830,101.55
2219-10-07T15:30:00Z,2322.2,799.2,415.2,0.46,373.88,4333.6,21.35,34.197,770,101.7
2219-10-07T15:40:00Z,2296,799.8,418.24,0.46,370.88,4356.8,21.18,37.865,665,101.54
2219-10-07T15:50:00Z,2252.2,799.7,420.16,0.465,368.94,4318.8,21.09,39.813,800,101.46
2219-10-07T16:00:00Z,2324,800.1,420.24,0.46,371.36,4292.8,21.35,33.601,835,101.55
2219-10-07T16:10:00Z,2325.8,799.9,416.32,0.46,373.06,4367,21.13,38.447,920,101.49
2219-10-07T16:20:00Z,2304.8,800.9,419.44,0.465,374.79,4373.8,21.26,35.26,870,101.55
2219-10-07T16:30:00Z,2299.5,801.3,416.88,0.465,372.56,4313.3,21.31,33.832,800,101.42
2219-10-07T16:40:00Z,2296,800.3,415.04,0.45,372.29,4335,21.29,34.005,775,101.63
2219-10-07T16:50:00Z,2271.5,800,416.64,0.455,374.3,4346.1,21.36,32.077,815,101.61
2219-10-07T17:00:00Z,2276.8,798.8,414.88,0.455,367.97,4318.6,21.2,35.5,785,101.55
2219-10-07T17:10:00Z,2280.2,799.6,414.16,0.465,377.55,4302.4,20.93,41.668,765,101.48
2219-10-07T17:20:00Z,2276.8,799.3,410.32,0.46,368.04,4311.3,21.19,35.611,880,101.58
2219-10-07T17:30:00Z,2317,798.9,412.72,0.465,370.92,4334.6,21.02,39.433,840,101.58
2219-10-07T17:40:00Z,2306.5,799.4,415.84,0.465,374.08,4357.3,21.3,32.817,885,101.33
2219-10-07T17:50:00Z,2289,800.1,413.44,0.46,373.13,4361.8,21.36,31.115,800,101.4
2219-10-07T18:00:00Z,2282,800.5,417.2,0.46,374.9,4325.2,21.11,36.659,800,101.42
2219-10-07T18:10:00Z,2264.5,799.5,412.88,0.46,371.16,4305.8,20.98,39.615,905,101.49
2219-10-07T18:20:00Z,2317,799.7,409.52,0.455,372.61,4341.3,20.96,40.106,880,101.15
2219-10-07T18:30:00Z,2299.5,800.1,412.32,0.455,374.83,4356.3,21.13,36.139,1005,101.24
2219-10-07T18:40:00Z,2301.2,800.1,416.64,0.46,375.9,4350.7,21.04,38.135,955,101.09
2219-10-07T18:50:00Z,2283.8,801,419.2,0.465,371.69,4314.1,21.1,36.683,890,101.22
2219-10-07T19:00:00Z,2283.8,800.2,417.68,0.46,372.85,4353.3,21.15,35.409,995,101.16
2219-10-07T19:10:00Z,2313.5,800.1,417.92,0.46,374.2,4388.2,21.02,38.327,1025,101.27
2219-10-07T19:20:00Z,2301.2,800.7,420.4,0.46,373.07,4365.6,21.19,34.303,865,101.13
2219-10-07T19:30:00Z,2276.8,800.5,421.44,0.46,371.99,4355.3,21.1,36.24,1000,101.24
2219-10-07T19:40:00Z,2280.2,799.8,420.32,0.47,376.8,4346.2,21.2,33.788,920,101.18
2219-10-07T19:50:00Z,2268,799.9,421.84,0.465,373.51,4309.1,21.08,36.423,905,101.15
2219-10-07T20:00:00Z,2264.5,799.4,419.84,0.46,377.1,4306.9,21.23,32.813,970,101.3
2219-10-07T20:10:00Z,2315.2,799.7,419.68,0.465,375.83,4370.1,21.04,37.067,1015,101.16
2219-10-07T20:20:00Z,2276.8,798.6,417.2,0.455,367.08,4336.7,20.99,38.207,1015,101.03
2219-10-07T20:30:00Z,2308.2,798.8,415.92,0.47,373.33,4360.3,20.96,38.923,915,100.92
2219-10-07T20:40:00Z,2318.8,799.8,418.16,0.455,371.03,4351.3,20.98,38.49,905,101.07
2219-10-07T20:50:00Z,2261,800.4,415.76,0.45,373.02,4269.3,20.88,40.865,915,101.12
2219-10-07T21:00:00Z,2303,799.7,415.28,0.45,373.36,4312,21.03,37.447,860,101.12
2219-10-07T21:10:00Z,2294.2,799.8,415.04,0.465,368.42,4322.6,20.99,38.361,760,101.19
2219-10-07T21:20:00Z,2283.8,799.9,415.36,0.465,376.99,4286.6,20.97,38.841,860,101.12
2219-10-07T21:30:00Z,2278.5,799.8,417.36,0.465,375.32,4308.6,21.09,36.043,820,101.21
2219-10-07T21:40:00Z,2283.8,800.2,421.52,0.46,375.09,4305.6,21.01,37.841,810,101.37
2219-10-07T21:50:00Z,2303,800.1,417.76,0.47,372.98,4347.5,20.78,43.25,810,101.52
2219-10-07T22:00:00Z,2318.8,801.1,419.6,0.46,373.36,4363,20.96,39.221,850,101.45
2219-10-07T22:10:00Z,2329.2,801.2,419.84,0.45,379.38,4367.5,21,38.317,695,101.45
2219-10-07T22:20:00Z,2336.2,800.1,414.56,0.46,376.43,4365.5,21.01,38.082,910,101.42
2219-10-07T22:30:00Z,2308.2,798.6,415.2,0.47,372.82,4344.7,21.17,34.303,735,101.27
2219-10-07T22:40:00Z,2273.2,800.1,413.52,0.46,369.83,4333.4,21.11,35.553,860,101.31
2219-10-07T22:50:00Z,2280.2,799.4,415.12,0.455,374.12,4344.9,21.3,30.971,795,101.48
2219-10-07T23:00:00Z,2331,799.7,416.72,0.465,370.6,4345.1,21.19,33.274,675,101.19
2219-10-07T23:10:00Z,2318.8,800.5,415.04,0.465,375.27,4337.5,21.14,34.269,750,101.27
2219-10-07T23:20:00Z,2290.8,800.4,423.84,0.465,374.57,4337.6,20.99,37.668,965,101.16
2219-10-07T23:30:00Z,2287.2,800.8,425.36,0.45,374.3,4352.4,20.99,37.678,1000,101.06
2219-10-07T23:40:00Z,2320.5,801.7,425.28,0.47,376.73,4365.6,21.08,35.567,1000,101.09
2219-10-07T23:50:00Z,2301.2,800.5,424.72,0.465,373.4,4344.4,21.4,27.952,880,100.98
2219-10-08T00:00:00Z,2303,800.9,425.84,0.465,372.95,4366.6,21.11,34.399,860,101.03
2219-10-08T00:10:00Z,2336.2,801.2,426.4,0.46,373.99,4336.6,21.34,28.875,865,101.04
2219-10-08T00:20:00Z,2280.2,800.1,424.08,0.455,371.73,4338.6,21.14,33.26,925,101.04
2219-10-08T00:30:00Z,2294.2,798.7,422,0.455,371.7,4304.9,21.28,29.827,885,100.94
2219-10-08T00:40:00Z,2317,798.9,418.32,0.45,371.24,4315.9,21.35,27.909,940,101.07
2219-10-08T00:50:00Z,2268,799.2,417.2,0.46,370.79,4351.4,21.23,30.399,840,101.07
2219-10-08T01:00:00Z,2271.5,799.4,416.88,0.455,375.85,4338.5,21.26,29.471,820,101.12
2219-10-08T01:10:00Z,2276.8,799,415.44,0.465,366.72,4326.3,21.23,29.928,920,100.95
2219-10-08T01:20:00Z,2264.5,800.2,420.88,0.46,371.33,4310.2,21.12,32.298,785,100.88
2219-10-08T01:30:00Z,2310,800.3,423.04,0.47,369.81,4375.9,21.19,30.534,850,100.88
2219-10-08T01:40:00Z,2294.2,800.1,423.2,0.47,374.2,4365.4,21.15,31.293,805,101.04
2219-10-08T01:50:00Z,2282,800.8,417.52,0.46,373.67,4320.8,21.23,29.264,800,101.06
2219-10-08T02:00:00Z,2311.8,801.9,419.92,0.47,370.22,4330.4,21.09,32.341,945,100.85
2219-10-08T02:10:00Z,2289,799.8,419.36,0.465,372.78,4342.5,21.11,31.784,920,100.91
2219-10-08T02:20:00Z,2320.5,800.3,420.4,0.455,373.42,4342.9,21.24,28.615,875,100.83
2219-10-08T02:30:00Z,2287.2,800.5,421.28,0.455,370.06,4369.7,20.94,35.452,740,100.95
2219-10-08T02:40:00Z,2304.8,800.1,419.44,0.47,376.87,4304.6,20.94,35.51,825,101
2219-10-08T02:50:00Z,2322.2,800.4,424.32,0.465,377.56,4317.7,21.04,33.212,830,100.71
2219-10-08T03:00:00Z,2290.8,800.2,420.4,0.465,373.8,4295.8,21.19,29.639,825,100.74
2219-10-08T03:10:00Z,2320.5,799.3,419.6,0.46,373.72,4366.3,21.13,30.87,815,100.83
2219-10-08T03:20:00Z,2308.2,799.6,423.84,0.455,372.16,4342.4,21.05,32.63,890,100.92
2219-10-08T03:30:00Z,2287.2,800.9,427.2,0.46,379.23,4339.4,21.13,30.697,765,100.98
2219-10-08T03:40:00Z,2282,801,424.24,0.455,375.95,4301.9,21.15,30.101,760,100.88
2219-10-08T03:50:00Z,2283.8,799.9,421.68,0.465,372.61,4326.9,21.04,32.548,840,100.83
2219-10-08T04:00:00Z,2255.8,800.1,424.08,0.465,370.81,4313,21.09,31.332,765,100.94
2219-10-08T04:10:00Z,2266.2,799.7,421.76,0.465,371.74,4330.9,20.94,34.779,760,100.79
2219-10-08T04:20:00Z,2278.5,799.7,420.48,0.46,368.72,4349.7,21.16,29.654,820,100.83
2219-10-08T04:30:00Z,2317,799.7,421.28,0.45,371.62,4354.2,20.96,34.212,755,100.86
2219-10-08T04:40:00Z,2289,799.1,423.52,0.46,374.59,4333.5,21.19,28.832,740,100.98
2219-10-08T04:50:00Z,2317,800.8,425.68,0.46,369.18,4319.3,21.14,29.827,910,100.88
2219-10-08T05:00:00Z,2294.2,800.1,428.16,0.455,371.27,4357.2,21.19,28.514,805,100.77
2219-10-08T05:10:00Z,2303,801.7,424.08,0.46,376.24,4349.4,21.05,31.63,810,101.01
2219-10-08T05:20:00Z,2289,799.9,426.16,0.455,375.35,4361,21.03,32.053,735,101
2219-10-08T05:30:00Z,2266.2,800.5,428.4,0.46,374.55,4319.4,21.12,29.904,695,100.86
2219-10-08T05:40:00Z,2329.2,800.1,423.36,0.465,375.24,4334.8,21,32.615,775,100.86
2219-10-08T05:50:00Z,2310,798.5,420.32,0.46,377.07,4297.8,20.98,33.087,765,100.95
2219-10-08T06:00:00Z,2315.2,799.4,420.64,0.455,371.26,4354.7,21.2,27.923,820,100.92
2219-10-08T06:10:00Z,2299.5,800.2,421.84,0.46,372.29,4341.5,20.88,35.269,845,100.82
2219-10-08T06:20:00Z,2306.5,800.6,420.16,0.455,376.04,4363,21.01,32.322,720,100.88
2219-10-08T06:30:00Z,2289,799.8,420.64,0.46,368.39,4333.2,20.99,32.784,770,100.83
2219-10-08T06:40:00Z,2306.5,800.2,421.84,0.465,368.36,4343.4,20.88,35.385,750,100.97
2219-10-08T06:50:00Z,2304.8,799.3,417.6,0.46,375.43,4348.6,20.92,34.558,760,101.06
2219-10-08T07:00:00Z,2271.5,799.3,418.32,0.46,375.57,4316.1,20.99,32.986,755,100.95
2219-10-08T07:10:00Z,2315.2,800.1,416.32,0.46,375.62,4335.7,20.9,35.115,610,100.89
2219-10-08T07:20:00Z,2327.5,799.3,417.76,0.455,374.94,4305.6,21.12,30.029,860,100.97
2219-10-08T07:30:00Z,2297.8,800.1,418.56,0.47,374.68,4360.6,20.92,34.625,815,100.92
2219-10-08T07:40:00Z,2341.5,799.6,419.6,0.46,372.12,4338.8,20.93,34.466,785,100.82
2219-10-08T07:50:00Z,2303,799.9,423.6,0.455,374.21,4328.2,20.8,37.596,705,100.76
2219-10-08T08:00:00Z,2304.8,801.3,422.24,0.47,370.78,4381.4,20.75,38.966,710,100.92
2219-10-08T08:10:00Z,2259.2,800.4,421.2,0.46,377.82,4337.6,21,33.317,675,101.01
2219-10-08T08:20:00Z,2334.5,799.7,422.8,0.46,371.25,4340.1,20.91,35.438,745,101.01
2219-10-08T08:30:00Z,2306.5,800.1,422.96,0.47,377.31,4368.5,20.84,37.173,755,100.98
2219-10-08T08:40:00Z,2315.2,800.5,421.92,0.47,372.3,4346.1,20.95,34.736,665,101.15
2219-10-08T08:50:00Z,2282,800,420.32,0.445,372.16,4333.9,20.94,35.019,700,101.1
2219-10-08T09:00:00Z,2296,800.3,424.24,0.45,372.22,4325.3,20.9,36.019,695,101.15
2219-10-08T09:10:00Z,2325.8,800.7,419.36,0.465,371.39,4348.1,20.83,37.764,805,101.34
2219-10-08T09:20:00Z,2276.8,799.6,415.12,0.455,376.36,4319.9,20.82,38.163,720,101.3
2219-10-08T09:30:00Z,2339.8,799.3,417.36,0.455,375.62,4349.8,20.94,35.51,685,101.19
2219-10-08T09:40:00Z,2317,799.7,420.24,0.46,372.65,4330.3,20.88,36.981,650,101.22
2219-10-08T09:50:00Z,2320.5,800.2,424.64,0.45,374.2,4351.8,21.02,33.798,605,101.12
2219-10-08T10:00:00Z,2303,800.3,420.48,0.46,375.1,4331.5,21.08,32.365,540,101.25
2219-10-08T10:10:00Z,2346.8,799.2,421.04,0.465,370.8,4382.3,20.74,40.298,705,101.28
2219-10-08T10:20:00Z,2317,799.6,420.56,0.465,371.06,4335.2,20.81,38.899,635,101.15
2219-10-08T10:30:00Z,2324,799.5,417.68,0.46,373.59,4342.9,20.98,35.077,595,101.09
2219-10-08T10:40:00Z,2289,800,418.56,0.46,372.89,4341.2,20.94,36.038,650,101.1
2219-10-08T10:50:00Z,2310,800.4,421.2,0.455,371.2,4322.2,20.92,36.567,550,101.27
2219-10-08T11:00:00Z,2292.5,800,418.56,0.46,370.05,4350.2,20.87,37.822,680,101.34
2219-10-08T11:10:00Z,2308.2,799.6,421.52,0.46,374.97,4325.5,20.87,37.947,640,101.27
2219-10-08T11:20:00Z,2296,800.6,426.96,0.465,373.32,4343.5,20.85,38.543,675,101.48
2219-10-08T11:30:00Z,2290.8,800.3,423.52,0.47,374.01,4363.7,20.87,38.216,630,101.33
2219-10-08T11:40:00Z,2287.2,801,424.48,0.46,373.75,4330.5,20.95,36.457,675,101.28
2219-10-08T11:50:00Z,2236.5,800.7,424.16,0.465,375.06,4352.4,20.92,37.212,645,101.36
2219-10-08T12:00:00Z,2259.2,799.8,422.8,0.45,370.53,4282.2,20.79,40.351,650,101.24
2219-10-08T12:10:00Z,2271.5,800.2,420.56,0.46,375.01,4329.5,20.88,38.433,565,101.37
2219-10-08T12:20:00Z,2317,799.3,421.84,0.46,373.93,4340,21.11,33.13,645,101.31
2219-10-08T12:30:00Z,2255.8,799.9,423.52,0.465,373.09,4261.7,21.02,35.144,645,101.22
2219-10-08T12:40:00Z,2334.5,801,428.64,0.47,373.75,4333,20.83,39.601,585,101.06
2219-10-08T12:50:00Z,2266.2,799.7,421.12,0.46,371.11,4315.5,21.11,33.168,595,101.19
2219-10-08T13:00:00Z,2282,799.4,423.2,0.46,372.19,4314.9,20.86,38.952,735,101.33
2219-10-08T13:10:00Z,2329.2,799.7,427.92,0.455,376.53,4337.3,20.86,39.087,745,101.25
2219-10-08T13:20:00Z,2310,800.7,424.08,0.455,375.26,4365.9,20.87,38.986,730,101.34
2219-10-08T13:30:00Z,2304.8,800.3,426.96,0.46,375.01,4326.4,20.98,36.519,795,101.48
2219-10-08T13:40:00Z,2310,800.4,425.36,0.46,373.49,4337.8,21.03,35.361,795,101.25
2219-10-08T13:50:00Z,2250.5,800.2,423.28,0.46,376.38,4289.2,20.97,36.745,830,101.28
2219-10-08T14:00:00Z,2287.2,799.9,421.44,0.47,373.86,4350.2,20.92,37.952,790,101.3
2219-10-08T14:10:00Z,2294.2,799.9,425.76,0.465,373.36,4342.4,21,36.144,790,101.25
2219-10-08T14:20:00Z,2278.5,800.4,424.48,0.465,372.21,4321.4,20.75,42.034,840,101.22
2219-10-08T14:30:00Z,2296,799.5,427.04,0.455,373.99,4333.5,21.14,33.087,810,101.31
2219-10-08T14:40:00Z,2327.5,799,423.28,0.46,372.94,4365.7,21.1,33.894,795,101.36
2219-10-08T14:50:00Z,2282,799.1,414.24,0.46,373.17,4286.5,21.34,28.144,785,101.21
2219-10-08T15:00:00Z,2317,799.3,416,0.455,371.82,4324.9,21.15,32.293,830,101.1
2219-10-08T15:10:00Z,2294.2,798.8,413.04,0.47,370.54,4284.7,20.99,35.918,880,101.25
2219-10-08T15:20:00Z,2313.5,799.4,418.4,0.46,369.6,4300.7,21.07,34.043,870,101.31
2219-10-08T15:30:00Z,2299.5,800,414.88,0.46,373.97,4332.4,21.14,32.327,825,101.3
2219-10-08T15:40:00Z,2269.8,799.8,411.92,0.46,369.81,4341.3,20.92,37.375,865,101.4
2219-10-08T15:50:00Z,2283.8,799.3,408,0.46,371.47,4317.7,20.97,36.274,700,101.34
2219-10-08T16:00:00Z,2273.2,798.6,415.12,0.465,372.83,4259.4,21.01,35.361,800,101.3
2219-10-08T16:10:00Z,2290.8,800.2,415.04,0.455,369.29,4358.8,21.09,33.466,855,101.24
2219-10-08T16:20:00Z,2282,800.7,418.24,0.45,372.96,4347.7,21.17,31.495,830,101.18
2219-10-08T16:30:00Z,2285.5,801.1,420.24,0.455,374.64,4349.6,20.96,36.279,960,101.06
2219-10-08T16:40:00Z,2306.5,800.7,418.96,0.46,380.08,4376.8,20.86,38.673,925,101.04
2219-10-08T16:50:00Z,2285.5,800.5,419.76,0.465,368.84,4324,21.04,34.567,850,101.07
2219-10-08T17:00:00Z,2322.2,799.5,414.64,0.455,373.85,4336.3,20.82,39.712,1005,101.04
2219-10-08T17:10:00Z,2287.2,799.8,417.04,0.465,367.27,4319.1,21.17,31.639,985,101.03
2219-10-08T17:20:00Z,2304.8,800,416.88,0.455,371.82,4315.4,21.11,32.889,870,101.21
2219-10-08T17:30:00Z,2341.5,800.3,419.44,0.46,373.17,4349,21.22,30.192,795,101.13
2219-10-08T17:40:00Z,2304.8,800.1,421.84,0.46,376.09,4340,21.09,33.043,875,101.19
2219-10-08T17:50:00Z,2290.8,800.2,415.2,0.455,376.49,4381.2,20.93,36.726,855,101.19
2219-10-08T18:00:00Z,2336.2,798.7,411.92,0.45,374.17,4353.1,21.12,32.317,765,101.39
2219-10-08T18:10:00Z,2275,799.2,416.4,0.465,372.46,4306.3,21.08,33.144,895,101.34
2219-10-08T18:20:00Z,2289,800.3,415.44,0.465,373.94,4351.2,21,34.952,780,101.25
2219-10-08T18:30:00Z,2283.8,799.9,412.56,0.46,373.84,4343.2,20.94,36.365,915,101.34
2219-10-08T18:40:00Z,2310,799.4,414.56,0.455,369.95,4374.9,21.03,34.303,945,101.24
2219-10-08T18:50:00Z,2306.5,800.1,414.64,0.465,374.37,4307.4,20.78,40.163,860,101.4
2219-10-08T19:00:00Z,2304.8,800.3,415.68,0.46,374.64,4304.1,20.9,37.548,770,101.27
2219-10-08T19:10:00Z,2289,800.7,418,0.46,375.17,4348.1,20.85,38.822,880,101.19
2219-10-08T19:20:00Z,2287.2,799.8,417.28,0.455,374.7,4364.4,20.88,38.26,890,101.24
2219-10-08T19:30:00Z,2324,799.5,414.96,0.46,372.03,4378,20.9,37.904,800,101.25
2219-10-08T19:40:00Z,2317,800,419.44,0.46,372.99,4327,20.93,37.293,770,101.27
2219-10-08T19:50:00Z,2271.5,800,418.88,0.465,366.33,4330.8,21.01,35.476,905,101.22
2219-10-08T20:00:00Z,2283.8,800.7,422.72,0.455,376.63,4293.4,20.76,41.356,830,101.3
2219-10-08T20:10:00Z,2292.5,800.1,425.44,0.46,373.16,4313.8,20.84,39.702,805,101.33
2219-10-08T20:20:00Z,2282,801.2,427.6,0.46,370.53,4341.1,20.87,39.149,850,101.31
2219-10-08T20:30:00Z,2332.8,800.7,426.32,0.46,379.5,4374.7,20.8,40.923,760,101.34
2219-10-08T20:40:00Z,2283.8,800.6,425.84,0.455,378.16,4339.8,20.91,38.524,745,101.25
2219-10-08T20:50:00Z,2294.2,800.2,429.6,0.47,373.96,4363.1,21.04,35.548,850,101.45
2219-10-08T21:00:00Z,2339.8,799.8,431.44,0.46,373.23,4393.2,20.94,37.865,890,101.46
2219-10-08T21:10:00Z,2276.8,800.9,432.4,0.465,371.04,4339.3,21.09,34.389,885,101.52
2219-10-08T21:20:00Z,2315.2,800.6,434.08,0.46,373.94,4348,20.99,36.659,760,101.36
2219-10-08T21:30:00Z,2283.8,800.4,433.12,0.46,373.63,4323.6,20.8,41.144,745,101.45
2219-10-08T21:40:00Z,2299.5,800,432.8,0.465,377.71,4337.2,21.1,34.269,715,101.42
2219-10-08T21:50:00Z,2276.8,799.7,428.72,0.46,370.12,4335.9,21.19,32.053,760,101.69
2219-10-08T22:00:00Z,2296,798.9,430.8,0.46,373.09,4301.1,21,36.346,675,101.46
2219-10-08T22:10:00Z,2289,799.8,431.68,0.465,376.04,4302.3,21.15,32.813,715,101.42
2219-10-08T22:20:00Z,2275,799.4,429.44,0.465,373.51,4308.4,21.08,34.317,770,101.43
2219-10-08T22:30:00Z,2296,799.5,423.12,0.465,366.35,4349.7,20.93,37.774,785,101.27
2219-10-08T22:40:00Z,2303,798.8,424.56,0.46,371.71,4347.6,21.15,32.659,745,101.33
2219-10-08T22:50:00Z,2283.8,799.1,423.2,0.46,370.95,4323.1,21.16,32.279,775,101.34
2219-10-08T23:00:00Z,2339.8,798.6,415.44,0.455,374.18,4343.3,21.32,28.356,770,101.25
2219-10-08T23:10:00Z,2303,798.2,415.92,0.46,371.49,4313.6,21.4,26.163,670,101.25
2219-10-08T23:20:00Z,2303,798.8,414.96,0.465,371.61,4315.4,21.17,31.197,690,101.19
2219-10-08T23:30:00Z,2287.2,799.8,417.92,0.455,372.4,4338.3,21.14,31.74,655,101.39
2219-10-08T23:40:00Z,2266.2,799.8,414.64,0.465,371.84,4281.7,21.15,31.37,655,101.33
2219-10-08T23:50:00Z,2254,799.9,414.08,0.455,372.87,4285,20.97,35.466,675,101.25
2219-10-09T00:00:00Z,2304.8,800.2,416.08,0.455,371.2,4317.1,21.29,27.957,725,101.33
2219-10-09T00:10:00Z,2290.8,800.3,421.12,0.455,373.82,4376.7,21.34,26.5,640,101.45
2219-10-09T00:20:00Z,2331,800,418.88,0.465,367.4,4290.2,21.25,28.293,700,101.36
2219-10-09T00:30:00Z,2289,800.2,411.6,0.455,370.77,4315.4,21.19,29.466,700,101.45
2219-10-09T00:40:00Z,2303,799.1,413.68,0.46,374.54,4328.5,21.17,29.755,705,101.34
2219-10-09T00:50:00Z,2290.8,800.2,418.56,0.455,371.29,4291.4,21.12,30.769,585,101.51
2219-10-09T01:00:00Z,2315.2,799.9,416.8,0.46,374.11,4341.2,21.24,27.827,690,101.27
2219-10-09T01:10:00Z,2268,800.2,420,0.46,373.56,4370.6,21.22,28.067,655,101.42
2219-10-09T01:20:00Z,2310,799.8,419.36,0.455,372.86,4372.5,21.31,25.736,595,101.39
2219-10-09T01:30:00Z,2332.8,799.8,417.04,0.465,380.76,4366.4,21.18,28.5,630,101.42
2219-10-09T01:40:00Z,2331,800.8,422.96,0.46,372.56,4358.5,21.21,27.62,565,101.39
2219-10-09T01:50:00Z,2306.5,800.8,422.08,0.46,372.45,4328.6,21.19,27.889,585,101.34
2219-10-09T02:00:00Z,2283.8,800.7,420.96,0.46,372.59,4317.3,21.26,26.058,675,101.33
2219-10-09T02:10:00Z,2310,800.8,419.28,0.455,371.06,4330.2,21.24,26.279,625,101.63
2219-10-09T02:20:00Z,2329.2,799.7,422.08,0.465,373.39,4352,21.25,25.813,700,101.67
2219-10-09T02:30:00Z,2283.8,799.7,419.28,0.465,374.51,4336.6,21.29,24.63,635,101.67
2219-10-09T02:40:00Z,2282,800,420,0.475,373.03,4287.7,21.32,23.644,615,101.52
2219-10-09T02:50:00Z,2290.8,800.4,421.04,0.45,371.53,4339.9,21.25,24.986,425,101.42
2219-10-09T03:00:00Z,2290.8,800.7,420.88,0.465,373.1,4339.5,21.19,26.159,410,101.45
2219-10-09T03:10:00Z,2318.8,798.9,418.72,0.46,375.13,4350.7,21.18,26.212,555,101.67
2219-10-09T03:20:00Z,2341.5,800.5,423.04,0.455,372.6,4349.4,21.42,20.385,520,101.58
2219-10-09T03:30:00Z,2327.5,800.4,424.96,0.465,373.65,4358.5,21.26,23.75,530,101.61
2219-10-09T03:40:00Z,2317,800.3,426.16,0.46,373.56,4335.4,21.38,20.673,545,101.73
2219-10-09T03:50:00Z,2331,801.4,431.44,0.46,370.97,4374.5,21.3,22.192,615,101.52
2219-10-09T04:00:00Z,2296,801.3,431.6,0.455,378.88,4331.6,21.04,28.029,640,101.45
2219-10-09T04:10:00Z,2290.8,800.6,433.44,0.465,376.65,4377.8,21.08,27.048,650,101.58
2219-10-09T04:20:00Z,2259.2,800,432.48,0.465,370.63,4322.1,21.06,27.442,655,101.69
2219-10-09T04:30:00Z,2297.8,800.9,437.76,0.46,373.7,4361.3,21.01,28.563,550,101.48
2219-10-09T04:40:00Z,2278.5,801.1,434.48,0.465,367.22,4325.1,21.04,27.846,515,101.49
2219-10-09T04:50:00Z,2285.5,800.4,431.68,0.46,374.54,4344.1,20.95,29.928,610,101.48
2219-10-09T05:00:00Z,2294.2,799.7,433.76,0.46,373.99,4316.9,20.85,32.332,675,101.57
2219-10-09T05:10:00Z,2289,800.9,432,0.465,371.6,4356.1,20.73,35.303,675,101.54
2219-10-09T05:20:00Z,2294.2,799.6,432.32,0.46,372.42,4345.3,20.85,32.736,610,101.6
2219-10-09T05:30:00Z,2299.5,800.3,432.24,0.47,367.77,4350.6,20.84,33.115,540,101.48
2219-10-09T05:40:00Z,2289,801.4,431.04,0.46,374.32,4361.6,20.63,38.216,660,101.66
2219-10-09T05:50:00Z,2338,799.3,430.48,0.465,372.76,4353.7,20.69,37.159,590,101.52
2219-10-09T06:00:00Z,2294.2,799.9,431.44,0.46,372.2,4324.3,20.96,31.096,625,101.48
2219-10-09T06:10:00Z,2269.8,800.1,430.24,0.46,375.39,4329.5,20.87,33.255,755,101.49
2219-10-09T06:20:00Z,2271.5,799,425.2,0.455,373.23,4327,20.79,35.264,615,101.51
2219-10-09T06:30:00Z,2261,798.5,418,0.455,368.06,4309.1,20.81,34.995,705,101.3
2219-10-09T06:40:00Z,2292.5,798.2,424.72,0.455,373.78,4316.7,20.73,37.063,725,101.48
2219-10-09T06:50:00Z,2299.5,799.8,420.56,0.46,373.29,4318.6,20.75,36.851,755,101.33
2219-10-09T07:00:00Z,2275,799.8,420.88,0.465,374.93,4365.7,20.86,34.5,720,101.46
2219-10-09T07:10:00Z,2341.5,800.5,425.44,0.46,371.11,4358.3,20.85,34.87,805,101.55
2219-10-09T07:20:00Z,2336.2,799.7,420.72,0.465,375.61,4353.6,20.78,36.663,740,101.46
2219-10-09T07:30:00Z,2287.2,799.6,420.08,0.46,376,4327,20.92,33.577,760,101.57
2219-10-09T07:40:00Z,2280.2,799.8,420.88,0.465,370.68,4304.8,20.8,36.481,595,101.43
2219-10-09T07:50:00Z,2318.8,799.1,419.6,0.465,377.22,4329.7,20.77,37.38,805,101.43
2219-10-09T08:00:00Z,2296,799.2,417.84,0.465,373.89,4360.9,20.87,35.245,680,101.51
2219-10-09T08:10:00Z,2285.5,799.9,417.6,0.455,371.68,4306.2,20.72,38.904,780,101.46
2219-10-09T08:20:00Z,2278.5,799.6,419.92,0.465,373.74,4335.2,20.89,35.168,740,101.54
2219-10-09T08:30:00Z,2254,799.1,415.84,0.45,371.17,4311.8,20.68,40.221,710,101.66
2219-10-09T08:40:00Z,2285.5,799.9,416.72,0.465,374.38,4304.9,20.82,37.231,670,101.33
2219-10-09T08:50:00Z,2299.5,799.2,413.76,0.465,370.23,4314.2,20.88,35.99,540,101.49
2219-10-09T09:00:00Z,2280.2,799.7,411.84,0.46,369.73,4310.8,21.19,28.803,635,101.63
2219-10-09T09:10:00Z,2276.8,800.2,413.84,0.46,367.68,4340.9,20.95,34.274,750,101.63
2219-10-09T09:20:00Z,2296,799.6,418.8,0.45,370.04,4329.9,20.83,37.149,750,101.51
2219-10-09T09:30:00Z,2280.2,800.8,418.32,0.455,376.59,4328.6,20.93,34.957,865,101.54
2219-10-09T09:40:00Z,2324,800.2,418.64,0.455,372.43,4344.2,21.09,31.255,720,101.6
2219-10-09T09:50:00Z,2273.2,800.5,423.84,0.455,375.75,4307.9,20.97,33.995,905,101.6
2219-10-09T10:00:00Z,2278.5,801.3,425.12,0.455,374.85,4305.3,21.04,32.375,705,101.73
2219-10-09T10:10:00Z,2283.8,800.6,424.4,0.46,375.64,4327.7,20.99,33.514,785,101.94
2219-10-09T10:20:00Z,2280.2,800.5,420.32,0.46,370.33,4322,21.07,31.639,840,101.76
2219-10-09T10:30:00Z,2285.5,799.4,420.08,0.46,370.41,4331.2,20.96,34.163,825,101.57
2219-10-09T10:40:00Z,2280.2,800.3,418.8,0.46,370.4,4369,21.03,32.553,810,101.66
2219-10-09T10:50:00Z,2299.5,799.7,417.76,0.46,368.17,4324.1,21.07,31.582,750,101.51
2219-10-09T11:00:00Z,2322.2,799.1,414.96,0.455,372.61,4375.4,21.09,31.043,865,101.45
2219-10-09T11:10:00Z,2269.8,799.8,418.64,0.455,374.51,4314.4,20.98,33.548,945,101.54
2219-10-09T11:20:00Z,2320.5,799.2,419.84,0.455,368.85,4343,21.15,29.563,765,101.6
2219-10-09T11:30:00Z,2318.8,800.2,417.76,0.465,376,4323.5,20.95,34.13,905,101.72
2219-10-09T11:40:00Z,2282,798.8,413.84,0.47,369.64,4276.4,20.86,36.298,800,101.6
2219-10-09T11:50:00Z,2292.5,798.7,412.16,0.455,371.15,4318,21.04,32.192,955,101.6
2219-10-09T12:00:00Z,2257.5,799.7,413.44,0.455,370.09,4319.4,20.77,38.514,835,101.69
2219-10-09T12:10:00Z,2285.5,799.7,414.16,0.455,375.08,4325,20.77,38.736,795,101.69
2219-10-09T12:20:00Z,2301.2,801.1,419.36,0.455,379.79,4338.1,20.84,37.308,885,101.48
2219-10-09T12:30:00Z,2313.5,800.5,417.44,0.45,375.34,4323.3,20.9,36.048,975,101.55
2219-10-09T12:40:00Z,2313.5,800.3,415.52,0.46,371.86,4341.2,21,33.788,905,101.58
2219-10-09T12:50:00Z,2296,800.9,416.32,0.46,370.69,4319,20.83,37.793,975,101.58
2219-10-09T13:00:00Z,2292.5,800.2,417.2,0.465,377.09,4313.1,20.96,34.894,840,101.69
2219-10-09T13:10:00Z,2294.2,799.9,415.52,0.455,373.12,4349.7,20.87,37.053,840,101.66
2219-10-09T13:20:00Z,2296,799.3,409.92,0.465,370.49,4312.1,20.69,41.418,855,101.72
2219-10-09T13:30:00Z,2334.5,799.3,410.16,0.46,371.38,4305,20.66,42.423,895,101.69
2219-10-09T13:40:00Z,2322.2,799.6,411.28,0.465,370.79,4319.4,20.76,40.394,900,101.58
2219-10-09T13:50:00Z,2257.5,799.5,401.44,0.455,371.44,4299.1,21.02,34.5,895,101.61
2219-10-09T14:00:00Z,2303,797.9,404.4,0.46,371.01,4317.9,20.86,38.25,860,101.49
2219-10-09T14:10:00Z,2292.5,800,405.28,0.46,365.51,4338.9,20.68,42.625,730,101.45
2219-10-09T14:20:00Z,2282,800.3,406.48,0.46,371.25,4299.1,20.68,42.933,735,101.45
2219-10-09T14:30:00Z,2289,799.8,403.52,0.45,373.06,4349,20.51,47.245,810,101.37
2219-10-09T14:40:00Z,2310,799.3,403.76,0.46,372.57,4365.4,20.65,44.418,825,101.37
2219-10-09T14:50:00Z,2290.8,800.4,407.68,0.455,374.96,4349.3,20.58,46.404,745,101.4
2219-10-09T15:00:00Z,2276.8,801.1,412.72,0.46,374.22,4299.5,20.61,46.101,835,101.43
2219-10-09T15:10:00Z,2308.2,801.6,409.76,0.465,373.22,4344.9,20.82,41.529,780,101.51
2219-10-09T15:20:00Z,2292.5,801.3,410.8,0.47,372.97,4289.9,20.79,42.409,805,101.36
2219-10-09T15:30:00Z,2275,800,406.64,0.46,372.55,4314.3,20.91,39.784,800,101.31
2219-10-09T15:40:00Z,2294.2,799.6,401.92,0.46,373.99,4308.5,20.92,39.635,755,101.46
2219-10-09T15:50:00Z,2310,799.7,404.32,0.465,375.56,4322.9,21.03,37.12,670,101.37
2219-10-09T16:00:00Z,2287.2,799.3,404.16,0.46,365.99,4322.3,20.99,38.034,725,101.42
2219-10-09T16:10:00Z,2317,800.3,400.96,0.465,370.33,4332.4,20.96,38.75,710,101.39
2219-10-09T16:20:00Z,2273.2,799.1,402.8,0.46,375.2,4347.1,21.13,34.784,830,101.28
2219-10-09T16:30:00Z,2292.5,800.2,406,0.47,370.63,4300.9,21.27,31.361,875,101.36
2219-10-09T16:40:00Z,2290.8,800,409.04,0.46,373.29,4373.8,21.34,29.452,730,101.46
2219-10-09T16:50:00Z,2313.5,800.4,412.24,0.455,375.4,4346.1,21.38,28.183,760,101.27
2219-10-09T17:00:00Z,2285.5,802,416.88,0.465,372.34,4316.3,21.5,24.99,640,101.27
2219-10-09T17:10:00Z,2296,801,412.8,0.455,374.49,4365.2,21.21,31.341,675,101.34
2219-10-09T17:20:00Z,2303,799.9,414.64,0.465,373.78,4350.7,21.23,30.668,580,101.33
2219-10-09T17:30:00Z,2252.2,799.9,414.48,0.46,373.83,4278.5,21.18,31.625,725,101.3
2219-10-09T17:40:00Z,2322.2,799.5,415.68,0.47,373.91,4355.9,21.45,25.091,835,101.39
2219-10-09T17:50:00Z,2301.2,800.3,420.08,0.46,375.57,4323.6,21.21,30.313,710,101.4
2219-10-09T18:00:00Z,2280.2,800.3,414.08,0.46,372.44,4343.6,21.27,28.697,740,101.25
2219-10-09T18:10:00Z,2336.2,801,413.68,0.46,373.45,4336.7,21.16,31.029,755,101.25
2219-10-09T18:20:00Z,2320.5,798.8,411.2,0.45,373.52,4344.5,21.36,26.163,740,101.4
2219-10-09T18:30:00Z,2280.2,799.3,415.12,0.445,370.34,4361.7,21.23,28.88,645,101.24
2219-10-09T18:40:00Z,2322.2,800.5,415.12,0.45,373.59,4361.2,21,34.077,715,101.25
2219-10-09T18:50:00Z,2303,800.8,413.84,0.455,370.93,4309.7,20.99,34.313,860,101.25
2219-10-09T19:00:00Z,2301.2,799.7,416.48,0.46,374.65,4344,21.22,28.904,865,101.28
2219-10-09T19:10:00Z,2297.8,800.1,418.16,0.46,378.16,4305.8,21.21,28.928,835,101.25
2219-10-09T19:20:00Z,2331,800.4,416.8,0.455,375.58,4317.4,21.21,28.726,665,101.43
2219-10-09T19:30:00Z,2275,800.2,416.24,0.455,374.78,4347,21.01,33.236,740,101.39
2219-10-09T19:40:00Z,2304.8,799.4,416.16,0.45,366.36,4330.6,21.15,29.928,590,101.3
2219-10-09T19:50:00Z,2329.2,800.1,417.6,0.465,373.55,4348.1,21.37,24.601,645,101.39
2219-10-09T20:00:00Z,2310,800.1,415.92,0.465,374.68,4341.9,21.15,29.428,705,101.36
2219-10-09T20:10:00Z,2301.2,799.4,414.48,0.455,369.09,4338.8,21.31,25.514,610,101.49
2219-10-09T20:20:00Z,2311.8,800.4,414.8,0.465,373.7,4346.8,21.31,25.216,670,101.51
2219-10-09T20:30:00Z,2273.2,799,415.68,0.465,373.71,4321.7,21.23,26.803,645,101.52
2219-10-09T20:40:00Z,2306.5,799.1,411.12,0.465,370.39,4317.1,21.22,26.817,680,101.4
2219-10-09T20:50:00Z,2287.2,799.2,407.76,0.455,369.34,4359.4,21.17,27.784,570,101.58
2219-10-09T21:00:00Z,2320.5,799.1,412.4,0.46,373.29,4333.4,21.22,26.442,710,101.66
2219-10-09T21:10:00Z,2287.2,800.4,413.68,0.46,371.94,4297.2,21.26,25.288,575,101.49
2219-10-09T21:20:00Z,2304.8,799.2,410.32,0.465,370.46,4343.9,21.39,21.976,610,101.75
2219-10-09T21:30:00Z,2275,799.8,408.88,0.46,370.69,4350.8,21.29,23.957,660,101.55
2219-10-09T21:40:00Z,2296,799.5,410.64,0.465,372.85,4306,21.26,24.385,550,101.51
2219-10-09T21:50:00Z,2269.8,799.6,414.64,0.46,375.18,4322.1,21.02,29.788,625,101.55
2219-10-09T22:00:00Z,2292.5,800.1,413.6,0.455,369.07,4359.9,21.09,28.12,680,101.39
2219-10-09T22:10:00Z,2294.2,800.7,413.76,0.455,376.43,4309.6,20.92,32.038,675,101.51
2219-10-09T22:20:00Z,2304.8,800.4,413.52,0.465,373.89,4298.1,20.88,33.058,575,101.69
2219-10-09T22:30:00Z,2292.5,800.4,415.12,0.465,373.52,4336.6,21.17,26.341,650,101.54
2219-10-09T22:40:00Z,2290.8,799.9,412.4,0.455,373.22,4325.2,21.28,23.587,675,101.54
2219-10-09T22:50:00Z,2304.8,799.4,406.24,0.46,370.25,4330.2,21.08,28.029,740,101.48
2219-10-09T23:00:00Z,2292.5,799.2,404.4,0.465,373.51,4306.6,21.01,29.601,580,101.55
2219-10-09T23:10:00Z,2282,800.1,406,0.455,367.43,4310.4,21.04,28.885,775,101.6
2219-10-09T23:20:00Z,2310,798.9,400,0.46,376.19,4352.4,21.05,28.611,570,101.58
2219-10-09T23:30:00Z,2290.8,799,406.32,0.46,371.47,4289.7,21.15,26.207,555,101.43
2219-10-09T23:40:00Z,2290.8,800.5,406,0.47,373.78,4335.1,20.95,30.774,660,101.49
2219-10-09T23:50:00Z,2297.8,799.9,403.04,0.465,370.39,4341.2,21.07,27.995,735,101.43
2219-10-10T00:00:00Z,2301.2,800,405.2,0.465,374.43,4332.9,20.96,30.519,695,101.34
2219-10-10T00:10:00Z,2327.5,799.9,403.76,0.465,374.19,4358.3,21.05,28.438,730,101.24
2219-10-10T00:20:00Z,2303,799.3,403.28,0.46,370.71,4326.4,21.09,27.447,710,101.24
2219-10-10T00:30:00Z,2346.8,801.1,405.44,0.465,369.89,4343.7,21.24,23.827,585,101.27
2219-10-10T00:40:00Z,2299.5,800.1,405.84,0.455,367.99,4319,21.18,25.01,560,101.3
2219-10-10T00:50:00Z,2324,800.9,407.2,0.465,373.16,4358.5,21.04,28.135,545,101.09
2219-10-10T01:00:00Z,2273.2,799.8,410.48,0.455,376.27,4335.4,21.1,26.683,710,101.34
2219-10-10T01:10:00Z,2297.8,799.8,411.52,0.46,374.03,4334.1,21.05,27.764,785,101.31
2219-10-10T01:20:00Z,2297.8,801.2,411.92,0.47,381.2,4295.3,21.19,24.418,840,101.37
2219-10-10T01:30:00Z,2299.5,801.2,410.8,0.45,376.76,4330.9,21.37,19.995,725,101.45
2219-10-10T01:40:00Z,2353.8,799.1,411.12,0.465,374.53,4320.9,21.22,23.173,680,101.43
2219-10-10T01:50:00Z,2259.2,800.6,412,0.455,372.44,4335.8,21.16,24.375,675,101.39
2219-10-10T02:00:00Z,2308.2,801,410,0.46,368.11,4358.8,21.06,26.577,815,101.31
2219-10-10T02:10:00Z,2275,800.5,412.48,0.465,367.24,4314.8,21.23,22.514,855,101.43
2219-10-10T02:20:00Z,2322.2,801.1,419.28,0.46,374.61,4358.9,21.23,22.293,775,101.42
2219-10-10T02:30:00Z,2264.5,800.8,419.12,0.45,371.25,4361.1,21.14,24.192,885,101.52
2219-10-10T02:40:00Z,2301.2,801.5,417.76,0.465,376.86,4365.9,21.01,27.12,785,101.34
2219-10-10T02:50:00Z,2283.8,801.3,419.04,0.455,373.67,4329.4,21.09,25.226,845,101.21
2219-10-10T03:00:00Z,2320.5,800.1,417.92,0.46,370.05,4349.5,20.99,27.495,805,101.06
2219-10-10T03:10:00Z,2310,800.6,422.24,0.46,374.39,4325.9,21.13,24.207,845,101.22
2219-10-10T03:20:00Z,2325.8,800.8,426.32,0.455,372.93,4367,21.19,22.668,825,100.98
2219-10-10T03:30:00Z,2329.2,802,425.52,0.465,371.19,4353,21.08,25.077,770,101.22
2219-10-10T03:40:00Z,2280.2,801.3,422.88,0.46,373.56,4339.8,20.96,27.827,915,101.15
2219-10-10T03:50:00Z,2315.2,800.8,421.2,0.46,373.63,4346.6,20.93,28.572,845,101.1
2219-10-10T04:00:00Z,2269.8,799.3,422.08,0.46,375.9,4308.8,21.13,23.928,710,101.28
2219-10-10T04:10:00Z,2332.8,799.1,421.68,0.46,373.72,4386.1,20.94,28.279,845,101.07
2219-10-10T04:20:00Z,2282,799.9,422.24,0.47,375.35,4366.9,21.1,24.567,895,101.12
2219-10-10T04:30:00Z,2301.2,800.8,419.76,0.45,371.64,4368.8,21.04,25.885,800,101.22
2219-10-10T04:40:00Z,2289,799.4,415.84,0.455,370.45,4316.7,21.12,23.962,880,101.13
2219-10-10T04:50:00Z,2331,799.1,413.28,0.47,374.86,4326.7,20.81,31.149,840,100.97
2219-10-10T05:00:00Z,2299.5,799.4,416.88,0.46,367.82,4350.9,20.8,31.567,820,100.98
2219-10-10T05:10:00Z,2285.5,799.5,413.68,0.45,374.2,4282.5,20.89,29.639,910,100.91
2219-10-10T05:20:00Z,2313.5,799.1,417.92,0.455,372.27,4360.4,20.94,28.567,840,100.98
2219-10-10T05:30:00Z,2346.8,800,420.72,0.455,369.82,4367.1,21.08,25.327,970,100.94
2219-10-10T05:40:00Z,2325.8,800.8,421.36,0.465,370.95,4337.3,20.91,29.255,855,101.04
2219-10-10T05:50:00Z,2297.8,800.9,423.04,0.46,367.22,4317.3,20.83,31.226,725,101
2219-10-10T06:00:00Z,2261,801.4,428.72,0.47,373.85,4294,20.79,32.332,815,101.12
2219-10-10T06:10:00Z,2308.2,802.7,431.2,0.465,371.41,4345.8,20.86,30.885,855,101.13
2219-10-10T06:20:00Z,2292.5,801.3,431.04,0.47,372.04,4306.4,20.76,33.375,835,101.03
2219-10-10T06:30:00Z,2289,801.3,430.8,0.455,373.78,4359.5,20.69,35.255,825,100.86
2219-10-10T06:40:00Z,2290.8,800.9,428.8,0.47,371.94,4337.7,20.86,31.548,850,100.95
2219-10-10T06:50:00Z,2329.2,800.1,432.4,0.46,370.09,4334.2,21,28.385,855,101.12
2219-10-10T07:00:00Z,2299.5,800.8,430.16,0.46,370.81,4347.9,20.95,29.563,920,101.07
2219-10-10T07:10:00Z,2329.2,800.7,431.68,0.455,372.73,4358.2,20.78,33.615,865,101.07
2219-10-10T07:20:00Z,2320.5,799.2,427.2,0.465,377.03,4370.7,20.99,28.88,880,101.09
2219-10-10T07:30:00Z,2296,800,429.52,0.46,371.6,4325.1,21.05,27.476,925,101.04
2219-10-10T07:40:00Z,2285.5,799.7,421.12,0.46,373.47,4267.7,21.15,25.072,925,101.13
2219-10-10T07:50:00Z,2320.5,798.1,419.52,0.46,367.52,4270.5,21.09,26.341,885,101.16
2219-10-10T08:00:00Z,2336.2,798.9,421.12,0.465,367.97,4382.1,21.15,24.841,895,101.04
2219-10-10T08:10:00Z,2275,799,419.68,0.455,370.02,4278.6,21.24,22.577,885,101.06
2219-10-10T08:20:00Z,2313.5,801,418.88,0.455,374.63,4323.2,21.08,26.115,1020,100.91
2219-10-10T08:30:00Z,2296,799.3,418.8,0.465,377.06,4332.2,21.13,24.861,970,100.83
2219-10-10T08:40:00Z,2289,799.3,420.48,0.465,373,4326.4,21.21,22.851,925,100.86
2219-10-10T08:50:00Z,2299.5,800.2,420.56,0.465,371.95,4296.5,21.19,23.12,865,101.01
2219-10-10T09:00:00Z,2297.8,800.1,419.84,0.46,373.87,4284.1,21.15,23.88,855,100.95
2219-10-10T09:10:00Z,2271.5,799.2,416.8,0.455,368.93,4329.9,21.06,25.856,825,101.06
2219-10-10T09:20:00Z,2322.2,799.6,416.96,0.455,372.18,4325.1,21.05,26.034,735,100.8
2219-10-10T09:30:00Z,2310,800.8,417.2,0.46,371.83,4304.7,20.81,31.639,815,101.12
2219-10-10T09:40:00Z,2317,800.1,424.56,0.455,372.01,4378.5,20.76,33,815,101.07
2219-10-10T09:50:00Z,2243.5,800.6,429.36,0.47,373.4,4301.7,20.86,30.875,670,101.28
2219-10-10T10:00:00Z,2297.8,802.2,434.08,0.46,375.74,4293.2,20.93,29.361,710,101.22
2219-10-10T10:10:00Z,2306.5,801.9,424.24,0.465,375.93,4342.5,20.97,28.486,715,101.16
2219-10-10T10:20:00Z,2301.2,799.3,420.24,0.46,371,4284.8,20.9,30.163,755,101.28
2219-10-10T10:30:00Z,2264.5,799.4,415.92,0.465,369.24,4308.4,20.8,32.615,680,101.1
2219-10-10T10:40:00Z,2325.8,797.8,416.8,0.46,367.78,4315.5,20.9,30.452,670,101.16
2219-10-10T10:50:00Z,2303,799.2,412.72,0.45,374.23,4324.5,20.9,30.548,735,101.31
2219-10-10T11:00:00Z,2310,799.7,413.68,0.45,369.28,4356.8,20.7,35.356,690,101.09
2219-10-10T11:10:00Z,2320.5,799.2,413.04,0.46,372.03,4312.6,20.62,37.529,745,101.21
2219-10-10T11:20:00Z,2306.5,800.3,415.52,0.46,378.61,4328.7,20.77,34.361,820,101.13
2219-10-10T11:30:00Z,2308.2,799.9,412.32,0.465,370.05,4327.7,20.91,31.284,855,101.21
2219-10-10T11:40:00Z,2315.2,799.1,415.36,0.45,373.02,4292.9,20.89,31.841,745,101.33
2219-10-10T11:50:00Z,2315.2,800.4,415.12,0.46,371.53,4320.6,20.4,43.49,650,101.34
2219-10-10T12:00:00Z,2296,800,415.76,0.46,375.83,4308.6,20.63,38.649,915,101.22
2219-10-10T12:10:00Z,2325.8,799.9,417.28,0.45,376.03,4324.3,20.63,39.005,890,101.15
2219-10-10T12:20:00Z,2334.5,800.8,414.56,0.455,372.2,4355,20.77,36.063,875,101.36
2219-10-10T12:30:00Z,2304.8,799.4,419.44,0.465,373.88,4313.3,20.79,35.813,870,101.27
2219-10-10T12:40:00Z,2299.5,801.3,420.48,0.46,374.41,4318.6,20.78,36.25,850,101.33
2219-10-10T12:50:00Z,2360.8,800.5,419.76,0.455,374.51,4373.4,20.93,32.928,920,101.31
2219-10-10T13:00:00Z,2306.5,800.9,422.72,0.46,373.38,4301.2,20.85,34.88,825,101.25
2219-10-10T13:10:00Z,2283.8,800.6,426.48,0.46,374.46,4295.4,20.71,38.322,805,101.24
2219-10-10T13:20:00Z,2282,800.6,430.48,0.465,375.11,4315.3,20.66,39.779,845,101.34
