time,LT-501,FT-503,FT-507,PT-505,FT-509,LT-502,FT-504,FT-508,PT-506
2219-09-26T13:40:00Z,83.1,17.46,-0.25518,136.5,7.0056,86.4,20.46,5.1631,139.5
2219-09-26T13:50:00Z,83.5,17.1,0.42751,135.9,7.0119,86.6,20.07,5.2652,141.9
2219-09-26T14:00:00Z,83.4,16.29,0.29841,133.8,7.0195,85.8,19.32,6.1162,142.5
2219-09-26T14:10:00Z,83.7,17.16,0.14011,134.4,7.0244,86,18.45,6.0204,143.1
2219-09-26T14:20:00Z,84,17.46,-0.37663,134.4,7.0311,86.4,19.29,6.8682,144
2219-09-26T14:30:00Z,83.9,18.51,0.020747,133.8,7.0392,86.7,18.75,6.9531,144
2219-09-26T14:40:00Z,84,18.57,0.14024,131.4,7.0462,86.4,18.09,7.1194,142.2
2219-09-26T14:50:00Z,83.9,18.33,-0.23527,132.6,7.0531,86.2,18.81,7.2833,145.5
2219-09-26T15:00:00Z,84.1,18.48,-0.077699,132.9,7.0606,86.7,19.95,7.8796,143.7
2219-09-26T15:10:00Z,84.3,18.51,0.24283,133.5,7.0666,86.4,20.22,7.1153,144
2219-09-26T15:20:00Z,84.6,18.87,0.18371,133.2,7.0761,86.7,20.04,7.6417,141.9
2219-09-26T15:30:00Z,84.6,16.77,0.040671,134.1,7.083,86.3,20.85,7.7215,143.1
2219-09-26T15:40:00Z,84.4,17.79,-0.20787,132.9,7.0895,86.8,21.48,8.042,145.2
2219-09-26T15:50:00Z,84,17.31,0.24481,135,7.0965,86.7,21,8.3709,146.7
2219-09-26T16:00:00Z,84.7,19.14,0.05741,133.5,7.1025,86.3,20.01,8.8153,147
2219-09-26T16:10:00Z,84.5,18.24,0.055282,134.4,7.1108,87,21.24,7.9558,149.7
2219-09-26T16:20:00Z,84.6,18.24,-0.29731,133.2,7.117,86.8,21.03,8.0706,148.2
2219-09-26T16:30:00Z,84.9,19.29,0.61473,132,7.1245,86.6,21.42,8.3248,150.9
2219-09-26T16:40:00Z,85.1,20.73,0.51237,132,7.133,86.8,21.36,8.444,150.9
2219-09-26T16:50:00Z,85.3,21.36,0.29745,132.3,7.1402,86.6,21,8.3041,149.1
2219-09-26T17:00:00Z,85,21.36,1.5536,134.4,7.148,86.7,19.38,9.1384,149.4
2219-09-26T17:10:00Z,85.4,20.55,5.6415,134.7,7.1548,86.8,20.46,9.6998,149.4
2219-09-26T17:20:00Z,85.4,21.6,4.1404,135,7.1619,86.5,19.05,9.1778,150.3
2219-09-26T17:30:00Z,85.2,21.21,8.332,132,7.1675,86.8,20.46,8.251,148.5
2219-09-26T17:40:00Z,85.3,22.02,10.398,133.2,7.1738,87,21.3,8.1924,145.5
2219-09-26T17:50:00Z,85.5,21.78,4.7124,134.4,7.1809,86.7,20.55,9.6591,145.8
2219-09-26T18:00:00Z,85.3,22.32,7.1296,135.9,7.1872,86.4,20.55,9.2462,145.5
2219-09-26T18:10:00Z,85.5,23.76,7.8168,136.2,7.1921,86.6,21.39,9.1016,146.4
2219-09-26T18:20:00Z,85.8,23.1,10.378,133.2,7.1992,86.3,20.61,9.3256,145.5
2219-09-26T18:30:00Z,85.9,22.35,10.049,134.1,7.2036,86.5,21.93,9.3465,146.4
2219-09-26T18:40:00Z,85.8,22.74,12.578,133.5,7.2082,86.5,22.5,9.2351,147.9
2219-09-26T18:50:00Z,85.9,22.59,13.086,129.9,7.2124,86.8,21.48,9.1438,148.8
2219-09-26T19:00:00Z,86.5,21.36,15.274,129.6,7.2164,86.6,21.78,9.4258,149.7
2219-09-26T19:10:00Z,86.2,22.26,16.391,131.4,7.221,86.5,21.96,9.8798,149.1
2219-09-26T19:20:00Z,86.3,22.77,15.672,131.4,7.2235,86.5,23.43,9.6968,150
2219-09-26T19:30:00Z,86,22.38,20.268,132.9,7.2275,86.7,22.74,9.3554,149.7
2219-09-26T19:40:00Z,86.5,22.53,16.765,133.2,7.2307,86.7,22.56,10.249,149.1
2219-09-26T19:50:00Z,86.1,21.6,19.63,132.6,7.2324,86.7,22.59,10.169,151.2
2219-09-26T20:00:00Z,86.4,21.45,20.01,132,7.2353,86.6,22.44,9.5152,150.9
2219-09-26T20:10:00Z,86.1,20.58,19.016,132.6,7.2375,86.8,22.41,9.7452,150.3
2219-09-26T20:20:00Z,86,20.82,18.964,133.5,7.2393,86.5,22.05,9.9983,147.6
2219-09-26T20:30:00Z,86.3,20.76,20.248,133.5,7.2396,86.9,22.23,10.587,147
2219-09-26T20:40:00Z,86.4,20.34,21.688,132.3,7.2413,86.3,21.42,10.517,148.8
2219-09-26T20:50:00Z,86.4,20.19,21.678,132.9,7.2417,86.6,22.02,10.248,150
2219-09-26T21:00:00Z,86.3,20.34,20.117,135,7.2419,86.3,21.84,9.628,148.5
2219-09-26T21:10:00Z,86.3,19.32,22.524,135.3,7.2428,86.6,21.93,10.126,146.7
2219-09-26T21:20:00Z,86.5,19.02,20.384,136.2,7.2429,86.6,22.17,10.158,146.1
2219-09-26T21:30:00Z,86.2,18.48,23.506,137.4,7.2438,86.2,21.48,10.331,146.1
2219-09-26T21:40:00Z,86.4,18.15,24.105,137.1,7.2437,86.5,21.15,9.7169,146.1
2219-09-26T21:50:00Z,86.1,17.94,22.595,137.1,7.2417,86.3,21.27,10.389,147.3
2219-09-26T22:00:00Z,86.3,18,21.029,136.5,7.2422,86.7,21.9,10.867,145.2
2219-09-26T22:10:00Z,86.5,18.18,22.507,134.4,7.2415,86.7,20.97,9.917,145.8
2219-09-26T22:20:00Z,86.5,16.68,22.29,132.6,7.2401,86.6,20.37,10.588,146.1
2219-09-26T22:30:00Z,86.4,17.07,22.596,131.7,7.2396,86.1,19.05,10.402,144.9
2219-09-26T22:40:00Z,86.5,17.28,25.442,130.2,7.2377,86.3,19.29,9.5188,147.3
2219-09-26T22:50:00Z,86.2,17.73,23.529,129.6,7.2364,86.5,20.58,10.001,145.5
2219-09-26T23:00:00Z,86.2,18.39,24.177,129.6,7.2372,86.2,20.31,10.348,145.2
2219-09-26T23:10:00Z,85.7,17.4,25.098,129.6,7.2366,86.5,20.67,9.9929,145.5
2219-09-26T23:20:00Z,86.3,18.45,21.626,130.2,7.2354,86.6,20.67,9.6965,146.4
2219-09-26T23:30:00Z,86.3,18.33,23.213,133.2,7.2346,86.7,21.3,10.335,142.2
2219-09-26T23:40:00Z,86.1,18.81,21.461,133.5,7.2342,86.7,20.55,9.5716,141.9
2219-09-26T23:50:00Z,85.8,19.83,23.769,136.8,7.2333,86.1,20.64,10.542,142.8
2219-09-27T00:00:00Z,86.2,19.08,22.987,135.9,7.2331,86,20.64,10.073,142.5
2219-09-27T00:10:00Z,86.2,17.94,25.05,136.5,7.2319,86.3,19.35,10.353,143.7
2219-09-27T00:20:00Z,86.1,16.65,24.474,135.6,7.2318,85.6,19.11,10.685,141
2219-09-27T00:30:00Z,85.9,18.3,26.613,134.7,7.2291,86.3,19.32,9.6216,141.6
2219-09-27T00:40:00Z,86.2,18.21,23.977,135.3,7.2299,85.9,19.11,9.8733,139.5
2219-09-27T00:50:00Z,85.9,18.06,23.561,136.2,7.2275,86.4,19.23,9.7005,138.3
2219-09-27T01:00:00Z,85.9,19.11,23.875,136.8,7.2266,86,19.77,10.533,139.8
2219-09-27T01:10:00Z,85.7,18.6,23.351,139.2,7.2264,85.5,18.84,9.6642,140.4
2219-09-27T01:20:00Z,86,18.36,22.817,139.5,7.2248,85.9,17.97,9.6736,139.2
2219-09-27T01:30:00Z,86.2,18.24,24.401,140.1,7.224,86.1,17.91,9.6995,141.3
2219-09-27T01:40:00Z,86.3,17.79,27.053,140.4,7.2224,86.1,17.49,9.5725,141.6
2219-09-27T01:50:00Z,85.9,18.57,21.477,139.2,7.2215,85.8,17.55,9.5396,143.4
2219-09-27T02:00:00Z,86,18.51,24.419,136.8,7.2198,85.9,17.97,9.6447,141.9
2219-09-27T02:10:00Z,85.9,19.83,24.177,134.4,7.2203,85.6,18.96,10.154,143.1
2219-09-27T02:20:00Z,86.2,20.04,21.796,134.1,7.2191,85.6,18.45,8.8309,140.7
2219-09-27T02:30:00Z,86.1,21.21,23.141,135.9,7.2199,86,18.15,9.9424,141.3
2219-09-27T02:40:00Z,86.1,21.78,22.185,136.2,7.2187,85.6,18.27,8.5437,141.9
2219-09-27T02:50:00Z,86.2,21.69,26.433,139.2,7.2191,85.9,19.05,10.284,143.4
2219-09-27T03:00:00Z,85.7,20.46,26.828,140.1,7.2202,86,18.27,9.9582,144.9
2219-09-27T03:10:00Z,85.6,20.37,25.647,138.9,7.2189,85.5,18.24,9.1093,145.8
2219-09-27T03:20:00Z,85.8,20.16,26.726,140.1,7.2187,85.8,18,9.2222,145.2
2219-09-27T03:30:00Z,85.8,20.64,24.4,137.1,7.2172,85.8,18.87,9.0853,146.1
2219-09-27T03:40:00Z,86.2,19.83,25.12,138.6,7.2163,85.4,17.34,9.2927,148.2
2219-09-27T03:50:00Z,85.9,20.67,27.005,136.2,7.216,85.7,17.16,9.2086,143.7
2219-09-27T04:00:00Z,85.6,20.46,25.382,136.5,7.2155,85.7,16.05,8.748,142.8
2219-09-27T04:10:00Z,85.6,19.32,25.633,135,7.2139,85.4,15.63,8.0768,140.7
2219-09-27T04:20:00Z,86.1,20.28,23.347,136.8,7.2141,85.1,15.24,8.8033,141.3
2219-09-27T04:30:00Z,85.9,19.89,25.59,137.4,7.2126,85.3,16.59,8.8699,142.5
2219-09-27T04:40:00Z,85.7,19.47,25.33,135,7.2115,85.8,16.41,8.4764,143.4
2219-09-27T04:50:00Z,86,18.84,23.709,135.3,7.2107,85.7,16.29,8.3391,144.6
2219-09-27T05:00:00Z,86.1,17.7,25.859,137.4,7.2095,85.1,16.62,8.5374,145.5
2219-09-27T05:10:00Z,86,18.93,24.048,136.8,7.2073,85.9,16.65,8.1372,144.6
2219-09-27T05:20:00Z,85.7,19.32,24.167,135,7.2056,85.8,17.31,8.8662,143.1
2219-09-27T05:30:00Z,85.9,19.77,24.12,134.7,7.206,85.6,16.95,8.4633,143.1
2219-09-27T05:40:00Z,85.6,19.02,25.474,135.9,7.2044,85.5,17.73,7.9601,142.5
2219-09-27T05:50:00Z,85.9,18.51,26.286,135.9,7.2031,85.6,17.04,7.9148,142.5
2219-09-27T06:00:00Z,85.6,17.46,24.156,136.5,7.2019,85.5,18.15,8.7581,143.4
2219-09-27T06:10:00Z,85.7,18.99,25.394,136.5,7.1999,85.2,18.24,8.2655,143.4
2219-09-27T06:20:00Z,85.8,19.17,25.294,137.4,7.1994,85.1,18,7.4766,141.6
2219-09-27T06:30:00Z,85.7,19.14,27.113,138,7.1979,85.4,17.61,8.6504,141.3
2219-09-27T06:40:00Z,85.9,19.41,22.196,136.8,7.1976,85.3,16.77,8.7532,140.7
2219-09-27T06:50:00Z,85.5,18.51,24.239,137.1,7.1953,85.4,16.5,8.2825,138.3
2219-09-27T07:00:00Z,85.6,19.92,25.661,139.5,7.1946,85.4,15.84,7.5498,138.9
2219-09-27T07:10:00Z,85.8,19.71,23.439,136.5,7.1927,85.3,15.87,7.2857,138.9
2219-09-27T07:20:00Z,85.5,19.11,22.825,137.1,7.1917,85.3,15.63,7.44,139.5
2219-09-27T07:30:00Z,85.5,17.52,24.715,138.9,7.1908,85.1,16.56,7.0504,143.1
2219-09-27T07:40:00Z,85.3,18.06,23.409,135.9,7.1892,84.8,16.71,8.1181,143.7
2219-09-27T07:50:00Z,85.6,18.15,23.098,138,7.1875,85.1,15.84,8.0313,144.6
2219-09-27T08:00:00Z,85.3,17.31,24.67,136.8,7.1861,84.6,15.63,7.5667,146.4
2219-09-27T08:10:00Z,85.6,20.1,23.583,137.1,7.1855,84.9,15.57,7.7138,145.5
2219-09-27T08:20:00Z,85.5,19.8,23.153,133.5,7.1856,85.2,14.43,7.3222,144.6
2219-09-27T08:30:00Z,85.1,19.86,25.8,135,7.1841,85.2,14.49,7.2754,142.8
2219-09-27T08:40:00Z,85.6,19.26,26.407,134.7,7.1838,85.3,14.25,7.2544,145.2
2219-09-27T08:50:00Z,85.8,18.45,26.416,135.9,7.1821,85.2,14.64,7.4879,144.9
2219-09-27T09:00:00Z,85.7,17.28,23.305,134.1,7.1814,85.4,14.16,6.9882,143.4
2219-09-27T09:10:00Z,85.5,16.44,22.176,137.1,7.1803,84.9,14.46,6.9184,142.5
2219-09-27T09:20:00Z,85.1,18.33,22.852,136.8,7.1799,85.6,14.7,6.8239,140.4
2219-09-27T09:30:00Z,85.3,18.15,23.971,135.9,7.1772,85.1,14.01,7.2072,141.3
2219-09-27T09:40:00Z,85.5,20.49,26.254,138,7.1778,85,14.31,7.5788,141.9
2219-09-27T09:50:00Z,85.7,20.43,21.707,137.1,7.1768,85,14.1,7.2056,141.9
2219-09-27T10:00:00Z,85.8,21.09,26.088,136.8,7.1767,84.9,12.72,6.9535,139.8
2219-09-27T10:10:00Z,85.1,21.18,25.416,136.2,7.1762,85,12.39,6.8071,139.5
2219-09-27T10:20:00Z,85.3,20.49,25.257,136.8,7.1771,84.9,11.94,6.7721,137.7
2219-09-27T10:30:00Z,85.2,20.73,26.361,137.4,7.1762,85,11.61,6.6194,136.2
2219-09-27T10:40:00Z,85.4,20.58,21.038,137.1,7.1761,84.9,11.25,6.6811,136.2
2219-09-27T10:50:00Z,85.7,20.52,23.515,138.3,7.1758,85.1,11.37,6.5831,136.5
2219-09-27T11:00:00Z,85.1,20.25,23.231,137.4,7.1757,84.8,10.86,6.7852,135
2219-09-27T11:10:00Z,85.2,20.64,21.666,136.8,7.1749,84.8,11.07,6.0736,137.7
2219-09-27T11:20:00Z,85.4,21.9,24.08,137.7,7.1756,84.9,11.07,5.8212,139.5
2219-09-27T11:30:00Z,85.2,21.93,23.284,137.7,7.1763,84.8,11.64,5.1426,139.5
2219-09-27T11:40:00Z,85.8,21.24,23.822,137.4,7.1755,84.9,10.65,6.1651,140.7
2219-09-27T11:50:00Z,85.8,21.87,26.82,139.5,7.1763,84.8,9.81,6.6835,141.3
2219-09-27T12:00:00Z,85.2,21.72,23.689,139.5,7.1762,84.7,10.53,6.1824,139.5
2219-09-27T12:10:00Z,85.6,22.74,23.919,138.9,7.1757,84.8,9.96,5.8802,140.7
2219-09-27T12:20:00Z,86,22.77,23.251,138.9,7.1754,84.7,9.54,5.6946,140.7
2219-09-27T12:30:00Z,86,22.11,24.607,141.6,7.1769,84.6,9.18,5.2212,140.7
2219-09-27T12:40:00Z,85.6,21.75,22.971,140.4,7.1756,84.8,9.48,4.2853,140.1
2219-09-27T12:50:00Z,85.5,21.69,25.051,141.3,7.1766,84.3,9.15,5.6051,141
2219-09-27T13:00:00Z,85.5,21.3,26.925,141.3,7.176,84.3,9.39,5.0138,138.6
2219-09-27T13:10:00Z,85.7,21.99,24.578,141.3,7.1752,84.9,9.9,3.9712,140.1
2219-09-27T13:20:00Z,85.5,21.57,24.09,138.9,7.1749,84.4,10.8,5.6456,140.1
2219-09-27T13:30:00Z,85.5,22.11,28.603,139.5,7.1749,84.4,10.29,4.7942,141.3
2219-09-27T13:40:00Z,85.5,22.02,25.753,139.8,7.1741,84.2,11.04,4.875,140.1
2219-09-27T13:50:00Z,85.3,22.98,25.65,138.9,7.1743,84.4,10.98,5.678,141
2219-09-27T14:00:00Z,85.6,22.35,29.036,141.3,7.1741,84.1,11.4,4.0048,142.8
2219-09-27T14:10:00Z,85.4,22.74,26.674,143.4,7.1749,84.4,11.04,5.5819,143.7
2219-09-27T14:20:00Z,85.6,21.24,24.675,142.5,7.1732,85,11.25,4.4918,142.2
2219-09-27T14:30:00Z,85.5,22.65,27.053,138.3,7.1746,84.6,12.36,4.731,141.6
2219-09-27T14:40:00Z,85.8,23.16,25.252,139.2,7.1742,84.5,11.49,4.628,139.8
2219-09-27T14:50:00Z,85.8,23.04,23.764,140.4,7.1751,84.5,11.88,4.0629,139.2
2219-09-27T15:00:00Z,85.2,22.47,27.269,140.7,7.1742,84.5,11.52,4.9185,140.1
2219-09-27T15:10:00Z,85.4,21.33,26.829,142.2,7.1736,84.4,11.22,4.7772,141
2219-09-27T15:20:00Z,85.3,22.56,26.968,141.3,7.1735,84.6,11.79,4.3097,138
2219-09-27T15:30:00Z,85.5,20.85,27.06,139.5,7.1724,84.9,11.7,4.1027,140.1
2219-09-27T15:40:00Z,85.5,21.3,24.899,140.4,7.1728,84.6,12.24,4.6779,138.3
2219-09-27T15:50:00Z,85.6,21.96,27.293,140.1,7.172,84.6,12.9,4.7048,140.4
2219-09-27T16:00:00Z,85.3,22.89,24.846,141.3,7.1718,84.2,12.84,4.5379,138.9
2219-09-27T16:10:00Z,85.4,22.41,25.495,141.6,7.1722,84.8,13.08,4.6907,138.6
2219-09-27T16:20:00Z,85.7,22.2,28.47,142.8,7.171,84.3,12.69,4.449,137.4
2219-09-27T16:30:00Z,85.6,23.67,25.2,143.4,7.1714,84.5,13.89,4.8575,135
2219-09-27T16:40:00Z,85.5,22.44,25.951,141.6,7.1722,84.5,13.26,4.4632,135
2219-09-27T16:50:00Z,85.8,22.02,24.568,142.5,7.1714,84.8,13.95,4.2823,137.1
2219-09-27T17:00:00Z,85.6,21.42,26.125,141.9,7.1711,84.4,13.14,4.9156,136.2
2219-09-27T17:10:00Z,85.4,21.54,27.519,142.2,7.1703,85,13.35,5.0737,138
2219-09-27T17:20:00Z,85.4,20.61,26.402,141.3,7.1709,84.7,14.31,5.0854,139.8
2219-09-27T17:30:00Z,85.9,20.91,24.484,139.2,7.169,84.3,13.23,4.8567,140.4
2219-09-27T17:40:00Z,85.2,21,25.719,141,7.1675,84.7,13.41,4.4846,140.1
2219-09-27T17:50:00Z,85.3,21.54,26.005,141.9,7.1674,84.6,12.66,5.4598,143.1
2219-09-27T18:00:00Z,85.5,21.81,26.774,143.4,7.1675,84.4,13.02,6.3712,143.1
2219-09-27T18:10:00Z,85.4,22.59,25.398,142.8,7.1662,84.7,14.13,4.9638,145.2
2219-09-27T18:20:00Z,85.5,23.25,26.665,143.7,7.1653,84.6,12.93,5.0543,146.4
2219-09-27T18:30:00Z,85.7,21.93,24.908,140.4,7.1651,84.9,13.68,5.1282,146.1
2219-09-27T18:40:00Z,85.1,21.27,27.467,140.4,7.1655,85.1,13.23,4.7909,142.5
2219-09-27T18:50:00Z,85.6,20.64,26.271,141.3,7.1642,84.7,13.23,4.9088,142.8
2219-09-27T19:00:00Z,85.2,19.71,25.779,140.4,7.1629,85.2,12.99,5.0825,141.6
2219-09-27T19:10:00Z,85.2,21.09,27.476,141,7.163,84.9,12.84,4.8955,142.8
2219-09-27T19:20:00Z,85.2,20.49,23.645,140.4,7.1621,85,12.66,5.1382,142.8
2219-09-27T19:30:00Z,85.5,19.02,24.415,140.4,7.1597,84.7,14.46,5.3568,143.1
2219-09-27T19:40:00Z,85.6,19.38,24.091,139.5,7.1587,85,14.31,4.9375,140.7
2219-09-27T19:50:00Z,85.3,20.7,24.87,141.9,7.1572,84.5,14.91,4.6637,141.3
2219-09-27T20:00:00Z,85.5,20.28,24.632,141.3,7.1573,85,16.38,4.9237,142.5
2219-09-27T20:10:00Z,85.5,21.48,22.954,140.1,7.1571,84.6,16.53,5.6806,141.6
2219-09-27T20:20:00Z,85.4,21.21,25.233,138.3,7.156,84.7,15.99,4.5379,141
2219-09-27T20:30:00Z,85,20.04,25.968,136.2,7.156,84.8,16.23,5.5,140.1
2219-09-27T20:40:00Z,85.1,20.04,24.858,135.9,7.1555,84.5,16.02,5.1809,139.8
2219-09-27T20:50:00Z,84.9,19.56,24.652,138,7.1538,84.6,15.99,5.5178,139.8
2219-09-27T21:00:00Z,85.4,19.65,23.819,137.7,7.1534,85.1,16.08,5.4502,139.5
2219-09-27T21:10:00Z,84.9,19.68,25.371,136.2,7.1516,84.9,16.83,5.1221,137.7
2219-09-27T21:20:00Z,85.3,21.51,26.401,134.7,7.1518,84.9,15.69,5.3707,137.1
2219-09-27T21:30:00Z,84.9,21.72,24.643,133.8,7.1502,85,15.75,5.9763,136.5
2219-09-27T21:40:00Z,85.3,21.3,25.979,135.9,7.1502,85.1,16.08,6.1816,136.8
2219-09-27T21:50:00Z,85,22.11,24.674,137.1,7.1514,84.9,16.83,6.3002,138.3
2219-09-27T22:00:00Z,85.3,21.66,24.2,136.2,7.1513,84.8,16.14,6.1527,135
2219-09-27T22:10:00Z,85.2,22.65,25.524,137.4,7.1506,84.7,16.41,5.9273,134.7
2219-09-27T22:20:00Z,85.1,22.5,24.762,139.5,7.1514,85.1,16.98,5.7238,135
2219-09-27T22:30:00Z,85.2,20.91,26.702,139.5,7.1509,85.2,16.41,6.5925,138
2219-09-27T22:40:00Z,85.2,21.57,25.293,141,7.1513,85,15.09,5.9969,133.2
2219-09-27T22:50:00Z,85,20.4,25.874,138.9,7.1504,84.9,14.43,6.1633,133.2
2219-09-27T23:00:00Z,85,21.06,25.8,138.3,7.15,85.1,13.26,6.44,133.5
2219-09-27T23:10:00Z,85.1,19.62,23.292,137.4,7.1488,84.7,12.06,6.0295,134.4
2219-09-27T23:20:00Z,85.4,19.29,26.407,138.6,7.1475,84.9,13.71,6.3057,133.8
2219-09-27T23:30:00Z,84.9,18.06,24.388,138.3,7.1465,84.9,13.98,6.7342,134.4
2219-09-27T23:40:00Z,84.9,17.76,24.649,138,7.145,84.8,14.07,5.7138,134.4
2219-09-27T23:50:00Z,85.5,18.3,26.876,137.4,7.1434,85.2,14.25,5.5527,134.7
2219-09-28T00:00:00Z,85.2,17.52,23.82,137.1,7.1424,84.7,14.73,6.6906,138.3
2219-09-28T00:10:00Z,84.7,17.1,23.414,137.7,7.1401,85,14.61,5.406,136.8
2219-09-28T00:20:00Z,85.3,17.64,23.798,137.4,7.1395,85.4,14.28,6.0575,136.5
2219-09-28T00:30:00Z,84.8,16.83,26.081,137.4,7.1382,84.8,15.06,6.3324,136.2
2219-09-28T00:40:00Z,84.5,17.4,20.801,137.7,7.1371,85,14.61,5.9776,135.3
2219-09-28T00:50:00Z,85,17.22,23.312,139.2,7.1358,84.9,15.87,6.3344,135
2219-09-28T01:00:00Z,84.8,18.48,22.952,138.6,7.1336,85.1,15.06,6.0664,136.2
2219-09-28T01:10:00Z,84.7,17.34,23.043,138.9,7.1339,85,15.63,6.2958,136.2
2219-09-28T01:20:00Z,85,18.81,21.687,135.6,7.1333,85.2,15.78,6.5536,135.6
2219-09-28T01:30:00Z,84.8,17.79,21.358,135.6,7.1318,85.1,14.31,5.311,137.7
2219-09-28T01:40:00Z,85.2,17.46,24.28,135.6,7.1324,84.9,15.21,5.8514,138
2219-09-28T01:50:00Z,85,17.37,22.404,135.6,7.1303,85,15.54,6.1949,139.8
2219-09-28T02:00:00Z,85.2,18.09,23.778,137.4,7.131,85,14.61,6.0487,140.7
2219-09-28T02:10:00Z,85.3,18,19.149,136.2,7.1306,85,15.57,6.2946,140.7
2219-09-28T02:20:00Z,85,17.58,20.988,135.9,7.129,85,14.67,6.5066,141.3
2219-09-28T02:30:00Z,84.9,17.4,21.99,137.4,7.1286,85.1,15.57,6.5928,141.3
2219-09-28T02:40:00Z,84.9,17.43,20.355,136.8,7.1277,85.1,15.03,6.1468,141.9
2219-09-28T02:50:00Z,85,18.54,22.972,134.1,7.1277,84.7,15.39,5.7833,142.8
2219-09-28T03:00:00Z,85,18.3,21.006,135,7.128,85.3,14.79,5.2716,142.8
2219-09-28T03:10:00Z,84.2,18.33,21.602,132.6,7.1274,85.4,13.08,6.6846,144
2219-09-28T03:20:00Z,85.3,17.19,20.075,133.5,7.1276,84.5,13.53,6.2191,145.5
2219-09-28T03:30:00Z,84.8,16.17,19.945,132.6,7.1265,84.8,14.82,6.929,147.3
2219-09-28T03:40:00Z,84.7,17.01,21.088,132,7.1254,85.2,14.1,6.6273,149.4
2219-09-28T03:50:00Z,84.7,16.05,21.413,135,7.1249,84.9,14.49,6.592,147.6
2219-09-28T04:00:00Z,84.5,15.87,22.637,135.3,7.1236,85.3,15.27,6.2007,146.7
2219-09-28T04:10:00Z,85.1,16.05,21.059,133.8,7.1235,85.2,16.17,6.2636,145.8
2219-09-28T04:20:00Z,84.6,15.45,23.389,133.2,7.122,85.2,15.96,6.4163,144.9
2219-09-28T04:30:00Z,84.8,16.14,21.828,133.8,7.1202,85,15.39,6.2768,145.8
2219-09-28T04:40:00Z,85,15.18,19.563,133.8,7.1198,84.9,15.84,5.983,145.8
2219-09-28T04:50:00Z,84.5,15.81,18.551,133.8,7.119,85.4,15.27,6.4446,147.3
2219-09-28T05:00:00Z,84.6,15.9,19.305,132.9,7.1198,85.2,15.87,6.4672,147.9
2219-09-28T05:10:00Z,85.2,15.99,19.224,135.9,7.1184,85.3,14.64,6.8066,148.8
2219-09-28T05:20:00Z,84.8,16.8,19.704,134.4,7.1177,85.1,14.97,6.4554,147.9
2219-09-28T05:30:00Z,84.3,17.73,18.906,134.4,7.1186,84.9,17.13,6.0396,148.8
2219-09-28T05:40:00Z,84.6,17.25,20.329,134.4,7.1186,85.1,17.22,6.3157,147
2219-09-28T05:50:00Z,84.7,15.81,23.347,133.8,7.1177,84.9,17.7,6.2418,148.2
2219-09-28T06:00:00Z,84.7,15.57,20.611,133.5,7.1178,85.2,15.72,6.348,144.6
2219-09-28T06:10:00Z,85,16.26,18.058,132.6,7.1172,84.9,15.6,7.4952,146.1
2219-09-28T06:20:00Z,85,15.6,16.107,131.1,7.1162,85.4,16.23,6.3005,147.9
2219-09-28T06:30:00Z,84.7,15.99,17.373,132.9,7.1163,85.1,16.05,5.9879,148.5
2219-09-28T06:40:00Z,84.9,15.93,20.213,132,7.1151,85,17.07,7.4291,148.5
2219-09-28T06:50:00Z,84.9,16.41,17.446,133.2,7.1149,85.1,17.49,5.8635,149.1
2219-09-28T07:00:00Z,85,17.46,20.603,134.4,7.1157,85.4,16.86,6.4785,149.1
2219-09-28T07:10:00Z,84.6,18.78,19.179,136.5,7.1148,85.3,17.01,7.0931,147.3
2219-09-28T07:20:00Z,84.8,16.89,18.926,135,7.1152,84.6,16.95,6.6182,147.6
2219-09-28T07:30:00Z,84.6,16.08,17.731,135,7.1164,85.3,17.04,6.1856,147.3
2219-09-28T07:40:00Z,84.8,16.17,17.844,136.2,7.1167,85.4,17.64,6.835,149.7
2219-09-28T07:50:00Z,84.8,16.8,18.159,136.2,7.1175,85.1,18.66,6.8386,148.5
2219-09-28T08:00:00Z,85,17.55,19.479,135,7.116,85.6,18,7.8355,146.4
2219-09-28T08:10:00Z,84.8,17.58,19,134.4,7.1173,85.3,18.39,7.5623,146.7
2219-09-28T08:20:00Z,84.7,16.62,18.53,135,7.1168,85,18.39,6.7904,146.7
2219-09-28T08:30:00Z,84.7,17.19,20.312,134.7,7.1178,85.3,18.39,6.8648,147
2219-09-28T08:40:00Z,85,17.07,20.17,135.3,7.1174,85.4,18,7.0041,146.4
2219-09-28T08:50:00Z,84.7,17.28,18.94,135.3,7.1169,85.3,17.7,7.196,145.8
2219-09-28T09:00:00Z,84.4,18.24,20.08,135,7.1178,85.3,17.76,7.7389,147.9
2219-09-28T09:10:00Z,84.9,19.38,17.373,136.5,7.1188,85.4,18.12,6.9503,148.2
2219-09-28T09:20:00Z,84.8,19.59,20.331,138.6,7.1197,85.2,17.97,6.8154,147.9
2219-09-28T09:30:00Z,84.8,19.86,19.513,136.8,7.1214,85.5,17.55,6.893,145.5
2219-09-28T09:40:00Z,84.8,19.68,22.62,136.8,7.1221,85,18.42,7.5419,147.6
2219-09-28T09:50:00Z,84.6,19.53,17.697,138.3,7.1238,85,19.5,7.5688,147.6
2219-09-28T10:00:00Z,85.1,20.19,19.567,138.3,7.1236,85.6,19.56,7.3342,145.5
2219-09-28T10:10:00Z,84.8,19.47,20.464,139.8,7.1252,85.2,18.33,7.7235,147
2219-09-28T10:20:00Z,85.3,19.2,20.191,139.5,7.1264,85.2,18.12,6.935,148.2
2219-09-28T10:30:00Z,84.9,17.79,19.512,140.7,7.1265,85.3,18.9,8.1424,147.6
2219-09-28T10:40:00Z,84.6,17.76,21.075,138,7.1268,85,18.09,7.7693,146.4
2219-09-28T10:50:00Z,85.1,18.48,22.123,137.7,7.1274,85.2,17.28,7.4013,145.8
2219-09-28T11:00:00Z,84.8,18.39,20.614,138.3,7.1273,85.2,16.68,6.6214,146.7
2219-09-28T11:10:00Z,84.9,18.51,18.662,139.8,7.1281,85.7,16.38,7.0878,147.6
2219-09-28T11:20:00Z,84.7,19.23,18.661,138,7.1285,85.1,16.44,7.5418,144.3
2219-09-28T11:30:00Z,84.8,20.46,21.02,138.3,7.1283,85.1,16.62,7.2571,144.6
2219-09-28T11:40:00Z,84.9,19.08,18.988,140.7,7.1302,85.3,16.89,7.469,144.3
2219-09-28T11:50:00Z,85.2,18.3,22.867,139.2,7.1291,85.3,16.95,7.6456,142.5
2219-09-28T12:00:00Z,84.9,18.45,20.066,137.7,7.1295,85.3,16.71,6.6668,141
2219-09-28T12:10:00Z,85.1,17.55,18.266,138,7.1307,85.4,17.97,7.3932,143.1
2219-09-28T12:20:00Z,84.9,18.69,20.519,137.7,7.1303,85.6,17.88,7.6455,139.5
2219-09-28T12:30:00Z,85,19.35,21.542,140.1,7.1305,85,19.08,6.4156,141
2219-09-28T12:40:00Z,85,18.87,22.02,140.1,7.1305,85.4,19.2,7.4845,139.8
2219-09-28T12:50:00Z,84.9,18.66,20.355,138.3,7.1313,85.2,18.54,7.4229,143.1
2219-09-28T13:00:00Z,84.8,19.29,20.15,135.6,7.1311,85.4,17.55,7.4142,140.1
2219-09-28T13:10:00Z,84.8,18.81,21.023,136.5,7.131,85.3,17.79,7.3499,142.8
2219-09-28T13:20:00Z,84.6,18.12,18.063,137.4,7.1312,85,18.36,7.3701,141
2219-09-28T13:30:00Z,84.8,17.97,20.598,135.3,7.132,85.3,18.03,7.4157,141.9
2219-09-28T13:40:00Z,85.3,18.84,20.903,134.4,7.1328,84.8,20.01,8.1952,141.6
2219-09-28T13:50:00Z,84.9,17.85,22.946,134.7,7.1307,85.4,19.86,7.7704,141
2219-09-28T14:00:00Z,84.8,18.27,22.571,133.5,7.1319,85.4,20.52,7.2929,142.5
2219-09-28T14:10:00Z,85.1,17.55,20.691,132.9,7.1305,85.4,19.68,7.5752,142.2
2219-09-28T14:20:00Z,85,17.88,19.748,134.7,7.1309,85.4,19.32,8.5679,141.6
2219-09-28T14:30:00Z,84.9,17.58,20.125,135,7.1303,85.7,19.86,8.8091,144
2219-09-28T14:40:00Z,84.9,17.04,23.064,133.2,7.1309,85,19.2,7.8897,143.1
2219-09-28T14:50:00Z,84.9,17.82,21.037,133.8,7.1308,85,20.46,7.4495,142.8
2219-09-28T15:00:00Z,85.1,17.13,21.505,135,7.1298,85.2,18.81,8.1262,142.2
2219-09-28T15:10:00Z,85,19.05,16.855,134.4,7.1299,85.1,18.45,8.0974,142.2
2219-09-28T15:20:00Z,85,17.64,21.477,133.2,7.1301,85.4,18.21,7.9038,146.4
2219-09-28T15:30:00Z,84.7,17.43,20.813,131.7,7.1305,85.1,17.64,8.0187,144
2219-09-28T15:40:00Z,85.2,16.71,23.714,130.8,7.1297,85.4,17.76,7.7052,143.7
2219-09-28T15:50:00Z,85.1,16.62,19.456,129,7.1286,85.2,18.57,7.6939,142.8
2219-09-28T16:00:00Z,85,16.17,22.094,130.5,7.1288,85.3,19.14,6.9102,141.3
2219-09-28T16:10:00Z,84.8,16.35,19.792,128.4,7.1278,85.3,18.69,8.9174,140.1
2219-09-28T16:20:00Z,84.9,15.24,20.294,129.6,7.1276,85.5,17.67,8.27,140.1
2219-09-28T16:30:00Z,84.9,14.49,19.848,127.5,7.126,85,18.57,8.4295,139.5
2219-09-28T16:40:00Z,85,15.42,19.249,126.6,7.1252,85.2,18.57,7.8066,141.6
2219-09-28T16:50:00Z,85,15.03,20.065,123.6,7.1242,85.4,18.66,7.7106,142.2
2219-09-28T17:00:00Z,85,15.3,19.58,122.7,7.1234,85.4,19.29,8.4435,144.3
2219-09-28T17:10:00Z,84.8,16.23,17.303,126.3,7.1242,85,19.02,7.6988,145.2
2219-09-28T17:20:00Z,84.8,16.89,18.498,129,7.1233,85.2,19.23,8.0771,147.6
2219-09-28T17:30:00Z,85.1,16.68,20.289,129.6,7.123,85.5,19.83,8.3752,146.4
2219-09-28T17:40:00Z,85.1,15.45,17.363,127.5,7.1227,85.4,19.23,8.2883,147.3
2219-09-28T17:50:00Z,85.1,17.58,17.804,126.6,7.1233,85.2,19.23,8.5326,145.5
2219-09-28T18:00:00Z,84.5,16.86,18.551,127.8,7.1225,85.1,18.78,7.9992,145.2
2219-09-28T18:10:00Z,84.9,16.38,20.424,127.8,7.123,85.4,19.05,7.7689,147
2219-09-28T18:20:00Z,85,16.92,19.505,129.3,7.1227,85.5,19.83,7.7036,146.1
2219-09-28T18:30:00Z,84.9,17.49,19.411,129,7.122,85.6,19.29,8.0463,147.6
2219-09-28T18:40:00Z,84.8,16.35,17.797,129.9,7.123,85.3,20.13,7.989,145.2
2219-09-28T18:50:00Z,84.7,18.42,19.729,131.1,7.1234,84.8,17.67,8.3212,146.7
2219-09-28T19:00:00Z,85.1,18.15,18.258,128.7,7.1248,85.1,17.61,8.4498,149.1
2219-09-28T19:10:00Z,85.2,17.88,16.233,129,7.125,84.8,18.51,7.7852,145.8
2219-09-28T19:20:00Z,84.9,17.64,17.469,129.6,7.1251,85.5,18.81,7.1714,145.5
2219-09-28T19:30:00Z,84.6,16.44,17.749,130.5,7.1257,85,17.58,8.2826,144.9
2219-09-28T19:40:00Z,84.8,17.22,18.955,126.6,7.1265,84.9,16.5,7.6665,144.6
2219-09-28T19:50:00Z,84.7,17.94,18.497,128.7,7.1265,85.2,16.5,8.2766,144.6
2219-09-28T20:00:00Z,85,17.82,19.769,126,7.1267,85.4,15.12,8.072,143.4
2219-09-28T20:10:00Z,84.8,17.64,19.885,127.2,7.1276,85,16.98,8.0701,143.7
2219-09-28T20:20:00Z,85,17.85,16.027,127.8,7.1276,85.6,16.38,8.083,142.5
2219-09-28T20:30:00Z,84.7,18.51,19.303,126.6,7.1281,85.3,16.53,8.0923,141.6
2219-09-28T20:40:00Z,84.9,18.69,17.844,129,7.1291,85.4,15.42,7.5012,138.9
2219-09-28T20:50:00Z,85,19.41,18.442,127.8,7.13,85.4,17.19,7.9452,139.5
2219-09-28T21:00:00Z,85.2,19.38,21.735,127.2,7.1298,85,17.58,7.7314,139.8
2219-09-28T21:10:00Z,84.9,19.14,21.527,126.9,7.1319,84.9,18,8.2174,141
2219-09-28T21:20:00Z,84.9,19.2,23.449,124.8,7.1317,85.1,17.85,7.6292,140.1
2219-09-28T21:30:00Z,84.9,19.74,20.315,124.5,7.1331,85.2,15.81,7.567,140.1
2219-09-28T21:40:00Z,84.8,19.41,17.929,124.8,7.133,85.4,16.65,7.9362,141.9
2219-09-28T21:50:00Z,85,20.58,20.429,123.6,7.1336,84.9,16.14,7.6115,141.6
2219-09-28T22:00:00Z,85,20.1,20.753,126.3,7.136,85.1,15.6,7.1106,141.6
2219-09-28T22:10:00Z,85,19.44,20.246,127.5,7.1363,85.2,15.6,8.0221,142.5
2219-09-28T22:20:00Z,84.8,19.02,20.761,126.6,7.1365,85.2,15.15,7.0606,141.6
2219-09-28T22:30:00Z,85,19.02,21.134,127.2,7.1373,85.2,15.36,7.6603,141.3
2219-09-28T22:40:00Z,84.9,19.92,22.444,125.7,7.1373,84.9,15.72,7.4182,141.9
2219-09-28T22:50:00Z,84.9,20.07,18.783,126.3,7.1376,84.6,16.56,6.8297,139.5
2219-09-28T23:00:00Z,84.8,18.21,19.217,127.8,7.1381,84.9,15.51,7.8582,139.8
2219-09-28T23:10:00Z,84.9,18.42,24.914,128.4,7.1376,85,16.38,7.0166,141
2219-09-28T23:20:00Z,85.3,18.18,20.425,126,7.1373,84.8,16.05,7.3321,139.5
2219-09-28T23:30:00Z,84.8,18.48,18.655,127.2,7.1381,85.1,16.47,7.2776,140.7
2219-09-28T23:40:00Z,84.9,17.91,20.552,124.2,7.1391,84.8,15.96,7.784,141
2219-09-28T23:50:00Z,84.9,18.45,22.123,123.9,7.1379,85,15.63,6.7048,142.5
2219-09-29T00:00:00Z,85,18.33,20.706,125.7,7.1383,85.1,15.9,7.863,144
2219-09-29T00:10:00Z,84.8,19.35,22.691,124.8,7.1385,84.8,16.23,7.6909,141.3
2219-09-29T00:20:00Z,85.2,20.64,18.96,126.6,7.1396,85.1,16.26,6.6778,142.2
2219-09-29T00:30:00Z,85.3,20.97,22.253,128.4,7.1396,85.1,16.59,7.5137,140.7
2219-09-29T00:40:00Z,84.9,20.67,20.122,127.8,7.1409,84.8,16.74,8.1008,143.1
2219-09-29T00:50:00Z,85.3,21,18.087,126.9,7.1403,85.2,16.35,7.9959,141.9
2219-09-29T01:00:00Z,84.7,19.83,21.076,128.1,7.1418,85,16.62,7.403,139.2
2219-09-29T01:10:00Z,85.2,21.33,20.858,126.9,7.1427,85.2,16.53,7.5295,141.3
2219-09-29T01:20:00Z,85.4,20.97,21.213,126.9,7.1427,85.1,17.19,7.0355,141
2219-09-29T01:30:00Z,85,21.9,19.292,126.6,7.144,84.8,17.49,6.4637,139.8
2219-09-29T01:40:00Z,85,21.57,21.882,126.3,7.1449,84.8,17.37,6.7834,140.7
2219-09-29T01:50:00Z,85.4,23.19,21.649,127.2,7.1466,84.9,17.76,7.5794,141
2219-09-29T02:00:00Z,85.3,22.89,22.98,124.8,7.1476,85.1,18,7.3503,142.8
2219-09-29T02:10:00Z,84.8,22.62,24.606,124.8,7.1493,85,17.79,6.7417,142.5
2219-09-29T02:20:00Z,85.2,23.19,23.692,123.9,7.1501,85,18.03,7.5371,141.3
2219-09-29T02:30:00Z,85.2,21.72,25.212,124.5,7.1506,85,17.43,6.9674,142.2
2219-09-29T02:40:00Z,85.1,22.41,20.246,123.9,7.1512,84.9,17.91,7.7016,142.8
2219-09-29T02:50:00Z,85.2,22.74,24.19,123,7.1515,84.9,18.36,7.3867,144
2219-09-29T03:00:00Z,84.9,22.98,24.63,122.7,7.1529,84.9,18.21,7.4861,144.9
2219-09-29T03:10:00Z,85.1,22.32,24.847,123.3,7.1527,85.1,17.04,8.0341,147
2219-09-29T03:20:00Z,85.1,22.02,23.345,126.3,7.1533,85,17.7,7.2714,147.6
2219-09-29T03:30:00Z,85.3,22.17,23.102,125.1,7.1538,85.3,18.12,7.4989,148.2
2219-09-29T03:40:00Z,85.1,21.24,22.142,124.2,7.1539,85.3,18.51,6.7001,148.8
2219-09-29T03:50:00Z,85.3,21.42,22.523,123.6,7.1536,84.8,18.45,6.6238,148.8
2219-09-29T04:00:00Z,85.2,19.65,23.984,123.9,7.1536,84.9,18.21,6.769,148.5
2219-09-29T04:10:00Z,85.3,21.15,25.45,122.7,7.1534,85,18.72,7.5178,148.8
2219-09-29T04:20:00Z,85.3,21.06,25.792,122.1,7.1533,85,17.73,7.7899,148.2
2219-09-29T04:30:00Z,85.2,19.62,25.373,123.3,7.1528,84.9,17.25,8.1822,145.5
2219-09-29T04:40:00Z,85.2,19.35,20.231,126,7.1527,84.9,16.5,6.9424,145.8
2219-09-29T04:50:00Z,85.6,19.38,24.172,124.5,7.1516,85.2,15.12,7.1943,143.1
2219-09-29T05:00:00Z,85.2,19.65,26.585,124.8,7.152,84.9,13.8,7.1706,142.8
2219-09-29T05:10:00Z,85.4,19.11,23.537,121.5,7.1503,85.4,13.41,6.8639,141.9
2219-09-29T05:20:00Z,85.2,19.65,24.303,122.7,7.1505,85.2,12.9,7.8763,143.7
2219-09-29T05:30:00Z,85,19.02,22.001,119.4,7.1498,85.1,12.42,6.5755,143.4
2219-09-29T05:40:00Z,85.5,19.02,24.397,120.6,7.1488,84.9,12.57,8.0817,143.1
2219-09-29T05:50:00Z,85.2,20.73,26.544,119.7,7.1482,84.8,12.3,7.2252,141.9
2219-09-29T06:00:00Z,85,19.65,26.968,119.1,7.1482,84.8,12.21,6.8866,139.2
2219-09-29T06:10:00Z,85.1,19.62,23.134,117.6,7.1474,85.1,12.18,6.5449,141.3
2219-09-29T06:20:00Z,85.3,19.53,23.088,119.4,7.1475,84.8,12.84,6.2938,142.5
2219-09-29T06:30:00Z,85.4,18.69,24.474,120.6,7.1473,85,13.17,6.1717,145.2
2219-09-29T06:40:00Z,85.2,18.69,24.731,120.9,7.1461,85,12.12,6.5964,141.9
2219-09-29T06:50:00Z,84.8,17.46,24.022,120.6,7.1436,84.6,13.08,7.2065,143.4
2219-09-29T07:00:00Z,85.1,17.16,22.972,122.1,7.1432,84.3,13.29,6.4768,143.7
2219-09-29T07:10:00Z,84.9,18.06,22.321,123.9,7.143,84.8,13.74,6.8192,143.7
2219-09-29T07:20:00Z,85.2,18,24.508,126.3,7.1413,84.7,13.86,6.5282,139.5
2219-09-29T07:30:00Z,84.9,18.3,19.562,129,7.1394,84.5,13.05,5.7561,140.4
2219-09-29T07:40:00Z,85.1,18.9,22.949,130.5,7.141,84.8,12.48,6.2057,140.7
2219-09-29T07:50:00Z,85.1,19.5,24.611,132.6,7.1401,84.8,13.62,6.5641,138.3
2219-09-29T08:00:00Z,85.1,19.74,22.189,130.5,7.1393,85,14.7,5.9587,141
2219-09-29T08:10:00Z,85,19.68,22.769,130.2,7.1392,84.8,14.01,5.56,142.5
2219-09-29T08:20:00Z,84.9,20.46,21.263,130.2,7.1396,84.7,13.59,6.8953,142.2
2219-09-29T08:30:00Z,85,20.43,22.525,129,7.14,84.8,13.56,6.0429,141.3
2219-09-29T08:40:00Z,85.3,20.37,20.353,128.4,7.1407,84.4,13.83,7.461,143.1
2219-09-29T08:50:00Z,84.9,20.61,22.413,130.5,7.1397,84.7,12.96,6.3657,142.2
2219-09-29T09:00:00Z,85,21.03,21.457,129.9,7.1414,84.5,14.25,6.0419,142.5
2219-09-29T09:10:00Z,85.2,20.07,24.218,130.8,7.1405,84.1,13.5,6.0881,141.3
2219-09-29T09:20:00Z,85,20.28,21.677,134.7,7.1409,84.5,14.52,5.7834,142.2
2219-09-29T09:30:00Z,85.4,20.46,23.227,133.5,7.1416,84.8,13.59,6.4758,141.9
2219-09-29T09:40:00Z,85.1,20.49,22.336,132.9,7.1425,84.5,13.08,5.9487,143.7
2219-09-29T09:50:00Z,84.9,20.01,24.175,135.3,7.1417,84.8,13.47,6.6328,143.7
2219-09-29T10:00:00Z,85.2,19.92,21.666,137.4,7.1409,84.8,13.74,5.9602,142.2
2219-09-29T10:10:00Z,84.9,20.07,24.096,135.9,7.1408,84.7,12.93,5.5097,143.7
2219-09-29T10:20:00Z,85.4,20.04,27.137,136.5,7.1414,84.9,13.38,5.1909,144.6
2219-09-29T10:30:00Z,85.2,20.88,24.518,136.2,7.1419,84.8,13.62,5.9759,141.6
2219-09-29T10:40:00Z,85,22.59,24.064,136.8,7.1411,84.8,13.86,5.1249,139.2
2219-09-29T10:50:00Z,85.2,22.77,24.948,135.9,7.1422,84.3,13.53,6.1906,142.2
2219-09-29T11:00:00Z,85.1,23.4,23.275,135.6,7.1431,84.8,12.57,6.3319,139.5
2219-09-29T11:10:00Z,85.1,23.7,21.437,135,7.1446,84.6,13.59,5.8964,139.8
2219-09-29T11:20:00Z,85.4,24.24,25.121,134.1,7.1465,84.5,14.58,5.1895,139.2
2219-09-29T11:30:00Z,85.4,25.05,23.59,134.7,7.1472,84.5,14.25,5.524,139.8
2219-09-29T11:40:00Z,84.9,23.13,26.555,133.5,7.1473,84.8,13.62,5.6414,137.4
2219-09-29T11:50:00Z,85.3,23.46,25.24,133.2,7.1483,84.8,13.32,5.5434,138.9
2219-09-29T12:00:00Z,85.4,22.92,22.913,134.1,7.1483,84.5,13.77,5.336,140.1
2219-09-29T12:10:00Z,85,22.08,23.812,136.2,7.1493,84.8,12.48,5.0071,140.4
2219-09-29T12:20:00Z,85.2,23.49,25.174,132.9,7.1499,84.9,13.14,5.8826,142.2
2219-09-29T12:30:00Z,85.3,23.16,26.555,132,7.151,84.6,12.75,4.6611,143.7
2219-09-29T12:40:00Z,85.2,22.02,26.644,130.2,7.151,85.2,12.84,5.6928,144.3
2219-09-29T12:50:00Z,85.4,23.01,23.54,132.6,7.1506,84.4,12.45,4.9349,144.3
2219-09-29T13:00:00Z,85.2,23.67,22.871,132.3,7.1503,84.7,13.02,5.8179,145.2
2219-09-29T13:10:00Z,85.1,23.61,24.129,132,7.1522,84.4,13.5,5.4054,146.7
2219-09-29T13:20:00Z,85.2,24.48,26.367,132.6,7.153,84.5,13.59,5.0122,150
2219-09-29T13:30:00Z,85.3,23.82,25.944,131.1,7.1537,84.4,14.28,5.3049,149.4
2219-09-29T13:40:00Z,85.3,23.7,25.241,129.3,7.1544,84.6,14.22,5.4186,150
2219-09-29T13:50:00Z,84.9,23.85,23.241,132.6,7.1535,84.9,14.58,5.3218,147.3
2219-09-29T14:00:00Z,85.4,23.67,25.745,134.4,7.1549,84.7,13.41,5.1396,147
2219-09-29T14:10:00Z,85.4,23.82,26.39,133.5,7.1549,84.6,14.25,5.3685,147.3
2219-09-29T14:20:00Z,85.6,24.18,26.083,135.3,7.1555,84.6,13.38,5.6241,146.4
2219-09-29T14:30:00Z,85.5,24.24,29.663,137.1,7.1556,84.4,13.38,5.3826,147
2219-09-29T14:40:00Z,84.9,23.46,27.402,136.8,7.1565,85,14.01,5.2751,149.7
2219-09-29T14:50:00Z,85.2,23.4,27.877,137.4,7.156,84.5,13.74,5.4519,146.1
2219-09-29T15:00:00Z,84.8,24.54,26.913,137.1,7.1562,85,12.57,5.0116,145.5
2219-09-29T15:10:00Z,85.2,23.34,27.698,137.7,7.1568,84.8,13.11,5.8628,145.2
2219-09-29T15:20:00Z,85.2,22.17,29.947,137.4,7.1561,84.6,12.45,5.2191,143.1
2219-09-29T15:30:00Z,85.6,22.32,26.839,137.1,7.1557,84.6,13.89,5.2886,144.3
2219-09-29T15:40:00Z,85.6,21.03,27.027,136.2,7.1554,84.9,13.5,5.4737,141.6
2219-09-29T15:50:00Z,85.2,21.27,24.231,135.9,7.1536,84.8,13.53,5.2561,140.7
2219-09-29T16:00:00Z,85.3,20.13,24.627,138.6,7.1528,84.7,14.22,5.7117,138.6
2219-09-29T16:10:00Z,85,20.46,27.174,137.7,7.1521,84.9,14.85,5.5297,138.3
2219-09-29T16:20:00Z,85.1,19.56,24.116,139.5,7.1516,84.5,15.33,6.0521,137.7
2219-09-29T16:30:00Z,85.5,20.88,25.633,138,7.1516,84.6,14.55,5.5279,137.1
2219-09-29T16:40:00Z,85.6,21.18,24.478,138.9,7.15,85.3,15.51,5.1666,137.7
2219-09-29T16:50:00Z,85.1,20.49,24.705,139.8,7.1493,84.8,14.1,5.934,137.7
2219-09-29T17:00:00Z,85,20.46,25.408,138.3,7.149,84.9,14.97,6.2152,140.1
2219-09-29T17:10:00Z,85.3,21,24.264,141,7.148,84.9,15.21,6.2549,140.7
2219-09-29T17:20:00Z,85.2,20.61,25.838,144,7.1475,84.8,14.91,5.3618,140.7
2219-09-29T17:30:00Z,85.1,20.79,28.451,144.6,7.1466,84.7,15.51,5.3607,138.6
2219-09-29T17:40:00Z,85,21.54,23.998,143.7,7.1463,84.9,15.72,5.6711,139.5
2219-09-29T17:50:00Z,85.1,21.48,25.388,141.6,7.1461,84.7,14.76,5.8123,138.3
2219-09-29T18:00:00Z,85.2,22.41,23.481,142.8,7.1465,84.5,15.09,5.3315,138.6
2219-09-29T18:10:00Z,85.3,22.26,26.379,142.2,7.1459,85.1,14.34,5.4634,136.8
2219-09-29T18:20:00Z,85.2,22.71,25.479,139.8,7.1463,84.8,15.36,6.3663,136.2
2219-09-29T18:30:00Z,85.1,22.62,24.662,141,7.1456,85,15.51,5.5259,136.5
2219-09-29T18:40:00Z,85.5,22.86,24.453,142.5,7.1453,85,15.51,5.0496,135
2219-09-29T18:50:00Z,85.1,22.92,24.647,141,7.1454,85,15.75,6.4292,135.3
2219-09-29T19:00:00Z,85.4,24.42,23.303,141.3,7.1473,85.1,15.78,6.4637,134.7
2219-09-29T19:10:00Z,85.2,24.33,24.622,141.6,7.1469,84.9,16.17,5.7934,133.5
2219-09-29T19:20:00Z,85.2,24.15,25.969,139.8,7.1467,85,16.89,6.6307,132.9
2219-09-29T19:30:00Z,85.3,25.2,22.382,141.6,7.1482,84.7,15.9,5.7294,135.6
2219-09-29T19:40:00Z,85,24.72,26.206,140.1,7.1488,84.9,14.34,6.7685,135.9
2219-09-29T19:50:00Z,85.2,26.31,27.368,142.2,7.1487,84.9,13.05,6.4738,135.3
2219-09-29T20:00:00Z,85.5,26.28,26.547,142.5,7.1508,85,13.5,5.2618,135.6
2219-09-29T20:10:00Z,85.3,26.91,26.255,142.8,7.1527,84.7,13.23,5.9684,134.7
2219-09-29T20:20:00Z,85.2,27.24,28.349,142.8,7.1534,84.9,13.17,6.2416,135
2219-09-29T20:30:00Z,85.2,27.66,28.063,143.7,7.1541,85,13.2,5.8359,134.4
2219-09-29T20:40:00Z,85.2,27.72,27.353,144.9,7.1554,84.8,13.14,6.1403,136.8
2219-09-29T20:50:00Z,85.2,27.18,26.771,144.9,7.1574,85,13.14,6.5432,135
2219-09-29T21:00:00Z,85.7,26.49,28.324,144.9,7.1584,84.9,12.69,6.2668,135.6
2219-09-29T21:10:00Z,85.4,27.09,28.019,144.3,7.1585,85,14.25,6.2911,134.1
2219-09-29T21:20:00Z,85.3,25.68,27.9,145.8,7.1588,85.2,14.67,5.575,136.2
2219-09-29T21:30:00Z,85.2,25.71,29.134,144.9,7.1591,84.6,15.81,5.7713,137.4
2219-09-29T21:40:00Z,85.1,24.87,29.611,144.3,7.1593,85,14.13,5.5249,137.4
2219-09-29T21:50:00Z,85.2,24.3,30.132,144.3,7.1601,85,14.19,5.6338,137.7
2219-09-29T22:00:00Z,85,24.45,29.486,145.8,7.1586,84.8,14.94,6.0652,138.3
2219-09-29T22:10:00Z,85.5,25.32,28.629,144,7.1594,84.8,14.82,5.3347,135.9
2219-09-29T22:20:00Z,85.5,24.96,27.331,143.4,7.1585,84.9,14.28,5.2726,137.1
2219-09-29T22:30:00Z,85.3,24.99,28.264,144.9,7.1586,85.2,14.1,5.5732,137.1
2219-09-29T22:40:00Z,85.5,24.78,29.588,143.4,7.1581,84.6,14.25,5.3088,133.5
2219-09-29T22:50:00Z,85.4,24.66,29.922,145.2,7.1581,84.8,14.22,5.8925,135.9
2219-09-29T23:00:00Z,85.2,24.24,27.857,141.9,7.1576,84.8,14.1,5.5535,133.8
2219-09-29T23:10:00Z,85.4,23.37,33.068,141.3,7.1571,84.7,14.22,6.5502,133.8
2219-09-29T23:20:00Z,85.7,24.69,29.685,138.9,7.1572,85,14.13,6.2207,134.1
2219-09-29T23:30:00Z,85.3,25.2,28.229,138.6,7.1572,85.1,14.19,5.6021,132
2219-09-29T23:40:00Z,84.9,26.16,28.998,140.1,7.1573,84.7,14.34,6.2019,134.4
2219-09-29T23:50:00Z,84.7,27.33,28.246,140.1,7.1573,85.2,14.61,5.8639,133.8
2219-09-30T00:00:00Z,85.5,26.4,28.257,140.4,7.1574,84.8,15.21,6.1617,134.7
2219-09-30T00:10:00Z,85.5,25.65,28.005,139.5,7.1573,84.9,15.87,5.8079,133.5
2219-09-30T00:20:00Z,85.1,26.67,30.4,137.1,7.1579,84.9,16.47,5.8941,136.5
2219-09-30T00:30:00Z,85.4,25.32,29.905,136.5,7.1571,84.8,15.99,6.4299,134.4
2219-09-30T00:40:00Z,85.2,25.05,26.482,137.4,7.1578,85.4,15.21,6.3747,134.7
2219-09-30T00:50:00Z,85.3,24.78,28.212,137.1,7.1567,85.3,14.88,5.7201,135.3
2219-09-30T01:00:00Z,85.1,24.42,29.212,135.9,7.1572,85.3,15.06,6.0464,137.1
2219-09-30T01:10:00Z,85.3,26.01,31.039,135.3,7.1569,84.8,15.48,6.1884,137.7
2219-09-30T01:20:00Z,85.1,26.79,30.833,134.4,7.1571,85,14.37,6.86,139.2
2219-09-30T01:30:00Z,85.3,26.43,29.481,135.6,7.1578,85.1,15.03,5.9774,137.4
2219-09-30T01:40:00Z,85.5,25.98,28.001,135.6,7.1583,84.7,13.98,6.9324,136.8
2219-09-30T01:50:00Z,85.3,27.03,29.982,133.2,7.1576,84.9,14.16,6.7209,137.4
2219-09-30T02:00:00Z,85.3,27.9,30.714,132.9,7.1587,85.3,13.23,6.2231,137.7
2219-09-30T02:10:00Z,85.3,28.05,28.294,132.9,7.1592,85.2,13.29,6.0674,139.2
2219-09-30T02:20:00Z,85.8,26.34,31.012,132.6,7.1594,85.3,14.52,6.3479,138.3
2219-09-30T02:30:00Z,85.4,28.26,29.483,133.2,7.159,84.9,15.27,5.3705,138.9
2219-09-30T02:40:00Z,85.3,27.54,29.333,136.2,7.1606,85.5,13.59,6.2201,137.1
2219-09-30T02:50:00Z,85.2,26.67,35.869,136.5,7.1603,85.1,14.82,5.8794,136.8
2219-09-30T03:00:00Z,85.1,26.61,29.554,138,7.1608,85,14.34,5.729,139.5
2219-09-30T03:10:00Z,85.4,27.51,30.708,137.7,7.1614,85.4,15,6.5311,138.6
2219-09-30T03:20:00Z,85.2,26.97,31.936,136.2,7.1616,84.9,14.55,6.616,137.4
2219-09-30T03:30:00Z,85.1,25.77,34.835,138,7.1615,84.5,14.25,6.677,140.1
2219-09-30T03:40:00Z,85.6,25.95,29.605,138,7.1604,84.6,13.95,6.2875,141.3
2219-09-30T03:50:00Z,85.5,25.74,31.252,136.8,7.1596,85,14.22,6.1536,142.2
2219-09-30T04:00:00Z,85.3,27.03,31.647,138.3,7.1603,84.8,14.4,5.1521,143.4
2219-09-30T04:10:00Z,85.2,25.47,30.207,137.1,7.16,85.2,14.58,6.505,140.1
2219-09-30T04:20:00Z,85.4,25.89,29.304,135,7.1587,85.2,14.25,6.269,139.5
2219-09-30T04:30:00Z,85.4,25.08,32.519,136.2,7.1593,84.7,14.91,6.1722,136.5
2219-09-30T04:40:00Z,85.3,25.26,29.935,138.3,7.1579,84.7,15.03,5.5361,138.9
2219-09-30T04:50:00Z,85.3,24.36,30.895,138,7.1582,85.2,15.45,5.739,137.7
2219-09-30T05:00:00Z,85.3,23.1,30.914,140.1,7.1556,85,15.36,5.8845,140.7
2219-09-30T05:10:00Z,85.4,22.95,30.794,138.9,7.1547,84.8,14.43,6.4058,140.7
2219-09-30T05:20:00Z,84.9,22.5,27.497,140.4,7.1532,85,15.69,6.7565,142.5
2219-09-30T05:30:00Z,85.4,22.29,28.188,138.9,7.1519,84.7,16.17,5.8366,141.9
2219-09-30T05:40:00Z,85.3,22.35,28.798,137.4,7.1507,85,15.63,6.2585,144.3
2219-09-30T05:50:00Z,85.1,23.01,31.81,136.5,7.1482,85.2,16.86,6.1521,142.8
2219-09-30T06:00:00Z,85.1,23.97,28.249,138,7.1473,84.9,15.9,6.4678,143.7
2219-09-30T06:10:00Z,85.3,23.49,30.033,137.1,7.1478,85.3,15.6,6.2653,145.8
2219-09-30T06:20:00Z,85.6,24.18,29.338,135.6,7.1464,84.9,15.27,6.1774,146.4
2219-09-30T06:30:00Z,85.4,24.87,27.766,135.6,7.1462,85.2,14.94,6.1003,146.1
2219-09-30T06:40:00Z,85.1,23.7,28.545,133.5,7.1463,84.9,14.61,6.4656,147.3
2219-09-30T06:50:00Z,85.3,23.4,29.857,132.9,7.1462,85.3,13.74,6.9974,145.8
2219-09-30T07:00:00Z,84.8,23.64,29.069,133.5,7.1432,84.9,13.74,6.0644,144.6
2219-09-30T07:10:00Z,84.9,23.16,31.157,130.8,7.1428,85,14.43,6.4553,145.2
2219-09-30T07:20:00Z,85.2,22.71,29.608,130.2,7.1425,85,13.56,6.5712,144.6
2219-09-30T07:30:00Z,84.8,22.26,28.584,129,7.1421,85.1,14.01,7.1737,143.1
2219-09-30T07:40:00Z,85.3,22.02,26.774,127.8,7.1405,85,13.32,6.655,146.1
2219-09-30T07:50:00Z,85,22.95,28.016,129.6,7.1395,84.9,14.07,6.0979,147.3
2219-09-30T08:00:00Z,84.9,22.29,29.673,129,7.139,84.8,13.65,6.5726,146.1
2219-09-30T08:10:00Z,84.9,22.71,28.735,127.2,7.1371,84.9,14.19,6.997,148.5
2219-09-30T08:20:00Z,85.3,22.47,27.515,125.7,7.1367,85.4,14.43,5.5341,148.5
2219-09-30T08:30:00Z,84.7,22.74,30.612,127.2,7.1356,84.9,13.86,6.3405,148.5
2219-09-30T08:40:00Z,84.8,22.11,27.111,127.8,7.1351,84.8,13.95,6.1011,146.1
2219-09-30T08:50:00Z,84.9,21.15,27.144,126.6,7.1335,85.1,12.69,6.7785,146.4
2219-09-30T09:00:00Z,84.9,20.82,27.412,125.7,7.1327,85.3,12.09,6.2561,147.6
2219-09-30T09:10:00Z,84.9,20.07,25.454,126.6,7.1317,85.3,15.03,5.7942,147.9
2219-09-30T09:20:00Z,85.2,19.71,23.606,125.7,7.13,84.8,14.58,6.5778,147.3
2219-09-30T09:30:00Z,85.1,21.81,28.825,123.9,7.1298,85.4,14.97,6.4229,148.2
2219-09-30T09:40:00Z,85.3,20.88,24.814,124.5,7.1281,85.1,15.48,6.6844,150.6
2219-09-30T09:50:00Z,84.9,21.78,26.763,122.7,7.1288,85.1,15.57,6.8503,147.6
2219-09-30T10:00:00Z,85,22.2,26.112,123,7.1267,84.9,16.74,6.1969,149.1
2219-09-30T10:10:00Z,84.9,22.65,27.073,121.5,7.1265,85.2,16.41,5.6751,147.6
2219-09-30T10:20:00Z,84.7,20.85,25.188,123,7.1262,85,17.91,6.5346,152.7
2219-09-30T10:30:00Z,84.8,21.24,25.52,122.4,7.1265,85.3,17.76,6.1896,150.9
2219-09-30T10:40:00Z,84.9,22.35,26.52,120.9,7.1256,85.2,16.77,5.807,149.7
2219-09-30T10:50:00Z,85.1,23.73,25.893,121.8,7.1249,85.2,16.71,6.1744,149.4
2219-09-30T11:00:00Z,84.8,23.13,24.92,120,7.1254,85.1,16.26,6.4445,149.4
2219-09-30T11:10:00Z,84.9,22.44,25.295,120,7.1256,85.4,15.36,7.1681,149.1
2219-09-30T11:20:00Z,85,22.26,28.527,117,7.1257,85,15.9,6.4299,147.9
2219-09-30T11:30:00Z,84.9,23.49,24.135,118.2,7.1255,85.3,16.05,6.1892,149.1
2219-09-30T11:40:00Z,85.1,24,24.203,118.2,7.1268,85,15.81,6.0944,148.5
2219-09-30T11:50:00Z,84.8,23.43,24.999,122.4,7.1263,84.9,15.03,6.8138,150.6
2219-09-30T12:00:00Z,85,23.07,27.667,124.2,7.1257,85.1,15.06,6.8619,147.3
2219-09-30T12:10:00Z,84.5,23.94,21.888,124.2,7.1269,85.4,14.67,6.782,147.9
2219-09-30T12:20:00Z,85,23.1,23.72,124.2,7.1275,85,13.83,6.547,147.9
2219-09-30T12:30:00Z,85.3,24.78,27.759,126,7.1284,85.1,12.69,7.4065,149.7
2219-09-30T12:40:00Z,84.9,26.37,24.238,126.3,7.129,85,12.18,5.7823,147.9
2219-09-30T12:50:00Z,84.9,25.74,27.644,125.4,7.1286,85,13.2,6.7823,146.4
2219-09-30T13:00:00Z,84.7,24.51,25.611,127.8,7.1306,85.1,12.93,6.8044,145.5
2219-09-30T13:10:00Z,85.2,24.45,25.394,126.6,7.1316,85,13.68,6.4526,145.5
2219-09-30T13:20:00Z,85,24.27,26.604,124.5,7.1315,85.1,12.66,6.2136,145.5
2219-09-30T13:30:00Z,84.7,25.11,23.235,123.6,7.1323,84.8,13.11,5.7665,146.4
2219-09-30T13:40:00Z,84.8,25.29,26.388,126,7.1335,85,14.34,6.7776,146.1
2219-09-30T13:50:00Z,85,26.58,28.986,125.7,7.1349,84.6,13.8,6.1093,147.9
2219-09-30T14:00:00Z,85.3,26.94,24.579,126,7.1351,84.8,13.71,5.9192,145.8
2219-09-30T14:10:00Z,84.8,25.68,29.027,125.7,7.1352,84.9,15.3,6.8773,145.8
2219-09-30T14:20:00Z,85.1,24.6,28.838,125.1,7.1356,85.3,14.55,6.1369,146.1
2219-09-30T14:30:00Z,84.9,23.73,26.354,125.4,7.1363,84.9,15.21,5.5929,144
2219-09-30T14:40:00Z,85.3,23.13,26.391,125.1,7.1355,84.9,14.79,5.5146,144.6
2219-09-30T14:50:00Z,85.2,21.84,27.032,124.5,7.134,85,15.33,6.2686,144.9
2219-09-30T15:00:00Z,84.9,21.57,27.483,125.4,7.1338,85.4,15.81,6.414,144.6
2219-09-30T15:10:00Z,85,21.87,26.181,128.1,7.1329,84.6,15.54,6.1223,144.6
2219-09-30T15:20:00Z,84.7,22.38,25.779,128.7,7.1314,84.9,17.04,6.4048,141.9
2219-09-30T15:30:00Z,84.5,22.83,25.845,127.2,7.1319,85,16.77,5.6454,144
2219-09-30T15:40:00Z,84.7,23.76,27.242,126.3,7.1312,84.8,16.17,6.3088,145.2
2219-09-30T15:50:00Z,85.4,21.63,24.145,125.4,7.1313,85,17.7,6.4014,145.8
2219-09-30T16:00:00Z,85.3,21.48,26.174,125.4,7.1311,85.3,17.13,6.5143,144.3
2219-09-30T16:10:00Z,84.9,20.55,24.938,124.2,7.1299,84.6,16.62,6.4593,146.1
2219-09-30T16:20:00Z,84.7,20.31,26.207,126.9,7.1283,85.2,15.66,5.9872,147.6
2219-09-30T16:30:00Z,85,19.23,23.741,128.7,7.1267,85.2,17.34,6.8174,147
2219-09-30T16:40:00Z,85.2,19.77,27.964,128.7,7.1255,85.1,16.05,6.8226,147.3
2219-09-30T16:50:00Z,84.8,18.9,24.079,125.7,7.1247,85.3,16.38,6.3739,147.9
2219-09-30T17:00:00Z,85,18.93,24.177,129.6,7.1228,85.2,16.14,6.7808,145.2
2219-09-30T17:10:00Z,85.1,19.62,27.447,130.5,7.1215,85,15.21,6.0743,142.5
2219-09-30T17:20:00Z,84.9,19.95,24.595,133.5,7.1212,85.4,15,6.7443,144.3
2219-09-30T17:30:00Z,85,19.23,21.65,133.8,7.121,84.8,14.88,6.656,144.3
2219-09-30T17:40:00Z,84.8,18.66,23.044,130.8,7.1192,84.9,15.66,6.6233,143.7
2219-09-30T17:50:00Z,85.2,18.39,25.074,132.3,7.118,85,14.82,5.7798,143.4
2219-09-30T18:00:00Z,84.7,16.14,23.032,131.4,7.1176,85.2,15.36,6.7512,144.6
2219-09-30T18:10:00Z,84.8,16.92,22.314,130.8,7.1154,85.2,14.4,5.6845,143.4
2219-09-30T18:20:00Z,84.6,16.92,22.933,130.8,7.1136,85,15,7.5882,146.4
2219-09-30T18:30:00Z,85,16.26,23.768,133.5,7.112,85.1,15.63,6.6642,145.8
2219-09-30T18:40:00Z,84.5,16.32,24.281,130.5,7.1104,84.8,16.32,6.7426,146.1
2219-09-30T18:50:00Z,84.7,15.54,24.116,129.9,7.1085,85.1,17.1,6.287,143.1
2219-09-30T19:00:00Z,85.2,16.56,22.421,129,7.1079,85.2,15.84,6.5419,142.2
2219-09-30T19:10:00Z,84.6,15.9,23.747,128.4,7.105,85.1,15.24,7.1059,143.7
2219-09-30T19:20:00Z,84.6,15.69,22.536,127.8,7.1042,85.1,16.92,6.4762,142.8
2219-09-30T19:30:00Z,84.9,16.41,18.337,130.5,7.1024,85.1,16.95,6.7387,140.1
2219-09-30T19:40:00Z,84.3,18.51,22.431,132.3,7.1026,85.2,17.1,6.1636,139.2
2219-09-30T19:50:00Z,84.3,20.1,21.326,131.4,7.1023,85.1,17.97,6.8483,141
2219-09-30T20:00:00Z,84.5,20.88,20.176,130.8,7.1035,85.3,17.79,7.0716,141.6
2219-09-30T20:10:00Z,84.5,19.98,22.673,131.1,7.1037,85.4,17.01,7.1087,141.6
2219-09-30T20:20:00Z,84.6,19.98,23.443,129,7.1041,85.2,17.58,7.6458,138.3
2219-09-30T20:30:00Z,84.5,20.64,19.91,130.2,7.1035,85.1,16.86,7.4634,137.1
2219-09-30T20:40:00Z,84.9,21.15,24.753,130.5,7.1065,85.1,16.65,6.0423,137.1
2219-09-30T20:50:00Z,84.9,21,20.985,128.7,7.1054,85.3,16.47,6.9069,139.8
2219-09-30T21:00:00Z,84.8,21.84,21.082,128.4,7.1077,84.6,15.69,7.6015,138.6
2219-09-30T21:10:00Z,84.7,20.58,22.147,129,7.1067,85.2,15.84,6.9178,137.4
2219-09-30T21:20:00Z,85.1,20.4,20.595,130.2,7.1079,85,16.2,6.2479,137.1
2219-09-30T21:30:00Z,84.7,19.14,22.032,130.5,7.1081,85.2,15.3,6.8949,139.2
2219-09-30T21:40:00Z,84.7,18.99,21.418,131.4,7.1086,84.8,14.79,7.3248,138.3
2219-09-30T21:50:00Z,84.7,18.93,21.899,135.3,7.1101,85.1,14.31,7.1467,137.7
2219-09-30T22:00:00Z,84.6,18.66,21.095,133.5,7.1086,85.1,13.89,7.4893,138.6
2219-09-30T22:10:00Z,84.6,18.75,20.304,133.5,7.1084,85.5,15.21,6.5773,140.4
2219-09-30T22:20:00Z,84.9,19.23,22.042,133.8,7.109,85.1,15.54,6.9232,140.7
2219-09-30T22:30:00Z,84.8,19.05,20.745,134.7,7.109,85.3,14.97,6.5497,141.3
2219-09-30T22:40:00Z,84.5,20.64,21.986,134.1,7.1089,85.2,14.76,6.8775,141
2219-09-30T22:50:00Z,84.5,21.27,21.229,135.6,7.1101,85.3,15.03,6.6465,141.3
2219-09-30T23:00:00Z,84.6,20.49,20.189,136.8,7.1111,85,15.18,7.1447,139.8
2219-09-30T23:10:00Z,84.9,22.68,19.581,137.7,7.1119,85,14.1,6.156,140.4
2219-09-30T23:20:00Z,84.9,22.2,21.65,139.8,7.1122,85.3,11.97,6.2309,142.2
2219-09-30T23:30:00Z,84.7,22.95,24.398,140.7,7.1141,84.8,11.46,6.5023,141.3
2219-09-30T23:40:00Z,85,23.07,22.4,139.2,7.1157,84.8,11.61,5.7131,142.5
2219-09-30T23:50:00Z,84.9,22.92,20.566,138.3,7.1161,85.1,11.97,6.4911,141.6
2219-10-01T00:00:00Z,84.5,24.54,22.248,137.4,7.1174,84.9,11.64,6.9753,143.1
2219-10-01T00:10:00Z,85,22.71,25.323,137.4,7.1206,84.9,12.18,6.2538,143.1
2219-10-01T00:20:00Z,84.8,21.39,21.241,139.2,7.1203,84.6,12.09,6.2907,143.7
2219-10-01T00:30:00Z,84.9,20.61,23.292,139.2,7.1215,84.7,12.51,6.6071,144
2219-10-01T00:40:00Z,84.9,19.98,19.916,141.3,7.1211,84.5,12.51,6.4726,146.7
2219-10-01T00:50:00Z,84.8,19.59,22.156,138,7.1211,84.9,11.82,6.2721,148.2
2219-10-01T01:00:00Z,84.6,19.14,24.061,136.8,7.121,85,12.54,5.3541,150
2219-10-01T01:10:00Z,84.4,18.54,23.194,136.5,7.1216,84.8,12.12,6.5445,148.5
2219-10-01T01:20:00Z,85,20.58,23.068,138.3,7.1206,84.7,12.69,5.823,147.9
2219-10-01T01:30:00Z,84.9,19.38,24.508,137.7,7.1211,85.1,12.69,5.9795,147.6
2219-10-01T01:40:00Z,85.1,19.95,20.036,137.4,7.1201,84.9,13.38,5.4414,147.9
2219-10-01T01:50:00Z,84.7,18.96,24.737,136.2,7.1208,84.7,14.7,6.478,148.5
2219-10-01T02:00:00Z,84.8,18.48,25.095,138,7.1197,84.5,14.55,5.9881,148.2
2219-10-01T02:10:00Z,85.1,18.54,21.957,135.6,7.1191,84.9,14.22,5.4346,149.7
2219-10-01T02:20:00Z,84.7,19.77,22.736,138,7.1191,84.8,12.39,5.9349,147
2219-10-01T02:30:00Z,84.5,20.01,24.503,137.1,7.1193,85,13.11,5.8926,147
2219-10-01T02:40:00Z,84.9,19.05,22.975,136.8,7.1187,85,12.9,6.6636,148.2
2219-10-01T02:50:00Z,85.2,19.98,22.921,133.8,7.1185,85.1,14.7,5.5778,147.3
2219-10-01T03:00:00Z,85,19.26,21.331,134.4,7.1195,84.8,15.54,5.6589,146.4
2219-10-01T03:10:00Z,85,19.11,20.327,135.3,7.1188,84.8,15.18,5.6573,149.7
2219-10-01T03:20:00Z,84.8,18.84,22.915,133.8,7.1188,85,17.04,5.643,149.4
2219-10-01T03:30:00Z,84.8,17.82,22.237,133.2,7.118,84.9,15.18,6.5393,150.3
2219-10-01T03:40:00Z,84.6,18.81,23.44,134.7,7.1173,84.8,15.36,5.8253,148.8
2219-10-01T03:50:00Z,85.1,18.72,19.75,136.8,7.1172,85.1,14.94,5.8995,148.2
2219-10-01T04:00:00Z,84.8,19.92,21.685,135.3,7.1173,84.7,15.63,5.7427,149.1
2219-10-01T04:10:00Z,85,18.93,19.724,136.2,7.1175,85,15.99,5.4386,149.1
2219-10-01T04:20:00Z,84.6,18.75,19.444,136.5,7.1177,85.1,16.29,6.6784,148.2
2219-10-01T04:30:00Z,84.7,19.65,19.939,135.9,7.1183,85,14.73,5.2861,146.1
2219-10-01T04:40:00Z,84.9,20.7,22.101,136.8,7.1191,84.8,16.2,6.2706,146.4
2219-10-01T04:50:00Z,84.6,20.88,21.178,135.6,7.1194,85.3,17.34,5.8734,144
2219-10-01T05:00:00Z,85,21.12,20.746,135,7.1195,85.2,16.62,5.8161,144.3
2219-10-01T05:10:00Z,84.9,19.98,21.461,138,7.1211,84.9,15.72,6.2572,145.2
2219-10-01T05:20:00Z,84.8,21.15,22.739,139.2,7.1206,85,16.11,5.2755,144.9
2219-10-01T05:30:00Z,84.9,21.36,24.681,138.9,7.1221,84.7,15.51,6.2544,144.6
2219-10-01T05:40:00Z,84.7,20.85,20.533,139.5,7.1232,85,14.07,5.5952,144.6
2219-10-01T05:50:00Z,85,20.7,20.203,139.2,7.1231,85,14.55,6.0456,146.7
2219-10-01T06:00:00Z,84.9,19.5,19.479,137.1,7.1242,85.2,12.93,7.048,145.2
2219-10-01T06:10:00Z,85.1,20.04,21.556,137.7,7.1233,85,12.99,5.7033,145.2
2219-10-01T06:20:00Z,84.6,20.55,22.805,138.6,7.1239,84.8,13.41,5.5523,145.2
2219-10-01T06:30:00Z,84.9,22.05,21.911,138.3,7.1245,84.8,13.38,6.668,144.3
2219-10-01T06:40:00Z,85.1,23.37,24.595,137.4,7.1257,85,12.6,5.6694,144.6
2219-10-01T06:50:00Z,85.2,22.86,24.866,138,7.1274,85.2,12.39,6.0896,146.4
2219-10-01T07:00:00Z,85,20.88,21.03,140.7,7.1279,85.3,12.93,6.4632,145.5
2219-10-01T07:10:00Z,85.1,22.89,22.432,140.4,7.1285,84.5,13.26,5.9686,146.4
2219-10-01T07:20:00Z,84.4,22.2,21.392,139.8,7.1299,85,13.08,5.4408,147.3
2219-10-01T07:30:00Z,85,21.6,22.629,138.9,7.1299,85,13.86,5.9659,147.6
2219-10-01T07:40:00Z,84.8,21.54,25.289,137.4,7.1293,84.7,13.83,5.2973,148.2
2219-10-01T07:50:00Z,85,20.94,25.132,136.8,7.1311,84.6,14.01,6.1712,148.8
2219-10-01T08:00:00Z,85.1,21.93,21.813,135.6,7.1314,84.7,13.38,5.8913,148.8
2219-10-01T08:10:00Z,84.9,21.84,23.518,135,7.1327,85.1,13.74,5.2306,147.6
2219-10-01T08:20:00Z,84.9,21.27,22.504,137.1,7.132,85.1,13.35,6.0277,148.5
2219-10-01T08:30:00Z,84.9,21.51,24.883,134.4,7.1332,84.7,14.13,5.7248,150.3
2219-10-01T08:40:00Z,85,21.39,23.397,135,7.1331,84.9,14.97,5.2943,148.8
2219-10-01T08:50:00Z,85,21.9,23.877,135.6,7.1338,84.3,16.71,5.6115,147.9
2219-10-01T09:00:00Z,85.2,23.07,24.257,135.9,7.1339,85.1,15.75,6.0141,150
2219-10-01T09:10:00Z,84.8,23.7,25.365,133.2,7.1346,84.9,14.85,5.7673,144.9
2219-10-01T09:20:00Z,84.9,24.45,25.116,135.3,7.1363,84.8,14.1,5.9179,143.7
2219-10-01T09:30:00Z,84.7,25.53,22.849,134.7,7.137,85,14.4,5.8499,143.1
2219-10-01T09:40:00Z,85.3,26.61,24.344,135,7.1384,84.7,13.26,6.5871,142.8
2219-10-01T09:50:00Z,85.2,25.5,24.052,135.6,7.1396,84.7,13.41,5.797,139.8
2219-10-01T10:00:00Z,85.5,26.13,23.85,132.9,7.1423,84.7,12.9,6.7917,141
2219-10-01T10:10:00Z,84.9,23.76,25.207,137.1,7.1433,85.3,13.26,5.2426,141.6
2219-10-01T10:20:00Z,84.9,23.19,27.575,137.4,7.1432,85,13.56,5.892,141.9
2219-10-01T10:30:00Z,85.2,23.31,24.818,137.7,7.1443,85,13.14,6.0479,142.5
2219-10-01T10:40:00Z,85.1,23.43,24.589,141,7.1436,85,13.2,5.6331,141
2219-10-01T10:50:00Z,85.1,23.91,26.394,137.7,7.1443,84.7,12.33,5.5933,142.2
2219-10-01T11:00:00Z,84.9,23.52,25.918,138.9,7.1444,85,12.12,5.7651,144.9
2219-10-01T11:10:00Z,85.2,24.33,25.992,137.1,7.1438,84.5,10.8,5.5139,146.7
2219-10-01T11:20:00Z,85.3,23.61,24.239,138,7.1459,84.9,10.95,5.8722,145.5
2219-10-01T11:30:00Z,85.1,23.79,26.641,139.2,7.1461,84.5,11.37,5.3471,146.4
2219-10-01T11:40:00Z,85.1,23.19,28.416,140.1,7.1453,85,11.64,6.1031,146.1
2219-10-01T11:50:00Z,85.1,23.94,24.984,140.1,7.1458,84.4,12.27,5.8783,146.7
2219-10-01T12:00:00Z,84.7,22.5,24.606,138.3,7.1471,84.7,12.87,5.5738,145.8
2219-10-01T12:10:00Z,85.6,22.2,28.882,138.9,7.146,85.2,13.56,5.9715,143.4
2219-10-01T12:20:00Z,85.1,22.38,26.266,138.9,7.146,85.4,13.89,5.4349,144
2219-10-01T12:30:00Z,85.5,22.14,24.523,142.2,7.1459,85.3,14.94,5.0569,141.9
2219-10-01T12:40:00Z,85.2,22.56,28.777,140.7,7.146,84.8,14.4,5.4553,140.4
2219-10-01T12:50:00Z,85.2,21.48,25.515,140.7,7.1459,84.9,15.42,6.7675,140.7
2219-10-01T13:00:00Z,85,21.87,28.081,138.3,7.145,84.6,15.54,5.668,142.8
2219-10-01T13:10:00Z,85.5,20.79,27.121,141,7.1442,84.9,15.45,6.7019,143.1
2219-10-01T13:20:00Z,84.9,20.91,23.695,141.9,7.1434,84.7,16.83,5.394,142.5
2219-10-01T13:30:00Z,85.2,21.21,24.159,142.2,7.1423,85,14.94,5.3078,144.6
2219-10-01T13:40:00Z,85.3,21.87,26.808,142.5,7.1418,85.4,13.74,6.4769,143.7
2219-10-01T13:50:00Z,85.1,21.72,25.982,140.4,7.1404,84.8,13.41,5.7157,143.1
2219-10-01T14:00:00Z,85,21.09,26.76,141,7.1408,84.8,14.13,4.6798,143.7
2219-10-01T14:10:00Z,85,20.88,23.612,142.2,7.1408,85,14.97,5.5951,143.7
2219-10-01T14:20:00Z,85,20.07,25.593,139.5,7.1398,84.9,15.6,5.551,142.2
2219-10-01T14:30:00Z,84.8,20.07,24.202,139.2,7.1385,85.4,15.84,5.8162,140.4
2219-10-01T14:40:00Z,85,21.36,22.77,138.3,7.138,84.6,15.75,6.5886,141.6
2219-10-01T14:50:00Z,85.3,20.88,27.812,138.9,7.1372,84.9,15.57,5.6894,141.3
2219-10-01T15:00:00Z,85.2,19.8,22.719,140.1,7.1364,85.2,15.87,6.4288,140.7
2219-10-01T15:10:00Z,84.8,19.86,24.537,139.8,7.1354,84.9,15.12,5.9421,139.5
2219-10-01T15:20:00Z,85.2,20.73,25.95,140.4,7.1354,85.3,16.26,6.4209,140.7
2219-10-01T15:30:00Z,84.8,20.61,25.488,140.7,7.1349,85,16.47,5.931,140.1
2219-10-01T15:40:00Z,84.9,20.88,22.759,140.7,7.1349,84.9,14.97,5.9656,142.2
2219-10-01T15:50:00Z,85.1,21.57,23.421,137.4,7.1343,85.1,15.63,6.8185,142.2
2219-10-01T16:00:00Z,84.7,20.82,22.891,136.5,7.1349,85.3,15.24,5.9655,138.9
2219-10-01T16:10:00Z,85.2,21.72,22.597,138.9,7.1354,85.1,15.66,6.3833,142.2
2219-10-01T16:20:00Z,84.9,22.02,22.845,138.6,7.1353,84.9,15.84,6.5311,141.9
2219-10-01T16:30:00Z,84.9,22.56,25.055,136.2,7.1352,85,15.15,7.0794,141.3
2219-10-01T16:40:00Z,84.9,22.86,24.71,136.5,7.1348,85.1,16.59,6.7025,141
2219-10-01T16:50:00Z,85.2,21.24,24.867,135.3,7.1365,85.2,17.91,6.8164,140.1
2219-10-01T17:00:00Z,85.1,19.92,22.643,135.9,7.1354,84.8,18.09,6.7729,139.2
2219-10-01T17:10:00Z,84.9,19.56,26.332,133.5,7.1335,85.2,18.84,6.7797,139.5
2219-10-01T17:20:00Z,84.8,20.07,25.496,135.3,7.1334,85,18.66,6.8,140.1
2219-10-01T17:30:00Z,84.9,20.25,28.003,138,7.1331,85,19.17,6.5383,137.7
2219-10-01T17:40:00Z,85,20.22,24.047,137.1,7.1319,85.4,19.95,6.7936,141
2219-10-01T17:50:00Z,85.5,21.18,25.177,136.2,7.1316,85.1,19.02,6.6498,140.1
2219-10-01T18:00:00Z,85,21.27,26.987,136.2,7.1318,85.1,19.5,7.6631,140.7
2219-10-01T18:10:00Z,85,20.31,24.699,135.6,7.1317,85.6,19.11,6.9243,140.4
2219-10-01T18:20:00Z,85.3,20.07,24.939,133.2,7.1316,85.1,19.62,7.3024,141
2219-10-01T18:30:00Z,84.8,20.19,26.184,133.8,7.1302,85,19.86,7.0225,139.2
2219-10-01T18:40:00Z,85.2,20.61,22.481,134.7,7.1295,85.3,19.35,7.5623,141
2219-10-01T18:50:00Z,85,20.4,23.606,132.6,7.1307,85.3,19.14,7.4892,139.5
2219-10-01T19:00:00Z,84.9,20.19,24.344,132.6,7.1296,85.3,18.87,6.8978,140.1
2219-10-01T19:10:00Z,84.9,20.49,24.071,134.1,7.13,85.4,17.31,6.9497,141.3
2219-10-01T19:20:00Z,84.8,20.88,23.194,132.6,7.1295,85.4,18.87,7.8111,142.8
2219-10-01T19:30:00Z,85,20.34,23.91,134.7,7.1299,85.1,18.03,7.1917,143.1
2219-10-01T19:40:00Z,85,19.56,25.67,132.3,7.1298,85.1,18.21,7.9618,142.2
2219-10-01T19:50:00Z,85,20.01,23.707,133.5,7.129,85.4,17.91,7.631,144.9
2219-10-01T20:00:00Z,85.2,19.32,24.005,133.5,7.128,85.2,16.2,8.01,141.6
2219-10-01T20:10:00Z,84.5,17.94,21.667,131.7,7.1282,85.6,17.25,7.786,142.5
2219-10-01T20:20:00Z,84.9,19.44,24.895,131.4,7.1269,85,16.08,7.6347,140.4
2219-10-01T20:30:00Z,85.1,20.58,23.905,130.8,7.1268,85.5,15.84,8.1194,140.1
2219-10-01T20:40:00Z,84.6,20.34,24.918,132.9,7.1266,85.3,17.04,7.0553,140.4
2219-10-01T20:50:00Z,85.1,21.33,25.209,132.6,7.1256,85.3,17.34,7.309,141
2219-10-01T21:00:00Z,84.9,20.49,22.987,135,7.1266,85.2,15.42,7.8768,141
2219-10-01T21:10:00Z,84.8,21.39,22.699,133.2,7.126,85.3,16.53,7.4306,141.6
2219-10-01T21:20:00Z,85.1,22.44,24.534,135.3,7.1264,85.1,15.42,7.6119,141
2219-10-01T21:30:00Z,84.5,21.54,22.912,136.2,7.1274,85,15.69,8.1552,142.5
2219-10-01T21:40:00Z,84.6,21.96,23.246,135.6,7.1279,85.2,16.11,7.1668,142.5
2219-10-01T21:50:00Z,85.1,21.6,25.345,136.8,7.1282,85.1,15.51,7.227,144
2219-10-01T22:00:00Z,85,22.83,22.017,136.5,7.1285,85.3,17.73,8.0253,142.5
2219-10-01T22:10:00Z,84.8,21.18,23.33,136.8,7.1276,85.4,16.17,7.5571,143.7
2219-10-01T22:20:00Z,85,20.4,24.147,137.7,7.129,84.8,16.38,7.349,141.6
2219-10-01T22:30:00Z,85.1,20.97,23.647,137.7,7.1282,85.5,16.56,7.0339,142.2
2219-10-01T22:40:00Z,84.9,20.52,23.442,138.3,7.1288,85,16.83,7.9757,144
2219-10-01T22:50:00Z,85,21.09,25.843,138.6,7.1285,85.5,16.74,6.8757,141.9
2219-10-01T23:00:00Z,84.9,22.32,23.602,140.1,7.1286,85,16.35,6.9332,141.6
2219-10-01T23:10:00Z,84.9,22.44,24.846,139.2,7.129,85.4,16.41,7.4365,140.1
2219-10-01T23:20:00Z,84.9,22.95,24.596,138,7.1296,84.8,16.32,7.7481,142.8
2219-10-01T23:30:00Z,84.9,23.49,24.817,139.8,7.1307,85.1,15.93,7.9969,141.9
2219-10-01T23:40:00Z,85,23.91,27.483,139.2,7.1316,85.6,16.59,8.0773,140.4
2219-10-01T23:50:00Z,85.2,23.04,25.305,139.8,7.1318,85.5,16.59,6.7515,141.6
2219-10-02T00:00:00Z,85.1,24.33,26.55,139.8,7.1329,85.4,16.65,7.2557,143.1
2219-10-02T00:10:00Z,85.2,23.43,25.614,139.8,7.1336,85,15.24,7.4041,139.5
2219-10-02T00:20:00Z,85,23.19,23.64,139.5,7.1338,85.2,15.78,7.0732,141
2219-10-02T00:30:00Z,85,23.43,26.781,138.3,7.1341,85.3,15.39,7.1085,137.1
2219-10-02T00:40:00Z,85.2,24.24,26.368,137.7,7.1363,85.1,15.48,7.1212,139.8
2219-10-02T00:50:00Z,85.4,24.12,28.029,135.3,7.1358,84.9,16.38,6.7942,141.6
2219-10-02T01:00:00Z,85.4,23.4,26.338,134.7,7.1366,85.5,15.93,7.0358,140.7
2219-10-02T01:10:00Z,85.6,23.55,26.329,134.7,7.1383,85.2,15.9,7.2442,139.2
2219-10-02T01:20:00Z,85.1,23.61,24.549,133.8,7.1387,85.3,16.53,6.6359,139.5
2219-10-02T01:30:00Z,85.1,21.96,27.531,132.3,7.1386,85.3,16.02,7.1437,141
2219-10-02T01:40:00Z,85.2,23.1,25.967,134.4,7.1386,85.1,15.93,7.1563,140.1
2219-10-02T01:50:00Z,85.5,22.32,26.23,133.5,7.1384,85.3,15.84,6.9077,139.2
2219-10-02T02:00:00Z,84.9,23.19,24.835,133.2,7.1396,85.3,14.7,6.2495,138.9
2219-10-02T02:10:00Z,85.2,21.96,24.707,132.9,7.1391,85.3,15.42,7.1642,139.2
2219-10-02T02:20:00Z,85.1,22.11,24.821,133.8,7.1383,85,14.82,6.5151,138.3
2219-10-02T02:30:00Z,85.3,22.02,23.99,131.1,7.1384,85.2,15.48,7.0387,137.7
2219-10-02T02:40:00Z,85.3,21.15,24.749,131.4,7.1377,85.3,14.7,6.6869,137.4
2219-10-02T02:50:00Z,84.7,20.88,28.045,132.6,7.1379,85.3,16.23,6.2997,138
2219-10-02T03:00:00Z,85.1,21.6,23.336,129.3,7.1365,85.5,16.08,7.4072,135
2219-10-02T03:10:00Z,85.3,20.67,24.72,130.5,7.1365,85.1,17.7,6.7158,135.6
2219-10-02T03:20:00Z,84.9,20.82,23.21,130.8,7.1353,85.5,18.42,7.1417,136.8
2219-10-02T03:30:00Z,85,20.46,25.132,129.9,7.1351,85.1,19.68,7.6732,137.4
2219-10-02T03:40:00Z,85,20.1,26.555,128.4,7.1343,85.1,19.83,7.0844,137.1
2219-10-02T03:50:00Z,84.9,19.62,28.552,128.4,7.1331,85.5,19.68,6.693,136.2
2219-10-02T04:00:00Z,84.8,18.78,22.725,130.5,7.1329,85.4,19.38,7.6544,137.7
2219-10-02T04:10:00Z,84.6,18.93,25.543,131.4,7.1318,85.5,19.05,7.2957,137.1
2219-10-02T04:20:00Z,85.2,18.84,22.312,131.1,7.1303,85.1,18.99,7.2871,137.4
2219-10-02T04:30:00Z,84.9,19.32,25.877,131.1,7.1307,85.5,17.43,6.8948,138
2219-10-02T04:40:00Z,85,19.68,23.624,132,7.1291,85,19.05,7.4589,140.7
2219-10-02T04:50:00Z,84.8,19.62,25.092,133.2,7.1284,85.1,18.36,8.2978,137.7
2219-10-02T05:00:00Z,84.9,19.98,23.915,132.3,7.1281,85.4,17.52,7.056,136.8
2219-10-02T05:10:00Z,84.6,18.57,21.748,134.7,7.1273,85.2,18.69,7.721,138.3
2219-10-02T05:20:00Z,84.5,19.29,25.292,134.7,7.127,85.3,19.71,7.4027,137.7
2219-10-02T05:30:00Z,84.8,18.3,23.684,137.7,7.1259,85.3,19.74,7.5051,138.6
2219-10-02T05:40:00Z,85.1,18.27,23.906,138.3,7.1257,85.1,20.04,6.7382,136.8
2219-10-02T05:50:00Z,85.2,18.72,23.099,136.2,7.1246,85.2,19.74,8.2602,135.3
2219-10-02T06:00:00Z,85.2,19.08,25.691,137.1,7.1244,85.2,20.28,7.414,136.2
2219-10-02T06:10:00Z,84.9,19.35,20.646,138,7.123,85.4,19.41,7.5952,133.5
2219-10-02T06:20:00Z,84.8,19.8,22.315,137.1,7.1226,85.1,19.08,7.3615,134.7
2219-10-02T06:30:00Z,85,19.35,20.672,135.3,7.1227,85,20.43,7.1813,132.6
2219-10-02T06:40:00Z,85,19.35,21.96,135.3,7.1226,85.1,19.71,8.7883,135
2219-10-02T06:50:00Z,84.8,20.4,24.635,134.1,7.1226,85.3,18.87,7.9889,131.1
2219-10-02T07:00:00Z,84.6,21.36,22.971,132,7.1225,84.9,19.05,7.5814,132.9
2219-10-02T07:10:00Z,85,20.64,23.82,132.9,7.124,85.4,18.84,8.5962,132.6
2219-10-02T07:20:00Z,84.7,20.79,23.909,132.6,7.124,85.6,19.23,8.4954,133.5
2219-10-02T07:30:00Z,84.6,21.48,24.255,132.9,7.1246,85.5,18.96,8.3186,133.5
2219-10-02T07:40:00Z,85,21.09,22.89,132,7.1243,85.4,18.39,8.1355,134.4
2219-10-02T07:50:00Z,84.6,22.23,22.091,132,7.1242,85,18.21,7.7706,133.2
2219-10-02T08:00:00Z,85.1,21.27,22.345,130.2,7.1245,85.4,17.64,8.5542,133.5
2219-10-02T08:10:00Z,84.4,21.18,22.63,132.6,7.1251,85.1,18.54,7.7062,133.2
2219-10-02T08:20:00Z,84.8,21.24,22.705,132.3,7.1246,85.3,17.76,8.3313,133.2
2219-10-02T08:30:00Z,84.8,20.25,25.729,130.8,7.1249,85.2,17.73,7.9792,132.6
2219-10-02T08:40:00Z,84.7,20.13,25.053,130.5,7.1248,85.4,18.18,7.8544,134.4
2219-10-02T08:50:00Z,85,20.52,25.143,128.1,7.125,85,18.84,7.6289,133.2
2219-10-02T09:00:00Z,84.7,20.55,22.239,127.2,7.1252,85.3,18.75,8.433,132
2219-10-02T09:10:00Z,85.4,20.64,21.303,126.9,7.1261,85.2,19.05,7.5181,132.6
2219-10-02T09:20:00Z,84.9,20.04,23.719,127.2,7.1253,85.5,18.24,8.8227,132
2219-10-02T09:30:00Z,85,20.85,22.079,127.2,7.1262,85.2,18.3,8.2663,131.1
2219-10-02T09:40:00Z,84.8,18.96,22.682,127.8,7.1249,85.7,19.14,7.4375,129.6
2219-10-02T09:50:00Z,84.8,19.47,22.507,127.2,7.1264,85.5,19.05,7.7631,129.9
2219-10-02T10:00:00Z,84.9,19.86,25.877,126.9,7.1246,85.2,18.36,7.4179,131.1
2219-10-02T10:10:00Z,84.9,19.62,21.079,128.1,7.1255,85.1,18.15,8.0233,129.9
2219-10-02T10:20:00Z,84.7,19.23,23.809,128.7,7.1253,85.3,17.73,7.7392,132
2219-10-02T10:30:00Z,84.9,19.35,20.523,125.7,7.1247,85.5,18.15,7.9688,129.9
2219-10-02T10:40:00Z,85.1,17.82,20.553,127.5,7.1234,85.2,18.06,8.2374,130.2
2219-10-02T10:50:00Z,84.6,16.95,21.114,126.9,7.1235,85.3,18.24,8.238,132.9
2219-10-02T11:00:00Z,84.8,17.58,21.77,128.1,7.122,85.4,17.7,8.4152,133.2
2219-10-02T11:10:00Z,85,17.61,22.806,125.7,7.1219,84.9,20.58,8.5044,134.4
2219-10-02T11:20:00Z,84.9,17.97,24.245,128.1,7.121,85.4,20.16,7.6742,135
2219-10-02T11:30:00Z,84.5,18.21,20.098,127.2,7.1213,85.2,18.93,7.1771,136.8
2219-10-02T11:40:00Z,85,17.73,20.733,128.4,7.1203,85.2,20.7,8.2234,136.8
2219-10-02T11:50:00Z,84.9,18.3,23.274,127.5,7.1193,85.1,19.86,8.8222,135.3
2219-10-02T12:00:00Z,84.8,17.19,19.95,126.3,7.1195,85.3,19.2,8.3858,136.5
2219-10-02T12:10:00Z,85.1,18.9,21.095,127.2,7.1185,85.3,19.08,8.2295,135.3
2219-10-02T12:20:00Z,84.7,20.01,23.52,127.5,7.1184,85.1,20.55,7.9751,135.9
2219-10-02T12:30:00Z,85.2,19.17,22.908,128.4,7.1195,85.2,18.33,7.7091,135.3
2219-10-02T12:40:00Z,84.9,18.75,21.369,127.8,7.1198,85.3,18.45,8.4855,137.7
2219-10-02T12:50:00Z,85,17.97,22.192,125.1,7.1182,85.5,18.48,8.9087,137.4
2219-10-02T13:00:00Z,84.9,18.48,21.259,126.9,7.1184,85.3,16.65,8.2202,137.7
2219-10-02T13:10:00Z,85.2,16.95,20.31,126.9,7.1181,85.3,16.56,8.0565,137.7
2219-10-02T13:20:00Z,84.6,17.79,22.177,127.5,7.1167,85.4,16.44,8.1005,135.6
2219-10-02T13:30:00Z,85,17.91,21.133,126,7.1174,85,15.39,7.429,135.9
2219-10-02T13:40:00Z,84.9,17.55,20.26,125.7,7.117,85.1,14.43,8.0114,136.5
2219-10-02T13:50:00Z,84.8,18.12,20.364,127.2,7.1161,85.3,14.13,7.4769,136.8
2219-10-02T14:00:00Z,84.8,18.39,20.975,126.9,7.1167,84.9,14.31,7.8515,136.5
2219-10-02T14:10:00Z,85.1,19.5,20.491,127.8,7.1161,84.6,15.36,7.3159,139.8
2219-10-02T14:20:00Z,85.1,20.73,22.31,124.8,7.1181,85.1,15.69,8.2076,140.1
2219-10-02T14:30:00Z,85,21.09,24.054,123.6,7.1174,85,16.44,7.4007,140.1
2219-10-02T14:40:00Z,84.7,21.06,20.385,122.7,7.1183,85.3,16.14,7.0725,138.6
2219-10-02T14:50:00Z,85,21,22.362,124.5,7.1193,84.9,16.56,7.7327,137.7
2219-10-02T15:00:00Z,84.7,19.41,21.057,125.1,7.1202,84.9,16.41,7.4247,138.9
2219-10-02T15:10:00Z,85,19.53,21.972,125.1,7.1199,84.9,15.6,8.2986,139.2
2219-10-02T15:20:00Z,85.1,18.78,21.156,126,7.1213,85,16.41,7.3491,139.8
2219-10-02T15:30:00Z,84.8,17.4,21.69,126.3,7.1213,85.1,16.59,6.7683,141
2219-10-02T15:40:00Z,84.6,18.48,20.499,125.4,7.1214,84.8,15.99,6.6936,142.8
2219-10-02T15:50:00Z,85,18.66,20.491,126.6,7.121,85.2,15.93,8.0925,144.9
2219-10-02T16:00:00Z,85,19.14,21.768,123.3,7.1197,85.1,15.18,6.7117,141.6
2219-10-02T16:10:00Z,85,18.63,20.203,124.2,7.1203,85,14.79,6.6517,141.6
2219-10-02T16:20:00Z,84.5,19.89,20.871,126.9,7.1202,84.8,14.31,6.8363,139.5
2219-10-02T16:30:00Z,85,18.6,19.851,126.6,7.1216,85.2,15.36,7.5393,143.4
2219-10-02T16:40:00Z,85.3,18.99,20.273,127.5,7.1219,84.5,14.4,7.321,144.3
2219-10-02T16:50:00Z,85,18.27,21.995,126.6,7.1216,85,14.46,6.5962,143.7
2219-10-02T17:00:00Z,84.7,19.5,21.653,128.7,7.1221,84.8,14.79,6.9827,146.4
2219-10-02T17:10:00Z,84.5,20.52,24.54,131.7,7.1227,84.7,14.67,6.9027,145.5
2219-10-02T17:20:00Z,84.7,21.48,19.83,132.6,7.124,84.7,14.85,7.0011,145.2
2219-10-02T17:30:00Z,84.9,21.48,22.954,132.9,7.1241,84.8,14.73,6.7575,146.1
2219-10-02T17:40:00Z,85.4,22.08,21.892,133.2,7.1255,85,14.64,6.7674,145.5
2219-10-02T17:50:00Z,84.8,20.79,18.534,132.3,7.1266,84.6,16.2,6.5686,143.4
2219-10-02T18:00:00Z,84.9,21.36,20.708,133.8,7.1273,85.1,15.81,6.6144,145.8
2219-10-02T18:10:00Z,85,22.86,20.548,133.2,7.1287,85.2,15.24,7.2,144.3
2219-10-02T18:20:00Z,84.7,20.94,22.573,134.4,7.1291,84.9,14.97,6.8383,142.2
2219-10-02T18:30:00Z,85.3,21.99,23.027,134.4,7.1292,84.7,15.3,7.5858,141.3
2219-10-02T18:40:00Z,85.1,22.08,22.177,134.7,7.1308,84.9,14.76,6.9558,139.2
2219-10-02T18:50:00Z,85,21.93,23.534,136.8,7.1305,84.8,15.96,6.7892,139.5
2219-10-02T19:00:00Z,85,23.1,20.679,135.3,7.1326,84.8,15.75,6.6661,137.1
2219-10-02T19:10:00Z,85,22.47,22.193,135,7.1336,84.7,15.6,6.7519,140.4
2219-10-02T19:20:00Z,85.1,21.51,24.96,135.9,7.1327,84.9,17.22,6.7238,139.8
2219-10-02T19:30:00Z,84.9,21.87,23.628,132,7.1351,85.2,16.47,6.5305,140.4
2219-10-02T19:40:00Z,85.2,21.96,24.47,131.1,7.1359,84.8,15.96,6.9092,140.7
2219-10-02T19:50:00Z,84.9,23.34,24.465,132.6,7.1367,85,16.92,7.4479,140.1
2219-10-02T20:00:00Z,85.2,24.15,24.811,132.3,7.1383,85.3,17.07,6.3477,139.2
2219-10-02T20:10:00Z,85.1,21.39,24.866,131.7,7.1382,84.6,16.35,6.2167,140.7
2219-10-02T20:20:00Z,84.9,22.23,23.428,133.2,7.1391,84.9,17.04,7.0008,140.7
2219-10-02T20:30:00Z,85.3,21.75,26.159,134.7,7.1391,84.8,15.75,6.2984,141
2219-10-02T20:40:00Z,85.1,23.25,24.846,135.6,7.1396,85.3,16.11,6.754,141.6
2219-10-02T20:50:00Z,84.9,22.74,23.329,134.4,7.141,85,15.54,6.4702,142.5
2219-10-02T21:00:00Z,84.9,21.75,24.829,134.4,7.1399,84.7,16.53,7.2183,141.9
2219-10-02T21:10:00Z,85.1,22.77,24.148,136.2,7.1409,84.9,16.23,6.3733,141.9
2219-10-02T21:20:00Z,85,23.67,24.542,135.6,7.1411,84.8,15.45,7.6253,141
2219-10-02T21:30:00Z,85.2,24.18,23.417,137.4,7.1422,85.2,15.12,6.4132,143.1
2219-10-02T21:40:00Z,85.3,23.64,23.831,135,7.1414,84.7,14.61,6.7264,143.1
2219-10-02T21:50:00Z,84.7,23.82,24.417,135.9,7.1431,84.8,14.16,6.2789,142.5
2219-10-02T22:00:00Z,85.3,24.09,25.754,135.9,7.1447,85.2,13.17,6.8081,141.9
2219-10-02T22:10:00Z,84.9,23.13,26.239,138.9,7.1451,84.5,14.31,6.5911,141.3
2219-10-02T22:20:00Z,85.1,22.86,24.311,137.7,7.1448,84.6,14.07,6.5783,142.5
2219-10-02T22:30:00Z,85.3,21.54,24.105,141,7.1441,84.8,14.94,6.8653,144
2219-10-02T22:40:00Z,85.3,21.99,25.259,141.9,7.1448,84.7,15.18,6.4541,143.4
2219-10-02T22:50:00Z,85.2,20.76,23.235,141.6,7.1434,84.6,15.39,6.2815,144
2219-10-02T23:00:00Z,85.4,20.7,23.254,142.2,7.1423,84.8,14.49,6.0909,142.5
2219-10-02T23:10:00Z,85,20.7,23.377,142.2,7.1436,84.7,14.43,6.8852,142.2
2219-10-02T23:20:00Z,85.2,20.76,24.904,144,7.1426,84.9,14.73,6.7895,142.5
2219-10-02T23:30:00Z,85,22.05,24.325,142.2,7.1421,84.7,15.96,5.8125,144.3
2219-10-02T23:40:00Z,84.7,22.47,24.252,143.1,7.1426,84.8,16.17,6.8925,142.5
2219-10-02T23:50:00Z,85,22.5,23.997,141.6,7.1423,85,16.59,5.3371,140.1
2219-10-03T00:00:00Z,85.2,22.77,26.395,142.5,7.1433,85.1,15.51,5.9403,139.8
2219-10-03T00:10:00Z,85.4,24,24.835,141,7.1434,84.7,15.09,6.3647,141.9
2219-10-03T00:20:00Z,85.1,24.45,26.054,142.8,7.1423,84.8,16.11,6.5455,141.3
2219-10-03T00:30:00Z,85.3,24.69,27.287,141.6,7.1447,85,16.14,6.3161,140.7
2219-10-03T00:40:00Z,85.3,23.79,25.616,144.3,7.1455,84.8,15.96,7.3219,141.6
2219-10-03T00:50:00Z,85,21.96,29.052,144.3,7.1449,84.9,15.81,7.1309,143.1
2219-10-03T01:00:00Z,85.1,21.33,28.473,144,7.1438,84.8,14.61,5.7394,141
2219-10-03T01:10:00Z,85,22.56,25.381,142.8,7.1446,84.8,14.46,5.9639,141.6
2219-10-03T01:20:00Z,85.1,21.96,26.037,143.1,7.1437,85,14.7,5.9488,141.3
2219-10-03T01:30:00Z,85,23.34,27.18,142.2,7.144,84.7,14.37,6.3742,141.6
2219-10-03T01:40:00Z,85.2,22.47,26.892,138.6,7.144,84.5,14.43,5.9466,140.4
2219-10-03T01:50:00Z,85.2,23.01,25.54,141,7.1453,84.9,14.55,6.0887,140.1
2219-10-03T02:00:00Z,84.9,22.44,26.116,139.8,7.1435,84.4,14.79,6.8608,138.6
2219-10-03T02:10:00Z,85.4,23.73,26.142,137.4,7.1442,85,13.59,5.9389,137.1
2219-10-03T02:20:00Z,84.7,23.76,24.359,137.7,7.1443,85.1,13.98,6.3562,138
2219-10-03T02:30:00Z,85.4,22.47,25.348,138.3,7.1447,85.1,14.16,5.6916,140.4
2219-10-03T02:40:00Z,85.1,22.71,27.167,135.9,7.1452,84.9,13.5,6.3004,139.8
2219-10-03T02:50:00Z,85.7,22.2,24.82,136.5,7.1436,85,12.12,5.3428,139.2
2219-10-03T03:00:00Z,85.3,22.38,26.401,133.5,7.1444,84.5,12.24,6.3839,141.6
2219-10-03T03:10:00Z,85.3,23.13,27.493,132.3,7.1436,84.6,12.75,6.9469,141.9
2219-10-03T03:20:00Z,85.3,23.88,26.616,133.2,7.1438,84.9,11.76,6.1521,139.8
2219-10-03T03:30:00Z,85.2,23.82,26.804,132.9,7.1449,84.7,11.7,6.1365,139.5
2219-10-03T03:40:00Z,85.1,24.93,26.955,132.9,7.145,84.6,11.31,5.5183,140.4
2219-10-03T03:50:00Z,85.2,25.11,27.622,133.8,7.1452,85,11.94,5.2451,141
2219-10-03T04:00:00Z,85.1,24.87,28.35,130.2,7.1462,84.5,13.02,5.9122,141.6
2219-10-03T04:10:00Z,84.9,24.12,27.447,132.3,7.1469,84.5,12.84,5.9317,145.2
2219-10-03T04:20:00Z,85.4,24.03,24.839,133.2,7.1471,84.7,13.62,6.4688,143.7
2219-10-03T04:30:00Z,85.2,23.85,27.438,134.4,7.1477,84.7,14.61,5.6563,145.8
2219-10-03T04:40:00Z,85.1,23.82,25.807,134.1,7.1474,84.4,14.73,5.2835,145.2
2219-10-03T04:50:00Z,85.3,23.01,29.645,134.7,7.1473,84.7,16.53,6.1807,144.3
2219-10-03T05:00:00Z,85.4,23.61,25.338,135,7.1482,84.9,16.2,5.9872,143.4
2219-10-03T05:10:00Z,85.2,24.42,29.006,138,7.1476,84.6,18.42,5.979,143.4
2219-10-03T05:20:00Z,85.2,24.36,29.165,139.8,7.1473,84.9,18.03,5.5396,147
2219-10-03T05:30:00Z,84.9,24.63,28.786,137.1,7.1473,84.7,17.28,6.4727,148.8
2219-10-03T05:40:00Z,85.3,24.78,27.723,135,7.1475,85.3,18.09,5.6861,149.1
2219-10-03T05:50:00Z,85.2,23.7,27.144,135.9,7.1486,84.9,17.94,6.171,147.3
2219-10-03T06:00:00Z,84.9,22.83,25.087,136.2,7.148,85,16.98,5.454,146.4
2219-10-03T06:10:00Z,85,23.88,27.126,136.5,7.1489,84.8,18.69,6.7675,147
2219-10-03T06:20:00Z,85.1,24.27,26.214,136.2,7.1493,85,18.45,6.4969,146.1
2219-10-03T06:30:00Z,85.3,23.16,28.733,134.7,7.1477,84.9,18.45,6.292,147.9
2219-10-03T06:40:00Z,85.4,23.01,29.244,133.5,7.1481,85,18.27,6.8004,147
2219-10-03T06:50:00Z,85.1,23.28,28.812,137.1,7.1478,85.1,19.89,6.0866,143.4
2219-10-03T07:00:00Z,85.5,21.84,26.736,137.7,7.147,84.9,18.87,6.6379,144
2219-10-03T07:10:00Z,85.5,23.91,25.79,136.5,7.1473,85.1,18.21,7.273,144.6
2219-10-03T07:20:00Z,85.2,25.05,30.445,137.1,7.1467,85.1,18.15,6.3046,145.8
2219-10-03T07:30:00Z,84.9,24.51,25.546,136.5,7.1474,85.1,19.23,7.5696,144
2219-10-03T07:40:00Z,84.9,24.78,26.266,136.5,7.1479,85.3,18.81,6.8506,144.3
2219-10-03T07:50:00Z,85.1,24.81,28.644,136.2,7.1469,85.1,18.99,7.3791,143.4
2219-10-03T08:00:00Z,85.1,25.11,27.427,135.9,7.1473,85.5,19.11,7.2468,142.5
2219-10-03T08:10:00Z,85.2,24.57,28.55,135,7.1493,85.2,19.47,6.3535,142.5
2219-10-03T08:20:00Z,85.4,23.88,28.149,134.1,7.1481,85.3,18.3,7.4508,141.9
2219-10-03T08:30:00Z,85.4,24.18,24.982,134.1,7.1488,85.1,18.03,7.629,140.1
2219-10-03T08:40:00Z,85.2,24.03,29.649,133.8,7.1481,85.1,17.61,6.8659,138.3
2219-10-03T08:50:00Z,85.2,23.58,28.988,132.9,7.147,85,17.64,7.4268,140.4
2219-10-03T09:00:00Z,85.2,23.43,27.245,131.7,7.1467,85.2,16.5,7.115,140.4
2219-10-03T09:10:00Z,85.5,24.36,30.082,129.6,7.1473,85,17.19,7.3036,138
2219-10-03T09:20:00Z,85.3,23.34,26.977,129.9,7.1465,84.6,18.51,7.0664,140.1
2219-10-03T09:30:00Z,85.3,24.12,29.276,130.5,7.1467,85.1,18.36,7.4553,140.7
2219-10-03T09:40:00Z,85,23.91,28.8,130.5,7.1462,85,18.21,6.9184,141
2219-10-03T09:50:00Z,85.3,22.89,28.813,130.2,7.1449,85.4,18.93,8.1697,140.1
2219-10-03T10:00:00Z,85,23.13,24.899,131.7,7.1452,84.9,18.87,7.0643,139.2
2219-10-03T10:10:00Z,85.2,23.7,27.92,132,7.1445,85.1,17.7,7.2995,140.7
2219-10-03T10:20:00Z,85.1,23.04,25.582,132,7.1455,85.1,17.52,7.782,141
2219-10-03T10:30:00Z,85.1,23.19,28.472,134.4,7.1439,85.3,16.5,7.576,139.2
2219-10-03T10:40:00Z,85.4,22.68,25.799,135.3,7.1433,85.5,16.14,7.5251,140.4
2219-10-03T10:50:00Z,84.9,22.2,26.919,134.4,7.1427,85.4,16.08,6.8002,138.3
2219-10-03T11:00:00Z,85.5,21.63,24.712,138,7.1426,85.1,15.33,7.1491,138.3
2219-10-03T11:10:00Z,85.1,22.41,27.364,138.6,7.1412,85.1,15.09,7.2638,138.3
2219-10-03T11:20:00Z,85.3,21.09,25.766,139.5,7.1395,85,15.06,6.991,139.8
2219-10-03T11:30:00Z,85.2,20.1,27.875,138.6,7.1388,85.3,15.78,7.1276,141.9
2219-10-03T11:40:00Z,85.6,20.49,25.944,138.9,7.1375,85.1,15.51,7.82,141.6
2219-10-03T11:50:00Z,85.2,19.71,26.402,137.1,7.136,85.4,14.91,7.5278,140.7
2219-10-03T12:00:00Z,85.2,19.35,27.25,136.8,7.1355,85,15.36,7.1191,139.5
2219-10-03T12:10:00Z,84.9,18.69,25.78,135.9,7.1338,85.1,15.15,6.7096,139.2
2219-10-03T12:20:00Z,84.8,17.58,26.275,133.8,7.1326,85,17.19,6.6202,139.8
2219-10-03T12:30:00Z,85.1,17.97,26.069,135.6,7.1307,85.2,18,6.8468,140.4
2219-10-03T12:40:00Z,85.3,18.69,22.536,136.2,7.1289,85.3,17.04,7.1162,140.7
2219-10-03T12:50:00Z,85,18.93,26.978,135.6,7.1267,85.2,17.88,7.8067,139.5
2219-10-03T13:00:00Z,85.1,18.24,24.438,136.8,7.1262,85,16.32,6.6901,141
2219-10-03T13:10:00Z,85.1,18.18,25.202,135,7.1241,85.3,16.83,8.0821,142.5
2219-10-03T13:20:00Z,84.8,17.01,26.182,135.9,7.1225,85.1,18,7.6793,141.6
2219-10-03T13:30:00Z,84.6,16.98,24.005,137.1,7.12,85.3,17.7,6.5251,141.3
2219-10-03T13:40:00Z,84.9,16.89,23.906,136.8,7.1185,85.4,18.27,7.2137,140.7
2219-10-03T13:50:00Z,84.6,16.59,24.157,138,7.1179,85.4,18.15,7.3264,141.6
2219-10-03T14:00:00Z,84.4,15.99,22.297,137.7,7.1162,85.1,17.55,6.7635,140.7
2219-10-03T14:10:00Z,84.4,16.26,20.605,134.4,7.1142,85.2,17.07,7.7681,141
2219-10-03T14:20:00Z,84.9,16.59,22.512,135.9,7.1123,84.8,17.55,7.0297,141
2219-10-03T14:30:00Z,85.3,16.77,22.657,136.5,7.1121,85.3,17.31,7.2153,142.2
2219-10-03T14:40:00Z,84.7,17.49,20.005,135.3,7.1104,85,16.89,7.4403,143.1
2219-10-03T14:50:00Z,84.5,18.66,19.745,134.4,7.1092,84.9,17.82,8.4393,142.8
2219-10-03T15:00:00Z,84.6,19.74,22.677,133.2,7.1102,85.3,16.38,6.95,143.7
2219-10-03T15:10:00Z,84.7,18.78,24.013,136.8,7.1106,85.2,15.75,7.8134,144
2219-10-03T15:20:00Z,85.1,19.35,21.077,135.6,7.1104,85,14.52,7.1513,143.4
2219-10-03T15:30:00Z,84.4,18.39,20.645,135.9,7.1096,85.2,14.43,6.9879,145.5
2219-10-03T15:40:00Z,85,18.69,21.927,135.6,7.1101,85.1,13.62,7.3034,144.9
2219-10-03T15:50:00Z,84.9,18.12,20.881,134.4,7.1091,85.3,12.63,7.9089,144
2219-10-03T16:00:00Z,84.6,18.06,20.56,134.4,7.1079,84.9,13.05,7.1292,144.6
2219-10-03T16:10:00Z,84.8,18.72,20.389,133.8,7.1086,85,13.2,6.8855,141.3
2219-10-03T16:20:00Z,84.5,19.77,21.741,132.6,7.1086,85.3,11.91,6.8121,141.6
2219-10-03T16:30:00Z,84.6,20.13,22.191,134.1,7.1092,84.7,12.63,6.7417,141.3
2219-10-03T16:40:00Z,84.9,20.43,22.719,135,7.111,85,12.99,6.6945,142.5
2219-10-03T16:50:00Z,84.7,21.24,23.202,135.6,7.1101,85.4,12.78,7.1478,141
2219-10-03T17:00:00Z,84.9,22.68,22.021,135,7.111,84.6,13.98,6.4455,139.2
2219-10-03T17:10:00Z,84.9,21.54,21.502,132.9,7.1123,85.1,14.34,6.3367,139.5
2219-10-03T17:20:00Z,84.7,21.18,20.214,132.9,7.114,84.6,15.09,6.729,140.7
2219-10-03T17:30:00Z,84.5,21.39,21.807,133.8,7.1136,84.7,14.64,6.1402,142.8
2219-10-03T17:40:00Z,85,21.33,24.106,132.9,7.1146,84.9,14.58,6.4003,141
2219-10-03T17:50:00Z,84.7,21.87,22.894,133.2,7.1166,84.9,16.38,6.3959,141.9
2219-10-03T18:00:00Z,84.5,20.61,22.091,133.8,7.1166,84.9,16.8,6.6604,139.5
2219-10-03T18:10:00Z,85,20.25,20.936,131.1,7.1165,84.7,17.22,6.848,139.5
2219-10-03T18:20:00Z,84.8,20.22,22.873,131.7,7.1176,84.8,15.75,6.539,140.7
2219-10-03T18:30:00Z,85.2,20.88,24.203,134.4,7.1181,84.6,16.65,6.631,140.1
2219-10-03T18:40:00Z,85,20.01,24.204,132.3,7.1177,85,16.38,6.7306,138.3
2219-10-03T18:50:00Z,84.8,21.42,23.057,133.2,7.1189,84.5,16.83,6.2163,138
2219-10-03T19:00:00Z,84.7,20.22,22.216,130.5,7.1187,85.3,16.71,7.269,138.6
2219-10-03T19:10:00Z,84.7,19.89,20.322,129.6,7.1188,84.6,15.93,6.684,137.4
2219-10-03T19:20:00Z,85.1,18.03,21.259,129.6,7.1183,84.9,16.44,5.6745,138
2219-10-03T19:30:00Z,85,17.97,21.328,130.2,7.1179,85,17.91,7.0222,138.3
2219-10-03T19:40:00Z,84.7,18.6,24.004,130.5,7.1167,84.9,17.28,7.0433,138.3
2219-10-03T19:50:00Z,84.8,18.96,24.112,131.7,7.1158,85.3,17.25,6.666,139.5
2219-10-03T20:00:00Z,84.9,18.96,22.365,129.3,7.1164,85.2,17.19,7.3529,137.1
2219-10-03T20:10:00Z,85,17.64,22.879,128.1,7.1156,85,16.65,6.3127,138
2219-10-03T20:20:00Z,84.6,17.22,23.964,127.8,7.1152,84.7,16.41,6.4889,135.3
2219-10-03T20:30:00Z,84.7,17.16,20.513,127.2,7.1147,85,16.02,6.2217,135.9
2219-10-03T20:40:00Z,84.9,18.18,19.721,129,7.1135,85.1,15.57,6.8548,135.3
2219-10-03T20:50:00Z,84.9,19.68,21.328,128.4,7.1141,85.2,16.53,6.0296,134.7
2219-10-03T21:00:00Z,84.9,19.41,20.674,125.4,7.1144,84.9,15.84,7.4168,134.1
2219-10-03T21:10:00Z,84.8,20.34,22.95,127.2,7.1158,85.2,14.19,6.9879,134.7
2219-10-03T21:20:00Z,84.7,20.7,18.997,128.4,7.1158,84.5,14.55,6.64,136.2
2219-10-03T21:30:00Z,85,19.23,20.596,129.9,7.116,84.8,15.18,6.5329,134.7
2219-10-03T21:40:00Z,84.6,18.48,23.69,129.3,7.1157,84.9,15.06,6.8205,133.8
2219-10-03T21:50:00Z,85.1,18.24,28.787,131.1,7.1148,85.3,15.12,8.4522,135.9
2219-10-03T22:00:00Z,84.7,17.76,29.935,129.9,7.111,84.6,14.73,9.3378,134.7
2219-10-03T22:10:00Z,84.6,17.28,33.457,129.3,7.1066,84.8,13.92,10.97,135.9
2219-10-03T22:20:00Z,84.9,18.3,40.576,129.9,7.1021,84.8,14.76,11.397,133.2
2219-10-03T22:30:00Z,84.6,17.7,43.539,132,7.0941,85.2,14.4,12.227,133.2
2219-10-03T22:40:00Z,84.9,18.84,49.326,132.3,7.0851,84.5,13.83,14.096,133.5
2219-10-03T22:50:00Z,84.2,18.45,52.428,135,7.0762,84.7,13.02,14.768,130.5
2219-10-03T23:00:00Z,84.6,18.81,55.236,132.9,7.0654,84.2,12.93,15.586,131.4
2219-10-03T23:10:00Z,83.9,19.05,57.254,133.5,7.0529,84.1,12.75,16.863,129.6
2219-10-03T23:20:00Z,84,18.84,59.284,134.4,7.0411,84.3,12.93,17.702,134.1
2219-10-03T23:30:00Z,84,17.52,65.291,133.8,7.0265,83.8,12.69,19.096,132.3
2219-10-03T23:40:00Z,83.5,18,66.204,134.4,7.0111,83.7,12.27,19.024,132.9
2219-10-03T23:50:00Z,83.7,19.44,69.575,132.3,6.9948,83.4,12.75,20.343,135.6
2219-10-04T00:00:00Z,82.9,18.33,71.174,134.4,6.9788,83.2,14.28,19.938,135
2219-10-04T00:10:00Z,82.9,18.69,73.161,133.2,6.9619,83,13.44,21.443,135.3
2219-10-04T00:20:00Z,83.1,17.49,76.6,134.1,6.943,83.1,13.53,20.568,134.7
2219-10-04T00:30:00Z,82.2,17.94,78.15,132.3,6.9236,82.7,14.46,21.825,133.8
2219-10-04T00:40:00Z,82.2,18.03,81.115,134.1,6.9038,82.4,14.55,23.77,133.5
2219-10-04T00:50:00Z,82.3,18.21,83.577,133.8,6.8821,82.2,15,22.859,134.7
2219-10-04T01:00:00Z,81.8,18,83.89,133.5,6.86,81.5,14.04,23.803,134.4
2219-10-04T01:10:00Z,81.5,19.32,86.972,133.8,6.8388,81.6,14.64,23.943,135.9
2219-10-04T01:20:00Z,81.1,18.33,88.1,133.5,6.8151,81.5,14.94,25.171,135.9
2219-10-04T01:30:00Z,81.2,19.74,92.965,133.8,6.7926,81.2,14.58,25.22,135.3
2219-10-04T01:40:00Z,80.7,19.38,92.45,134.1,6.7688,80.7,14.88,25.508,135.3
2219-10-04T01:50:00Z,80.3,20.19,93.555,133.5,6.7446,80.7,14.25,26.398,136.5
2219-10-04T02:00:00Z,79.9,19.86,95.331,134.4,6.7206,79.9,15.69,26.004,136.2
2219-10-04T02:10:00Z,79.8,19.8,98.497,133.5,6.6952,79.6,15.78,26.639,136.8
2219-10-04T02:20:00Z,79.8,20.1,98.852,132.9,6.6693,79.3,16.47,27.11,137.7
2219-10-04T02:30:00Z,79.2,19.38,101.66,130.8,6.6436,79.3,17.04,28.292,138.9
2219-10-04T02:40:00Z,78.6,19.59,99.174,131.4,6.6159,79.2,15.36,28.628,138.3
2219-10-04T02:50:00Z,78.5,19.35,99.953,132.9,6.5896,78.6,14.16,28.689,139.8
2219-10-04T03:00:00Z,77.8,19.74,104.98,132.3,6.5618,78.6,14.97,28.54,139.8
2219-10-04T03:10:00Z,77.7,19.35,105.76,131.1,6.5341,77.7,14.91,29.627,143.7
2219-10-04T03:20:00Z,77.9,19.26,104.54,129.6,6.5064,77.6,14.19,29.819,143.1
2219-10-04T03:30:00Z,77,20.88,107.86,128.7,6.4762,77.2,15.12,29.7,142.2
2219-10-04T03:40:00Z,76.8,21.63,105.35,130.8,6.4485,76.8,14.7,30.152,140.4
2219-10-04T03:50:00Z,76.6,23.13,106.65,129.3,6.4201,76.4,15.3,30.253,141.9
2219-10-04T04:00:00Z,76.2,21.48,108.15,130.5,6.3923,76,15.54,30.466,142.8
2219-10-04T04:10:00Z,75.9,21.84,109.79,130.8,6.3626,75.9,14.73,30.744,141.6
2219-10-04T04:20:00Z,75.8,22.38,114.28,130.5,6.3325,75.4,14.79,30.797,141.6
2219-10-04T04:30:00Z,75.2,22.59,113.79,129.3,6.3044,75.3,14.28,31.717,143.1
2219-10-04T04:40:00Z,75,20.37,112.66,130.8,6.2726,74.9,13.44,31.087,141.9
2219-10-04T04:50:00Z,74.6,18.81,110.8,131.7,6.2435,74.4,12.84,31.038,141.9
2219-10-04T05:00:00Z,74.2,18.48,114.19,133.2,6.2105,74.2,13.5,32.237,143.4
2219-10-04T05:10:00Z,73.6,17.13,112.08,134.4,6.1789,73.8,13.14,31.348,141
2219-10-04T05:20:00Z,73.4,16.74,115.94,132,6.1471,72.9,13.62,31.624,141.3
2219-10-04T05:30:00Z,73.3,18.06,116.83,132.9,6.1121,72.3,13.14,32.466,142.2
2219-10-04T05:40:00Z,72.4,19.56,114.46,133.2,6.0799,72.5,14.07,32.463,141.9
2219-10-04T05:50:00Z,72.5,17.85,114.98,133.2,6.0485,71.8,14.22,32.051,142.2
2219-10-04T06:00:00Z,71.5,18.48,117.73,134.4,6.0157,71.7,15.39,32.051,143.4
2219-10-04T06:10:00Z,71.3,18.33,116.7,135.6,5.9832,71.7,15.87,33.069,145.2
2219-10-04T06:20:00Z,71.6,21.03,115.8,135.6,5.9516,70.9,15.72,33.117,146.1
2219-10-04T06:30:00Z,70.8,20.46,119.8,137.1,5.92,70.6,15,32.523,143.7
2219-10-04T06:40:00Z,70.3,19.86,118.72,135.9,5.8873,69.9,16.47,32.451,145.8
2219-10-04T06:50:00Z,70.1,21.15,116.93,136.5,5.8551,69.9,15.75,33.108,145.8
2219-10-04T07:00:00Z,69.5,19.53,116.75,137.1,5.822,69.5,14.64,33.212,146.1
2219-10-04T07:10:00Z,69,20.34,121.72,138.6,5.7886,68.8,14.25,32.472,146.4
2219-10-04T07:20:00Z,68.8,18.36,120.57,138.9,5.7562,68.5,15.3,32.291,144.6
2219-10-04T07:30:00Z,68.4,17.88,118.52,141,5.7227,68.4,15.03,33.01,141.9
2219-10-04T07:40:00Z,67.6,18.81,119.87,138.6,5.689,67.6,15.9,33.487,141.9
2219-10-04T07:50:00Z,67.4,17.07,119.9,139.2,5.6557,67.8,14.67,33.592,140.1
2219-10-04T08:00:00Z,66.9,17.25,120.13,138,5.6217,67.1,15.12,33.158,139.5
2219-10-04T08:10:00Z,66.6,16.38,118.28,137.7,5.5872,66.9,14.13,32.873,140.4
2219-10-04T08:20:00Z,66.2,16.68,118.32,136.5,5.5529,66.2,14.07,33.652,138.6
2219-10-04T08:30:00Z,66.6,16.38,118.18,136.5,5.5187,66,13.38,33.4,138.3
2219-10-04T08:40:00Z,65.3,16.8,118.34,137.1,5.4847,65.5,14.25,33.024,138
2219-10-04T08:50:00Z,65.2,17.37,120.94,138,5.4498,64.9,14.19,33.531,138.9
2219-10-04T09:00:00Z,64.8,17.82,115.84,136.8,5.4168,64.9,13.83,33.141,139.5
2219-10-04T09:10:00Z,64.2,17.79,120.75,137.7,5.3818,64.1,13.92,33.621,138.6
2219-10-04T09:20:00Z,64,17.1,117.53,136.5,5.3485,64.1,14.64,32.798,140.1
2219-10-04T09:30:00Z,63.6,15.66,120.49,136.8,5.3151,63.4,14.28,33.247,139.5
2219-10-04T09:40:00Z,63,16.74,118.6,137.1,5.281,62.9,14.31,33.442,138.3
2219-10-04T09:50:00Z,62.7,16.53,120.79,138.9,5.2461,62.6,13.38,32.777,140.4
2219-10-04T10:00:00Z,62.2,16.23,115.91,139.5,5.2115,62.5,13.71,33.157,139.2
2219-10-04T10:10:00Z,61.9,16.77,117.6,138.9,5.179,62.2,14.4,32.941,138
2219-10-04T10:20:00Z,61.4,17.52,118.56,140.7,5.1438,61.2,14.25,33.295,139.5
2219-10-04T10:30:00Z,60.9,17.76,117.8,137.4,5.111,61.3,13.26,32.827,135.6
2219-10-04T10:40:00Z,60.4,16.98,117.02,137.1,5.076,60.8,13.95,32.151,135.6
2219-10-04T10:50:00Z,60.4,16.8,117.17,135.6,5.0427,60.7,14.13,33.594,138
2219-10-04T11:00:00Z,59.9,17.7,116.58,135.3,5.0093,59.9,13.98,33.239,135.3
2219-10-04T11:10:00Z,59,17.79,118.1,133.8,4.9767,59.5,12.66,32.475,135
2219-10-04T11:20:00Z,59.2,18.72,117.9,135.6,4.9432,58.9,12.87,33.104,135.3
2219-10-04T11:30:00Z,58.8,20.43,118.68,133.5,4.9096,58.5,13.95,32.54,135.3
2219-10-04T11:40:00Z,58.3,20.49,116.92,132.3,4.8779,58.2,13.23,32.712,134.7
2219-10-04T11:50:00Z,57.9,19.32,120.25,131.1,4.8451,57.6,11.82,32.627,132
2219-10-04T12:00:00Z,57.5,19.68,118.87,132.9,4.812,57.5,12.57,33.1,130.8
2219-10-04T12:10:00Z,56.9,19.32,118.38,132,4.7798,57.3,12.78,32.645,131.1
2219-10-04T12:20:00Z,56.9,20.58,116.57,135.3,4.7481,57.1,13.95,32.791,132.6
2219-10-04T12:30:00Z,56.1,20.61,117.51,135,4.7163,56.3,14.52,32.846,131.1
2219-10-04T12:40:00Z,55.5,21.78,120.41,132.9,4.6845,55.6,13.86,32.636,132
2219-10-04T12:50:00Z,55.7,20.64,119.74,131.1,4.6517,55.5,14.76,32.12,132
2219-10-04T13:00:00Z,55,21.39,116.38,130.8,4.6196,55.3,14.61,32.965,133.5
2219-10-04T13:10:00Z,54.9,22.23,119.64,132,4.5876,54.7,15.42,32.888,132.3
2219-10-04T13:20:00Z,54.8,22.08,116.74,129.6,4.5568,54.5,15.66,32.535,131.1
2219-10-04T13:30:00Z,53.7,22.89,113.16,129.3,4.5239,53.9,16.68,33.273,130.2
2219-10-04T13:40:00Z,53.5,23.97,118.02,128.1,4.4925,53.6,16.89,32.757,132.9
2219-10-04T13:50:00Z,53.4,23.76,119.13,130.2,4.4621,53.3,18.12,33.355,132
2219-10-04T14:00:00Z,52.9,22.77,117.89,130.8,4.4303,52.8,17.49,33.046,134.1
2219-10-04T14:10:00Z,52.5,24.15,119.15,130.5,4.3986,52.4,18.72,32.808,135
2219-10-04T14:20:00Z,52.2,25.74,117.92,131.1,4.368,52.2,18.54,32.263,136.2
2219-10-04T14:30:00Z,51.7,25.44,119.65,131.4,4.3369,51.8,18.45,32.993,134.7
2219-10-04T14:40:00Z,51.5,25.53,120.86,130.8,4.3061,51.1,17.55,33.048,134.7
2219-10-04T14:50:00Z,51,26.43,119.75,134.1,4.2754,51.3,17.13,32.194,132.9
2219-10-04T15:00:00Z,51.1,26.91,118.3,134.7,4.2446,50.1,17.25,33.067,133.5
2219-10-04T15:10:00Z,50.4,27.48,121.95,134.4,4.214,50.3,16.71,32.89,136.2
2219-10-04T15:20:00Z,50.3,27.12,119.79,132.9,4.1838,49.8,16.5,33.246,137.4
2219-10-04T15:30:00Z,49.8,27.99,122.53,133.8,4.1538,49.5,18.51,32.058,137.1
2219-10-04T15:40:00Z,49.3,26.43,121.63,133.5,4.1224,49.2,18.18,32.775,133.8
2219-10-04T15:50:00Z,48.8,25.8,121.2,135.3,4.0915,48.7,19.17,32.747,133.5
2219-10-04T16:00:00Z,48.4,25.29,123.06,135.9,4.0601,48.6,17.58,32.229,134.1
2219-10-04T16:10:00Z,48.2,24.42,117.98,135.6,4.0281,48,18.93,33.296,133.5
2219-10-04T16:20:00Z,47.9,23.76,122.16,136.2,3.9965,47.7,18.99,32.732,132
2219-10-04T16:30:00Z,47.6,23.4,123.64,137.1,3.965,47.1,19.11,33.045,133.5
2219-10-04T16:40:00Z,47,23.34,121.8,138,3.932,47,19.95,32.845,134.1
2219-10-04T16:50:00Z,46.6,23.82,121.32,138.3,3.8994,46.4,20.97,33.585,136.5
2219-10-04T17:00:00Z,46.6,22.95,121.86,137.7,3.8673,46.4,19.71,33.489,138
2219-10-04T17:10:00Z,45.8,21.12,118.95,139.2,3.8348,45.7,20.4,33.43,138
2219-10-04T17:20:00Z,45.9,22.56,120.54,139.5,3.8017,44.9,20.25,33.732,138.9
2219-10-04T17:30:00Z,44.9,23.31,118.92,138.9,3.7694,45.1,18.78,33.324,137.4
2219-10-04T17:40:00Z,44.8,23.37,118.97,136.2,3.7373,44.6,19.11,34.27,137.7
2219-10-04T17:50:00Z,44.6,21.51,121.12,135.9,3.7052,44.6,20.04,33.208,136.8
2219-10-04T18:00:00Z,44,22.95,119.84,133.8,3.6731,43.6,20.31,33.194,135
2219-10-04T18:10:00Z,43.3,23.19,117.47,135.3,3.6401,43.6,20.31,34.097,133.8
2219-10-04T18:20:00Z,43.2,22.8,119.53,135.3,3.6087,43,21.12,33.424,133.8
2219-10-04T18:30:00Z,43,22.71,121.08,136.5,3.5759,42.8,21.15,33.34,136.2
2219-10-04T18:40:00Z,42.5,22.71,121.41,137.1,3.5439,42.9,20.76,34.196,136.2
2219-10-04T18:50:00Z,42.4,22.92,119.09,136.5,3.5117,41.9,21.87,34.044,136.2
2219-10-04T19:00:00Z,42.1,23.04,118.19,138,3.4806,41.9,21.66,34.306,138.9
2219-10-04T19:10:00Z,41.2,22.95,120.09,138.6,3.4482,41.3,21.42,33.195,137.4
2219-10-04T19:20:00Z,41.3,23.43,121.58,137.1,3.4167,41.5,21.18,34.504,135.9
2219-10-04T19:30:00Z,41,23.64,119.48,135.9,3.3854,40.9,20.85,34.236,138
2219-10-04T19:40:00Z,40.1,22.26,118.18,139.2,3.3534,40.1,21.87,33.992,138
2219-10-04T19:50:00Z,40.1,22.44,120.08,139.5,3.3218,40.3,21.24,34.241,138.3
2219-10-04T20:00:00Z,39.5,22.26,119.71,137.4,3.2892,39.8,21,33.555,138
2219-10-04T20:10:00Z,39.3,21.81,118.46,136.8,3.2568,39.6,20.4,34.211,139.5
2219-10-04T20:20:00Z,38.4,21.66,119.16,135,3.2248,38.8,20.4,34.176,137.7
2219-10-04T20:30:00Z,38.3,21.51,117.32,136.2,3.1927,38.8,21.03,34.212,137.4
2219-10-04T20:40:00Z,38.1,21.96,118,135.9,3.161,38.3,20.7,34.145,138
2219-10-04T20:50:00Z,37.7,23.1,118.57,135,3.1302,37.8,20.76,34.406,138.3
2219-10-04T21:00:00Z,36.9,23.25,118.92,135,3.0969,37.2,20.49,33.304,137.1
2219-10-04T21:10:00Z,36.7,22.62,118.32,134.4,3.0675,37.2,20.73,33.707,136.2
2219-10-04T21:20:00Z,36.5,22.5,116.69,136.5,3.036,36.6,22.44,33.283,136.5
2219-10-04T21:30:00Z,35.9,21.84,118.39,138.6,3.0045,36.4,22.08,34.733,135.9
2219-10-04T21:40:00Z,35.6,21.21,118.89,141.3,2.9728,35.9,21.75,35.21,134.7
2219-10-04T21:50:00Z,35.6,20.73,118.53,141,2.9409,35.5,21.15,33.874,134.1
2219-10-04T22:00:00Z,34.6,21.42,118.46,139.2,2.9088,35.2,21.36,34.225,132.6
2219-10-04T22:10:00Z,34.7,23.28,118.41,140.7,2.8769,35,20.88,34.539,134.1
2219-10-04T22:20:00Z,33.9,22.77,117.5,140.7,2.8456,34.7,22.56,34.082,134.4
2219-10-04T22:30:00Z,34.2,21.9,117.93,140.4,2.815,33.9,21.33,34.044,132
2219-10-04T22:40:00Z,33.5,21.45,118,139.5,2.7839,33.8,19.68,34.574,134.1
2219-10-04T22:50:00Z,33,21.06,115.32,140.1,2.7529,33.5,20.76,34.163,135
2219-10-04T23:00:00Z,32.7,19.74,117.17,138.3,2.7205,33.2,21.48,33.949,136.2
2219-10-04T23:10:00Z,31.9,18.84,116.63,138.6,2.6889,32.6,21.15,33.377,136.8
2219-10-04T23:20:00Z,32.2,18.51,115.87,136.2,2.655,32.3,20.73,34.346,138.3
2219-10-04T23:30:00Z,31.6,19.05,113.56,135.3,2.6226,31.6,20.91,34.355,136.2
2219-10-04T23:40:00Z,31,19.5,115.42,136.5,2.5918,31.4,20.88,34.32,135
2219-10-04T23:50:00Z,30.6,19.08,114.48,140.1,2.5592,31.2,20.22,34.182,133.8
2219-10-05T00:00:00Z,30.3,19.95,113.31,136.8,2.5268,30.6,20.13,34.369,134.1
2219-10-05T00:10:00Z,29.9,19.53,115.54,136.8,2.496,30.4,20.43,34.276,135
2219-10-05T00:20:00Z,29.4,18.27,115.3,133.5,2.4638,29.9,19.17,33.723,135
2219-10-05T00:30:00Z,29.2,17.85,115.21,135.9,2.4319,29.8,17.58,34.438,134.7
2219-10-05T00:40:00Z,28.8,17.28,111.59,137.1,2.4001,29.3,18.18,33.971,134.4
2219-10-05T00:50:00Z,28.8,16.98,115.13,135,2.366,28.4,17.73,33.849,134.4
2219-10-05T01:00:00Z,27.9,16.32,114.49,136.8,2.3346,28.1,17.07,33.838,134.1
2219-10-05T01:10:00Z,27.6,16.17,114.06,135.9,2.3025,27.9,17.52,34.563,136.2
2219-10-05T01:20:00Z,27.4,15.96,114.53,136.5,2.2713,27.6,17.55,33.821,136.2
2219-10-05T01:30:00Z,27,15.78,111.08,138.3,2.2393,27.4,17.55,33.947,135.3
2219-10-05T01:40:00Z,26.5,14.88,111.31,139.2,2.2071,26.7,18.48,33.873,136.5
2219-10-05T01:50:00Z,26.2,15.39,110.74,136.2,2.1748,26.6,17.4,32.882,138.3
2219-10-05T02:00:00Z,25.8,15.39,113.97,137.1,2.1422,26,17.61,34.004,139.8
2219-10-05T02:10:00Z,24.9,16.11,110.54,137.7,2.1107,25.7,17.43,33.196,139.8
2219-10-05T02:20:00Z,24.8,18.33,109.88,136.5,2.0801,25.4,16.32,32.718,140.7
2219-10-05T02:30:00Z,24.5,18.3,113.39,136.8,2.0491,25.2,16.02,33.198,139.5
2219-10-05T02:40:00Z,24.3,19.23,109.59,135,2.0186,24.9,16.02,33.326,137.1
2219-10-05T02:50:00Z,24.2,19.05,108.75,136.8,1.9878,24.1,15.75,33.785,136.8
2219-10-05T03:00:00Z,23.8,19.68,110.4,138.6,1.9583,23.8,16.35,32.777,137.4
2219-10-05T03:10:00Z,23.2,19.95,109.1,138.3,1.9278,23.6,17.43,32.502,135.9
2219-10-05T03:20:00Z,23,19.95,110.33,138.6,1.8983,22.8,16.92,32.869,136.5
2219-10-05T03:30:00Z,22.7,19.11,109.44,139.8,1.8696,22.8,17.16,32.808,137.7
2219-10-05T03:40:00Z,22.1,18.93,110.25,138.6,1.8375,22.7,16.74,32.125,138.6
2219-10-05T03:50:00Z,21.9,18.81,104.01,138.9,1.8093,22,16.89,30.863,140.1
2219-10-05T04:00:00Z,21.5,19.26,99.38,138.6,1.7812,21.6,17.76,30.174,141.6
2219-10-05T04:10:00Z,21.1,20.82,95.827,137.1,1.7559,21,16.8,28.69,139.8
2219-10-05T04:20:00Z,21.2,19.56,93.469,136.5,1.7314,21.5,17.19,27.719,138
2219-10-05T04:30:00Z,21,20.43,88.342,137.4,1.7084,20.6,17.37,26.166,139.5
2219-10-05T04:40:00Z,20.3,19.26,82.433,135.6,1.6866,20.4,16.26,24.761,141
2219-10-05T04:50:00Z,20.2,20.55,78.044,134.4,1.6661,19.9,16.5,23.878,139.8
2219-10-05T05:00:00Z,20,20.13,77.042,131.4,1.6472,20,14.46,23.411,142.2
2219-10-05T05:10:00Z,19.5,18.66,74.753,130.8,1.6287,19.7,14.46,21.694,145.5
2219-10-05T05:20:00Z,19.8,16.89,72.086,133.2,1.6108,19.5,14.1,20.555,147
2219-10-05T05:30:00Z,19.4,16.59,66.741,130.8,1.5943,19.3,13.08,20.367,145.2
2219-10-05T05:40:00Z,19.2,17.55,65.697,131.7,1.5787,19,13.47,19.412,145.5
2219-10-05T05:50:00Z,18.6,17.43,59.711,131.4,1.5643,18.7,12.42,18.345,144.6
2219-10-05T06:00:00Z,18.3,17.85,59.742,128.7,1.5501,18.6,11.82,17.531,141.9
2219-10-05T06:10:00Z,18.3,18.75,55.181,131.1,1.5385,18.4,13.05,16.612,143.7
2219-10-05T06:20:00Z,18.6,18.27,50.848,129.9,1.5275,18.3,12.87,16.038,143.1
2219-10-05T06:30:00Z,18.7,17.79,51.991,129.6,1.5158,18.2,13.11,15.068,142.5
2219-10-05T06:40:00Z,18,17.91,49.649,130.2,1.5057,18.2,12.66,14.383,143.1
2219-10-05T06:50:00Z,18.2,18.42,46.268,128.1,1.4977,18.1,12.96,13.623,141.6
2219-10-05T07:00:00Z,18.2,17.49,45.427,129.6,1.4895,17.7,12.93,13.394,142.8
2219-10-05T07:10:00Z,17.9,17.01,43.56,131.1,1.4811,17.9,12.72,12.403,141.3
2219-10-05T07:20:00Z,17.6,17.91,40.948,127.8,1.4739,17.9,13.35,12.418,139.2
2219-10-05T07:30:00Z,17.9,17.76,36.884,128.4,1.468,17.6,12.9,11.318,139.5
2219-10-05T07:40:00Z,18,17.82,37.426,127.5,1.4611,17.5,12.48,10.943,140.7
2219-10-05T07:50:00Z,17.7,16.71,36.1,129,1.4564,17.5,12.33,10.039,141.6
2219-10-05T08:00:00Z,17.5,15.75,36.857,128.7,1.4514,17.4,13.17,9.5739,143.1
2219-10-05T08:10:00Z,17.3,16.23,34.743,131.4,1.446,17.3,12.54,9.1041,143.1
2219-10-05T08:20:00Z,17.7,15.39,30.62,132,1.4417,17.4,11.46,8.5793,143.7
2219-10-05T08:30:00Z,17.7,15.9,28.207,134.4,1.4374,17,11.88,8.4219,143.4
2219-10-05T08:40:00Z,17.6,17.55,28.757,134.7,1.4343,17.2,12.03,8.4294,144.6
2219-10-05T08:50:00Z,17.4,15.93,29.422,134.7,1.4323,16.7,11.85,8.02,142.8
2219-10-05T09:00:00Z,17.2,16.32,25.757,135.6,1.4294,17.2,12.27,7.0834,145.5
2219-10-05T09:10:00Z,17.5,16.23,24.537,136.8,1.4281,17,12.03,6.7873,144.3
2219-10-05T09:20:00Z,17.2,16.32,23.608,138.9,1.4265,16.9,11.31,6.6195,145.8
2219-10-05T09:30:00Z,17.6,17.04,21.664,140.1,1.4247,17.1,10.92,6.1035,143.4
2219-10-05T09:40:00Z,17.1,17.25,20.42,140.7,1.4247,16.7,10.95,5.5355,144
2219-10-05T09:50:00Z,17.2,16.71,19.237,138.9,1.4243,17,10.32,5.4788,143.7
2219-10-05T10:00:00Z,17.2,16.35,22.141,140.4,1.4244,16.7,11.91,4.9648,144
2219-10-05T10:10:00Z,17.5,15.81,16.206,140.4,1.4237,16.9,11.31,4.9017,144.3
2219-10-05T10:20:00Z,17.4,14.67,16.339,138.6,1.4252,16.6,11.64,5.4194,146.4
2219-10-05T10:30:00Z,17.3,15.33,15.33,138,1.4246,16.8,11.73,4.7812,144.9
2219-10-05T10:40:00Z,17.5,15.51,15.34,137.4,1.4259,16.9,12.12,3.6471,144.6
2219-10-05T10:50:00Z,17,17.22,10.697,135.9,1.4263,17,11.64,3.6568,144
2219-10-05T11:00:00Z,17.5,16.74,16.549,135.9,1.4279,17,12.99,3.8415,144.9
2219-10-05T11:10:00Z,17.5,16.62,13.095,134.1,1.4293,16.9,13.08,3.8875,147
2219-10-05T11:20:00Z,17.6,16.02,13.495,132.9,1.4326,17.1,13.35,3.4135,146.1
2219-10-05T11:30:00Z,17.5,16.11,14.662,130.8,1.4351,16.9,13.89,3.3304,145.5
2219-10-05T11:40:00Z,17.4,16.53,11.461,129.6,1.4371,17.4,15.09,3.0406,145.8
2219-10-05T11:50:00Z,17.7,17.37,11.703,130.2,1.4387,17.1,14.34,3.0927,144.6
2219-10-05T12:00:00Z,17.5,18.84,10.63,130.5,1.4417,17.4,13.89,3.8603,144
2219-10-05T12:10:00Z,17.5,19.2,10.765,131.1,1.4464,17.3,13.71,2.9563,142.5
2219-10-05T12:20:00Z,17.7,18.33,10.182,133.2,1.4483,17,13.92,2.7011,142.5
2219-10-05T12:30:00Z,17.9,18.09,8.2511,132.6,1.4522,17,14.67,2.7083,142.8
2219-10-05T12:40:00Z,17.8,18.3,9.972,133.5,1.4566,17.2,14.31,2.3488,141
2219-10-05T12:50:00Z,17.8,19.11,8.5897,132.6,1.4599,17.6,14.76,2.4302,141
2219-10-05T13:00:00Z,17.8,18.15,6.9392,133.8,1.4645,17.5,14.55,2.503,142.8
2219-10-05T13:10:00Z,17.8,19.41,9.428,133.5,1.4698,17.7,13.89,2.6626,142.8
2219-10-05T13:20:00Z,17.9,18.66,9.179,131.1,1.4726,17.7,13.02,2.447,142.8
2219-10-05T13:30:00Z,17.8,18.69,11.686,131.7,1.4771,17.6,14.16,2.2114,143.7
2219-10-05T13:40:00Z,18.3,19.29,8.088,131.4,1.4808,18,15.69,1.752,146.1
2219-10-05T13:50:00Z,18.2,20.58,7.5708,130.5,1.486,17.7,15.78,2.5588,144.9
2219-10-05T14:00:00Z,17.8,19.5,8.7721,131.1,1.4903,17.8,16.14,2.7149,144.9
2219-10-05T14:10:00Z,18.2,18.33,9.6034,130.5,1.4949,18.2,16.5,2.6648,142.5
2219-10-05T14:20:00Z,18,18.09,9.5936,134.1,1.4987,17.9,15.81,2.5098,143.7
2219-10-05T14:30:00Z,18.1,17.31,9.8856,132.9,1.5021,18.2,15.24,3.9034,142.2
2219-10-05T14:40:00Z,18.6,17.07,8.7227,133.2,1.5057,18.5,16.08,3.4163,142.8
2219-10-05T14:50:00Z,18.4,17.1,10.779,131.7,1.5088,18.2,15.06,2.6914,143.1
2219-10-05T15:00:00Z,18.2,17.01,6.8335,133.5,1.5134,18.2,15.69,2.5205,142.5
2219-10-05T15:10:00Z,18.3,17.88,8.1751,132,1.5178,18.4,16.38,2.4889,141.9
2219-10-05T15:20:00Z,18.6,17.49,8.2008,131.1,1.5208,18.4,15.81,2.6116,141.6
2219-10-05T15:30:00Z,18.5,17.91,7.2559,129.6,1.5255,18.2,14.7,2.3363,143.7
2219-10-05T15:40:00Z,18.1,17.82,8.2257,131.1,1.5295,18.5,13.92,2.8085,143.7
2219-10-05T15:50:00Z,18.5,18.06,9.4209,131.1,1.5339,18.2,14.34,2.9971,144.3
2219-10-05T16:00:00Z,18.6,18.63,8.3038,130.2,1.5375,18.5,12.93,2.9451,142.5
2219-10-05T16:10:00Z,18.9,18.72,9.6786,131.1,1.5424,18.7,12.75,2.5002,142.5
2219-10-05T16:20:00Z,18.9,17.58,10.917,131.7,1.5458,18.8,12.72,3.3736,143.7
2219-10-05T16:30:00Z,18.9,17.34,8.2868,131.7,1.5489,18.4,13.53,2.4394,144
2219-10-05T16:40:00Z,18.7,17.1,8.6012,130.2,1.5549,18.7,13.92,2.2648,143.7
2219-10-05T16:50:00Z,19.2,17.4,8.9122,131.4,1.5575,19,12.93,3.5648,143.7
2219-10-05T17:00:00Z,19.4,16.86,6.3752,132.9,1.5604,18.8,13.02,3.2236,145.8
2219-10-05T17:10:00Z,19.2,17.55,7.9732,130.8,1.5646,18.8,12.66,2.8764,145.8
2219-10-05T17:20:00Z,18.5,16.71,6.361,132.3,1.5692,18.9,11.58,3.6489,144.3
2219-10-05T17:30:00Z,19,17.04,6.8789,134.1,1.5729,18.7,11.58,2.6733,146.1
2219-10-05T17:40:00Z,19.2,18.12,9.2115,134.1,1.5775,18.6,10.89,2.1473,145.2
2219-10-05T17:50:00Z,19.1,18.84,9.2324,133.5,1.5814,19.2,10.23,2.6019,146.4
2219-10-05T18:00:00Z,19.4,18.9,8.7371,138,1.5855,18.8,10.95,2.0076,145.8
2219-10-05T18:10:00Z,19.1,19.02,9.5942,136.5,1.589,19,11.49,2.2054,147.6
2219-10-05T18:20:00Z,19.5,20.34,8.6204,135.6,1.5934,18.8,12.75,3.029,148.2
2219-10-05T18:30:00Z,19.6,18.84,8.8502,134.7,1.5986,19,13.53,2.033,145.8
2219-10-05T18:40:00Z,19.5,20.49,10.327,134.7,1.6021,19.5,12.84,2.2886,144.6
2219-10-05T18:50:00Z,19.7,20.52,10.907,137.7,1.6069,19.3,12.84,2.855,144.6
2219-10-05T19:00:00Z,19.4,19.02,9.8923,137.4,1.612,19,12.9,2.2386,145.8
2219-10-05T19:10:00Z,19.3,19.38,10.876,138.9,1.6143,19.5,13.89,2.3872,144.9
2219-10-05T19:20:00Z,19.6,19.77,12.038,135.9,1.6194,19.3,13.68,2.5996,144.9
2219-10-05T19:30:00Z,19.4,20.22,11.467,137.1,1.624,19.2,13.02,3.3142,145.5
2219-10-05T19:40:00Z,19.6,21.45,12.359,138,1.6265,19.6,13.83,2.1835,143.1
2219-10-05T19:50:00Z,19.6,20.73,11.58,137.1,1.6331,19.7,14.73,1.6479,144.9
2219-10-05T20:00:00Z,19.9,21.51,10.712,137.4,1.6362,19.2,15.78,2.8763,142.8
2219-10-05T20:10:00Z,19.8,19.5,12.5,135.6,1.6407,19.3,15.84,3.1668,141.9
2219-10-05T20:20:00Z,19.8,21.03,13.897,135.9,1.6447,19.7,16.71,2.9658,142.8
2219-10-05T20:30:00Z,20.2,22.38,11.037,137.1,1.6499,19.5,15.33,3.0698,142.8
2219-10-05T20:40:00Z,20.1,23.34,13.088,138.6,1.6534,19.6,16.11,3.1767,141.6
2219-10-05T20:50:00Z,20.2,23.49,16.428,136.8,1.6586,19.8,16.23,2.9428,140.4
2219-10-05T21:00:00Z,20.1,24.87,13.357,135.6,1.6631,19.7,16.17,3.6659,143.1
2219-10-05T21:10:00Z,20.1,24.21,12.801,135.3,1.6687,19.9,16.8,4.099,142.2
2219-10-05T21:20:00Z,19.9,24.39,16.213,137.4,1.6721,20.1,15.81,3.5626,143.1
2219-10-05T21:30:00Z,20.3,25.86,15.418,138.3,1.678,20.6,15.78,4.1945,144.6
2219-10-05T21:40:00Z,20.5,26.28,16.498,138.3,1.6832,20,15.15,3.6062,142.2
2219-10-05T21:50:00Z,20.3,25.38,16.785,138.3,1.6883,20.2,16.41,3.4934,142.2
2219-10-05T22:00:00Z,20.4,25.92,14.815,136.5,1.6918,20.3,15.87,2.7318,142.2
2219-10-05T22:10:00Z,20.4,25.11,16.58,137.1,1.6963,20,14.85,4.3749,142.8
2219-10-05T22:20:00Z,20.5,25.47,17.943,137.4,1.7009,20.2,15.48,3.5574,143.7
2219-10-05T22:30:00Z,20.7,24.54,19.819,135.3,1.7046,20.1,14.91,4.0779,142.2
2219-10-05T22:40:00Z,20.5,24.51,16.244,135,1.7084,20.3,14.94,3.7344,145.5
2219-10-05T22:50:00Z,20.8,25.17,15.252,135.6,1.7113,20.1,14.76,4.5565,145.5
2219-10-05T23:00:00Z,20.4,23.85,20.352,136.2,1.7144,20.5,14.67,3.832,146.1
2219-10-05T23:10:00Z,20.5,24.45,21.952,136.2,1.7178,20.7,15.54,3.7825,146.7
2219-10-05T23:20:00Z,20.9,24.63,18.742,137.7,1.7209,20.6,15.51,3.9903,145.8
2219-10-05T23:30:00Z,20.7,23.61,18.604,138,1.724,20.2,17.25,4.4492,144.3
2219-10-05T23:40:00Z,20.8,24.09,19.461,139.5,1.7266,20.4,18.39,4.5186,144.9
2219-10-05T23:50:00Z,20.9,23.91,21.318,142.2,1.7289,21.1,18.06,4.8462,145.8
2219-10-06T00:00:00Z,21,23.58,22.375,141.6,1.7325,20.7,18.87,4.8135,147.6
2219-10-06T00:10:00Z,21,23.97,18.308,142.2,1.7343,20.6,18.3,5.016,145.5
2219-10-06T00:20:00Z,20.7,24.3,20.754,140.7,1.7371,20.5,17.76,4.3585,144
2219-10-06T00:30:00Z,21.1,24.66,19.925,140.4,1.7383,20.9,17.01,4.0915,143.7
2219-10-06T00:40:00Z,20.9,24.6,19.603,141.6,1.7423,21,17.58,4.6398,144
2219-10-06T00:50:00Z,21.3,24.75,20.129,141,1.7449,20.7,18.3,5.1572,144
2219-10-06T01:00:00Z,20.9,24.18,18.209,141,1.7469,21,16.74,5.1843,143.4
2219-10-06T01:10:00Z,20.9,24.18,22.191,141.3,1.7494,20.7,18.09,5.288,142.2
2219-10-06T01:20:00Z,21,25.65,19.095,141.6,1.7527,20.7,16.86,5.2323,143.4
2219-10-06T01:30:00Z,21,26.13,22.122,140.4,1.7547,21.7,16.74,5.5466,144
2219-10-06T01:40:00Z,21.2,25.5,22.089,140.7,1.757,20.8,17.25,4.7342,144.3
2219-10-06T01:50:00Z,21.4,25.32,21.408,138,1.7598,21.1,17.73,5.0624,143.4
2219-10-06T02:00:00Z,21.5,24.99,24.809,135.3,1.7623,21,18.33,5.6854,145.5
2219-10-06T02:10:00Z,21.1,25.26,25.426,133.2,1.7639,21.2,17.55,5.8885,143.1
2219-10-06T02:20:00Z,21.5,26.67,24.751,133.5,1.7663,21.5,17.16,5.1783,142.5
2219-10-06T02:30:00Z,21.2,26.16,23.097,132,1.7685,21.3,16.89,5.5824,142.2
2219-10-06T02:40:00Z,21.3,25.02,22.463,132.3,1.7718,21.4,17.01,5.1013,139.8
2219-10-06T02:50:00Z,21.9,24.18,21.229,134.7,1.7722,21.3,16.59,5.5423,138
2219-10-06T03:00:00Z,21.6,25.26,23.167,133.2,1.7732,21.1,17.16,6.07,140.4
2219-10-06T03:10:00Z,21.5,26.04,24.789,132.9,1.7742,21,16.98,4.9601,140.4
2219-10-06T03:20:00Z,21.4,25.17,23.909,130.2,1.7773,21.4,17.43,5.7182,138.6
2219-10-06T03:30:00Z,21.7,25.95,22.797,130.5,1.7792,21.6,17.43,6.1703,138.3
2219-10-06T03:40:00Z,21.5,26.97,25.878,131.7,1.7817,21.2,17.31,5.9671,141.9
2219-10-06T03:50:00Z,21.8,25.65,24.915,129.3,1.7822,21.3,18.12,4.9918,140.4
2219-10-06T04:00:00Z,21.4,26.19,24.993,132,1.7848,21.5,19.11,5.8997,139.8
2219-10-06T04:10:00Z,21.4,25.59,26.764,131.4,1.7857,21.4,18.66,5.6808,140.7
2219-10-06T04:20:00Z,21.4,25.44,27.335,130.5,1.7871,21.4,18.78,5.7384,142.8
2219-10-06T04:30:00Z,21.8,25.92,24.193,132.3,1.7891,21.3,18.36,5.8892,140.7
2219-10-06T04:40:00Z,21.5,26.73,25.105,132,1.7904,21.6,18.21,6.7306,142.5
2219-10-06T04:50:00Z,21.7,26.13,26.015,132,1.7918,21.6,18.63,6.5545,142.2
2219-10-06T05:00:00Z,21.6,27.21,26.047,130.8,1.7936,21.5,17.76,6.2158,144.3
2219-10-06T05:10:00Z,21.6,25.74,22.78,129.9,1.795,22,18.24,6.3031,143.1
2219-10-06T05:20:00Z,21.9,24.87,27.322,130.5,1.7949,21.7,18.96,6.0431,144
2219-10-06T05:30:00Z,21.6,25.02,25.531,129,1.797,21.7,18.51,6.7014,143.1
2219-10-06T05:40:00Z,22.1,25.14,28.781,129.6,1.7967,21.4,18.9,6.2967,144.3
2219-10-06T05:50:00Z,21.6,25.47,27.161,129,1.7978,21.3,18.51,6.8053,142.8
2219-10-06T06:00:00Z,21.7,24.9,28.963,130.8,1.7996,21.9,18.57,6.5797,141.9
2219-10-06T06:10:00Z,21.3,24.33,27.379,132.6,1.7999,21.6,17.52,6.6484,141.3
2219-10-06T06:20:00Z,21.7,23.4,25.523,133.2,1.7987,21.3,19.41,6.2743,141.6
2219-10-06T06:30:00Z,22.2,23.31,25.967,132,1.8005,21.8,19.92,6.2347,141.3
2219-10-06T06:40:00Z,22,21.63,27.46,132,1.7987,22,18.45,6.8284,143.7
2219-10-06T06:50:00Z,21.4,22.2,27.404,130.8,1.7984,21.7,17.52,7.2735,144.6
2219-10-06T07:00:00Z,21.8,21.57,27.416,133.5,1.7978,21.5,19.17,7.205,144.6
2219-10-06T07:10:00Z,21.5,21.06,25.854,132.3,1.7985,21.2,19.26,6.6412,144.3
2219-10-06T07:20:00Z,21.6,22.05,24.151,133.2,1.7974,21.7,19.68,6.8805,141.9
2219-10-06T07:30:00Z,21.7,21.12,23.965,130.5,1.7978,21.2,20.01,7.9162,142.2
2219-10-06T07:40:00Z,21.8,20.76,24.147,133.8,1.7955,21.7,20.55,7.4573,140.7
2219-10-06T07:50:00Z,21.7,20.76,24.779,135,1.795,21.8,20.76,7.7145,141.3
2219-10-06T08:00:00Z,21.8,20.52,24.28,137.4,1.7959,21.6,20.76,7.2665,140.7
2219-10-06T08:10:00Z,21.5,19.92,25.46,135.9,1.7941,21.6,19.47,6.558,142.2
2219-10-06T08:20:00Z,21.6,19.95,24.941,135,1.7928,21.8,19.53,7.7569,140.4
2219-10-06T08:30:00Z,21.7,20.46,23.249,136.5,1.7926,22.1,19.8,6.9485,137.1
2219-10-06T08:40:00Z,21.8,19.8,23.815,132.9,1.7928,22.1,18.51,7.577,138.9
2219-10-06T08:50:00Z,21.3,20.16,23.278,131.7,1.7922,21.7,18.06,7.1598,137.1
2219-10-06T09:00:00Z,21.5,21.33,23.601,129.3,1.7918,22.1,18.6,7.5768,137.4
2219-10-06T09:10:00Z,21.5,19.89,22.894,129,1.7914,22.1,19.83,7.2487,138.9
2219-10-06T09:20:00Z,21.6,20.58,22.723,129.9,1.7916,21.8,19.44,7.1349,139.5
2219-10-06T09:30:00Z,21.5,21.3,22.457,129.6,1.7907,21.7,19.95,8.0886,141.3
2219-10-06T09:40:00Z,21.7,21.24,25.198,129.6,1.7913,21.9,20.43,7.356,139.5
2219-10-06T09:50:00Z,21.9,22.11,24.23,130.2,1.7906,22,21.33,8.0997,140.7
2219-10-06T10:00:00Z,21.8,22.14,25.536,130.2,1.7923,22.1,19.68,6.9226,141.3
2219-10-06T10:10:00Z,21.5,21.78,22.916,130.5,1.7919,22.3,19.17,7.9975,138.6
2219-10-06T10:20:00Z,21.7,21.81,22.739,130.8,1.7919,21.8,19.29,7.6373,138.6
2219-10-06T10:30:00Z,21.5,22.23,23.977,131.1,1.7935,21.9,18.63,7.8298,138.6
2219-10-06T10:40:00Z,21.8,22.74,24.276,129.3,1.7938,22.2,18.03,7.9689,138.6
2219-10-06T10:50:00Z,21.4,24.06,25.75,130.2,1.7944,21.9,18.51,7.3868,138
2219-10-06T11:00:00Z,21.7,23.01,26.921,131.7,1.7958,21.5,17.97,7.1305,138.6
2219-10-06T11:10:00Z,21.5,21.36,23.85,131.1,1.7955,22,16.8,7.6173,137.1
2219-10-06T11:20:00Z,21.8,21.66,24.339,133.2,1.7958,22,16.8,7.8293,136.8
2219-10-06T11:30:00Z,21.4,23.07,22.863,131.7,1.7965,22.1,18.15,7.8651,137.4
2219-10-06T11:40:00Z,21.9,21.36,24.557,131.7,1.7966,22.2,17.49,7.3699,138
2219-10-06T11:50:00Z,21.4,22.47,24.083,131.4,1.7979,21.9,16.95,7.9972,137.4
2219-10-06T12:00:00Z,21.8,21.75,22.561,132,1.7971,21.9,17.85,8.0258,135.9
2219-10-06T12:10:00Z,22,21.63,23.048,134.1,1.7984,21.9,18.09,7.0807,137.7
2219-10-06T12:20:00Z,22.1,21.36,25.247,135,1.7974,22.2,18.48,7.7511,139.2
2219-10-06T12:30:00Z,21.7,20.19,24.104,135.6,1.7983,22,17.73,7.3192,138
2219-10-06T12:40:00Z,21.8,21.51,24.433,135.3,1.7984,21.8,17.85,7.2584,140.4
2219-10-06T12:50:00Z,21.6,20.76,24.818,137.1,1.7983,21.9,18.09,7.1912,141
2219-10-06T13:00:00Z,21.7,20.85,23.975,138.3,1.7975,21.5,16.98,7.5904,143.1
2219-10-06T13:10:00Z,21.6,20.85,20.562,137.7,1.7986,22.1,16.44,7.5704,145.5
2219-10-06T13:20:00Z,21.5,20.88,25.782,137.4,1.7982,21.6,15.51,7.7406,142.8
2219-10-06T13:30:00Z,21.4,21,21.989,135.9,1.7978,21.8,15.18,7.4514,142.2
2219-10-06T13:40:00Z,21.6,21.15,23.483,138.3,1.798,22,15.45,7.4899,142.2
2219-10-06T13:50:00Z,21.7,21.42,21.943,136.2,1.7984,21.8,15.66,7.465,140.7
2219-10-06T14:00:00Z,21.9,21.06,23.379,135.9,1.7984,22,15.75,7.324,141.3
2219-10-06T14:10:00Z,22.2,20.49,21.31,136.5,1.7985,22.2,16.53,7.6898,142.5
2219-10-06T14:20:00Z,22,19.62,22.9,135.6,1.7979,22,17.16,7.278,143.7
2219-10-06T14:30:00Z,21.5,20.22,24.651,135.6,1.7986,22.2,15.9,7.5372,142.2
2219-10-06T14:40:00Z,21.7,19.47,22.773,135.9,1.7984,22,16.86,7.2563,141.6
2219-10-06T14:50:00Z,21.2,20.79,22.6,134.1,1.7982,21.9,17.88,6.5738,141.3
2219-10-06T15:00:00Z,21.7,19.65,21.651,135.3,1.7984,21.9,16.71,6.8949,141.9
2219-10-06T15:10:00Z,22.3,20.76,23.547,135.3,1.7978,21.8,17.04,6.9991,141.3
2219-10-06T15:20:00Z,21.8,19.62,24.346,134.7,1.7973,22.1,16.77,7.3844,139.8
2219-10-06T15:30:00Z,21.3,19.71,21.55,132.9,1.7986,21.7,16.62,8.1715,140.4
2219-10-06T15:40:00Z,21.8,19.71,21.505,134.7,1.7968,21.9,15.78,7.6503,141
2219-10-06T15:50:00Z,21.9,22.11,23.747,133.2,1.7973,21.8,15.15,6.9134,140.7
2219-10-06T16:00:00Z,21.9,21,24.232,133.8,1.7988,21.5,14.88,6.5868,139.2
2219-10-06T16:10:00Z,21.6,21.33,24.382,132.3,1.7983,22.3,15.15,7.2868,139.5
2219-10-06T16:20:00Z,21.9,20.79,24.911,130.8,1.7998,21.9,14.76,6.3513,141
2219-10-06T16:30:00Z,21.8,19.83,21.113,131.1,1.7985,21.9,14.73,7.0478,141
2219-10-06T16:40:00Z,21.6,21,23.547,131.1,1.7987,21.6,15.87,7.4323,140.4
2219-10-06T16:50:00Z,21.6,20.52,21.26,130.8,1.7988,21.7,16.26,6.854,141
2219-10-06T17:00:00Z,21.8,21.24,22.689,129.9,1.7993,21.6,15.63,6.7816,138.9
2219-10-06T17:10:00Z,21.8,20.64,21.11,130.8,1.7998,21.9,16.44,7.0106,140.7
2219-10-06T17:20:00Z,21.5,20.91,23.25,130.5,1.7994,21.8,17.07,7.1883,140.1
2219-10-06T17:30:00Z,21.9,20.43,21.22,129.3,1.7997,22.1,18.42,6.2979,140.1
2219-10-06T17:40:00Z,21.8,19.65,20.321,128.4,1.7999,21.8,17.01,7.0889,140.1
2219-10-06T17:50:00Z,21.8,19.05,21.587,127.5,1.8005,21.9,14.97,7.0831,142.8
2219-10-06T18:00:00Z,21.5,19.77,24.083,126,1.8008,22,15,6.8144,143.1
2219-10-06T18:10:00Z,21.9,20.07,22.322,127.8,1.8002,22,15.51,7.1867,143.1
2219-10-06T18:20:00Z,21.7,19.05,24.156,128.4,1.799,21.5,15.42,7.27,142.8
2219-10-06T18:30:00Z,21.9,19.47,23.36,126.9,1.8,21.9,16.77,5.5792,143.4
2219-10-06T18:40:00Z,21.6,19.53,19.707,129.3,1.7995,21.7,15.51,6.2105,144
2219-10-06T18:50:00Z,21.6,19.98,22.687,128.4,1.8005,21.9,16.53,6.367,142.5
2219-10-06T19:00:00Z,21.7,21,22.883,127.2,1.8005,21.6,16.59,6.3165,142.8
2219-10-06T19:10:00Z,22,21.99,21.791,126,1.8016,21.8,17.43,7.4739,140.4
2219-10-06T19:20:00Z,21.4,22.26,24.859,127.2,1.8017,22.2,18.12,6.6178,141.6
2219-10-06T19:30:00Z,21.6,22.05,23.514,131.1,1.8019,22,17.94,7.5587,141
2219-10-06T19:40:00Z,22.2,22.86,23.404,129.6,1.8034,21.6,18.3,6.4616,140.1
2219-10-06T19:50:00Z,21.9,24.18,24.562,127.5,1.8049,21.8,18.18,6.8288,141.3
2219-10-06T20:00:00Z,22.1,24.33,24.771,130.2,1.8061,21.7,17.25,6.7702,139.5
2219-10-06T20:10:00Z,21.9,25.59,23.674,129.6,1.808,22.2,16.74,7.1166,138.3
2219-10-06T20:20:00Z,21.6,23.91,23.036,126.6,1.8094,21.4,16.53,6.5497,138
2219-10-06T20:30:00Z,22,24.75,22.674,127.5,1.8111,21.6,16.2,6.9492,139.5
2219-10-06T20:40:00Z,21.7,24.33,24.932,127.8,1.8121,22.1,15.81,6.701,139.5
2219-10-06T20:50:00Z,22.2,23.49,24.512,126.9,1.8141,22.1,16.77,7.0806,139.2
2219-10-06T21:00:00Z,21.7,23.61,22.842,128.4,1.8152,21.9,16.56,7.2948,138
2219-10-06T21:10:00Z,22,23.79,23.578,128.1,1.8156,21.8,16.5,7.8274,139.5
2219-10-06T21:20:00Z,22.3,23.49,26.742,130.5,1.8171,21.6,17.4,6.8827,139.5
2219-10-06T21:30:00Z,22,21.63,23.865,126.9,1.8183,22,17.22,6.7582,140.7
2219-10-06T21:40:00Z,21.8,23.34,22.962,128.1,1.8179,22.1,16.44,7.2296,140.1
2219-10-06T21:50:00Z,22.1,21,24.999,127.5,1.8184,21.8,16.5,7.2714,144.3
2219-10-06T22:00:00Z,22,20.37,24.187,129.6,1.8162,21.9,16.59,7.1757,146.1
2219-10-06T22:10:00Z,22,20.52,25.783,129.9,1.8163,21.7,17.4,7.7007,145.8
2219-10-06T22:20:00Z,21.8,22.32,23.803,129.9,1.8175,21.9,16.29,6.7896,147
2219-10-06T22:30:00Z,21.8,23.43,26.817,128.7,1.8176,21.6,15.75,6.0824,148.5
2219-10-06T22:40:00Z,21.9,21.39,23.959,127.8,1.8169,21.6,16.38,6.9132,149.7
2219-10-06T22:50:00Z,21.9,20.73,21.626,127.8,1.8171,21.9,15.99,6.8444,150.6
2219-10-06T23:00:00Z,21.6,19.35,23.728,126.3,1.8168,21.8,17.37,6.9693,152.7
2219-10-06T23:10:00Z,22,19.5,25.661,126.6,1.8158,21.9,17.22,7.1483,152.7
2219-10-06T23:20:00Z,21.4,19.68,23.839,127.2,1.8154,21.9,17.82,7.456,150.6
2219-10-06T23:30:00Z,21.3,19.89,23.131,124.8,1.8142,22,18.6,7.0828,152.7
2219-10-06T23:40:00Z,21.8,20.7,24.619,126.3,1.8144,22,16.65,6.5455,151.5
2219-10-06T23:50:00Z,22.1,21.21,26.604,126,1.814,21.6,15.93,7.111,151.8
2219-10-07T00:00:00Z,21.8,20.04,23.422,127.5,1.8142,22,16.41,6.8459,151.8
2219-10-07T00:10:00Z,22,20.58,23.305,127.2,1.8144,21.8,16.86,6.8715,151.5
2219-10-07T00:20:00Z,21.9,19.86,24.314,125.1,1.8138,21.7,16.65,6.3872,150
2219-10-07T00:30:00Z,21.7,19.5,22.855,127.8,1.812,21.7,15.93,6.574,149.1
2219-10-07T00:40:00Z,21.8,20.37,22.937,125.4,1.8139,22.1,14.19,6.7894,149.1
2219-10-07T00:50:00Z,21.9,20.52,22.757,128.7,1.8134,21.7,14.94,7.0521,147
2219-10-07T01:00:00Z,22.2,21.54,23.818,128.1,1.8137,21.5,16.38,6.5593,148.2
2219-10-07T01:10:00Z,22.2,21.36,24.58,126.9,1.8145,21.8,16.71,6.0432,148.2
2219-10-07T01:20:00Z,21.7,22.14,25.499,125.1,1.8149,21.4,16.56,6.9458,145.8
2219-10-07T01:30:00Z,22,21.27,22.726,125.7,1.8154,21.7,16.29,6.1153,145.8
2219-10-07T01:40:00Z,21.6,21.96,22.403,126.6,1.8158,22,15.99,6.7407,143.4
2219-10-07T01:50:00Z,22.1,20.97,23.981,125.4,1.8157,22.2,15.96,6.0815,141.9
2219-10-07T02:00:00Z,22,21.24,25.649,126.6,1.8159,22.3,15.84,6.705,140.7
2219-10-07T02:10:00Z,22.3,21.84,24.974,126.6,1.8157,21.8,15.9,6.3359,142.2
2219-10-07T02:20:00Z,22.1,20.25,24.23,125.1,1.8158,22,13.89,7.1215,143.1
2219-10-07T02:30:00Z,21.8,20.79,24.376,124.8,1.8157,21.9,13.5,6.7238,142.2
2219-10-07T02:40:00Z,22,21.21,22.686,125.1,1.8155,22,13.98,6.0475,142.8
2219-10-07T02:50:00Z,21.9,21.21,22.671,126,1.8167,21.9,13.47,6.0975,142.5
2219-10-07T03:00:00Z,21.8,21.78,22.789,126.6,1.8163,21.6,12.75,6.1808,141.3
2219-10-07T03:10:00Z,22.1,22.5,24.099,129.6,1.8155,21.9,11.16,6.9101,141
2219-10-07T03:20:00Z,22,22.89,22.408,129.6,1.8178,22.2,11.79,6.2213,141
2219-10-07T03:30:00Z,21.7,23.85,24.676,131.7,1.8189,22.2,11.82,6.5053,141.6
2219-10-07T03:40:00Z,22,23.31,23.738,130.2,1.8199,21.9,12.72,5.617,139.8
2219-10-07T03:50:00Z,21.9,22.26,26.086,129.6,1.8209,22.1,11.97,5.1601,137.4
2219-10-07T04:00:00Z,21.8,23.43,24.935,129.3,1.821,21.7,11.82,5.3781,137.7
2219-10-07T04:10:00Z,22.1,23.04,23.351,131.1,1.8214,21.7,12.48,6.2861,137.7
2219-10-07T04:20:00Z,21.9,23.94,25.846,129.3,1.8225,21.9,12.57,5.645,138.6
2219-10-07T04:30:00Z,22,24.36,26.086,131.4,1.8234,21.8,13.11,6.2729,138
2219-10-07T04:40:00Z,22.5,24.24,24.961,131.4,1.8234,21.6,13.47,5.7771,137.4
2219-10-07T04:50:00Z,21.8,25.65,24.059,130.2,1.8258,21.7,13.29,6.2459,137.7
2219-10-07T05:00:00Z,22.2,26.73,26.757,131.1,1.8264,21.9,13.74,5.2853,140.1
2219-10-07T05:10:00Z,21.9,27.27,27.819,128.4,1.8277,22,14.16,5.1402,138
2219-10-07T05:20:00Z,21.8,26.19,26.973,128.1,1.8304,21.5,13.23,5.9491,136.5
2219-10-07T05:30:00Z,22,27.03,25.703,128.4,1.8302,21.5,12.72,5.4616,136.5
2219-10-07T05:40:00Z,22.2,27.6,25.96,126,1.8322,22.1,12.09,5.3892,136.8
2219-10-07T05:50:00Z,22.2,28.5,21.603,125.4,1.8361,21.5,13.05,3.6563,138.9
2219-10-07T06:00:00Z,22.4,28.32,12.718,124.5,1.8416,21.7,12.27,2.0488,139.5
2219-10-07T06:10:00Z,22.3,29.58,8.4735,124.8,1.8478,21.8,12.96,1.4254,141
2219-10-07T06:20:00Z,22.5,29.61,5.777,125.7,1.8562,21.8,11.85,0.8348,139.8
2219-10-07T06:30:00Z,22.6,28.26,4.414,126.3,1.8651,21.9,10.98,0.064728,143.1
2219-10-07T06:40:00Z,22.5,28.05,2.0031,123.6,1.8763,22.1,11.79,-0.18323,143.1
2219-10-07T06:50:00Z,22.7,28.05,0.39111,124.8,1.8864,22.1,12.3,0.20626,144.3
2219-10-07T07:00:00Z,22.8,28.38,0.22896,125.4,1.8976,22.3,11.58,-0.13717,141.3
2219-10-07T07:10:00Z,23.2,27.72,-0.19579,125.4,1.9083,22.7,12.72,-0.04749,143.4
2219-10-07T07:20:00Z,22.7,28.5,-0.051644,125.7,1.9196,22.4,14.25,-0.23374,141
2219-10-07T07:30:00Z,23.2,27.66,-0.38812,129,1.9307,22.2,13.32,0.11094,140.4
2219-10-07T07:40:00Z,23,27.27,0.31132,127.2,1.9408,22.3,13.92,0.22801,141.3
2219-10-07T07:50:00Z,23.8,26.88,0.37475,126,1.9516,22.4,14.31,0.24919,139.2
2219-10-07T08:00:00Z,23.6,27.42,-0.15399,129.9,1.9627,22.4,12.87,-0.014517,138.6
2219-10-07T08:10:00Z,23.6,26.79,-0.12417,130.2,1.9731,22.6,12.36,0.36025,138.6
2219-10-07T08:20:00Z,24,27.93,-0.64032,128.7,1.9838,22.8,11.82,0.13012,138.9
2219-10-07T08:30:00Z,23.7,27.09,-0.11806,128.1,1.994,23.2,12.24,-0.013425,138.9
2219-10-07T08:40:00Z,24,28.17,0.064963,127.2,2.0041,22.8,11.91,-0.15317,138.9
2219-10-07T08:50:00Z,24.1,26.1,-0.67287,129.3,2.0154,23,11.76,0.28799,141
2219-10-07T09:00:00Z,24.2,26.34,-0.67538,130.5,2.0254,23.5,12.15,0.040709,140.7
2219-10-07T09:10:00Z,24.5,26.25,0.3783,130.8,2.0357,22.9,11.64,-0.26769,142.5
2219-10-07T09:20:00Z,24.5,27,-0.2911,129.3,2.0462,23.3,12.06,-0.10978,144
2219-10-07T09:30:00Z,24.8,25.44,-0.14423,130.2,2.0562,23.1,12.51,0.19622,142.2
2219-10-07T09:40:00Z,24.9,25.08,0.12027,129.6,2.066,23.2,13.26,-0.097292,140.4
2219-10-07T09:50:00Z,25,25.8,-0.30191,129.9,2.0747,23.7,12.21,-0.25095,142.2
2219-10-07T10:00:00Z,25,25.38,0.16517,129,2.0858,23.6,13.14,-0.13123,142.5
2219-10-07T10:10:00Z,25.1,26.25,-0.1474,131.1,2.0957,23.4,12.51,0.17425,144.3
2219-10-07T10:20:00Z,25.1,26.07,0.21066,129.9,2.1056,23.7,12.18,0.20251,145.8
2219-10-07T10:30:00Z,25.3,26.19,0.11188,129,2.1161,23.7,12.15,0.01974,147
2219-10-07T10:40:00Z,25.4,24.75,0.39943,130.8,2.1264,23.6,11.31,0.21604,142.8
2219-10-07T10:50:00Z,25.7,23.16,-0.30136,129.3,2.1351,23.7,10.29,0.13119,144
2219-10-07T11:00:00Z,25.5,23.34,0.019852,128.7,2.1441,24.2,10.26,-0.015109,143.4
2219-10-07T11:10:00Z,25.9,23.49,0.23175,125.4,2.1523,24.5,10.71,0.089676,142.5
2219-10-07T11:20:00Z,26.1,23.91,-0.96985,127.2,2.1633,24.3,10.8,-0.014296,142.8
2219-10-07T11:30:00Z,25.7,25.17,0.59176,127.8,2.1724,24.3,10.77,0.14599,143.4
2219-10-07T11:40:00Z,26.3,25.77,0.06206,127.2,2.1823,24,11.4,0.040905,144.6
2219-10-07T11:50:00Z,26.4,25.77,-0.21472,127.8,2.1923,24.6,11.28,-0.13862,146.7
2219-10-07T12:00:00Z,26.6,26.43,0.31877,130.8,2.2027,24.4,11.13,-0.19792,144.9
2219-10-07T12:10:00Z,26.8,24.81,0.14,130.8,2.2135,24.6,12.27,-0.12069,146.1
2219-10-07T12:20:00Z,27.1,24.84,-0.16816,131.7,2.2228,24.3,12.99,0.221,143.7
2219-10-07T12:30:00Z,26.9,25.38,0.18871,132.3,2.232,24.7,12.75,0.17572,142.5
2219-10-07T12:40:00Z,27.1,25.53,-0.085942,132.6,2.2429,24.8,12.69,0.027273,143.1
2219-10-07T12:50:00Z,27,25.65,0.26545,132.3,2.2536,24.8,12.78,-0.29282,141.6
2219-10-07T13:00:00Z,27.5,25.29,0.77571,132.6,2.2624,24.9,13.71,-0.14007,140.1
2219-10-07T13:10:00Z,27.6,25.62,0.022962,132.9,2.2724,25,14.04,0.22313,142.5
2219-10-07T13:20:00Z,27.7,26.34,0.0074011,134.4,2.2832,24.9,13.92,0.19574,141.3
2219-10-07T13:30:00Z,27.7,26.61,-0.047963,129.9,2.2928,25.5,13.68,-0.18009,140.1
2219-10-07T13:40:00Z,27.7,24.87,-0.16141,130.8,2.3032,25.2,13.68,0.17388,138
2219-10-07T13:50:00Z,28.2,25.23,-0.11703,133.2,2.3137,25.3,13.95,0.0081923,138.3
2219-10-07T14:00:00Z,27.8,25.41,-0.031205,131.1,2.3236,25.2,13.83,-0.043301,138.3
2219-10-07T14:10:00Z,28.1,24.96,-0.1122,132.6,2.3326,25.6,13.65,-0.11598,138.9
2219-10-07T14:20:00Z,28.4,24.63,0.15514,131.1,2.3423,25.9,14.22,-0.029285,139.2
2219-10-07T14:30:00Z,28.4,25.32,-0.87722,134.1,2.3534,25.6,14.85,0.16041,139.8
2219-10-07T14:40:00Z,28.8,24.42,-0.36695,132.6,2.3614,25.9,13.41,-0.17893,138.9
2219-10-07T14:50:00Z,28.1,24.36,0.25744,130.8,2.3716,25.9,14.25,0.11995,138
2219-10-07T15:00:00Z,28.3,23.97,-0.00060674,131.1,2.3823,25.8,14.19,0.22135,138.9
2219-10-07T15:10:00Z,28.5,23.52,-0.69666,130.2,2.3902,25.8,14.79,0.039355,138.3
2219-10-07T15:20:00Z,29.1,22.92,0.23546,129.3,2.4003,25.9,15.03,0.20946,138
2219-10-07T15:30:00Z,29,23.22,-0.62511,129.3,2.4089,26,15.24,0.084156,135.3
2219-10-07T15:40:00Z,29.1,24.24,0.38997,129.6,2.4181,26.5,15.12,-0.065462,138
2219-10-07T15:50:00Z,28.9,25.35,0.92095,130.5,2.4288,26.3,15.48,0.033121,136.5
2219-10-07T16:00:00Z,29.3,24.69,0.72222,129.9,2.4393,26.6,14.4,-0.047985,137.7
2219-10-07T16:10:00Z,29.3,25.98,0.16914,129,2.4483,26.5,13.83,0.029046,138
2219-10-07T16:20:00Z,29.6,25.29,0.12432,129.3,2.458,26.8,13.83,-0.11635,137.4
2219-10-07T16:30:00Z,29.6,24.99,-0.84273,130.5,2.4677,26.5,14.25,0.21284,136.2
2219-10-07T16:40:00Z,29.7,26.25,-0.23475,129.3,2.4774,26.6,14.79,-0.16805,133.8
2219-10-07T16:50:00Z,29.8,25.62,0.4288,128.7,2.4881,27,14.76,0.10689,133.8
2219-10-07T17:00:00Z,29.9,24.6,0.54362,130.5,2.4977,26.9,15.9,0.03068,130.2
2219-10-07T17:10:00Z,30,25.74,0.044698,127.5,2.5082,27.2,16.23,-0.064741,130.5
2219-10-07T17:20:00Z,30.2,26.07,0.35019,129.6,2.5187,26.8,16.53,-0.099873,129.9
2219-10-07T17:30:00Z,30.3,25.86,-0.31032,129.6,2.5272,27,16.74,-0.20422,130.8
2219-10-07T17:40:00Z,30.5,24.33,0.13028,130.8,2.5364,27.3,16.74,-0.15545,134.1
2219-10-07T17:50:00Z,30.6,23.85,-0.051109,131.7,2.5461,27.4,16.17,0.094073,136.5
2219-10-07T18:00:00Z,31.2,24.87,0.027074,130.2,2.5555,27.6,17.16,0.27854,135.3
2219-10-07T18:10:00Z,30.8,24.66,0.21353,132.3,2.5659,27.8,16.86,-0.17837,139.2
2219-10-07T18:20:00Z,31,24.18,-0.28383,131.1,2.5748,27.7,16.83,0.18929,137.4
2219-10-07T18:30:00Z,30.9,24,0.23763,132.6,2.5849,27.8,16.05,-0.16955,137.7
2219-10-07T18:40:00Z,31.4,24.96,-0.31762,131.1,2.5936,27.9,15.81,-0.14631,139.2
2219-10-07T18:50:00Z,31,24.51,0.22039,132.6,2.6038,28.2,15.96,0.17952,138.3
2219-10-07T19:00:00Z,31.7,24.84,-0.058798,131.4,2.6138,28.1,15.36,-0.1487,135.9
2219-10-07T19:10:00Z,31.9,25.5,-0.45569,132.6,2.6238,28.6,15.75,0.023002,137.7
2219-10-07T19:20:00Z,31,26.4,0.11862,132.9,2.6337,28.5,14.52,-0.056263,138.3
2219-10-07T19:30:00Z,32.1,26.49,-0.24516,134.7,2.6441,28.5,14.22,-0.039035,136.8
2219-10-07T19:40:00Z,31.8,26.4,-0.07849,134.7,2.6545,28.5,14.13,0.11293,137.4
2219-10-07T19:50:00Z,31.5,26.28,-0.0035777,135,2.6636,28.3,14.1,0.20123,138
2219-10-07T20:00:00Z,32.2,27.12,0.11069,135.6,2.6747,28.5,14.13,-0.1431,137.7
2219-10-07T20:10:00Z,32.1,28.08,-0.51982,137.4,2.6853,29,13.32,-0.047248,138.6
2219-10-07T20:20:00Z,32.3,27.87,0.1338,137.7,2.6963,29,13.92,0.04524,138.6
2219-10-07T20:30:00Z,32.7,27.36,0.04782,138.6,2.7066,29,13.26,0.038358,138.3
2219-10-07T20:40:00Z,32.7,26.52,-0.23444,139.8,2.7181,28.9,12.36,0.0046974,136.5
2219-10-07T20:50:00Z,32.7,25.35,-0.74601,139.2,2.7278,29.1,12.96,0.09564,135.9
2219-10-07T21:00:00Z,32.7,25.44,0.15679,139.5,2.7379,28.9,12.99,-0.18449,135.9
2219-10-07T21:10:00Z,33,24.93,-0.051771,141.9,2.7464,29.2,12.75,0.034195,137.4
2219-10-07T21:20:00Z,32.9,23.28,-0.92805,139.5,2.757,29.3,13.23,0.043793,136.5
2219-10-07T21:30:00Z,33.5,22.77,-0.25324,143.1,2.7651,29.1,12.48,0.060405,136.5
2219-10-07T21:40:00Z,33.3,22.59,0.20777,141.3,2.7739,29.4,12.39,0.1754,137.7
2219-10-07T21:50:00Z,33.6,22.95,0.34607,142.8,2.7837,29.4,12.63,-0.24523,135.6
2219-10-07T22:00:00Z,33.5,23.04,0.19117,141.6,2.7939,29.9,12.18,0.12697,137.4
2219-10-07T22:10:00Z,33.4,23.91,-0.11595,144.3,2.8019,29.5,12.42,-0.05998,137.1
2219-10-07T22:20:00Z,33.9,23.01,0.40628,143.7,2.8112,29.8,11.91,-0.18577,136.5
2219-10-07T22:30:00Z,34.4,23.34,-0.22193,142.2,2.8195,29.9,11.28,-0.16883,137.1
2219-10-07T22:40:00Z,34,24.57,-0.583,143.1,2.8304,29.8,11.46,-0.027121,137.4
2219-10-07T22:50:00Z,34.1,23.31,0.18807,141,2.8387,30.1,11.73,0.095631,136.8
2219-10-07T23:00:00Z,34.2,23.49,0.15741,141,2.8477,30.2,13.14,-0.26253,139.5
2219-10-07T23:10:00Z,34.3,23.34,-0.35077,141,2.8578,30,13.38,0.20818,141
2219-10-07T23:20:00Z,34.5,22.35,-0.31517,139.2,2.8663,30.5,12.9,-0.3453,141
2219-10-07T23:30:00Z,34.6,21.51,-0.066225,140.4,2.874,30.6,13.11,0.018411,141.6
2219-10-07T23:40:00Z,34.1,20.4,-0.1708,136.8,2.8838,30.3,11.85,-0.31196,142.8
2219-10-07T23:50:00Z,35,20.46,-0.93077,136.8,2.8913,30.4,11.91,-0.18125,140.7
2219-10-08T00:00:00Z,34.7,19.71,-0.35899,135,2.8988,30.7,12.54,-0.16686,141.3
2219-10-08T00:10:00Z,35.1,19.23,-0.018958,134.7,2.9076,30.5,11.43,-0.00059603,139.8
2219-10-08T00:20:00Z,35.1,20.46,0.035974,135.9,2.9146,30.7,12.21,0.11303,141.6
2219-10-08T00:30:00Z,35.1,19.32,0.0055344,135.9,2.9215,31.1,13.08,0.20088,140.4
2219-10-08T00:40:00Z,34.9,20.37,-0.50009,136.2,2.9307,31.2,13.14,-0.043848,138.3
2219-10-08T00:50:00Z,34.9,21.24,0.18099,136.8,2.9389,30.9,12.36,-0.043859,139.5
2219-10-08T01:00:00Z,35.5,20.97,-0.1544,137.7,2.9462,30.7,12.93,-0.082722,139.8
2219-10-08T01:10:00Z,35.2,22.56,0.23806,138.6,2.9553,30.6,12.84,-0.11549,139.5
2219-10-08T01:20:00Z,35.9,21.57,0.5684,137.1,2.9627,31.2,13.41,-0.22682,139.8
2219-10-08T01:30:00Z,35.9,21.75,-0.58451,136.5,2.9712,31.3,13.59,0.045998,139.8
2219-10-08T01:40:00Z,35.8,21.93,-0.1298,135.6,2.9803,31.3,12.99,-0.018304,140.1
2219-10-08T01:50:00Z,36,22.14,-0.16676,136.8,2.989,31.6,12.69,-0.092158,138.3
2219-10-08T02:00:00Z,36.1,22.41,0.018915,136.8,2.9978,31.7,12.9,0.081473,138.6
2219-10-08T02:10:00Z,36,22.92,0.49819,133.2,3.006,31.7,14.01,0.065683,138.3
2219-10-08T02:20:00Z,36.4,22.14,-0.48202,134.1,3.0148,31.8,13.29,-0.25594,139.8
2219-10-08T02:30:00Z,36.3,22.32,0.031559,133.5,3.0235,32,12.87,0.16639,138.6
2219-10-08T02:40:00Z,36.3,22.65,-0.38663,134.7,3.0329,31.8,11.88,0.15511,138.6
2219-10-08T02:50:00Z,36.7,21.81,0.2435,134.1,3.0415,32.3,11.79,-0.13115,139.8
2219-10-08T03:00:00Z,36.9,21.87,-0.10421,134.4,3.049,32,13.05,0.012427,138
2219-10-08T03:10:00Z,36.7,21.78,-0.11056,133.8,3.0566,32.1,13.65,0.3083,138.3
2219-10-08T03:20:00Z,37.3,21.09,0.062802,135.3,3.067,32.2,13.62,0.20517,139.2
2219-10-08T03:30:00Z,36.6,22.35,-0.58755,134.1,3.0736,32.1,14.52,-0.041503,138.6
2219-10-08T03:40:00Z,36.7,22.02,-0.17984,137.4,3.0841,32.4,13.14,0.30323,138.3
2219-10-08T03:50:00Z,37.1,22.05,-0.32936,138,3.0919,32,15.06,-0.0023862,137.1
2219-10-08T04:00:00Z,37.1,21.78,0.25523,136.8,3.1004,32.5,15.03,-0.44022,137.4
2219-10-08T04:10:00Z,37.3,22.98,0.44376,138,3.1093,33,14.85,0.082634,139.8
2219-10-08T04:20:00Z,37.6,23.16,-0.61389,135.6,3.1184,32.8,16.2,0.13912,139.5
2219-10-08T04:30:00Z,37.6,23.52,-0.077114,136.2,3.1276,32.8,15.18,-0.161,140.1
2219-10-08T04:40:00Z,37.6,24.99,-0.44433,137.7,3.1367,32.6,15.24,-0.26282,139.2
2219-10-08T04:50:00Z,37.4,26.61,-0.59155,138.3,3.1462,33.1,14.52,-0.11001,140.4
2219-10-08T05:00:00Z,37.7,28.08,0.59424,140.1,3.158,33.1,12.84,-0.08755,141.9
2219-10-08T05:10:00Z,38.4,26.94,-0.039813,139.8,3.1669,33,13.71,-0.29601,142.2
2219-10-08T05:20:00Z,38,26.43,-0.7977,142.5,3.1782,33.3,14.28,0.040221,140.7
2219-10-08T05:30:00Z,38.5,26.55,-0.38898,141.9,3.1892,33.4,14.97,-0.067774,141.6
2219-10-08T05:40:00Z,38.4,26.07,-0.077328,143.7,3.1994,33.1,14.94,-0.049846,141.3
2219-10-08T05:50:00Z,38.8,25.62,0.51559,145.8,3.2087,33.7,16.05,-0.028698,140.7
2219-10-08T06:00:00Z,38.8,24.69,-0.052756,143.1,3.2186,33.7,15.45,0.11162,140.1
2219-10-08T06:10:00Z,39.1,25.08,0.26451,142.5,3.2275,33.8,14.73,0.16412,141.9
2219-10-08T06:20:00Z,39,25.65,-0.23042,141.9,3.2393,33.7,15.42,-0.10595,141
2219-10-08T06:30:00Z,39,24.57,-0.19525,140.7,3.2481,34.1,15.66,-0.1441,141
2219-10-08T06:40:00Z,39,25.26,0.29487,139.8,3.2577,34.3,15.6,0.20571,141
2219-10-08T06:50:00Z,39.4,22.74,-0.77165,140.7,3.2674,34.1,15.48,-0.24312,142.8
2219-10-08T07:00:00Z,39.6,21.87,-0.17862,139.5,3.2772,34.3,15.42,0.22873,144.3
2219-10-08T07:10:00Z,39.6,20.94,0.10635,138,3.2835,34.3,15.75,-0.038321,141.9
2219-10-08T07:20:00Z,39.2,20.61,-0.13148,138.9,3.2918,34.4,16.32,0.073616,142.5
2219-10-08T07:30:00Z,39.6,21.09,0.10809,138.9,3.3004,34.7,15.99,0.15859,141.3
2219-10-08T07:40:00Z,39.4,20.82,0.445,137.4,3.3085,34.3,16.47,0.067128,141.3
2219-10-08T07:50:00Z,39.7,19.38,-0.16148,136.8,3.3149,34.4,17.37,-0.025021,139.2
2219-10-08T08:00:00Z,40.1,19.47,0.10612,135.9,3.3237,35.1,16.89,0.13503,139.8
2219-10-08T08:10:00Z,40,19.5,-0.26308,138.3,3.3313,34.6,17.01,0.005962,138.3
2219-10-08T08:20:00Z,40.2,21.45,-0.20813,139.5,3.3391,35.2,17.85,0.094867,137.4
2219-10-08T08:30:00Z,40.5,21.15,-0.11186,137.1,3.3464,35.2,17.97,0.14697,135.6
2219-10-08T08:40:00Z,40.4,23.49,0.17065,140.4,3.3543,35.3,17.88,0.029244,135.9
2219-10-08T08:50:00Z,40.5,23.1,0.10341,138.9,3.3649,35.7,17.4,0.14213,134.7
2219-10-08T09:00:00Z,40.3,22.77,-0.54289,140.4,3.3746,35.5,17.31,0.18495,135.9
2219-10-08T09:10:00Z,40.6,22.08,-0.23647,138,3.3831,35.9,17.16,0.10771,136.5
2219-10-08T09:20:00Z,40.6,20.55,-0.05359,140.1,3.3907,35.9,16.74,-0.035473,135.9
2219-10-08T09:30:00Z,40.8,20.97,0.37134,138.9,3.3997,35.8,16.41,0.014626,136.2
2219-10-08T09:40:00Z,40.6,21.06,-0.11668,139.5,3.4075,35.6,17.16,0.13273,135.9
2219-10-08T09:50:00Z,41,20.52,0.17653,138.9,3.4137,35.9,17.34,0.14912,137.7
2219-10-08T10:00:00Z,40.9,20.43,0.55393,138.3,3.4231,36.1,16.35,-0.0015769,138.9
2219-10-08T10:10:00Z,41.3,20.85,-0.65275,138.9,3.4311,36.1,16.98,0.030545,139.8
2219-10-08T10:20:00Z,41.5,21.33,0.61679,139.8,3.439,36.6,16.29,-0.0049829,140.4
2219-10-08T10:30:00Z,41.1,21.39,-0.27616,139.2,3.448,36.5,16.08,-0.046746,140.1
2219-10-08T10:40:00Z,41,21.3,-0.89447,142.2,3.4565,36.5,16.26,-0.11452,142.5
2219-10-08T10:50:00Z,41.1,19.74,-0.36142,141,3.4641,36.7,15.09,-0.036762,142.5
2219-10-08T11:00:00Z,41.5,20.58,0.59867,139.8,3.4709,37,15.21,-0.31365,143.1
2219-10-08T11:10:00Z,41.6,21.03,0.69642,138,3.4802,36.7,13.56,0.04451,142.8
2219-10-08T11:20:00Z,41.7,20.94,-0.67287,137.1,3.488,37,13.68,0.0070418,144
2219-10-08T11:30:00Z,42.2,19.65,0.19769,137.4,3.4956,36.8,13.71,0.239,145.8
2219-10-08T11:40:00Z,42,21.21,0.32136,139.8,3.505,36.8,13.92,-0.02608,147.9
2219-10-08T11:50:00Z,42,20.97,-0.1947,139.2,3.5127,36.9,14.64,0.071111,146.1
2219-10-08T12:00:00Z,42,20.19,0.19089,137.1,3.521,37,15.27,-0.019901,146.7
2219-10-08T12:10:00Z,42.2,19.5,-0.37045,138.3,3.5272,37.7,15.03,-0.06639,147
2219-10-08T12:20:00Z,42.6,19.11,0.38686,138,3.5366,37.5,14.67,-0.073734,143.1
2219-10-08T12:30:00Z,42.4,18.06,0.48626,138.3,3.5428,37.6,15.18,0.20445,144.9
2219-10-08T12:40:00Z,42.7,17.43,0.39389,138,3.5494,37.5,15.51,0.24335,144.3
2219-10-08T12:50:00Z,42.5,16.08,0.087127,139.5,3.558,37.4,15.75,0.040197,144.9
2219-10-08T13:00:00Z,42.6,15.99,-0.57796,138.3,3.5636,37.7,15.63,0.012422,144
2219-10-08T13:10:00Z,42.9,15.84,0.16545,139.8,3.5698,37.9,17.13,-0.072096,143.7
2219-10-08T13:20:00Z,42.8,16.5,0.45358,136.8,3.5765,37.9,18.12,-0.0798,143.4
2219-10-08T13:30:00Z,42.9,16.26,-1.1021,139.8,3.583,38.1,18.87,0.16969,144.3
2219-10-08T13:40:00Z,43.2,16.41,0.39617,139.5,3.5895,38.5,17.64,0.070482,144.3
2219-10-08T13:50:00Z,43,17.79,-0.61059,138.9,3.5955,37.9,18.39,-0.0080562,144.6
2219-10-08T14:00:00Z,43,18.51,0.042037,139.2,3.6024,38.4,19.38,-0.035638,142.8
2219-10-08T14:10:00Z,43.3,20.4,-0.92229,138,3.6102,38.5,19.47,-0.14132,143.4
2219-10-08T14:20:00Z,43.6,21.15,-0.088767,135.9,3.6185,38.5,19.41,-0.33009,143.7
2219-10-08T14:30:00Z,43.2,20.19,-0.039577,136.2,3.6267,38.5,20.52,-0.1376,142.5
2219-10-08T14:40:00Z,43.5,20.1,0.90632,135.6,3.6336,39,20.79,-0.19927,143.1
2219-10-08T14:50:00Z,44,21,-0.02066,135.9,3.6422,39.2,19.83,-0.27417,141
2219-10-08T15:00:00Z,43.8,20.1,0.47419,134.4,3.6489,39.2,19.29,-0.084974,141.6
2219-10-08T15:10:00Z,43.5,21.03,0.088053,132.9,3.6575,39.4,18.87,0.11496,141.9
2219-10-08T15:20:00Z,44.4,20.01,1.138,134.4,3.6661,39.6,18.81,-0.025249,141.3
2219-10-08T15:30:00Z,44,21.06,0.22053,132.6,3.6743,39.3,18.39,0.16078,138.3
2219-10-08T15:40:00Z,44.1,20.1,0.23595,132.6,3.6826,39.7,19.23,0.016126,136.5
2219-10-08T15:50:00Z,44.6,19.08,0.23093,131.4,3.6896,39.6,19.77,-0.17289,136.2
2219-10-08T16:00:00Z,44.5,19.89,-0.00096648,132.3,3.6971,39.9,20.22,0.071784,134.1
2219-10-08T16:10:00Z,44.4,18.33,0.18024,133.8,3.7044,39.8,20.73,0.017895,134.4
2219-10-08T16:20:00Z,44.7,19.77,-0.41294,133.8,3.7125,40.2,20.79,-0.20255,135.3
2219-10-08T16:30:00Z,44.8,19.74,0.97523,134.4,3.7199,40.2,20.64,-0.089385,134.7
2219-10-08T16:40:00Z,44.5,20.73,0.043699,134.7,3.7286,40.7,21.87,0.15115,132.9
2219-10-08T16:50:00Z,45.1,19.44,0.27736,134.1,3.7356,40.6,21.24,0.11729,135.3
2219-10-08T17:00:00Z,44.7,19.59,-0.20702,133.2,3.7429,40.8,22.11,0.046398,136.5
2219-10-08T17:10:00Z,45.1,19.98,0.36522,132.9,3.7513,40.9,20.88,-0.0091517,136.8
2219-10-08T17:20:00Z,44.7,21,-0.45428,131.7,3.7593,40.5,21.39,-0.050375,134.7
2219-10-08T17:30:00Z,45.1,19.8,-0.25797,130.8,3.7671,41.3,22.35,-0.025828,135.3
2219-10-08T17:40:00Z,44.9,20.85,-0.48708,131.1,3.7755,41,22.38,0.18187,136.8
2219-10-08T17:50:00Z,45.1,22.62,-0.25181,129.3,3.7828,41.5,22.29,-0.20283,137.4
2219-10-08T18:00:00Z,45.2,22.41,-0.69063,129.3,3.7922,41.5,22.44,-0.13076,138.3
2219-10-08T18:10:00Z,45.6,23.19,-0.11825,132.6,3.8018,42.1,21.42,0.16399,140.7
2219-10-08T18:20:00Z,45.4,22.71,-0.16419,132.9,3.8095,41.8,21.96,0.3297,139.8
2219-10-08T18:30:00Z,45.7,21.87,-0.8365,132.6,3.8179,41.7,21.57,-0.023177,141
2219-10-08T18:40:00Z,46,22.68,0.94468,133.2,3.8266,42.1,21.42,0.15861,141.3
2219-10-08T18:50:00Z,45.8,21.24,0.0045817,130.5,3.836,41.8,20.13,0.10124,141.3
2219-10-08T19:00:00Z,45.9,21.15,-0.13601,131.1,3.8444,41.9,20.79,0.13429,142.8
2219-10-08T19:10:00Z,46.1,21.87,-0.046244,131.4,3.8529,42.2,20.88,0.034885,141.6
2219-10-08T19:20:00Z,46.3,20.73,-0.034136,129.3,3.8607,42.5,19.71,-0.1656,143.1
2219-10-08T19:30:00Z,46.4,20.04,-0.40987,133.5,3.8689,42.7,18.84,0.12199,142.8
2219-10-08T19:40:00Z,46.5,21.45,0.31596,133.5,3.8776,42.6,17.82,0.22014,144
2219-10-08T19:50:00Z,46.4,21.24,-0.38646,133.5,3.8848,42.6,18.75,0.18209,144.9
2219-10-08T20:00:00Z,46.5,21.57,-0.039932,132.6,3.8936,43.1,19.14,0.23939,142.2
2219-10-08T20:10:00Z,46.9,21.24,0.15926,132,3.9015,43.2,19.14,0.062057,144
2219-10-08T20:20:00Z,47.1,21.99,0.13546,132.9,3.9105,43.4,19.08,-0.056987,142.2
2219-10-08T20:30:00Z,47.2,20.91,0.159,133.2,3.919,43.5,19.5,0.27277,142.8
2219-10-08T20:40:00Z,46.9,20.85,-0.19131,133.5,3.9263,43.4,17.07,0.23785,140.7
2219-10-08T20:50:00Z,46.7,20.91,0.008343,134.1,3.9342,44,17.43,-0.17745,141.3
2219-10-08T21:00:00Z,47.4,21.69,-0.5241,133.8,3.9428,43.5,18.12,-0.069987,141
2219-10-08T21:10:00Z,47.2,20.79,0.50933,134.1,3.9509,43.9,18.78,0.011976,140.4
2219-10-08T21:20:00Z,47.5,19.95,-0.53155,132.9,3.9599,44.2,17.94,-0.14823,139.5
2219-10-08T21:30:00Z,47.3,20.91,0.096204,134.7,3.9678,44.2,17.91,-0.20715,142.2
2219-10-08T21:40:00Z,47.6,19.68,0.0049503,133.8,3.9754,43.9,18.09,0.086504,143.1
2219-10-08T21:50:00Z,47.7,19.2,0.24001,135.3,3.9823,44.2,18.72,-0.042017,140.1
2219-10-08T22:00:00Z,47.7,19.23,-0.2094,135.3,3.9907,44.2,18.03,-0.078641,140.1
2219-10-08T22:10:00Z,47.6,19.2,0.81737,135.3,3.9976,44.2,16.71,0.12924,138.6
2219-10-08T22:20:00Z,48.1,19.47,-0.58468,135.6,4.0053,44.6,17.16,-0.24002,138.3
2219-10-08T22:30:00Z,47.8,22.11,0.36357,134.4,4.0129,44.6,17.01,-0.23774,137.4
2219-10-08T22:40:00Z,47.9,21.84,0.69693,131.4,4.0213,44.7,17.28,0.026259,138.6
2219-10-08T22:50:00Z,48.2,22.53,-0.070399,132.3,4.0309,44.7,16.65,0.18912,137.1
2219-10-08T23:00:00Z,48.6,22.41,-0.03903,131.4,4.0396,44.7,17.19,0.09065,138.3
2219-10-08T23:10:00Z,48.1,23.04,0.38559,130.2,4.0479,45.2,16.17,0.12941,138.9
2219-10-08T23:20:00Z,48.7,23.07,0.36926,132.6,4.0553,45.2,15.69,-0.30311,140.1
2219-10-08T23:30:00Z,48.8,22.68,0.42672,134.1,4.0649,45.3,16.08,0.058044,139.8
2219-10-08T23:40:00Z,48.8,22.71,1.2032,135,4.0747,45.5,17.88,0.048242,139.2
2219-10-08T23:50:00Z,48.8,21.66,0.06093,133.5,4.0827,45.5,18.36,0.021606,138.9
2219-10-09T00:00:00Z,48.9,21.39,-0.039046,134.7,4.0924,45.3,17.82,0.13576,142.2
2219-10-09T00:10:00Z,49.1,19.62,-0.17161,134.4,4.0992,45.7,17.52,0.34292,142.8
2219-10-09T00:20:00Z,49,19.89,0.31373,135,4.1073,45.9,16.5,-0.071444,144.6
2219-10-09T00:30:00Z,49.3,20.4,0.55427,136.2,4.1144,46.1,16.53,0.10245,144.3
2219-10-09T00:40:00Z,49.5,21.42,0.4617,135.9,4.1217,46.1,16.89,0.022173,142.5
2219-10-09T00:50:00Z,49.2,19.86,0.46022,134.4,4.1306,46,17.79,-0.087946,144
2219-10-09T01:00:00Z,49.6,19.65,-0.26788,133.8,4.1386,46.4,17.61,-0.055521,145.2
2219-10-09T01:10:00Z,49.4,19.32,0.26221,135,4.1459,46.5,17.94,-0.13868,143.7
2219-10-09T01:20:00Z,49.9,18,-0.51975,135.3,4.1517,46.4,16.89,0.038895,142.2
2219-10-09T01:30:00Z,50.2,18.39,-0.23051,131.4,4.1606,46.6,18.24,-0.027568,140.4
2219-10-09T01:40:00Z,50.1,18.99,-0.063435,132.6,4.168,46.9,17.43,0.048337,141.3
2219-10-09T01:50:00Z,49.9,18.15,-0.2751,131.7,4.174,46.8,17.52,-0.1567,140.1
2219-10-09T02:00:00Z,50.1,17.16,-0.57406,130.2,4.1813,46.9,16.26,0.11664,140.1
2219-10-09T02:10:00Z,50.1,17.67,0.3182,130.2,4.1881,47.1,15.6,0.092202,139.5
2219-10-09T02:20:00Z,50.3,18.3,-0.21314,131.4,4.1948,46.9,14.01,0.055331,140.1
2219-10-09T02:30:00Z,50.3,16.23,-0.42254,129,4.2017,47.2,14.58,-0.12591,140.7
2219-10-09T02:40:00Z,50,15.24,0.94848,132.6,4.2085,47.7,15.15,-0.12148,142.5
2219-10-09T02:50:00Z,50.5,15.45,-0.41101,128.7,4.2147,47.3,14.52,0.045123,141.9
2219-10-09T03:00:00Z,50.8,19.05,-0.46749,129.9,4.2214,47.8,15.57,-0.053999,143.1
2219-10-09T03:10:00Z,50.5,18.3,0.39778,129,4.2285,47.6,15.03,-0.0025727,141.6
2219-10-09T03:20:00Z,50.9,18.78,-0.041214,128.7,4.2356,47.6,15.99,-0.11512,143.1
2219-10-09T03:30:00Z,50.8,20.76,0.18451,128.1,4.2446,47.7,16.5,0.24275,141.9
2219-10-09T03:40:00Z,50.9,21,0.22507,130.5,4.2507,48.1,17.16,0.091769,140.7
2219-10-09T03:50:00Z,50.7,21.18,0.29463,129.9,4.2592,47.8,17.19,-0.10917,142.8
2219-10-09T04:00:00Z,50.8,20.22,-0.64666,129,4.2671,48.3,17.1,-0.09621,143.1
2219-10-09T04:10:00Z,51.6,19.38,-0.15016,132.3,4.2751,48.3,16.17,0.0455,141.3
2219-10-09T04:20:00Z,51.1,19.74,-0.47348,132.9,4.2829,48,16.62,0.080716,143.4
2219-10-09T04:30:00Z,51.2,20.85,-0.51998,132.9,4.2914,48.4,16.53,0.1243,143.7
2219-10-09T04:40:00Z,51.7,20.58,0.14549,133.5,4.2983,48.3,15.9,0.037645,144
2219-10-09T04:50:00Z,51.3,21.09,-0.12415,133.2,4.3076,48.2,16.02,0.051351,142.8
2219-10-09T05:00:00Z,51.7,22.47,-0.099244,133.2,4.3155,48.9,14.79,0.17481,142.5
2219-10-09T05:10:00Z,51.7,22.32,-0.58651,133.2,4.3252,48.8,14.25,0.16706,142.5
2219-10-09T05:20:00Z,51.9,22.56,0.38472,134.7,4.3328,49.4,13.14,-0.21731,146.7
2219-10-09T05:30:00Z,51.7,23.31,0.12483,134.1,4.3421,48.8,13.14,-0.17683,144.9
2219-10-09T05:40:00Z,52.5,23.28,0.45473,136.8,4.3516,49.2,13.5,0.06825,145.5
2219-10-09T05:50:00Z,52.2,23.22,-0.59438,136.5,4.3609,49.2,13.62,-0.08705,146.1
2219-10-09T06:00:00Z,52.2,23.37,-0.077185,135.9,4.3691,49.3,13.53,-0.23385,145.8
2219-10-09T06:10:00Z,52.4,22.8,0.33332,132.6,4.379,49.4,13.38,-0.090129,147.3
2219-10-09T06:20:00Z,52.7,23.79,0.059073,135.3,4.388,49.6,13.56,-0.15612,146.4
2219-10-09T06:30:00Z,52.4,23.43,0.17383,136.5,4.3963,49.4,13.86,-0.0093302,147.3
2219-10-09T06:40:00Z,52.4,22.56,-0.053393,136.8,4.405,49.4,14.25,0.023275,147.3
2219-10-09T06:50:00Z,52.6,23.01,0.34623,135,4.4148,49.5,13.83,-0.0045376,146.7
2219-10-09T07:00:00Z,52.8,23.13,-0.54749,136.5,4.4235,50,14.49,-0.040484,144.3
2219-10-09T07:10:00Z,53.3,23.1,0.053439,135.3,4.4309,49.9,14.94,0.055434,144.9
2219-10-09T07:20:00Z,53.1,21.36,0.15087,135.6,4.4402,50,14.58,0.17293,144.3
2219-10-09T07:30:00Z,53,21.15,0.11876,135.9,4.4488,50.1,15.93,0.3171,141
2219-10-09T07:40:00Z,53.3,21.87,0.36118,134.7,4.4575,50,15.78,0.12606,142.2
2219-10-09T07:50:00Z,53.1,21.39,0.7745,134.7,4.4652,50.3,16.11,0.029995,140.4
2219-10-09T08:00:00Z,53.5,22.68,-0.50496,133.5,4.4741,50.2,16.38,0.11049,139.2
2219-10-09T08:10:00Z,53.5,22.35,0.32147,132,4.4827,50.5,17.58,-0.017106,138.9
2219-10-09T08:20:00Z,53.3,20.94,-0.0092656,134.1,4.4923,50.4,15.99,-0.12579,139.2
2219-10-09T08:30:00Z,54,20.97,0.56101,132.3,4.4992,50.5,15.78,-0.11476,140.4
2219-10-09T08:40:00Z,53.8,20.19,-0.46179,132.3,4.5079,50.7,15.81,0.054294,138.6
2219-10-09T08:50:00Z,54.3,20.82,0.5394,130.5,4.5153,50.8,16.95,0.038016,140.4
2219-10-09T09:00:00Z,54,20.85,-0.21628,130.2,4.524,50.9,16.53,0.26687,138
2219-10-09T09:10:00Z,54.3,19.02,0.38379,131.4,4.5309,50.9,16.8,0.025109,138.6
2219-10-09T09:20:00Z,54.4,20.31,-0.11924,133.5,4.5394,51.3,17.34,-0.13756,139.5
2219-10-09T09:30:00Z,54.5,20.07,-0.67353,132,4.5475,51.2,16.92,0.16454,140.7
2219-10-09T09:40:00Z,54.6,20.07,-0.28705,130.5,4.555,51.5,17.94,-0.20301,141.6
2219-10-09T09:50:00Z,54.4,19.65,0.29142,130.8,4.5634,51.7,17.85,-0.014951,142.5
2219-10-09T10:00:00Z,54.6,19.65,0.025467,132,4.5708,51.7,17.31,-0.10021,144
2219-10-09T10:10:00Z,55,20.1,-0.25134,132,4.5775,51.6,17.55,-0.031822,143.4
2219-10-09T10:20:00Z,54.4,19.26,-0.29599,132.9,4.5858,52.1,16.95,0.062084,141.3
2219-10-09T10:30:00Z,54.6,19.17,-0.25625,133.5,4.5933,51.8,16.71,-0.080395,138.9
2219-10-09T10:40:00Z,54.8,18.21,0.083468,131.1,4.6003,51.6,17.19,-0.20253,138.6
2219-10-09T10:50:00Z,55.6,17.34,-0.15638,130.2,4.6069,52,16.35,-0.066832,138.3
2219-10-09T11:00:00Z,55.3,18.12,0.023639,131.7,4.6142,52.1,15.57,-0.17763,136.8
2219-10-09T11:10:00Z,55.2,16.8,0.21466,134.1,4.6213,52.1,15.12,0.04104,135
2219-10-09T11:20:00Z,55.3,16.68,-0.61981,134.1,4.6274,52.6,15.24,0.04915,136.5
2219-10-09T11:30:00Z,55.2,17.55,0.40318,135.9,4.6336,52.4,14.43,-0.17585,135.3
2219-10-09T11:40:00Z,55.5,17.1,0.14019,134.4,4.6408,52.8,14.85,-0.013802,136.5
2219-10-09T11:50:00Z,55.3,18.06,0.40568,135.9,4.6478,52.5,14.76,-0.23842,137.7
2219-10-09T12:00:00Z,55.6,19.29,-0.21463,134.1,4.6548,52.9,14.55,-0.20532,136.8
2219-10-09T12:10:00Z,56.1,18.84,0.65896,134.7,4.6641,53.2,13.68,0.077233,134.7
2219-10-09T12:20:00Z,55.6,19.71,-0.20285,135,4.6705,52.9,13.47,0.066553,135.6
2219-10-09T12:30:00Z,55.9,20.58,-0.059116,135,4.6779,52.7,13.62,0.26079,138.3
2219-10-09T12:40:00Z,56.4,20.97,0.17032,135.3,4.6859,53.1,13.11,0.093803,137.7
2219-10-09T12:50:00Z,56.1,21.12,-0.30256,134.1,4.6944,53.3,12.93,-0.158,136.5
2219-10-09T13:00:00Z,56.4,20.97,0.33365,135.6,4.7023,53.2,14.01,0.20686,136.8
2219-10-09T13:10:00Z,55.8,21.09,0.53963,134.7,4.7116,53.1,13.89,0.060712,134.7
2219-10-09T13:20:00Z,56.3,20.94,0.3748,136.2,4.7186,53.2,14.88,0.055418,138.9
2219-10-09T13:30:00Z,56.3,20.79,0.056612,135.9,4.7273,53.4,14.25,-0.13812,139.2
2219-10-09T13:40:00Z,56.7,20.58,0.79849,136.2,4.7356,53.4,15.18,-0.15784,138.9
2219-10-09T13:50:00Z,56.9,21.78,0.25161,136.8,4.7428,53.6,14.31,0.047928,139.5
2219-10-09T14:00:00Z,57,20.28,0.36926,137.1,4.7514,53.7,15.06,0.10043,139.5
2219-10-09T14:10:00Z,56.7,20.7,-0.48822,135.6,4.7587,54.1,14.43,0.1038,139.5
2219-10-09T14:20:00Z,57,20.4,0.11291,134.1,4.7674,53.8,14.7,0.022704,137.1
2219-10-09T14:30:00Z,57.5,20.61,-0.11182,135.6,4.7751,54,13.74,-0.090465,140.4
2219-10-09T14:40:00Z,57.2,19.53,0.53835,133.2,4.7828,53.9,13.17,0.13676,140.7
2219-10-09T14:50:00Z,57.2,18.78,-0.21959,135.3,4.7899,54.1,13.89,-0.067142,140.4
2219-10-09T15:00:00Z,57.4,18.78,-0.45045,133.8,4.7978,54.1,14.16,-0.11701,139.2
2219-10-09T15:10:00Z,57.4,19.98,-0.30584,134.1,4.8054,54.3,14.28,0.22143,138.3
2219-10-09T15:20:00Z,57.1,19.98,0.58155,135,4.812,54.7,13.92,0.16568,140.1
2219-10-09T15:30:00Z,57.5,21.6,0.14836,134.4,4.8204,54.4,14.43,-0.15334,139.2
2219-10-09T15:40:00Z,57.7,22.98,-0.1392,135,4.8303,54.8,15.12,0.022086,139.2
2219-10-09T15:50:00Z,58,22.86,-0.16096,136.5,4.8378,54.9,14.22,-0.032904,139.8
2219-10-09T16:00:00Z,57.9,22.62,-0.3801,138.6,4.8479,54.6,13.68,-0.043529,140.7
2219-10-09T16:10:00Z,58.2,23.1,0.13909,138,4.8561,54.3,13.8,-0.19904,143.1
2219-10-09T16:20:00Z,58.3,22.35,0.5435,138,4.8645,54.9,13.77,-0.018835,144.6
2219-10-09T16:30:00Z,58.4,22.68,0.23728,137.7,4.8735,55,14.28,-0.099449,145.5
2219-10-09T16:40:00Z,58.2,23.31,0.11045,138,4.8826,55.2,14.13,-0.13075,145.2
2219-10-09T16:50:00Z,58.3,23.34,-0.33887,138.9,4.8931,55.3,14.37,0.29326,146.7
2219-10-09T17:00:00Z,58.9,24.39,0.6285,138,4.9017,55.3,13.77,-0.22171,147
2219-10-09T17:10:00Z,58.9,23.79,0.42711,138,4.9111,55.4,14.67,0.20156,146.4
2219-10-09T17:20:00Z,58.7,23.76,-0.022385,137.1,4.9193,55.4,13.8,0.049356,146.1
2219-10-09T17:30:00Z,59.4,24.45,-0.29739,138.9,4.9292,55.5,15.18,0.056311,145.8
2219-10-09T17:40:00Z,59,25.83,0.36901,137.4,4.9385,55.5,15.18,-0.013813,144.3
2219-10-09T17:50:00Z,59.2,24.09,-0.057491,137.4,4.9475,55.8,13.2,0.074974,143.7
2219-10-09T18:00:00Z,59.4,22.98,-0.80199,136.2,4.9584,55.7,12.66,0.13362,144
2219-10-09T18:10:00Z,59.6,23.79,-0.3639,135.9,4.9673,56.2,14.13,0.0069402,141.9
2219-10-09T18:20:00Z,59.6,25.83,0.16075,135.3,4.9767,56.1,15.06,-0.1649,142.5
2219-10-09T18:30:00Z,59.7,25.29,0.27849,132.3,4.9857,56.1,14.64,-0.28904,141.9
2219-10-09T18:40:00Z,59.8,24.3,-0.35649,131.4,4.9958,56,14.37,-0.13814,141
2219-10-09T18:50:00Z,59.9,24.48,-0.45706,130.2,5.0041,55.9,14.97,-0.37776,139.8
2219-10-09T19:00:00Z,59.8,23.73,0.80035,131.7,5.0158,56.6,14.97,-0.24676,140.4
2219-10-09T19:10:00Z,59.8,22.77,-0.29394,131.1,5.0241,56.5,14.04,0.23306,138.9
2219-10-09T19:20:00Z,60.1,21.33,-0.23006,129.6,5.033,56.8,13.95,-0.27835,139.8
2219-10-09T19:30:00Z,59.9,22.2,0.2181,130.5,5.0422,56.8,14.85,0.1054,140.1
2219-10-09T19:40:00Z,60.5,21.33,0.34403,129.6,5.0487,56.8,14.94,0.026323,139.2
2219-10-09T19:50:00Z,59.9,20.55,0.38357,127.5,5.057,57.1,13.92,0.22184,139.2
2219-10-09T20:00:00Z,60.1,19.56,-0.62821,129.6,5.0657,56.7,13.32,-0.13357,138.3
2219-10-09T20:10:00Z,60.6,19.38,-0.10532,129.3,5.0734,56.8,13.77,-0.16991,138.6
2219-10-09T20:20:00Z,60.6,19.05,-0.24475,129.9,5.0799,57.4,14.64,-0.019473,140.1
2219-10-09T20:30:00Z,60.7,18.51,-0.73584,130.2,5.088,57,13.77,0.1114,139.5
2219-10-09T20:40:00Z,61,20.04,0.19935,130.2,5.0945,57.3,14.07,-0.090717,140.1
2219-10-09T20:50:00Z,61,20.91,-0.34306,131.1,5.1035,57.3,13.2,-0.29509,141.3
2219-10-09T21:00:00Z,60.8,21.24,0.15779,132.9,5.1119,57.7,13.53,-0.039623,141.3
2219-10-09T21:10:00Z,61.1,20.4,-0.64522,134.7,5.1204,57.7,14.55,0.028219,143.1
2219-10-09T21:20:00Z,61.4,21.93,-0.11665,135.6,5.128,57.6,14.85,0.27561,143.4
2219-10-09T21:30:00Z,61,21.45,-0.53179,136.5,5.137,57.9,14.79,-0.21664,145.5
2219-10-09T21:40:00Z,61.4,22.23,0.34963,136.8,5.145,57.6,13.56,-0.055827,143.7
2219-10-09T21:50:00Z,61.7,22.68,-0.13669,136.8,5.1541,58.1,13.95,0.17285,142.8
2219-10-09T22:00:00Z,61.5,21.69,-0.15025,135.9,5.1634,57.9,15.24,-0.099542,143.1
2219-10-09T22:10:00Z,61.6,22.56,-0.084321,135.6,5.1718,58.2,16.29,-0.056103,141.9
2219-10-09T22:20:00Z,62.1,22.29,-0.54874,133.5,5.1798,57.9,17.91,-0.1115,141.6
2219-10-09T22:30:00Z,62.1,22.53,-0.37649,130.8,5.1888,58.4,17.37,-0.15144,141.3
2219-10-09T22:40:00Z,62.2,22.92,0.16784,130.8,5.1971,58.5,19.26,0.17334,144
2219-10-09T22:50:00Z,62.1,22.8,0.4225,131.7,5.2065,58.4,19.26,0.28538,142.8
2219-10-09T23:00:00Z,62.3,21.12,-0.85619,132.6,5.2155,58.5,20.55,-0.053212,141.9
2219-10-09T23:10:00Z,62.2,20.34,-0.055473,132.3,5.2234,58.5,18.63,0.071775,143.4
2219-10-09T23:20:00Z,62.3,20.61,-0.18521,131.7,5.2308,58.7,17.04,-0.034406,142.8
2219-10-09T23:30:00Z,62.9,21.42,-0.70639,132.9,5.2384,59.1,15.75,0.2951,141.9
2219-10-09T23:40:00Z,62.9,21.54,-0.011182,131.7,5.2474,58.9,15.84,-0.17878,144
2219-10-09T23:50:00Z,62.9,22.23,-0.18189,133.2,5.2556,59.2,16.26,0.02479,142.8
2219-10-10T00:00:00Z,63.1,22.2,-0.045943,133.2,5.2647,59.6,17.1,0.23088,143.4
2219-10-10T00:10:00Z,62.6,20.67,0.5437,131.4,5.2723,59.5,17.16,-0.081421,143.7
2219-10-10T00:20:00Z,63.2,20.4,-0.72011,135.3,5.2803,59.5,17.04,0.20056,144.9
2219-10-10T00:30:00Z,63.3,20.49,-0.42198,135,5.2884,59.7,17.13,0.15259,144
2219-10-10T00:40:00Z,63.1,20.13,0.11943,138,5.2971,59.8,17.46,0.098588,145.8
2219-10-10T00:50:00Z,63.4,21.87,0.11711,138.3,5.305,60.3,18.15,-0.26886,146.7
2219-10-10T01:00:00Z,63.5,21.99,-0.25118,138.6,5.3138,60,17.52,0.021526,144.9
2219-10-10T01:10:00Z,63.1,22.05,-0.4271,140.7,5.3213,59.9,17.73,-0.057748,146.4
2219-10-10T01:20:00Z,63.6,23.22,0.49318,141.3,5.3304,60,17.55,-0.21437,146.7
2219-10-10T01:30:00Z,63.7,22.2,-0.18823,143.1,5.3398,60.6,17.88,-0.14205,146.4
2219-10-10T01:40:00Z,64,21.93,0.40064,145.2,5.3476,60.4,16.92,-0.065517,145.5
2219-10-10T01:50:00Z,64,22.38,-0.12705,145.2,5.3562,60.6,16.71,-0.061141,143.7
2219-10-10T02:00:00Z,64.2,21.87,-0.26479,141.3,5.3644,60.7,16.2,-0.087401,142.5
2219-10-10T02:10:00Z,64.4,20.58,-0.48438,142.2,5.3738,60.6,16.56,-0.18417,142.5
2219-10-10T02:20:00Z,64.2,19.98,0.62276,141.6,5.3799,60.3,16.5,0.085716,138.6
2219-10-10T02:30:00Z,64.1,18.33,0.24535,141.6,5.3884,60.5,16.08,0.30955,140.1
2219-10-10T02:40:00Z,64.5,18.78,0.52938,140.7,5.3962,60.6,15.57,0.23058,139.2
2219-10-10T02:50:00Z,64.8,19.83,0.70195,137.7,5.4044,61,14.22,0.22927,138.3
2219-10-10T03:00:00Z,64.6,19.14,-0.054243,137.7,5.4108,60.9,14.01,0.11814,138.9
2219-10-10T03:10:00Z,64.9,19.56,-0.48859,136.2,5.4192,61.5,13.89,-0.0561,139.8
2219-10-10T03:20:00Z,65.1,19.2,0.25367,136.8,5.426,61.4,13.95,0.031042,140.7
2219-10-10T03:30:00Z,64.7,20.04,0.29714,134.1,5.4338,61.7,13.77,-0.32273,139.8
2219-10-10T03:40:00Z,65.3,18.24,-0.080861,135,5.4414,61.4,13.47,0.31631,138.6
2219-10-10T03:50:00Z,65.2,17.82,0.48052,135.3,5.4485,61.3,13.26,0.25162,141
2219-10-10T04:00:00Z,65.1,17.46,-0.060256,135,5.4563,61.6,13.11,-0.043217,138
2219-10-10T04:10:00Z,65.2,16.11,-0.96086,134.1,5.4626,62,14.1,-0.15972,139.5
2219-10-10T04:20:00Z,65.7,16.26,-0.89516,136.5,5.4677,61.7,14.43,0.05184,139.2
2219-10-10T04:30:00Z,65.6,16.23,-0.15287,135.6,5.475,61.8,15.63,0.064534,140.4
2219-10-10T04:40:00Z,65.3,16.29,0.10379,135,5.4808,62.1,14.58,0.10606,143.1
2219-10-10T04:50:00Z,65.6,16.29,-0.17463,134.7,5.4884,62.3,14.55,-0.27037,140.4
2219-10-10T05:00:00Z,65.8,15.66,0.16216,134.7,5.4943,62,13.47,0.0050619,139.8
2219-10-10T05:10:00Z,66.1,16.68,-0.3859,132.9,5.5012,62.2,13.14,0.26338,140.1
2219-10-10T05:20:00Z,65.8,16.11,0.80015,131.7,5.5062,62.3,12.84,0.036943,139.2
2219-10-10T05:30:00Z,65.9,14.94,-0.39244,132.6,5.5124,62.4,13.08,0.077206,139.2
2219-10-10T05:40:00Z,66,14.88,0.45874,131.1,5.5184,62.7,14.07,-0.13624,137.4
2219-10-10T05:50:00Z,66.1,15.06,-0.31107,130.8,5.5247,62.7,13.8,-0.18,139.2
2219-10-10T06:00:00Z,65.8,15.09,-0.13109,130.8,5.5309,62.5,13.17,0.0055222,139.8
2219-10-10T06:10:00Z,66.2,14.64,-0.086716,132.6,5.536,62.7,13.62,-0.095727,139.5
2219-10-10T06:20:00Z,66.4,16.02,0.72196,131.7,5.5426,62.8,12.57,0.24099,138.3
2219-10-10T06:30:00Z,66.1,15.96,-0.20185,134.1,5.5479,62.8,12.57,0.16422,139.5
2219-10-10T06:40:00Z,66.3,15.87,-0.090017,135.3,5.5548,62.8,12.69,0.019668,142.2
2219-10-10T06:50:00Z,66.6,16.92,0.40875,135.6,5.5606,63,13.89,-0.1317,141.6
2219-10-10T07:00:00Z,66.5,17.64,-0.45478,133.5,5.5675,63.3,14.4,-0.21159,142.8
2219-10-10T07:10:00Z,66.7,18.51,-0.5375,130.8,5.5751,63.5,15,0.055621,144.3
2219-10-10T07:20:00Z,66.4,19.05,-0.14933,132.6,5.5825,63.2,14.7,-0.0013889,144.9
2219-10-10T07:30:00Z,66.8,19.89,0.71409,132.3,5.5893,63.5,13.53,0.2474,144.6
2219-10-10T07:40:00Z,66.4,19.44,-0.35193,131.4,5.5967,63.5,14.7,0.21476,144.6
2219-10-10T07:50:00Z,67.2,20.61,-0.22178,131.7,5.6047,63.6,15.39,-0.10269,141.3
2219-10-10T08:00:00Z,67,19.02,0.51942,133.2,5.6119,63.5,16.08,0.22461,142.5
2219-10-10T08:10:00Z,66.8,20.64,0.11412,132.9,5.6199,63.5,17.7,0.1563,140.4
2219-10-10T08:20:00Z,67.3,22.08,-0.029301,133.8,5.6281,63.9,16.38,0.037765,141.6
2219-10-10T08:30:00Z,67,22.74,-0.36313,131.1,5.6373,63.7,16.35,0.12834,142.2
2219-10-10T08:40:00Z,67.5,22.17,0.22709,131.7,5.6453,64,16.2,-0.15025,139.2
2219-10-10T08:50:00Z,67.6,21.15,-0.037949,130.5,5.654,64.1,16.98,-0.030007,139.5
2219-10-10T09:00:00Z,67.8,21,-0.2343,132,5.6628,64.3,17.52,-0.11081,138.9
2219-10-10T09:10:00Z,68.1,20.61,-0.21701,134.1,5.6723,64.4,18.66,-0.19618,137.1
2219-10-10T09:20:00Z,67.6,20.7,-0.42706,133.2,5.6793,64.3,18.72,-0.069002,136.8
2219-10-10T09:30:00Z,67.9,21.06,0.083328,132.9,5.6884,64.8,17.31,-0.068428,136.5
2219-10-10T09:40:00Z,68.2,21.12,-0.2345,133.5,5.6954,65.1,16.53,0.087061,138
2219-10-10T09:50:00Z,68.5,21.09,-0.5021,133.2,5.7043,65,15.6,-0.06767,140.7
2219-10-10T10:00:00Z,68,21.33,-0.11665,133.5,5.7131,64.7,15.3,0.10872,141.3
2219-10-10T10:10:00Z,68.4,21.9,0.070473,132.9,5.721,65.2,14.61,-0.015131,139.2
2219-10-10T10:20:00Z,68.5,21.45,-0.16803,132.3,5.7292,65.1,15.33,0.088088,138.9
2219-10-10T10:30:00Z,68.8,22.44,0.18622,135,5.7376,65.3,15.24,-0.026182,138.6
2219-10-10T10:40:00Z,68.7,21.87,0.38113,134.7,5.7456,65.3,15.27,0.10585,141
2219-10-10T10:50:00Z,68.7,21.06,0.13794,137.1,5.7539,65.5,15.51,0.23374,138.9
2219-10-10T11:00:00Z,68.8,20.31,-0.21096,136.8,5.7622,65.6,14.91,0.074156,140.4
2219-10-10T11:10:00Z,69.2,20.61,-0.16377,135.3,5.7702,65.7,14.94,0.15326,140.4
2219-10-10T11:20:00Z,68.6,18.87,0.33339,134.1,5.7783,65.3,13.62,-0.06441,143.1
2219-10-10T11:30:00Z,68.8,21,0.26124,134.4,5.7857,65.6,14.85,0.16269,140.4
2219-10-10T11:40:00Z,69.5,20.25,-0.049273,132.9,5.7945,65.8,13.74,0.14314,141
2219-10-10T11:50:00Z,69.5,20.97,-0.4424,134.1,5.8012,66.1,14.58,-0.21728,143.4
2219-10-10T12:00:00Z,69.5,22.08,-0.11508,135.3,5.8102,66,14.94,0.20097,143.1
2219-10-10T12:10:00Z,69.7,22.32,-0.73954,134.1,5.8186,66.1,14.4,0.17895,142.2
2219-10-10T12:20:00Z,69.7,22.8,0.45136,135.6,5.8285,66.2,13.95,-0.054028,145.8
2219-10-10T12:30:00Z,70.1,22.53,0.20093,135.6,5.8369,66.2,14.1,0.094373,146.1
2219-10-10T12:40:00Z,69.6,22.47,0.31139,135.3,5.8461,66.7,13.53,-0.0057166,144.6
2219-10-10T12:50:00Z,70.2,21.78,-0.47444,136.2,5.8549,66.4,13.5,-0.19349,146.1
2219-10-10T13:00:00Z,70,21.63,-0.03398,134.4,5.8629,66.9,14.31,0.028895,144.9
2219-10-10T13:10:00Z,70,21.12,0.3309,132.3,5.8702,66.5,13.77,-0.038624,145.8
2219-10-10T13:20:00Z,70.3,20.88,-0.46264,132,5.8802,66.9,14.19,0.035159,145.2
